tic,iteration,period_days,epoch_btjd,duration_days,depth,radius_earth_estimate,irradiation_earth_estimate,nominal_snr,holdout_nominal_snr,flags
10149468,1,9.741041199675665,1905.7204932475986,0.039,0.005614804943177569,1.1455365755778637,0.5975388601143854,2.5951952838024135,-0.689902155004196,insufficient_holdout_events;low_nominal_snr
101717144,1,17.892845987058546,2001.2493913526196,0.17550000000000002,0.004689567418675339,1.174031182660992,0.38267167501047283,6.498939198919659,-0.45655664789742084,fewer_than_three_discovery_events;dominated_by_one_event;long_relative_to_circular_transit;insufficient_holdout_events;low_nominal_snr
101717144,2,6.519868816051607,1988.9643913526197,0.17550000000000002,0.0017332857476075633,0.7137536187463132,1.4703263452566686,5.008120196344783,3.622698032971124,long_relative_to_circular_transit;not_recovered_at_fixed_ephemeris;low_nominal_snr
101717144,3,11.722211860187986,1995.0123913526197,0.17550000000000002,0.00203802306590062,0.773958702101683,0.6725420767803305,4.409747443285876,0.9030478075073618,long_relative_to_circular_transit;not_recovered_at_fixed_ephemeris;low_nominal_snr
103245015,1,9.541004907721305,2776.8439753977877,0.24375,0.0036366961267184426,0.6651023289045253,0.3043412341787023,7.965576061731294,-3.5230124679895383,odd_even_discrepancy;long_relative_to_circular_transit;not_recovered_at_fixed_ephemeris
103245015,2,4.892979853241516,2773.701850397788,0.17550000000000002,0.0029911278989883947,0.603187667214192,0.7414042189153808,7.256638203331404,1.4099412465032204,long_relative_to_circular_transit;not_recovered_at_fixed_ephemeris
103245015,3,13.137833125067678,2771.518975397788,0.24375,0.0033912218886637956,0.6422632386301543,0.1986649725039184,7.174718898087232,-1.892980519382254,odd_even_discrepancy;outside_nominal_optimistic_hz;long_relative_to_circular_transit;not_recovered_at_fixed_ephemeris
103245015,4,3.8419634598161494,2770.806475397788,0.24375,0.00236436877480724,0.5362811958463799,1.0234861805288893,6.711844293268066,-1.8528235984382586,long_relative_to_circular_transit;not_recovered_at_fixed_ephemeris;low_nominal_snr
103581155,1,18.469552525624625,2397.4344971914197,0.17550000000000002,0.0009305680807565332,0.6362400900505744,0.4835073333864508,6.29175046709657,0.06965219220482295,long_relative_to_circular_transit;not_recovered_at_fixed_ephemeris;low_nominal_snr
103581155,2,8.055043063244106,2397.44237219142,0.12675,0.0006669374981313149,0.5386287404640793,1.4619114744529185,5.4404755052181955,-0.2626485800453811,long_relative_to_circular_transit;not_recovered_at_fixed_ephemeris;low_nominal_snr
103581155,3,10.105491141484523,2392.67912219142,0.11475000000000002,0.0007260569833135871,0.5619948146058295,1.0804425087544538,5.189621162645596,2.0083098473853984,long_relative_to_circular_transit;not_recovered_at_fixed_ephemeris;low_nominal_snr
103581155,4,18.081013198240775,2396.47524719142,0.039,0.001826934080048488,0.8914734093251858,0.4974100387831639,5.040809650132588,-0.08755608832749887,fewer_than_three_discovery_events;not_recovered_at_fixed_ephemeris;low_nominal_snr
103632048,1,17.110677037231152,2403.1056461807366,0.24375,0.0009105973631707578,0.5568823924752655,0.5044570185523773,6.442324662691109,2.0942056092992085,dominated_by_one_event;long_relative_to_circular_transit;not_recovered_at_fixed_ephemeris;low_nominal_snr
103632048,2,19.797914663068408,2394.9887711807364,0.045,0.0018787083421937206,0.7998894601467763,0.41529289108990947,5.785205161831955,-1.7142298686010327,not_recovered_at_fixed_ephemeris;low_nominal_snr
103632048,3,6.4189517900605235,2395.7875211807363,0.17550000000000002,0.0005231582092453006,0.42210142142793894,1.864496657123278,4.984498191100812,-0.7959451929397704,outside_nominal_optimistic_hz;long_relative_to_circular_transit;outside_initial_small_planet_radius_range;not_recovered_at_fixed_ephemeris;low_nominal_snr
105513234,1,7.003948612056218,1870.5951200158909,0.17550000000000002,0.004114665989677741,0.9946475691640951,0.9456728281373709,5.7657226490441795,-1.7390287870048644,long_relative_to_circular_transit;not_recovered_at_fixed_ephemeris;low_nominal_snr
105513234,2,7.6761529904333115,1872.0345655036203,0.058499999999999996,0.0048758065311190766,1.082742451165536,0.8368995792255146,5.096987844638961,0.14107084743104328,not_recovered_at_fixed_ephemeris;low_nominal_snr
105513234,3,7.812636965414382,1870.8555655036205,0.058499999999999996,0.004682539883681613,1.0610666747791024,0.8174627774481209,4.579632014863315,-0.5462136799108964,not_recovered_at_fixed_ephemeris;low_nominal_snr
105577069,1,5.919570428024596,1872.704886145436,0.16575,0.00188538672100779,0.7254462508212324,1.1057679582708835,6.3235245984302075,-0.3360275355083701,long_relative_to_circular_transit;not_recovered_at_fixed_ephemeris;low_nominal_snr
105577069,2,4.09084296426952,1874.4400111454358,0.22950000000000004,0.0013167837684994342,0.6062646564971212,1.8098135934749997,5.661732181310661,-0.6115197861677857,outside_nominal_optimistic_hz;long_relative_to_circular_transit;not_recovered_at_fixed_ephemeris;low_nominal_snr
105577069,3,4.027702470456062,1872.747111879739,0.16575,0.0014291173637876855,0.6315954119742473,1.8477409422233395,5.309946250012051,-0.6081213377625482,outside_nominal_optimistic_hz;long_relative_to_circular_transit;not_recovered_at_fixed_ephemeris;low_nominal_snr
105577069,4,5.277932185950594,1874.925861879739,0.08775000000000001,0.0020751989922699336,0.7610880315247536,1.288543791473193,5.056292920525096,-0.3099680310680413,dominated_by_one_event;long_relative_to_circular_transit;not_recovered_at_fixed_ephemeris;low_nominal_snr
106504397,1,9.292766477515926,3015.0891178155325,0.24375,0.001531466051807065,0.5298939487625508,0.48167330019833365,5.5495604258281945,-0.8606847685280727,dominated_by_one_event;odd_even_discrepancy;long_relative_to_circular_transit;not_recovered_at_fixed_ephemeris;low_nominal_snr
106504397,2,4.978893003273003,3018.1584928155326,0.0325,0.003008256305564845,0.7426645444812631,1.1068842653746818,5.162388887239416,-1.169434760837,not_recovered_at_fixed_ephemeris;low_nominal_snr
106504397,3,7.607713021342577,3016.4852428155327,0.039,0.0032048075323582387,0.7665425185215482,0.628936948723018,4.875986857760416,0.22344854501784842,not_recovered_at_fixed_ephemeris;low_nominal_snr
113425376,1,7.498015197074908,1659.7796219592851,0.17550000000000002,0.007264203961041536,1.1261415251982274,0.6055917270109362,7.248970997811064,1.2678775757457963,long_relative_to_circular_transit;not_recovered_at_fixed_ephemeris
113425376,2,3.7493794602898665,1660.8644969592851,0.24375,0.004103180655769496,0.8463680827374239,1.5257937356174054,5.556424329514618,-3.0286875412783663,outside_nominal_optimistic_hz;long_relative_to_circular_transit;not_recovered_at_fixed_ephemeris;low_nominal_snr
113425376,3,3.3096476301586857,1657.5926219592852,0.17550000000000002,0.004116251065491925,0.8477150356174666,1.8019082681316438,5.339141435333521,0.590295265239964,outside_nominal_optimistic_hz;long_relative_to_circular_transit;not_recovered_at_fixed_ephemeris;low_nominal_snr
113425376,4,3.77914269209129,1657.901215234677,0.17550000000000002,0.003953610430080613,0.830798865806921,1.5097926324703228,4.72869828465022,0.5821205245133536,outside_nominal_optimistic_hz;long_relative_to_circular_transit;not_recovered_at_fixed_ephemeris;low_nominal_snr
114504403,1,6.287939497405091,2116.5363888345487,0.039,0.009209834706401113,1.1737011451621893,0.7229841615697893,6.001745637079898,-1.0607743563654506,not_recovered_at_fixed_ephemeris;low_nominal_snr
114504403,2,5.0038895218791986,2116.4996388345485,0.058499999999999996,0.006001416500169667,0.9474547870785828,0.980384204653556,4.966641334653973,-0.2387615756869727,long_relative_to_circular_transit;not_recovered_at_fixed_ephemeris;low_nominal_snr
115656691,1,13.166180442551093,2863.0568827356396,0.24375,0.0045327036041506695,0.7866399998542972,0.22324736464744155,7.433366758414235,-1.506051313605454,fewer_than_three_discovery_events;dominated_by_one_event;long_relative_to_circular_transit;not_recovered_at_fixed_ephemeris
115656691,2,2.8033448337856006,2855.8208827356398,0.12675,0.002684236103412987,0.605351638359309,1.7558903053225479,6.702214269171868,3.111134695160516,outside_nominal_optimistic_hz;long_relative_to_circular_transit;not_recovered_at_fixed_ephemeris;low_nominal_snr
115656691,3,3.605774495527437,2856.2135077356397,0.17550000000000002,0.0027998573421336923,0.6182516973581731,1.2552628076879944,6.726883084290391,2.2780588233254813,long_relative_to_circular_transit;not_recovered_at_fixed_ephemeris;low_nominal_snr
115656691,4,9.607730078404149,2859.40125773564,0.025,0.009169865752793634,1.1188680031093037,0.33981171997238185,6.0564056058478295,0.7648191234460828,insufficient_holdout_events;low_nominal_snr
116244652,1,3.7889620697863644,1985.345367699143,0.24375,0.004247487144144003,0.9607566358906916,1.7061994494624475,23.88064355079102,-2.201578770578935,outside_nominal_optimistic_hz;long_relative_to_circular_transit;not_recovered_at_fixed_ephemeris
116244652,2,3.788851278932204,1985.776617699143,0.24375,0.002090686449693481,0.6740495273416202,1.7062659717235777,12.180780425994259,-2.037339702137187,odd_even_discrepancy;outside_nominal_optimistic_hz;long_relative_to_circular_transit;not_recovered_at_fixed_ephemeris
116244652,3,3.827644994289758,1984.520367699143,0.24375,0.0016179736031640593,0.5929704785186193,1.6832473507504708,8.608795794337817,7.513044272117053,dominated_by_one_event;outside_nominal_optimistic_hz;long_relative_to_circular_transit
116244652,4,3.7723405323027803,1986.339117699143,0.24375,0.0017991640059700769,0.6252917997733748,1.7162305212268916,9.933270461281255,0.8198860750527922,outside_nominal_optimistic_hz;long_relative_to_circular_transit;not_recovered_at_fixed_ephemeris
117123283,1,19.086770704782214,2510.3365240792086,0.24375,0.004396620234949033,0.8833501672908944,0.21965149721382682,8.096448374895434,0.49479385749460086,long_relative_to_circular_transit;insufficient_holdout_events
117123283,2,15.248824694398262,2502.2522740792087,0.16575,0.00409942837391105,0.8529725788577802,0.29629815507827095,6.709906859065742,-1.1508192777880697,dominated_by_one_event;long_relative_to_circular_transit;not_recovered_at_fixed_ephemeris;low_nominal_snr
117123283,3,13.538816538096755,2511.538399079209,0.17550000000000002,0.005630041684158607,0.9996068501216806,0.3472187520828426,6.3012228927559,-1.3595932149988141,dominated_by_one_event;long_relative_to_circular_transit;not_recovered_at_fixed_ephemeris;low_nominal_snr
117123283,4,15.406241792384494,2511.288649079209,0.0675,0.004889276155698985,0.9315275469896271,0.2922683784747323,5.360654494090732,-0.48975161738691114,not_recovered_at_fixed_ephemeris;low_nominal_snr
117489874,1,3.7046957587331817,2882.8662496568973,0.17550000000000002,0.003837465294865552,0.859091731585496,1.7703272926340838,7.596324834777587,3.0308299345798284,outside_nominal_optimistic_hz;long_relative_to_circular_transit;not_recovered_at_fixed_ephemeris
117489874,2,5.36172345960244,2882.8392496568977,0.17550000000000002,0.005036242762278054,0.9841711655888284,1.0813951431824724,8.121350310983074,1.5522795051555052,long_relative_to_circular_transit;not_recovered_at_fixed_ephemeris
117489874,3,6.2010649710384955,2883.2172496568974,0.17550000000000002,0.004958945279365334,0.9765893114504128,0.8907761628552463,7.506351574130685,-0.485499762246102,long_relative_to_circular_transit;not_recovered_at_fixed_ephemeris
117489874,4,3.708822216425956,2885.3232496568976,0.17550000000000002,0.0037482762558187378,0.8490496838967297,1.7677015441590986,6.8255917355984055,1.0912343478226265,outside_nominal_optimistic_hz;long_relative_to_circular_transit;not_recovered_at_fixed_ephemeris;low_nominal_snr
117817258,1,5.772662947255901,1472.5948174368975,0.08775000000000001,0.0096908690232161,1.730696142741871,1.6444484807584345,24.551530750564716,2.0102994838412704,outside_nominal_optimistic_hz;long_relative_to_circular_transit;insufficient_holdout_events
117817258,2,5.534800683824612,1471.1435674368975,0.08775000000000001,0.00931134938179138,1.6964684024290313,1.739345635344792,24.402569120235896,6.328327950015344,outside_nominal_optimistic_hz;long_relative_to_circular_transit
117817258,3,5.5345536546853396,1469.2198174368975,0.08775000000000001,0.009202022597069282,1.6864796747945732,1.7394491479983933,23.828239167295962,0.6485471793331152,outside_nominal_optimistic_hz;long_relative_to_circular_transit;not_recovered_at_fixed_ephemeris
117817258,4,6.014048543416556,1470.4280674368974,0.08775000000000001,0.009003252628543523,1.6681656801783304,1.5570383184380934,23.678706245373615,5.771886151121083,outside_nominal_optimistic_hz;long_relative_to_circular_transit;insufficient_holdout_events
120609299,1,12.630638915991938,1354.320889244928,0.17550000000000002,0.0032122040921818465,0.8231268990001012,0.3954301868859095,7.136854035939327,-1.0544499281544149,long_relative_to_circular_transit;not_recovered_at_fixed_ephemeris
120609299,2,4.297112326814634,1355.9616582263272,0.24375,0.0014978965389736804,0.5620903603783267,1.6649504170291383,5.484629408051341,0.2232737396264732,outside_nominal_optimistic_hz;long_relative_to_circular_transit;not_recovered_at_fixed_ephemeris;low_nominal_snr
120609299,3,5.876551926536143,1356.8985332263271,0.025,0.005215290851104536,1.0488285374704662,1.0968320752438436,5.123975873810029,0.9434063361164967,not_recovered_at_fixed_ephemeris;low_nominal_snr
120609299,4,11.750548462503534,1354.647283226327,0.17550000000000002,0.0021855530270928477,0.678962678964686,0.4354043152706297,4.827532600275131,-1.8788839529905166,long_relative_to_circular_transit;not_recovered_at_fixed_ephemeris;low_nominal_snr
121305264,1,9.979046067350705,2342.9812561018803,0.058499999999999996,0.005396756045397553,0.9866999190002425,0.49238172329247176,5.728509198928295,-0.15423581554324273,fewer_than_three_discovery_events;not_recovered_at_fixed_ephemeris;low_nominal_snr
121305264,2,7.693165933197757,2335.6912561018803,0.0765,0.0027570948731234016,0.7052523704296697,0.6965417632078472,4.4466558418606095,-0.6085327054844949,long_relative_to_circular_transit;not_recovered_at_fixed_ephemeris;low_nominal_snr
121593546,1,6.415720702785917,2174.3905562766186,0.08775000000000001,0.004451141113310798,0.9908049726288952,0.8904509462001817,5.096797694052058,-1.2070763627904557,long_relative_to_circular_transit;not_recovered_at_fixed_ephemeris;low_nominal_snr
121593546,2,7.404397828325652,2178.384101944152,0.051000000000000004,0.006707492397753285,1.2162772701312519,0.735559156254819,4.782782368914637,0.26005076974840763,fewer_than_three_discovery_events;dominated_by_one_event;not_recovered_at_fixed_ephemeris;low_nominal_snr
122136861,1,14.47787979787876,2391.128495286525,0.24375,0.0032173635218996567,0.7928182235236984,0.27321065476426054,7.397027964982069,2.39591661887244,long_relative_to_circular_transit;not_recovered_at_fixed_ephemeris
122136861,2,4.034793216802968,2392.047245286525,0.24375,0.0012361468702131921,0.49142652519753166,1.5008681615388828,5.322799762997401,-0.21329915852689593,outside_nominal_optimistic_hz;long_relative_to_circular_transit;outside_initial_small_planet_radius_range;not_recovered_at_fixed_ephemeris;low_nominal_snr
122136861,3,5.0810967700921665,2393.769995286525,0.08775000000000001,0.002860718276708861,0.7475859017996357,1.1036405085625298,5.217012691872152,2.826102861021358,long_relative_to_circular_transit;not_recovered_at_fixed_ephemeris;low_nominal_snr
122136861,4,10.551786645524349,2400.405245286525,0.08775000000000001,0.0033569746580135516,0.8098369510809798,0.41655234704703065,4.9810742920685716,0.5234082877425144,long_relative_to_circular_transit;not_recovered_at_fixed_ephemeris;low_nominal_snr
122669742,1,6.111957595405203,2120.2618404236455,0.24375,0.004121123633049413,1.0515082115254242,1.3042822334012003,14.129005476982906,-7.308005355955834,long_relative_to_circular_transit;not_recovered_at_fixed_ephemeris
122669742,2,5.3480212589789735,2117.9930904236453,0.24375,0.0040211240475528055,1.0386723777840767,1.558431992585569,14.414807474824306,-6.415532382338427,outside_nominal_optimistic_hz;long_relative_to_circular_transit;not_recovered_at_fixed_ephemeris
122669742,3,6.100574979303853,2119.5493404236454,0.24375,0.003868302839209644,1.0187440378696193,1.3075279949478076,13.024420330968384,-0.19607292076633803,long_relative_to_circular_transit;not_recovered_at_fixed_ephemeris
122669742,4,9.160395845461798,2121.8368404236453,0.24375,0.0042501011989233475,1.0678358137040522,0.7604308023253161,12.30230949676778,-0.9567955138198775,long_relative_to_circular_transit;not_recovered_at_fixed_ephemeris
122832965,1,11.877804416150328,2723.677477718763,0.17550000000000002,0.004387287489737393,1.193426229985343,0.5756384898903363,12.306544276097076,-2.8995813755929767,long_relative_to_circular_transit;not_recovered_at_fixed_ephemeris
122832965,2,16.94189231927338,2731.490602718763,0.24375,0.005257144720317312,1.3063889499211971,0.35852173994652986,12.533108340152458,-1.2232542220008873,fewer_than_three_discovery_events;dominated_by_one_event;odd_even_discrepancy;long_relative_to_circular_transit;not_recovered_at_fixed_ephemeris
122832965,3,18.49124224812077,2724.403102718763,0.24375,0.0035377209844791925,1.0716656753736802,0.3190386267565549,8.854242672459597,0.7071129743125474,dominated_by_one_event;long_relative_to_circular_transit;not_recovered_at_fixed_ephemeris
122832965,4,23.563021188862162,2736.796852718763,0.24375,0.0033531914571916666,1.0433420411666714,0.23093517435189323,8.790311523196824,-0.6918716123162575,dominated_by_one_event;odd_even_discrepancy;long_relative_to_circular_transit;not_recovered_at_fixed_ephemeris
123480394,1,5.515732870917038,2233.8815142539174,0.12675,0.0036958937975386462,1.0621682414910263,1.5334083104395888,55.426152006372014,30.12296293315964,odd_even_discrepancy;outside_nominal_optimistic_hz;long_relative_to_circular_transit
123480394,2,5.519972815914491,2233.5597642539174,0.12675,0.0034893961650908183,1.0320689446008968,1.53183807699821,50.049576179259226,35.933430575921584,outside_nominal_optimistic_hz;long_relative_to_circular_transit
123480394,3,5.520190371903941,2231.710264253917,0.08775000000000001,0.0036287383746921855,1.0524740562540111,1.5317575825859941,43.36265012481643,39.97814682959118,outside_nominal_optimistic_hz;long_relative_to_circular_transit
123480394,4,6.4386499487235715,2230.493389253917,0.0975,0.003586903892973607,1.046389662758329,1.2475817891020005,42.27318635938866,-9.165709510857187,long_relative_to_circular_transit;not_recovered_at_fixed_ephemeris
126319133,1,5.2045216746415255,2501.0540615444243,0.24375,0.0017995203386048568,0.579031220049766,1.1492719413919965,8.442025623500164,-7.969479498449854,long_relative_to_circular_transit;not_recovered_at_fixed_ephemeris
126319133,2,12.769529224813928,2500.6415615444243,0.24375,0.0037992021939211727,0.8413366433194364,0.34729408294704633,7.747313077072462,-2.9743127056071192,long_relative_to_circular_transit;not_recovered_at_fixed_ephemeris
126319133,3,7.797731709662707,2507.1624592908584,0.17550000000000002,0.0021495739020592993,0.6328485525506391,0.6703570497913324,6.474270233655753,-1.274015264882581,long_relative_to_circular_transit;not_recovered_at_fixed_ephemeris;low_nominal_snr
126319133,4,10.813536934831347,2505.5053342908586,0.08775000000000001,0.003640863584909578,0.823617952403462,0.43348446887983527,6.321038401475508,1.1312695354574689,long_relative_to_circular_transit;not_recovered_at_fixed_ephemeris;low_nominal_snr
129365196,1,5.0174508846929955,1492.1454523983243,0.24375,0.005731893824739488,1.2814284282052666,1.7930168191660998,17.781015832062817,-16.0795221371659,outside_nominal_optimistic_hz;long_relative_to_circular_transit;not_recovered_at_fixed_ephemeris
129365196,2,5.028928785033585,1493.7767023983242,0.24375,0.005755958303895564,1.2841155513792943,1.7875624472861735,17.31506091835412,-13.924228074116499,outside_nominal_optimistic_hz;long_relative_to_circular_transit;not_recovered_at_fixed_ephemeris
129365196,3,5.041928973688116,1495.3892023983242,0.24375,0.005955858992431121,1.3062234900234146,1.781419651025277,19.49297124129195,-20.340438060541253,outside_nominal_optimistic_hz;long_relative_to_circular_transit;not_recovered_at_fixed_ephemeris
129365196,4,6.6972302483374015,1491.8057023983242,0.12675,0.006715350700269059,1.3870101364362475,1.2200235948752198,11.51765503433818,-3.109617599647404,odd_even_discrepancy;long_relative_to_circular_transit;not_recovered_at_fixed_ephemeris
131799991,1,12.831869282562792,2241.262488237913,0.24375,0.004127440042993548,0.9681286239525303,0.36438367890461154,19.203373337695627,4.3937866403200285,fewer_than_three_discovery_events;dominated_by_one_event;odd_even_discrepancy;long_relative_to_circular_transit;not_recovered_at_fixed_ephemeris
131799991,2,4.692948348750788,2233.328988237913,0.12675,0.002772508166472657,0.7934674053637325,1.3932138600104769,17.280197385239997,2.285434054704962,long_relative_to_circular_transit;not_recovered_at_fixed_ephemeris
131799991,3,4.265976546902744,2231.4082382379133,0.12675,0.0020613848612330466,0.6841828996506621,1.5821738443704723,15.124908297284733,-2.448759323897958,outside_nominal_optimistic_hz;long_relative_to_circular_transit;not_recovered_at_fixed_ephemeris
131799991,4,4.269865169028912,2231.812863237913,0.0975,0.0022943579282486094,0.7218106063926726,1.5802529274548935,14.941028652610568,-7.905520010669617,outside_nominal_optimistic_hz;long_relative_to_circular_transit;not_recovered_at_fixed_ephemeris
132157954,1,22.4142928676794,2989.531171066413,0.12675,0.008149853208845804,1.3012550028566303,0.17142951674610632,6.870641836773305,0.7146509672587201,dominated_by_one_event;outside_nominal_optimistic_hz;long_relative_to_circular_transit;not_recovered_at_fixed_ephemeris;low_nominal_snr
132157954,2,12.776338506459302,2989.2667960664135,0.17550000000000002,0.0065043989135312626,1.162495025822489,0.3627246837098398,6.534937182415605,1.5008742122186216,odd_even_discrepancy;long_relative_to_circular_transit;not_recovered_at_fixed_ephemeris;low_nominal_snr
132157954,3,5.529916931932017,2991.25821244152,0.12675,0.004114492708681644,0.9245824966080081,1.1078837193894862,5.987957432248098,-0.7400398602105547,long_relative_to_circular_transit;not_recovered_at_fixed_ephemeris;low_nominal_snr
132157954,4,12.317108889095197,2990.22321244152,0.08775000000000001,0.007200605604548308,1.223128345969101,0.3808675299304539,5.816059074606654,0.3116427838447394,long_relative_to_circular_transit;not_recovered_at_fixed_ephemeris;low_nominal_snr
135140399,1,10.376742127451077,1900.172810766716,0.24375,0.00299152279235972,0.7226784694792922,0.43737057883088976,5.5800475106904495,-1.9245706468593469,dominated_by_one_event;long_relative_to_circular_transit;not_recovered_at_fixed_ephemeris;low_nominal_snr
135140399,2,8.288240520066678,1906.4895869960058,0.0975,0.0036584892934369228,0.7991896526033639,0.5901754460879318,3.716110793830653,0.9331116583940205,fewer_than_three_discovery_events;long_relative_to_circular_transit;not_recovered_at_fixed_ephemeris;low_nominal_snr
137025855,1,22.51171995199335,1715.510623515797,0.24375,0.0024358049892432786,0.8622929358910973,0.2542951460124186,17.002131856066757,-0.9531494004746383,fewer_than_three_discovery_events;long_relative_to_circular_transit;not_recovered_at_fixed_ephemeris
137025855,2,12.223089991600148,1721.885623515797,0.24375,0.0012355236815363311,0.6141282952192131,0.5740833633395175,11.818831155794728,-1.2090120169114216,odd_even_discrepancy;long_relative_to_circular_transit;not_recovered_at_fixed_ephemeris
137025855,3,5.392041375835466,1714.460623515797,0.24375,0.0008666915559166784,0.5143584193868301,1.709537711651859,11.728589560622014,-4.095102725444611,outside_nominal_optimistic_hz;long_relative_to_circular_transit;not_recovered_at_fixed_ephemeris
137025855,4,7.173582888570347,1714.230748515797,0.17550000000000002,0.001381084976548353,0.6492975601516415,1.1683370414483274,11.054907525038672,-3.5074733312562207,odd_even_discrepancy;long_relative_to_circular_transit;not_recovered_at_fixed_ephemeris
137605535,1,11.587917792723559,2395.375606646528,0.16575,0.0027781340060605586,0.7770052469848051,0.484071863221901,5.575862698191655,-1.6643078143857615,long_relative_to_circular_transit;not_recovered_at_fixed_ephemeris;low_nominal_snr
137605535,2,13.05934804669016,2395.081481646528,0.025,0.007434731140746103,1.2711007946342783,0.4127512387644331,4.677412005327751,-0.45606245907425674,fewer_than_three_discovery_events;not_recovered_at_fixed_ephemeris;low_nominal_snr
137649696,1,19.712008228389323,1842.6768065716847,0.0325,0.002773470406537065,0.8453619391495801,0.2623844029251155,6.050186549515525,0.28470049452377555,dominated_by_one_event;not_recovered_at_fixed_ephemeris;low_nominal_snr
137649696,2,18.05716198125656,1842.9328065716848,0.17550000000000002,0.0009238215045440891,0.48789341463512664,0.29492608509540413,5.412717363258953,-0.3260078683788026,long_relative_to_circular_transit;outside_initial_small_planet_radius_range;not_recovered_at_fixed_ephemeris;low_nominal_snr
137649696,3,9.869070731577262,1848.2855565716848,0.03,0.0018937642571274622,0.69854418257024,0.6600003447219783,5.440520165130647,-2.637799995815449,not_recovered_at_fixed_ephemeris;low_nominal_snr
137649696,4,25.773435053904155,1862.9360565716847,0.039,0.002708970520640897,0.8354742363328422,0.1835197342064298,5.207667717054669,-0.7621045357128944,fewer_than_three_discovery_events;dominated_by_one_event;outside_nominal_optimistic_hz;insufficient_holdout_events;low_nominal_snr
137726810,1,11.018601538073238,1686.3181960223599,0.24375,0.0033811440552764587,0.9905354508335775,0.6259837355913133,7.881581511364585,3.8613845572427614,long_relative_to_circular_transit;not_recovered_at_fixed_ephemeris
137726810,2,21.725256943112804,1699.8369460223598,0.24375,0.004980242416774331,1.2021631947786235,0.2531891698903614,7.873144758637085,-1.6583997647823312,fewer_than_three_discovery_events;dominated_by_one_event;long_relative_to_circular_transit;not_recovered_at_fixed_ephemeris
137726810,3,8.012347030179523,1685.1181960223598,0.24375,0.002766547036306939,0.895998361187706,0.957308728482361,7.923775615200012,3.0130966957323566,long_relative_to_circular_transit;not_recovered_at_fixed_ephemeris
137726810,4,13.335653321848241,1694.62744602236,0.12675,0.005156680928344821,1.2232727916993829,0.48533985686891495,6.758426541572756,-0.06946359517372744,long_relative_to_circular_transit;not_recovered_at_fixed_ephemeris;low_nominal_snr
137729107,1,6.422045398714082,1686.8890445622735,0.24375,0.0029072384863888796,0.9597133184795253,1.4652973661222215,26.9830511806895,-27.216238964552755,long_relative_to_circular_transit;not_recovered_at_fixed_ephemeris
137729107,2,6.43856367566637,1688.0890445622736,0.24375,0.003273946742996003,1.0184436329435045,1.4602871736575682,28.3119750592601,6.193274256637253,long_relative_to_circular_transit
137729107,3,6.432908722526543,1689.4202945622735,0.24375,0.0034288033320711633,1.0422513829058957,1.4619990099926312,27.358818399842693,-2.9833300036165,odd_even_discrepancy;long_relative_to_circular_transit;not_recovered_at_fixed_ephemeris
137729107,4,6.455140007164647,1685.5015445622735,0.24375,0.0034751520980450088,1.0492720410605028,1.455289432660428,28.015252005122424,56.03843884439516,odd_even_discrepancy;long_relative_to_circular_transit
138560336,1,15.073271521751575,1693.499757091695,0.24375,0.005731873638862608,1.0168736718273603,0.27484298428812143,6.491057561423618,2.4530716016157537,fewer_than_three_discovery_events;dominated_by_one_event;long_relative_to_circular_transit;not_recovered_at_fixed_ephemeris;low_nominal_snr
138560336,2,12.545048904555502,1687.088382091695,0.058499999999999996,0.006631646566219857,1.0937785077082571,0.35107362786159907,5.909497708669076,0.46221968452346623,not_recovered_at_fixed_ephemeris;low_nominal_snr
138560336,3,10.040285617956807,1688.865882091695,0.17550000000000002,0.003402689804968159,0.7834835440038551,0.4724616860055305,5.329616923841352,-1.4597048293064714,long_relative_to_circular_transit;not_recovered_at_fixed_ephemeris;low_nominal_snr
138560336,4,7.683330219011931,1684.724757091695,0.24375,0.00259920910045438,0.6847614590964295,0.6749869142516617,5.613560623490846,-0.5873232611750622,odd_even_discrepancy;long_relative_to_circular_transit;not_recovered_at_fixed_ephemeris;low_nominal_snr
13955081,1,5.32806722491988,2148.3922581517777,0.12675,0.008300670711541624,1.6117036711653696,1.7430535455203588,29.795053006902638,11.701165602580033,outside_nominal_optimistic_hz;long_relative_to_circular_transit
13955081,2,5.3278988976407256,2146.8712581517775,0.12675,0.00841693526050356,1.6229517020178423,1.7431269715897613,28.422422571327605,16.481940530599644,outside_nominal_optimistic_hz;long_relative_to_circular_transit
13955081,3,5.325831389495946,2145.7500081517774,0.12675,0.007863551086338946,1.5686929999922754,1.7440292813836626,28.21793228602993,8.155731808262754,outside_nominal_optimistic_hz;long_relative_to_circular_transit
13955081,4,5.324016886188907,2145.3600081517775,0.12675,0.007699553839692488,1.5522489773255244,1.7448218475247819,28.49203940611924,-14.18582142910347,outside_nominal_optimistic_hz;long_relative_to_circular_transit;not_recovered_at_fixed_ephemeris
141154638,1,13.391107864204859,3707.269475312815,0.17550000000000002,0.0031867120139127078,0.7397180951516249,0.2620069998017405,7.81481019045626,-0.1424227402875751,long_relative_to_circular_transit;not_recovered_at_fixed_ephemeris
141154638,2,12.484758566683338,3695.327600312815,0.24375,0.0017947127594141847,0.5551269465320462,0.2876700888182717,6.955642025034109,0.9137218559659115,dominated_by_one_event;odd_even_discrepancy;long_relative_to_circular_transit;not_recovered_at_fixed_ephemeris;low_nominal_snr
141154638,3,12.147277336934604,3705.568475312815,0.17550000000000002,0.001957173868176824,0.5797083261904825,0.29837537354098026,6.510713459259512,-2.855152914051469,long_relative_to_circular_transit;not_recovered_at_fixed_ephemeris;low_nominal_snr
141154638,4,10.59292948484014,3695.365100312815,0.24375,0.0014763415438175526,0.5034869914854743,0.3581350253424629,6.098942457101248,0.724431057553781,long_relative_to_circular_transit;not_recovered_at_fixed_ephemeris;low_nominal_snr
142086813,1,64.7063706241653,1349.0766090683883,0.24375,0.005622066669996412,2.5627481048593324,0.23349506610668788,37.580008937431145,-0.44192634337907216,odd_even_discrepancy;long_relative_to_circular_transit;outside_initial_small_planet_radius_range;not_recovered_at_fixed_ephemeris
142086813,2,45.9866975852912,1339.8891090683883,0.24375,0.0035242922900952595,2.029055308090652,0.3681550810708278,22.1590454132502,1.0493526731791378,dominated_by_one_event;long_relative_to_circular_transit;outside_initial_small_planet_radius_range;not_recovered_at_fixed_ephemeris
142086813,3,58.32332758008932,1348.6719840683884,0.22950000000000004,0.009268369668620503,3.290482602669894,0.268174432558656,19.75009556888464,-2.898627893411811,fewer_than_three_discovery_events;dominated_by_one_event;outside_initial_small_planet_radius_range;not_recovered_at_fixed_ephemeris
142086813,4,58.40794458563481,1348.2516090683882,0.24375,0.006012772605865439,2.65030170039476,0.2676565432717457,18.117146234231143,-3.187404946077617,fewer_than_three_discovery_events;dominated_by_one_event;long_relative_to_circular_transit;outside_initial_small_planet_radius_range;not_recovered_at_fixed_ephemeris
142940412,1,5.442228628889431,1687.6311806716453,0.24375,0.002053873308380246,0.8313993774517443,1.8549800450270806,21.751910052253546,-12.393076495382592,outside_nominal_optimistic_hz;long_relative_to_circular_transit;not_recovered_at_fixed_ephemeris
142940412,2,5.451180771346261,1684.0499306716454,0.24375,0.002394727041655938,0.8977406252742267,1.8509193960359414,24.133289477385468,1.7225524232764484,outside_nominal_optimistic_hz;long_relative_to_circular_transit;not_recovered_at_fixed_ephemeris
142940412,3,5.422860484207263,1685.9999306716454,0.24375,0.0023347584304578943,0.8864287751191313,1.8638188958753799,22.706718001201107,-14.90986611439761,outside_nominal_optimistic_hz;long_relative_to_circular_transit;not_recovered_at_fixed_ephemeris
142940412,4,5.437518324517536,1688.0624306716454,0.24375,0.0018214655551438723,0.7829487786088333,1.8571228808688771,18.369939971521784,4.50797446616357,outside_nominal_optimistic_hz;long_relative_to_circular_transit;not_recovered_at_fixed_ephemeris
144654557,1,17.857874727404504,2996.926418858966,0.24375,0.0010499996642943945,0.7182972533860855,0.5510401747055843,9.44124595711002,-0.8464765922836611,dominated_by_one_event;long_relative_to_circular_transit;not_recovered_at_fixed_ephemeris
144654557,2,20.56353312310264,2998.088918858966,0.12675,0.0012994845558896107,0.7990890635000875,0.4565545190440283,8.579466825752688,0.9094962518216171,long_relative_to_circular_transit;not_recovered_at_fixed_ephemeris
144654557,3,11.270780659454488,2991.098168858966,0.12675,0.0008370861062138942,0.6413493995970266,1.0178512050428614,7.236251349954793,-3.4977408086107027,long_relative_to_circular_transit;not_recovered_at_fixed_ephemeris
144654557,4,23.814174789651826,2990.076293858966,0.17550000000000002,0.0009269137210808978,0.6748842317001775,0.3754126563862004,7.400721183432041,-2.1338144298226944,long_relative_to_circular_transit;not_recovered_at_fixed_ephemeris
146428154,1,12.750326780959464,1544.614208828691,0.24375,0.005211193991247852,0.9774710263803481,0.36844565873055796,6.585744740830975,0.022181599088725457,fewer_than_three_discovery_events;dominated_by_one_event;long_relative_to_circular_transit;not_recovered_at_fixed_ephemeris;low_nominal_snr
146428154,2,9.250478803553351,1547.3214001478054,0.045,0.005648097629868221,1.0176217259386087,0.5651749631623091,5.522043007032675,1.1115330880275653,not_recovered_at_fixed_ephemeris;low_nominal_snr
146428154,3,7.953558338997475,1548.7497751478054,0.12675,0.0027844842255223727,0.7145089182564378,0.6912787972976395,5.108083730369,0.5930098004034383,long_relative_to_circular_transit;not_recovered_at_fixed_ephemeris;low_nominal_snr
146428154,4,14.35133258545176,1557.8064001478053,0.039,0.008232385017397752,1.2285649178789546,0.31468706528952173,4.974607449280852,1.092273790767277,fewer_than_three_discovery_events;dominated_by_one_event;not_recovered_at_fixed_ephemeris;low_nominal_snr
147207061,1,4.3235326826083424,1326.356168194949,0.08775000000000001,0.0018313950170773371,0.6589063827462257,1.5345042788457042,5.986326456927155,2.6471066179409615,outside_nominal_optimistic_hz;long_relative_to_circular_transit;not_recovered_at_fixed_ephemeris;low_nominal_snr
147207061,2,4.426351761523091,1328.520293194949,0.039,0.002370150756534461,0.7495846522686911,1.4871628672673338,5.3717692501768886,-0.5583090030009139,not_recovered_at_fixed_ephemeris;low_nominal_snr
147207061,3,4.309203174347748,1326.1827931949492,0.025,0.0026619464249382626,0.7943874157193812,1.541311684129611,4.727000509328621,-0.6956026884443717,outside_nominal_optimistic_hz;not_recovered_at_fixed_ephemeris;low_nominal_snr
148359442,1,9.519923585887872,2337.9578730193175,0.24375,0.002945418826457743,0.6815299681335285,0.3981279480161877,6.557130674104227,0.40386663681685503,long_relative_to_circular_transit;not_recovered_at_fixed_ephemeris;low_nominal_snr
148359442,2,5.0103838186489,2338.9891230193175,0.12675,0.0025591255994230878,0.6352683646505292,0.9369274303058949,5.384483815357369,-1.031909431909073,long_relative_to_circular_transit;not_recovered_at_fixed_ephemeris;low_nominal_snr
148359442,3,8.577183850142388,2341.2672480193173,0.039,0.00501124659583168,0.8889642893390426,0.45751744316048704,4.682893579391103,-0.27831325606998114,not_recovered_at_fixed_ephemeris;low_nominal_snr
148497173,1,5.100545673220151,2994.1402110975464,0.17550000000000002,0.0051324313897128555,1.024817327117563,1.209092813489468,8.381835095366531,2.171668437958674,long_relative_to_circular_transit;not_recovered_at_fixed_ephemeris
148497173,2,4.1340216201349795,2991.4537110975466,0.17550000000000002,0.004312208683387242,0.9393658514052162,1.5999933202533714,8.559305309883593,-1.0686456837213165,outside_nominal_optimistic_hz;long_relative_to_circular_transit;not_recovered_at_fixed_ephemeris
148497173,3,6.896734187518079,2990.9407110975462,0.17550000000000002,0.004999358447940155,1.0114444170988217,0.8086436438066412,8.168676125937779,1.0098380245760916,long_relative_to_circular_transit;not_recovered_at_fixed_ephemeris
148497173,4,3.6988502953666056,2992.7767110975465,0.17550000000000002,0.004497636075262973,0.9593499103049978,1.8557785694510418,7.6036485794171025,-0.26153867219009413,outside_nominal_optimistic_hz;long_relative_to_circular_transit;not_recovered_at_fixed_ephemeris
148968978,1,15.822318576147591,1885.4025373706615,0.24375,0.000975669691592411,0.5969020130416183,0.6486166435642444,4.464879856256647,0.6973954299649641,long_relative_to_circular_transit;not_recovered_at_fixed_ephemeris;low_nominal_snr
149415767,1,12.74371404335143,2508.330656131478,0.17550000000000002,0.0015117342061358443,0.5137320705298846,0.4107627848466764,6.654462844682794,1.9644407886822262,long_relative_to_circular_transit;not_recovered_at_fixed_ephemeris;low_nominal_snr
149415767,2,8.053774740874658,2502.173906131478,0.039,0.0025581860542274568,0.668290090855577,0.7573904218029467,6.342380665742835,1.2227468708578135,not_recovered_at_fixed_ephemeris;low_nominal_snr
149415767,3,14.19390219880817,2511.346031131478,0.24375,0.0014766385320926121,0.5077337778484119,0.3557815056063674,6.140097329467671,1.7073557397273336,long_relative_to_circular_transit;insufficient_holdout_events;low_nominal_snr
149415767,4,14.300538129444083,2512.714781131478,0.24375,0.0012283188669104479,0.4630783950180341,0.35224859771397693,5.9199501137105,0.1131031174228848,long_relative_to_circular_transit;outside_initial_small_planet_radius_range;insufficient_holdout_events;low_nominal_snr
149423103,1,27.10257409857714,3678.8130802401565,0.24375,0.00159519139522987,0.7588732339666333,0.24710334171408646,7.103863404981486,-0.00016359382047270805,fewer_than_three_discovery_events;dominated_by_one_event;long_relative_to_circular_transit;not_recovered_at_fixed_ephemeris
149423103,2,33.14016765577515,3689.8005802401567,0.24375,0.0007139804560229604,0.5076986376046378,0.1889816940296635,6.837624509545953,0.8319857009471638,outside_nominal_optimistic_hz;long_relative_to_circular_transit;not_recovered_at_fixed_ephemeris;low_nominal_snr
149423103,3,21.62168339756605,3679.5102052401567,0.17550000000000002,0.0005706479642426899,0.4538861932876032,0.3339693932633201,6.399109212551431,0.04666836610214453,long_relative_to_circular_transit;outside_initial_small_planet_radius_range;not_recovered_at_fixed_ephemeris;low_nominal_snr
149423103,4,9.052387036313272,3670.3849552401566,0.1875,0.0003400252577800668,0.3503631524431636,1.0662896340768202,6.141708579934233,0.5638023840132872,long_relative_to_circular_transit;outside_initial_small_planet_radius_range;not_recovered_at_fixed_ephemeris;low_nominal_snr
149470658,1,5.78195426777029,2532.098948986199,0.24375,0.002775494041170519,0.8284117105065373,1.1452031928593351,7.75280741984872,-0.7255783096915053,long_relative_to_circular_transit;not_recovered_at_fixed_ephemeris
149470658,2,5.745826647632892,2528.161448986199,0.24375,0.0031825492722695357,0.8870817568674464,1.154814055345841,8.595913775983094,0.03980390832839698,long_relative_to_circular_transit;not_recovered_at_fixed_ephemeris
149470658,3,7.693003900401973,2531.675573986199,0.17550000000000002,0.0036842420040822106,0.9544433462389645,0.7825657137679599,7.171103554360686,-0.012630349249226387,long_relative_to_circular_transit;not_recovered_at_fixed_ephemeris
149470658,4,7.282450379540563,2528.4239489861993,0.24375,0.0029974901832718038,0.8609044736097087,0.8419352787771556,7.142107987451938,0.4445066044055258,dominated_by_one_event;long_relative_to_circular_transit;not_recovered_at_fixed_ephemeris
150387899,1,6.668153878364338,2616.5179437076144,0.24375,0.001580185000289894,0.6380943365233522,1.0394759774894407,6.142155527792422,0.9283108388951617,long_relative_to_circular_transit;not_recovered_at_fixed_ephemeris;low_nominal_snr
150387899,2,12.567449930130621,2613.742943707615,0.24375,0.0019470100865708034,0.708296381679677,0.44650437991116604,5.2424487141143175,0.48968447393221237,long_relative_to_circular_transit;not_recovered_at_fixed_ephemeris;low_nominal_snr
150387899,3,8.154114796902252,2613.3518187076147,0.039,0.004156345884868159,1.034872302039214,0.7949128419189272,5.440456252930015,0.9579221105281734,not_recovered_at_fixed_ephemeris;low_nominal_snr
150387899,4,5.593049835742992,2615.7180687076147,0.058499999999999996,0.0026315526739489723,0.8234494735287633,1.314085700674702,5.360148673427302,1.0646504504616545,not_recovered_at_fixed_ephemeris;low_nominal_snr
15231995,1,5.08452807179255,2393.211841077909,0.24375,0.004667307235199734,1.007118448153904,1.2665233893387235,10.844195142607356,-2.2307005687729853,odd_even_discrepancy;long_relative_to_circular_transit;not_recovered_at_fixed_ephemeris
15231995,2,5.859932378285217,2392.037341077909,0.12675,0.005646330659647243,1.1077213086503548,1.0481512126752848,8.781931164109947,3.2420299147768685,long_relative_to_circular_transit;not_recovered_at_fixed_ephemeris
15231995,3,6.2843836505827095,2393.1390910779087,0.12675,0.0063751770340325625,1.177046122315612,0.9548397569990954,8.700891512069465,4.219426588127127,long_relative_to_circular_transit;not_recovered_at_fixed_ephemeris
15231995,4,5.864120973508626,2392.361341077909,0.11475000000000002,0.0064315477992116605,1.1822385242262081,1.0471531072007756,8.57937653721015,-5.335578119118219,long_relative_to_circular_transit;not_recovered_at_fixed_ephemeris
152475404,1,12.39873950836817,1413.5567999159637,0.17550000000000002,0.0018379214279161604,0.9550084752495924,0.8294115423703526,15.166251204742116,50.63935030458558,long_relative_to_circular_transit
152475404,2,9.416264357868325,1417.4312999159636,0.17550000000000002,0.0014952177651837348,0.8613823712363187,1.1970214487652284,14.768426583031536,-72.72610699058163,long_relative_to_circular_transit;not_recovered_at_fixed_ephemeris
152475404,3,9.399931181017003,1418.3087999159636,0.22950000000000004,0.0013944645255788536,0.831854730121386,1.199795486492848,13.651298473592272,14.032797220395757,long_relative_to_circular_transit
152475404,4,7.270300883644021,1411.8456749159636,0.12675,0.0013832239349310035,0.8284952118198011,1.6899360728568074,13.80160308530157,-57.5948604738016,odd_even_discrepancy;outside_nominal_optimistic_hz;long_relative_to_circular_transit;not_recovered_at_fixed_ephemeris
152851749,1,17.577023303477816,3764.8196622465725,0.058499999999999996,0.046185652921816665,2.8161019778282914,0.19213327663982435,43.11556755483698,-0.9424322217302958,fewer_than_three_discovery_events;dominated_by_one_event;outside_nominal_optimistic_hz;outside_initial_small_planet_radius_range;not_recovered_at_fixed_ephemeris
152851749,2,13.825569525236757,3747.592402056956,0.24375,0.0021643183631242205,0.6096146650039165,0.2646177586693339,6.680396537262271,-2.578331079906814,long_relative_to_circular_transit;not_recovered_at_fixed_ephemeris;low_nominal_snr
152851749,3,13.520865650249748,3755.3659998526123,0.11475000000000002,0.002785388690607773,0.691572535521533,0.272598647876079,6.0585358205549715,-0.5230528632315606,long_relative_to_circular_transit;not_recovered_at_fixed_ephemeris;low_nominal_snr
152851749,4,10.260383786557126,3749.697874852612,0.0975,0.002374486618939058,0.6385276337179794,0.39383250061401687,5.469373647030651,1.021007372698278,long_relative_to_circular_transit;not_recovered_at_fixed_ephemeris;low_nominal_snr
154070383,1,14.024298121396285,1695.938474645314,0.24375,0.001686527578459356,0.6188557034354724,0.3476997866295282,7.643136587334682,-0.9871590169375756,dominated_by_one_event;long_relative_to_circular_transit;not_recovered_at_fixed_ephemeris
154070383,2,12.982912984117737,1684.632224645314,0.24375,0.001690146133555083,0.6195192453779518,0.38537459028652554,7.5431116994223135,0.8819612397789944,long_relative_to_circular_transit;not_recovered_at_fixed_ephemeris
154070383,3,5.914132303473451,1687.7600996453139,0.17550000000000002,0.0008288166068601507,0.4338323130479542,1.0994898471761088,5.9669287332802226,-0.8028469325946493,long_relative_to_circular_transit;outside_initial_small_planet_radius_range;not_recovered_at_fixed_ephemeris;low_nominal_snr
154070383,4,7.930562958424749,1685.729099645314,0.1875,0.0008978490408024125,0.451538031864816,0.7435449839268972,5.652034147301945,0.6464874824159518,long_relative_to_circular_transit;outside_initial_small_planet_radius_range;not_recovered_at_fixed_ephemeris;low_nominal_snr
15420746,1,6.780460574198075,2803.7461693545993,0.24375,0.015342390766895265,1.636611046019096,0.6496257519728423,12.59915912125809,0.4974426357867279,dominated_by_one_event;odd_even_discrepancy;long_relative_to_circular_transit;not_recovered_at_fixed_ephemeris
15420746,2,7.645428473344897,2802.0836689322387,0.24375,0.014686799863608897,1.6012625496482,0.5535281598143541,10.425024143901954,-0.2415124951163142,fewer_than_three_discovery_events;dominated_by_one_event;odd_even_discrepancy;long_relative_to_circular_transit;not_recovered_at_fixed_ephemeris
15420746,3,3.582577714293018,2800.7336689322387,0.24375,0.007046349432989942,1.1091264090037043,1.520832317303706,8.861501721323839,-2.48844499821582,outside_nominal_optimistic_hz;long_relative_to_circular_transit;not_recovered_at_fixed_ephemeris
15420746,4,5.982088079619596,2800.883679618367,0.24375,0.01187605883263256,1.4399092720051572,0.767723948536371,8.141047719217124,-1.3746861107917392,fewer_than_three_discovery_events;dominated_by_one_event;long_relative_to_circular_transit;not_recovered_at_fixed_ephemeris
154567574,1,24.724130003766675,2401.367426905356,0.08775000000000001,0.003324817505552246,0.9129888974298184,0.21498525569591448,5.640960584496738,0.07080757455636284,fewer_than_three_discovery_events;not_recovered_at_fixed_ephemeris;low_nominal_snr
154567574,2,17.051685084148847,2404.081676905356,0.24375,0.001414453459448774,0.5954919858349236,0.3528149363803994,4.881773288915058,-1.3526509245947778,long_relative_to_circular_transit;not_recovered_at_fixed_ephemeris;low_nominal_snr
154998483,1,20.884557809984553,2510.531963963497,0.17550000000000002,0.0045496089320287226,0.9575114456115346,0.17027968698032958,12.8310068268917,0.0,outside_nominal_optimistic_hz;long_relative_to_circular_transit;insufficient_holdout_events
154998483,2,4.6056848834677115,2503.0083389634974,0.24375,0.0016595564451226045,0.5782996829722475,1.2780198368087028,10.494693644694813,0.7179104994503718,long_relative_to_circular_transit;not_recovered_at_fixed_ephemeris
154998483,3,17.24752726596725,2507.6020889634974,0.24375,0.003080217591121104,0.7878574362072909,0.21976613417049967,9.409083108610599,0.0,dominated_by_one_event;long_relative_to_circular_transit;insufficient_holdout_events
154998483,4,17.07831759579006,2510.6395889634973,0.24375,0.002738570556894366,0.7428804123533523,0.22267413544456852,9.093687411578033,2.4347588570447156,long_relative_to_circular_transit;not_recovered_at_fixed_ephemeris
155441032,1,8.677282438773835,1492.4077412133781,0.24375,0.0018308570642264744,0.7195509131066122,1.0003639451007829,5.760605289264015,-0.2630373067613836,dominated_by_one_event;long_relative_to_circular_transit;not_recovered_at_fixed_ephemeris;low_nominal_snr
155441032,2,15.828775785882742,1492.761366213378,0.058499999999999996,0.004400693276685569,1.1155649443770155,0.4488210722368123,5.603841185078234,-0.053581172002544884,not_recovered_at_fixed_ephemeris;low_nominal_snr
155441032,3,20.269922019608373,1502.776491213378,0.24375,0.002932546031392016,0.9106609783223747,0.3227504859743121,5.453313023141067,-0.2415683583198942,fewer_than_three_discovery_events;dominated_by_one_event;long_relative_to_circular_transit;not_recovered_at_fixed_ephemeris;low_nominal_snr
155441032,4,8.291151970939405,1494.160866213378,0.0765,0.003523788413354454,0.9982497732337392,1.0629589868699902,4.911562616104072,-0.39871322717226676,long_relative_to_circular_transit;not_recovered_at_fixed_ephemeris;low_nominal_snr
155894324,1,19.851587738527236,2390.881391869156,0.24375,0.0031069391340034507,0.913000929132417,0.31743680273143526,6.729552633367952,-1.1191692605602466,dominated_by_one_event;long_relative_to_circular_transit;not_recovered_at_fixed_ephemeris;low_nominal_snr
155894324,2,19.491166851298296,2393.3369429845447,0.24375,0.002995838498610664,0.896528387542457,0.3252873346688327,6.459461675102591,0.02060360924494515,long_relative_to_circular_transit;not_recovered_at_fixed_ephemeris;low_nominal_snr
155894324,3,6.3671322169240465,2396.880692984545,0.24375,0.0017271011848809322,0.6807125191337079,1.4458584646169894,5.929221440326826,0.6281964139234392,long_relative_to_circular_transit;not_recovered_at_fixed_ephemeris;low_nominal_snr
155894324,4,12.829334691278426,2401.877567984545,0.1875,0.0027586912095626287,0.8603128154850617,0.5681269956305505,5.988953847166394,1.5638203627345064,long_relative_to_circular_transit;not_recovered_at_fixed_ephemeris;low_nominal_snr
156152778,1,14.30274015542916,2404.343821128068,0.24375,0.004494769144755772,1.1567096804047492,0.4562035531247475,8.182961854605693,-0.14034920446219273,fewer_than_three_discovery_events;dominated_by_one_event;long_relative_to_circular_transit;not_recovered_at_fixed_ephemeris
156152778,2,20.392858540199246,2405.562571128068,0.24375,0.0023201522790376695,0.8310533791117983,0.2842803574187096,6.435711778018263,0.34188778385105917,dominated_by_one_event;long_relative_to_circular_transit;not_recovered_at_fixed_ephemeris;low_nominal_snr
156152778,3,16.261956174017453,2402.1016961280684,0.0765,0.004522325544733275,1.160250023475441,0.3844329579813634,5.651600549278332,0.9235833667603455,fewer_than_three_discovery_events;dominated_by_one_event;not_recovered_at_fixed_ephemeris;low_nominal_snr
156152778,4,10.168268997803876,2392.943821128068,0.24375,0.001425310224389349,0.6513664341565263,0.7189879734061012,5.064240787937943,-1.1023246408814493,long_relative_to_circular_transit;not_recovered_at_fixed_ephemeris;low_nominal_snr
156152779,1,13.933012909161029,2404.5688217349857,0.24375,0.0034414024218829284,1.0057289932179947,0.46871746956150323,8.984614173335231,0.4705948098000581,long_relative_to_circular_transit;not_recovered_at_fixed_ephemeris
156152779,2,15.021712596667436,2405.430570412755,0.12675,0.004616614717665259,1.1648635504820695,0.423979893696092,6.19081426489549,-1.3339149595308841,fewer_than_three_discovery_events;long_relative_to_circular_transit;not_recovered_at_fixed_ephemeris;low_nominal_snr
156152779,3,6.271820185670422,2391.692445412755,0.039,0.0029705025880500478,0.9343900555543989,1.3586671079385912,5.618587832029151,0.7398006376144227,not_recovered_at_fixed_ephemeris;low_nominal_snr
156152779,4,6.102921405000207,2392.8538204127553,0.08775000000000001,0.001984952313885075,0.7638151691447107,1.4090318940961,5.05335492593257,-1.2193013626872966,long_relative_to_circular_transit;not_recovered_at_fixed_ephemeris;low_nominal_snr
156171605,1,14.996768528526871,2391.1627090408747,0.24375,0.002989560743503046,0.6866178967492957,0.2127338781696866,5.606777328844183,-1.9931392646619186,long_relative_to_circular_transit;not_recovered_at_fixed_ephemeris;low_nominal_snr
156171605,2,17.031550471223785,2401.691209040875,0.08775000000000001,0.0051299768761446695,0.8994336506576263,0.17954004401910537,5.105416089118681,0.8605011277550874,outside_nominal_optimistic_hz;long_relative_to_circular_transit;not_recovered_at_fixed_ephemeris;low_nominal_snr
156171605,3,8.31250196463392,2398.447084040875,0.039,0.005161632510574692,0.9022044579285121,0.46722337318024504,5.170569577574954,0.31852833611072345,not_recovered_at_fixed_ephemeris;low_nominal_snr
156171605,4,11.072040517830686,2394.127834040875,0.17550000000000002,0.0027511858072617025,0.6586753172888183,0.3188085939616988,4.7244005437650305,1.6785341904198832,long_relative_to_circular_transit;not_recovered_at_fixed_ephemeris;low_nominal_snr
156491690,1,6.9464172318786614,1847.5609120078475,0.22950000000000004,0.0037554671513254758,1.1242291795698514,1.587138051891126,67.62888986880822,33.298588532319265,odd_even_discrepancy;outside_nominal_optimistic_hz;long_relative_to_circular_transit
156491690,2,6.94490117085865,1843.7850370078474,0.24375,0.003641739883067008,1.1070757317764914,1.5876000283570793,65.25158832064933,19.60495929837125,odd_even_discrepancy;outside_nominal_optimistic_hz;long_relative_to_circular_transit
156491690,3,6.945343335734418,1846.9350370078475,0.24375,0.0034537448024498465,1.0781222070101266,1.5874652668846616,64.79289012270578,28.119652172746108,outside_nominal_optimistic_hz;long_relative_to_circular_transit
156491690,4,6.945451627398544,1846.2975370078475,0.24375,0.003431210257040877,1.0745992552229402,1.5874322651797597,63.99365552781951,29.642614045832374,outside_nominal_optimistic_hz;long_relative_to_circular_transit
157246219,1,15.28198935880572,3671.808706411831,0.12675,0.0014524659792573577,0.7574220779877998,0.6146924252943601,5.872547797510403,-1.3643615509727374,long_relative_to_circular_transit;not_recovered_at_fixed_ephemeris;low_nominal_snr
157246219,2,7.411178646146634,3666.3884564118307,0.11475000000000002,0.0010408157784632948,0.6411681039132358,1.6132982992713774,5.363942857195219,0.22476171418355503,outside_nominal_optimistic_hz;long_relative_to_circular_transit;not_recovered_at_fixed_ephemeris;low_nominal_snr
157246219,3,11.90795309667176,3672.346581411831,0.025,0.0034647447384822884,1.1698241903045252,0.857264615644807,5.224877946320914,-1.6077509817799938,not_recovered_at_fixed_ephemeris;low_nominal_snr
157246219,4,9.51561882630459,3672.6400814118306,0.045,0.0021745893919582985,0.9267735024822819,1.156063446640053,5.231231178741975,0.22910600799173234,not_recovered_at_fixed_ephemeris;low_nominal_snr
157631248,1,13.528831871730869,2202.001617138307,0.24375,0.005261604774506749,1.1089213242430886,0.3242074585578836,7.647922065629597,-0.025247174624397486,dominated_by_one_event;long_relative_to_circular_transit;not_recovered_at_fixed_ephemeris
157631248,2,5.438492407214342,2203.0856583432414,0.24375,0.0021729798150475596,0.7126388089679122,1.0927782251645641,5.769175498240482,-3.7510820285422826,long_relative_to_circular_transit;not_recovered_at_fixed_ephemeris;low_nominal_snr
157631248,3,10.856135282581338,2205.1204083432417,0.12675,0.0037823644245520856,0.9402066281208775,0.4347801812015999,5.722793823781989,-0.3592326821958485,long_relative_to_circular_transit;not_recovered_at_fixed_ephemeris;low_nominal_snr
157631248,4,3.974210812415286,2203.2450333432416,0.039,0.004841728887655166,1.0637555946245059,1.6602323320394559,5.868977699590236,-0.3186489766280251,outside_nominal_optimistic_hz;not_recovered_at_fixed_ephemeris;low_nominal_snr
157853745,1,7.393379059232915,2749.7121379677333,0.0975,0.002474148455710248,1.02656929303657,1.7402616871936416,26.76880757779823,16.788067527837754,outside_nominal_optimistic_hz;long_relative_to_circular_transit
157853745,2,7.397367310736725,2749.3945129677336,0.08775000000000001,0.0025205547875594226,1.0361519838729865,1.7390107957598009,24.079672756250076,5.721886561271639,outside_nominal_optimistic_hz;long_relative_to_circular_transit
157853745,3,7.097784746596372,2744.3860129677337,0.11475000000000002,0.0020857497062737,0.9425545353456602,1.8375595572936323,24.19670697633788,16.71846291614533,outside_nominal_optimistic_hz;long_relative_to_circular_transit
157853745,4,7.686482818097797,2746.4582629677334,0.08775000000000001,0.0025181003924948323,1.0356473835121698,1.6523484683672953,24.136518461938937,-3.151281470605764,outside_nominal_optimistic_hz;long_relative_to_circular_transit;not_recovered_at_fixed_ephemeris
158032985,1,5.158009682869755,2645.08514125883,0.24375,0.0015406220353234052,0.5357616869469958,0.9973671981830035,5.390618894040327,0.2136999200552099,long_relative_to_circular_transit;not_recovered_at_fixed_ephemeris;low_nominal_snr
158032985,2,8.973523356855253,2646.17264125883,0.24375,0.0018419748227939906,0.5858216876616573,0.47666575804693556,4.999847773830141,1.001811632175202,long_relative_to_circular_transit;not_recovered_at_fixed_ephemeris;low_nominal_snr
158035258,1,7.163371509632558,2642.27954815229,0.24375,0.0042440323079539375,1.0599593175005138,1.0939787323910894,13.208146445910181,-1.4628724213180493,long_relative_to_circular_transit;not_recovered_at_fixed_ephemeris
158035258,2,7.089747600441676,2646.10454815229,0.24375,0.00463178151368146,1.1073218986355748,1.1091522055387417,11.407323276372342,-0.5211851839581679,long_relative_to_circular_transit;not_recovered_at_fixed_ephemeris
158035258,3,7.150454349235723,2642.71079815229,0.24375,0.004464429936056211,1.0871334580973424,1.0966145279090955,11.718763254012552,-1.9568004127429424,long_relative_to_circular_transit;not_recovered_at_fixed_ephemeris
158035258,4,7.13926039114121,2641.99829815229,0.24375,0.0043842043275933275,1.0773213072092696,1.098907699872276,11.135503964538737,0.3775257941059416,long_relative_to_circular_transit;not_recovered_at_fixed_ephemeris
158319116,1,19.77317610402378,2392.6282882195346,0.24375,0.0011758995661212937,0.7114629745767784,0.4122335842029346,6.125363281180093,-0.31560591539995,dominated_by_one_event;long_relative_to_circular_transit;not_recovered_at_fixed_ephemeris;low_nominal_snr
158319116,2,21.988553132826503,2396.439413219535,0.17550000000000002,0.0012944291213997543,0.7464596316765749,0.35780775163361633,6.000680498551805,0.5553533200859175,long_relative_to_circular_transit;not_recovered_at_fixed_ephemeris;low_nominal_snr
158319116,3,8.336019934937585,2393.7394132195345,0.17550000000000002,0.0008893982008450444,0.6187501425709039,1.3040681560672047,5.921085163719647,1.913840664417522,long_relative_to_circular_transit;not_recovered_at_fixed_ephemeris;low_nominal_snr
158319116,4,7.436871490016951,2391.8220382195345,0.24375,0.0006585206490214273,0.5324169675192072,1.518418827910732,5.240341170316793,-0.36680272862979246,outside_nominal_optimistic_hz;long_relative_to_circular_transit;not_recovered_at_fixed_ephemeris;low_nominal_snr
158534472,1,18.29899012555131,1913.0756588853524,0.24375,0.0022966424677275336,0.7064705326603313,0.2598231863715772,6.121379651408334,0.41167398226313784,fewer_than_three_discovery_events;dominated_by_one_event;long_relative_to_circular_transit;not_recovered_at_fixed_ephemeris;low_nominal_snr
158534472,2,16.62855764697811,1913.9381588853523,0.24375,0.0026598616481887933,0.7602858015162748,0.29519429575815026,5.799449320410412,1.9333314581259207,fewer_than_three_discovery_events;dominated_by_one_event;long_relative_to_circular_transit;not_recovered_at_fixed_ephemeris;low_nominal_snr
158534472,3,13.43132242209624,1900.3444088853523,0.24375,0.0016561304881420316,0.5999217844677874,0.3924241281883655,5.506464472765188,-1.6560075485911172,long_relative_to_circular_transit;not_recovered_at_fixed_ephemeris;low_nominal_snr
158534472,4,5.794907206670525,1904.6115913396663,0.051000000000000004,0.001739158881824132,0.61477611447623,1.2037013663177376,4.130222364555093,0.35438991569822503,not_recovered_at_fixed_ephemeris;low_nominal_snr
158710279,1,12.047711505120464,2392.2526717539768,0.12675,0.008619567400767105,1.3686427186445274,0.38338783904152723,6.37567324542209,0.18212720702815882,long_relative_to_circular_transit;not_recovered_at_fixed_ephemeris;low_nominal_snr
158710279,2,3.8949066514675956,2390.853546753977,0.17550000000000002,0.004243419962772452,0.9602965394582178,1.7278856886099065,6.287263623911102,-1.7554855662966449,outside_nominal_optimistic_hz;long_relative_to_circular_transit;not_recovered_at_fixed_ephemeris;low_nominal_snr
158710279,3,4.520681881783955,2394.500541834104,0.17550000000000002,0.0047362531714532415,1.0145298061343957,1.4165736186095605,5.92343555257639,-1.8781736610474176,long_relative_to_circular_transit;not_recovered_at_fixed_ephemeris;low_nominal_snr
158710279,4,10.249920266318087,2391.331416834104,0.24375,0.005800468533605008,1.1227392199455561,0.47557289701369176,6.172296452858345,0.9283793502608424,dominated_by_one_event;long_relative_to_circular_transit;not_recovered_at_fixed_ephemeris;low_nominal_snr
159183511,1,13.366067748760152,1721.4299594824686,0.12675,0.002503720235637563,0.9561907457264763,0.7228446820192507,6.79580372679598,0.6714627263793949,long_relative_to_circular_transit;not_recovered_at_fixed_ephemeris;low_nominal_snr
159183511,2,10.94433512873814,1720.9297094824685,0.24375,0.0014224324387429924,0.7207214711324089,0.9436204772013935,5.936137639495897,-5.8818215945932275,long_relative_to_circular_transit;not_recovered_at_fixed_ephemeris;low_nominal_snr
159183511,3,10.091843128471197,1717.6672094824687,0.24375,0.0014236211583821773,0.7210225598963095,1.0513707239469365,5.828044344580216,-0.7793238201533447,long_relative_to_circular_transit;not_recovered_at_fixed_ephemeris;low_nominal_snr
159183511,4,6.627687480769374,1712.8675844824686,0.17550000000000002,0.0010731184080967017,0.6260016224858764,1.841763402157849,5.459860856011812,1.357498269162673,outside_nominal_optimistic_hz;long_relative_to_circular_transit;not_recovered_at_fixed_ephemeris;low_nominal_snr
159584661,1,12.694543504932806,1711.5927773625554,0.24375,0.002741518333401998,0.81189059286991,0.485094301443338,6.940808753235303,0.7348883118719203,fewer_than_three_discovery_events;long_relative_to_circular_transit;not_recovered_at_fixed_ephemeris;low_nominal_snr
159584661,2,8.213662131334285,1717.0295853631444,0.24375,0.0013694096510609738,0.5738106760839395,0.8668284929876761,6.186705585697426,-0.8720013728808508,long_relative_to_circular_transit;not_recovered_at_fixed_ephemeris;low_nominal_snr
159584661,3,14.572309646012892,1720.6427103631445,0.17550000000000002,0.0024310502844099025,0.7645376954881309,0.4035937535034035,5.4374694602532605,1.2193064391087889,fewer_than_three_discovery_events;dominated_by_one_event;long_relative_to_circular_transit;not_recovered_at_fixed_ephemeris;low_nominal_snr
159584661,4,7.58715703313231,1714.2609603631445,0.039,0.002837180038514016,0.8259340675642332,0.9635557782070285,5.09822731463597,-1.499743401194402,not_recovered_at_fixed_ephemeris;low_nominal_snr
160222231,1,23.882522217375385,1816.3150611648314,0.24375,0.0017392469944214502,0.8015062003406673,0.336531091861736,7.793251073662236,-0.08407337130220903,long_relative_to_circular_transit;not_recovered_at_fixed_ephemeris
160222231,2,13.963951967368988,1826.7956225775044,0.24375,0.001880962951275934,0.8335206742245019,0.6883156648437426,7.847946229654313,2.388021356327831,long_relative_to_circular_transit;not_recovered_at_fixed_ephemeris
160222231,3,14.10181953829564,1828.6331225775045,0.24375,0.0015136126220066104,0.7477107521837317,0.679357818979825,5.290530979590166,1.2786206196540884,fewer_than_three_discovery_events;dominated_by_one_event;long_relative_to_circular_transit;not_recovered_at_fixed_ephemeris;low_nominal_snr
160222231,4,8.892996222098967,1822.9777475775045,0.03,0.0024375701079630357,0.9488658430178935,1.2562265601871172,4.988709685269426,-0.10442468388750918,not_recovered_at_fixed_ephemeris;low_nominal_snr
160227297,1,12.718337350240128,2393.088406728201,0.22950000000000004,0.001687471401798509,0.6728574378695925,0.6162613870125918,5.978724519423178,2.005516213712402,long_relative_to_circular_transit;not_recovered_at_fixed_ephemeris;low_nominal_snr
160227297,2,10.146017657319895,2399.7746567282006,0.03,0.0043526733814618695,1.0806445974048406,0.8329352830131657,5.3923189782226695,1.8611896293345331,not_recovered_at_fixed_ephemeris;low_nominal_snr
160227297,3,26.017888175810384,2390.9002817282008,0.24375,0.001815364574268922,0.697889677832284,0.23730634689031171,5.268141034179247,0.694007396578137,long_relative_to_circular_transit;not_recovered_at_fixed_ephemeris;low_nominal_snr
160227297,4,25.71632543103597,2394.716161654347,0.12675,0.002380049887280624,0.7990940131697942,0.2410239466627139,4.834640554765278,0.016433452120491403,long_relative_to_circular_transit;not_recovered_at_fixed_ephemeris;low_nominal_snr
160264738,1,13.324672477498945,2175.1172452797896,0.24375,0.010147089542807007,1.4409722914897438,0.2792959892572528,13.925080264035188,-0.371301777139748,dominated_by_one_event;odd_even_discrepancy;long_relative_to_circular_transit;not_recovered_at_fixed_ephemeris
160264738,2,15.055158490624105,2182.27974527979,0.24375,0.0032528055486732883,0.815856794062759,0.23733382966841282,6.1545632641385195,1.3698258159760501,long_relative_to_circular_transit;not_recovered_at_fixed_ephemeris;low_nominal_snr
160264738,3,12.405005828018009,2174.7984952797897,0.24375,0.0032031364957212883,0.8096039274155898,0.3072397898670123,5.9269235316830216,1.49945907647191,dominated_by_one_event;long_relative_to_circular_transit;not_recovered_at_fixed_ephemeris;low_nominal_snr
160264738,4,5.748841301478938,2176.63187027979,0.058499999999999996,0.004393521962044149,0.9481810780231524,0.8567083430490945,5.680673250761085,-0.23560485206119763,long_relative_to_circular_transit;not_recovered_at_fixed_ephemeris;low_nominal_snr
161028382,1,16.066271541258526,1912.2465020781538,0.24375,0.005990145408140898,1.2085602544648122,0.42636266515745924,4.88120366504613,2.5190343752890416,fewer_than_three_discovery_events;dominated_by_one_event;long_relative_to_circular_transit;insufficient_holdout_events;low_nominal_snr
161174284,1,5.976126812436072,4131.63498945766,0.24375,0.0069605790486399555,1.2299006788946885,1.0183159621697535,62.6856844424067,-23.356495578410733,odd_even_discrepancy;long_relative_to_circular_transit;not_recovered_at_fixed_ephemeris
161174284,2,5.977849650712694,4132.7412394576595,0.24375,0.0070755056971639144,1.2400126017862272,1.0179246710881835,61.96590216884743,-15.357631301934381,odd_even_discrepancy;long_relative_to_circular_transit;not_recovered_at_fixed_ephemeris
161174284,3,5.954833378208027,4128.16623945766,0.24375,0.0064653471026591,1.185340925007688,1.0231739444793138,57.8419848929765,-23.83653219411247,odd_even_discrepancy;long_relative_to_circular_transit;not_recovered_at_fixed_ephemeris
161174284,4,5.9830562752713865,4130.43498945766,0.24375,0.006589727658514679,1.1966884225668082,1.016743740026805,59.870891589129386,-24.179067937677726,odd_even_discrepancy;long_relative_to_circular_transit;not_recovered_at_fixed_ephemeris
161174286,1,5.975699879708212,4131.634988756082,0.24375,0.005831613335166409,1.134088264312962,1.0918743575896876,61.27129357991217,-49.68337494297335,odd_even_discrepancy;long_relative_to_circular_transit;not_recovered_at_fixed_ephemeris
161174286,2,5.9778211810623825,4132.741238756082,0.24375,0.0059912749835993795,1.149508329673246,1.0913577685774793,61.24818891702059,-6.940857542589651,odd_even_discrepancy;long_relative_to_circular_transit;not_recovered_at_fixed_ephemeris
161174286,3,5.9522734249894045,4128.203738756082,0.24375,0.005696752770290726,1.1208982270598193,1.0976078551768382,58.919104687515016,36.762398784393945,odd_even_discrepancy;long_relative_to_circular_transit
161174286,4,5.9832916213066785,4130.434988756082,0.24375,0.0057215668676954936,1.1233367965688106,1.0900275537270172,60.50668871362045,-46.93280479199156,odd_even_discrepancy;long_relative_to_circular_transit;not_recovered_at_fixed_ephemeris
161614517,1,14.667716840009563,1422.1582027216357,0.24375,0.007406795905892488,1.3908826575375,0.34543622089206577,9.865195742134645,0.2462421690891019,fewer_than_three_discovery_events;dominated_by_one_event;long_relative_to_circular_transit;not_recovered_at_fixed_ephemeris
161614517,2,19.999800326137645,1418.3707027216358,0.24375,0.0041639041473457905,1.0428591715072315,0.22846360068488514,7.442380845913154,-0.3867474599608044,long_relative_to_circular_transit;not_recovered_at_fixed_ephemeris
161614517,3,21.889283978070424,1424.8019527216359,0.24375,0.0038958631283255757,1.008735136311202,0.202554776785428,6.80222763136541,0.606411875141497,odd_even_discrepancy;outside_nominal_optimistic_hz;long_relative_to_circular_transit;not_recovered_at_fixed_ephemeris;low_nominal_snr
161614517,4,8.197370506594956,1413.1747027216359,0.11475000000000002,0.0029424776768957727,0.8766614138169715,0.7503867273131628,6.08399821880252,0.9038524443243432,long_relative_to_circular_transit;not_recovered_at_fixed_ephemeris;low_nominal_snr
162239797,1,12.049538126293617,1713.228800136991,0.24375,0.0032616573211368075,0.9604029249605499,0.5886436229939985,8.081722522772614,0.4533651693409759,dominated_by_one_event;odd_even_discrepancy;long_relative_to_circular_transit;not_recovered_at_fixed_ephemeris
162239797,2,17.095664021043106,1717.7475501369909,0.24375,0.0028689294105340864,0.9007291956785564,0.3692311602060911,6.558468456380672,0.038850763372337824,fewer_than_three_discovery_events;dominated_by_one_event;long_relative_to_circular_transit;not_recovered_at_fixed_ephemeris;low_nominal_snr
162239797,3,10.066457626338579,1714.249925136991,0.17550000000000002,0.002064499739110192,0.7640850893332308,0.748130597933788,5.168377206985776,-0.6907344397096207,long_relative_to_circular_transit;not_recovered_at_fixed_ephemeris;low_nominal_snr
162239797,4,8.083407408550988,1712.5913001369909,0.24375,0.0015243309796950009,0.6565592837657651,1.0023522117515589,5.3094274336707645,0.5193516101338548,long_relative_to_circular_transit;not_recovered_at_fixed_ephemeris;low_nominal_snr
1630433,1,4.660228594755733,3749.546428271778,0.058499999999999996,0.0051296744474744,1.0401839074383716,1.3166741688173194,9.03587657621403,-1.9788807519426252,long_relative_to_circular_transit;not_recovered_at_fixed_ephemeris
1630433,2,6.485475878190441,3750.854803271778,0.12675,0.0033442580302129998,0.8398758971664174,0.8474201986374272,7.596260343460626,1.7087599851495288,long_relative_to_circular_transit;not_recovered_at_fixed_ephemeris
1630433,3,4.66274892768565,3749.293303271778,0.11475000000000002,0.0027099388870226336,0.756040354800184,1.3157253270276086,6.983369891869476,1.7689305635229957,long_relative_to_circular_transit;not_recovered_at_fixed_ephemeris;low_nominal_snr
1630433,4,3.621735129649717,3747.504553271778,0.11475000000000002,0.002463934096528483,0.7209078796498449,1.8427469244566363,6.877976417691018,2.483690837314291,outside_nominal_optimistic_hz;long_relative_to_circular_transit;not_recovered_at_fixed_ephemeris;low_nominal_snr
164829562,1,27.80857223504447,2768.7718178787036,0.24375,0.003789578996326385,1.1360456280827809,0.22151574816216937,9.16104824328382,-0.7018565219736707,fewer_than_three_discovery_events;dominated_by_one_event;long_relative_to_circular_transit;not_recovered_at_fixed_ephemeris
164829562,2,22.644218666335988,2759.5093178787038,0.24375,0.0018101579951683077,0.7851606643229915,0.29131738907348664,7.356807847245322,1.013340080244843,dominated_by_one_event;long_relative_to_circular_transit;not_recovered_at_fixed_ephemeris
164829562,3,12.948656224554924,2749.8718178787035,0.24375,0.0011897689666293787,0.6365486637205485,0.6137760357135968,7.290827932378455,-1.2823246717703272,long_relative_to_circular_transit;not_recovered_at_fixed_ephemeris
164829562,4,20.359384104224834,2765.753067878704,0.24375,0.001415808096316891,0.6943884494863453,0.335704127604539,6.24442199673512,0.9859662599417711,long_relative_to_circular_transit;not_recovered_at_fixed_ephemeris;low_nominal_snr
165122755,1,8.38306859257748,1325.8781916975895,0.058499999999999996,0.008590670019052138,1.2448935532317758,0.6252891152150272,6.963173904605233,-0.6812902303436932,not_recovered_at_fixed_ephemeris;low_nominal_snr
165122755,2,9.260880643656515,1327.8795666975893,0.16575,0.0053346459133094635,0.981005626897391,0.5475391520260421,6.142188472295066,-0.20156705930938953,long_relative_to_circular_transit;not_recovered_at_fixed_ephemeris;low_nominal_snr
165122755,3,4.164433707785126,1328.0355666975895,0.12675,0.004362389021657764,0.8871169862686826,1.5893161291909064,5.356202619778432,2.081609118831563,outside_nominal_optimistic_hz;long_relative_to_circular_transit;not_recovered_at_fixed_ephemeris;low_nominal_snr
165122755,4,3.741645784263095,1326.6979416975894,0.03,0.007843701844904813,1.189540512889526,1.8331640572354304,5.502973495602062,1.8682813324146714,outside_nominal_optimistic_hz;not_recovered_at_fixed_ephemeris;low_nominal_snr
165162636,1,4.88457619929594,2120.4488541332507,0.24375,0.002894737520872337,0.7637681349101042,1.2597099634022495,14.647802551221146,-2.101658205220371,long_relative_to_circular_transit;not_recovered_at_fixed_ephemeris
165162636,2,4.879963485563026,2118.837479133251,0.17550000000000002,0.0033966266198310986,0.8273339469042966,1.261297843224946,12.9843252853796,8.300678124232219,long_relative_to_circular_transit
165162636,3,4.880688506133829,2119.6744791332508,0.17550000000000002,0.0034833260337043155,0.8378263266500742,1.2610480303171012,13.313273786805771,-12.808397056383514,long_relative_to_circular_transit;not_recovered_at_fixed_ephemeris
165162636,4,4.882343043219585,2116.380479133251,0.22950000000000004,0.0028086226678804855,0.7523217858906939,1.260478267572075,13.865527411018546,16.091653835785714,long_relative_to_circular_transit
165599289,1,7.85663209374809,1902.7315894616224,0.24375,0.02361042605829292,2.8020892951651395,1.1359762628551389,36.68422212019217,2.6534492573036004,odd_even_discrepancy;long_relative_to_circular_transit;outside_initial_small_planet_radius_range;not_recovered_at_fixed_ephemeris
165599289,2,7.873244898809654,1906.6878394616226,0.24375,0.021382365288609723,2.6666003465524373,1.1327814577198914,27.86032123932397,17.074275705145496,odd_even_discrepancy;long_relative_to_circular_transit;outside_initial_small_planet_radius_range
165599289,3,22.371098983771315,1912.2378394616226,0.24375,0.020914764071082767,2.6372818373972393,0.2814716892906047,17.592979861563176,-0.34340499405972974,fewer_than_three_discovery_events;dominated_by_one_event;long_relative_to_circular_transit;outside_initial_small_planet_radius_range;not_recovered_at_fixed_ephemeris
165599289,4,8.10776036241709,1901.6440894616226,0.24375,0.012114125813667475,2.0071327570307904,1.0893061114363218,16.741911321251482,-6.818355018267844,long_relative_to_circular_transit;outside_initial_small_planet_radius_range;not_recovered_at_fixed_ephemeris
165715382,1,14.038411144091574,1944.367498657984,0.24375,0.005400156535253297,1.1635492337239761,0.40181931906412566,4.55411197039668,-0.8308109163043446,fewer_than_three_discovery_events;long_relative_to_circular_transit;not_recovered_at_fixed_ephemeris;low_nominal_snr
165830128,1,8.627287943192089,3048.5411934594945,0.24375,0.0024647968611829583,0.6288718328381286,0.540205376056272,5.495235087422401,-4.411018334143941,long_relative_to_circular_transit;not_recovered_at_fixed_ephemeris;low_nominal_snr
165830128,2,4.159942087700768,3041.6411934594944,0.24375,0.0017932188880104972,0.5363993332139443,1.4287017608720818,5.406611180520877,0.37468555830133166,long_relative_to_circular_transit;not_recovered_at_fixed_ephemeris;low_nominal_snr
165830128,3,3.54565461717761,3044.848776041104,0.025,0.005527228499296945,0.941727573202754,1.7679204579478942,4.831667937362234,1.2261310730913333,outside_nominal_optimistic_hz;not_recovered_at_fixed_ephemeris;low_nominal_snr
165945176,1,4.678758612625384,1932.1902079349093,0.24375,0.0046661297711942575,0.7533787531158833,0.7948118282838256,3.475760795225671,1.619655164113699,long_relative_to_circular_transit;not_recovered_at_fixed_ephemeris;low_nominal_snr
165993932,1,11.531826221286154,1934.7741884760756,0.24375,0.002086717044436274,0.6933622130479773,0.44404262816107926,6.1883405071983555,1.3380943432662924,fewer_than_three_discovery_events;dominated_by_one_event;long_relative_to_circular_transit;not_recovered_at_fixed_ephemeris;low_nominal_snr
165993932,2,5.991261380959945,1931.6241884760757,0.24375,0.00098655451215304,0.4767480568820089,1.0631578756631959,3.977557246390676,-2.282152564746435,long_relative_to_circular_transit;outside_initial_small_planet_radius_range;not_recovered_at_fixed_ephemeris;low_nominal_snr
166006493,1,5.827428807570817,2640.760977810945,0.24375,0.0020829268425030982,0.5930585310234642,0.895748847636472,6.032631076644405,-0.7098100254039443,dominated_by_one_event;odd_even_discrepancy;long_relative_to_circular_transit;not_recovered_at_fixed_ephemeris;low_nominal_snr
166006493,2,6.532124613825655,2642.029346194181,0.12675,0.0024853622246140817,0.647821557257772,0.7692773493576535,4.672448463328929,-0.02850722464445667,dominated_by_one_event;long_relative_to_circular_transit;not_recovered_at_fixed_ephemeris;low_nominal_snr
166073877,1,25.62954083849185,1685.2512366659475,0.24375,0.015859674784453843,1.925257226493628,0.17363788482883646,14.330879373400874,-0.311526217294305,fewer_than_three_discovery_events;dominated_by_one_event;odd_even_discrepancy;outside_nominal_optimistic_hz;long_relative_to_circular_transit;not_recovered_at_fixed_ephemeris
166073877,2,9.367479570979702,1688.4961116659474,0.0675,0.009250900058163735,1.470393648227919,0.6644596018464248,9.127900300543322,1.425226081814291,not_recovered_at_fixed_ephemeris
166073877,3,12.264259573605782,1695.3743616659474,0.17550000000000002,0.006415519482813185,1.2244964701946441,0.46392076234323215,8.763787695982579,-0.5154357807381308,odd_even_discrepancy;long_relative_to_circular_transit;not_recovered_at_fixed_ephemeris
166073877,4,23.9490574508896,1697.5324866659475,0.24375,0.0070867776929798175,1.2869629022149303,0.19007034078980722,7.954260726281501,-1.045965013576605,outside_nominal_optimistic_hz;long_relative_to_circular_transit;not_recovered_at_fixed_ephemeris
166088525,1,4.719405602693225,1713.0458162376785,0.12675,0.007120898894887146,1.382204353721726,1.5142463472224077,19.015988320269326,4.8370817979548795,outside_nominal_optimistic_hz;long_relative_to_circular_transit;not_recovered_at_fixed_ephemeris
166088525,2,4.727107974196918,1714.2859412376786,0.17550000000000002,0.0057641377031456545,1.2435751083233464,1.5109574809751551,18.826038368573812,-6.60080727060205,outside_nominal_optimistic_hz;long_relative_to_circular_transit;not_recovered_at_fixed_ephemeris
166088525,3,5.149718900202623,1713.4748162376786,0.12675,0.006122960058363776,1.2816975673714512,1.3479328010381393,16.133634047397006,1.3824946181586482,long_relative_to_circular_transit;not_recovered_at_fixed_ephemeris
166088525,4,4.725526721440696,1715.6003162376785,0.12675,0.00630135472210591,1.3002348759021272,1.5116316460811177,16.156345702638617,1.481819755926787,outside_nominal_optimistic_hz;long_relative_to_circular_transit;not_recovered_at_fixed_ephemeris
166174962,1,13.211987393371208,2612.1160698821122,0.24375,0.0020216447980487694,0.5744495265432416,0.26249651246452704,6.6163295654395045,-0.19315801534016483,long_relative_to_circular_transit;not_recovered_at_fixed_ephemeris;low_nominal_snr
166174962,2,16.014842121217434,2621.4190698821126,0.08775000000000001,0.004077971124389002,0.8158710491589816,0.20310355405036612,6.702908067985723,-0.33501466811562386,fewer_than_three_discovery_events;long_relative_to_circular_transit;not_recovered_at_fixed_ephemeris;low_nominal_snr
166174962,3,7.544395847982481,2613.4848198821123,0.24375,0.000930407652253923,0.3897050972822469,0.5540918752269779,5.175702076742435,0.13032994485967475,long_relative_to_circular_transit;outside_initial_small_planet_radius_range;not_recovered_at_fixed_ephemeris;low_nominal_snr
166174962,4,6.569471831177123,2616.3486948821123,0.039,0.0022280492181490745,0.603061827784789,0.6663572575922576,5.458690491138294,0.5998112965637398,not_recovered_at_fixed_ephemeris;low_nominal_snr
166650364,1,3.4437469345118585,1901.7746622971954,0.24375,0.002238062660391955,0.6147473565775601,1.7142493380513009,6.143427551548289,-7.134290906449172,outside_nominal_optimistic_hz;long_relative_to_circular_transit;not_recovered_at_fixed_ephemeris;low_nominal_snr
166650364,2,3.4513884455867427,1903.1246622971953,0.24375,0.002234006493085332,0.6141900332763409,1.7091906515382795,5.693732021557505,3.6307169890729827,outside_nominal_optimistic_hz;long_relative_to_circular_transit;not_recovered_at_fixed_ephemeris;low_nominal_snr
166650364,3,3.434810527478883,1903.8934122971955,0.24375,0.0024109820677871074,0.6380541522649477,1.7201985720678203,6.153187442559511,6.477385206154621,outside_nominal_optimistic_hz;long_relative_to_circular_transit;low_nominal_snr
166650364,4,3.4389775580216346,1901.1128652566333,0.24375,0.002487888541763743,0.6481507219590391,1.7174199663653131,6.4704257081054495,4.409425632015551,outside_nominal_optimistic_hz;long_relative_to_circular_transit;not_recovered_at_fixed_ephemeris;low_nominal_snr
166832907,1,3.825599220871838,2145.1176022236555,0.025,0.007415707035703708,1.0719998417350542,1.3193155369333096,5.201842111213118,0.6024413753379496,not_recovered_at_fixed_ephemeris;low_nominal_snr
166832907,2,3.3016519550267476,2144.8966022236555,0.039,0.005011147524952009,0.8812254541700031,1.6056082242267267,4.758274083632085,0.5038811807251681,outside_nominal_optimistic_hz;not_recovered_at_fixed_ephemeris;low_nominal_snr
167525513,1,6.432611741833805,3666.7845200044408,0.24375,0.0031729819623812715,0.8857473904066749,1.0137644876192897,30.538164919527272,-30.979490337793603,long_relative_to_circular_transit;not_recovered_at_fixed_ephemeris
167525513,2,6.4286616035193545,3671.7720200044405,0.24375,0.003151675714695279,0.8827685299635497,1.0145951260394317,29.565351483898784,-35.00378979576173,long_relative_to_circular_transit;not_recovered_at_fixed_ephemeris
167525513,3,6.435414761531616,3668.3595200044406,0.24375,0.0031804384623906026,0.8867875318054458,1.013175787821698,31.26506262236808,39.17885722415388,long_relative_to_circular_transit
167525513,4,6.438756503879174,3669.8032700044405,0.24375,0.0033646610011154785,0.9121089916468845,1.0124747250149044,28.61960079091155,34.68501092020975,odd_even_discrepancy;long_relative_to_circular_transit
167812509,1,4.371633552248365,3666.277557773668,0.12675,0.005510271770149938,1.0699759805668267,1.383599065792862,39.283863327297155,-6.613644175744974,long_relative_to_circular_transit;not_recovered_at_fixed_ephemeris
167812509,2,4.035534329144496,3668.96920061743,0.12675,0.005653094334934665,1.0837538051606959,1.5393375588471216,38.22416769266728,-8.399957286920548,outside_nominal_optimistic_hz;long_relative_to_circular_transit;not_recovered_at_fixed_ephemeris
167812509,3,4.03549829818311,3666.95095061743,0.12675,0.005429980379814421,1.0621519460518756,1.5393558841824597,37.06013381719626,-6.649108691891543,odd_even_discrepancy;outside_nominal_optimistic_hz;long_relative_to_circular_transit;not_recovered_at_fixed_ephemeris
167812509,4,4.03524765912409,3667.9649506174296,0.16575,0.00477526148867692,0.9960613716942565,1.5394833696924497,37.39756368872561,2.8797240274054485,odd_even_discrepancy;outside_nominal_optimistic_hz;long_relative_to_circular_transit;not_recovered_at_fixed_ephemeris
168767379,1,17.407990432354374,2650.192883351309,0.24375,0.0014936178032683392,0.7343152994706067,0.4385701870778222,6.332007150259727,-1.8728841590534442,fewer_than_three_discovery_events;dominated_by_one_event;long_relative_to_circular_transit;not_recovered_at_fixed_ephemeris;low_nominal_snr
168767379,2,11.320389857063473,2644.324133351309,0.24375,0.0010441130266399786,0.6139550743040052,0.7784345685999824,5.971761716541902,0.5095176151075661,long_relative_to_circular_transit;not_recovered_at_fixed_ephemeris;low_nominal_snr
168767379,3,15.941241946391726,2640.6588833513088,0.12675,0.0012471177618219806,0.6709908043108983,0.4931826094212991,5.380330722420613,0.8401140229541451,long_relative_to_circular_transit;not_recovered_at_fixed_ephemeris;low_nominal_snr
168767379,4,7.455251928197898,2641.2033074880364,0.24375,0.0007197873248885753,0.5097590366448246,1.3585872260107068,5.150764543961169,0.41448894336884046,long_relative_to_circular_transit;not_recovered_at_fixed_ephemeris;low_nominal_snr
169228466,1,9.897710772678494,3719.0471138226158,0.22950000000000004,0.002953703643800318,0.6587490864353137,0.3904601423156767,5.050927971150047,-0.6112565544021293,dominated_by_one_event;long_relative_to_circular_transit;not_recovered_at_fixed_ephemeris;low_nominal_snr
169228466,2,6.410503534370406,3718.739238822616,0.12675,0.0028981627727236977,0.6525261990167078,0.6967872492490634,4.70752253076178,-0.44403184117337857,long_relative_to_circular_transit;not_recovered_at_fixed_ephemeris;low_nominal_snr
169747618,1,7.8893142308296085,1356.4001758992279,0.039,0.004394236031416902,0.8831106228139417,0.5477927901007462,5.136361404129496,-2.0296188523397847,not_recovered_at_fixed_ephemeris;low_nominal_snr
169747618,2,12.880598697014682,1354.436300899228,0.24375,0.002249978985016522,0.6319207981179953,0.28494032677005726,4.494462525233709,1.6534621639354683,fewer_than_three_discovery_events;long_relative_to_circular_transit;not_recovered_at_fixed_ephemeris;low_nominal_snr
170636897,1,6.958637219598313,2148.253062849823,0.24375,0.006324300621067831,1.7368001031635971,1.7832195022300381,111.03183395294573,152.92568942780417,odd_even_discrepancy;outside_nominal_optimistic_hz;long_relative_to_circular_transit
170636897,2,6.96404442534908,2146.846812849823,0.24375,0.0062151179775557135,1.7217427857232122,1.7813736425229065,108.43683103539723,87.63740257647652,outside_nominal_optimistic_hz;long_relative_to_circular_transit
170636897,3,6.959926005060877,2145.440562849823,0.24375,0.007597848024528916,1.903657808645984,1.7827792453576372,113.68194359999171,-3.6835142730372294,outside_nominal_optimistic_hz;long_relative_to_circular_transit;not_recovered_at_fixed_ephemeris
170636897,4,6.944198919077766,2149.6780628498227,0.24375,0.007625174783723242,1.9070781262941057,1.7881647478518137,117.19732959452972,-9.406863449090892,odd_even_discrepancy;outside_nominal_optimistic_hz;long_relative_to_circular_transit;not_recovered_at_fixed_ephemeris
171648455,1,11.923277611324545,2538.4126353827382,0.24375,0.0027039122586708505,0.6302790386499636,0.2560826650547537,6.012079348929374,0.2221675736895766,long_relative_to_circular_transit;not_recovered_at_fixed_ephemeris;low_nominal_snr
171648455,2,11.067760930372078,2527.9941934547114,0.058499999999999996,0.004743615854591638,0.8348170733820419,0.282809957052062,5.291237640638301,0.21481413544292635,not_recovered_at_fixed_ephemeris;low_nominal_snr
171648455,3,4.00302954477226,2528.935068454711,0.12675,0.0016909230237126599,0.49842347107308205,1.0974615865989659,5.029103247607311,0.3336580195294619,long_relative_to_circular_transit;outside_initial_small_planet_radius_range;not_recovered_at_fixed_ephemeris;low_nominal_snr
171648455,4,7.420821182746939,2534.037443454711,0.025,0.005667477094560361,0.9124970168756007,0.48191646709863606,5.269215311227323,-0.47391148117359694,not_recovered_at_fixed_ephemeris;low_nominal_snr
17470294,1,5.0339439626877045,1959.372272066143,0.17550000000000002,0.005951613363334351,1.1204244664693954,1.2191519788564018,7.857508700463432,0.42055811433845575,long_relative_to_circular_transit;not_recovered_at_fixed_ephemeris
17470294,2,6.47861122928554,1962.410897066143,0.24375,0.005869617202689532,1.1126795807039414,0.8708829557662376,7.724812540529933,0.939569662758856,long_relative_to_circular_transit;not_recovered_at_fixed_ephemeris
17470294,3,11.262122888183825,1961.302772066143,0.17550000000000002,0.00813341540470818,1.3097901066414048,0.4166537878032333,7.545943274535323,-0.19127294715799475,long_relative_to_circular_transit;not_recovered_at_fixed_ephemeris
17470294,4,6.6911879855393614,1964.098397066143,0.24375,0.006306278562473681,1.1533252600814126,0.8341894796089401,7.531777910641069,3.908469046130119,long_relative_to_circular_transit;not_recovered_at_fixed_ephemeris
175456846,1,5.687962150546282,3157.267630414009,0.24375,0.01342680835169403,1.7967527869547861,1.095084922023906,33.88657141369931,10.470939461952414,long_relative_to_circular_transit
175456846,2,5.692233774720045,3155.411380414009,0.24375,0.013845787973939806,1.8245710113766307,1.0939893460155068,32.120682910108385,-7.6964431393207615,long_relative_to_circular_transit;not_recovered_at_fixed_ephemeris
175456846,3,5.697689621517013,3159.161380414009,0.24375,0.013976025727157244,1.833132165197981,1.0925928301376961,32.62072324260783,23.080880828921334,long_relative_to_circular_transit
175456846,4,5.684206867727348,3155.055130414009,0.24375,0.009300988792387806,1.4954313905805927,1.0960496549943957,20.769371919872448,-4.860529428908967,long_relative_to_circular_transit;not_recovered_at_fixed_ephemeris
175516858,1,14.46397380404536,2127.423857691266,0.24375,0.002084820432640663,0.5634123449960637,0.24780872527736844,7.956293440607696,0.0897654929339531,long_relative_to_circular_transit;not_recovered_at_fixed_ephemeris
175516858,2,9.513451410901716,2121.8108576912664,0.08775000000000001,0.0014774459277655193,0.47429421647958836,0.43322744018651793,5.666157228181319,-0.4757428091445135,long_relative_to_circular_transit;outside_initial_small_planet_radius_range;not_recovered_at_fixed_ephemeris;low_nominal_snr
175516858,3,10.777403572902225,2125.4307326912663,0.025,0.003120333445948427,0.6892750117864824,0.3668438432303662,5.4543502390973275,-0.3661402294618692,not_recovered_at_fixed_ephemeris;low_nominal_snr
175516858,4,7.405949314355986,2118.450482691266,0.058499999999999996,0.0015139404763555068,0.4801162788302964,0.6049587767537344,5.191930174807276,0.057987008287312916,long_relative_to_circular_transit;outside_initial_small_planet_radius_range;not_recovered_at_fixed_ephemeris;low_nominal_snr
17562763,1,16.035856946991114,1970.4330853779247,0.24375,0.003104223533396798,0.9430219019002042,0.3925329074465732,9.51941143466372,2.2049090191374106,fewer_than_three_discovery_events;long_relative_to_circular_transit;insufficient_holdout_events
17562763,2,16.00588162634058,1971.4643353779247,0.24375,0.0030934251266379834,0.9413802666871525,0.3935133779267728,9.451136073000155,0.8712141321969372,fewer_than_three_discovery_events;long_relative_to_circular_transit;insufficient_holdout_events
17562763,3,16.153851644016466,1973.2455853779247,0.24375,0.0018760777815398767,0.7331126374893961,0.3887145963394979,7.874990844627277,0.8857708538688374,odd_even_discrepancy;long_relative_to_circular_transit;not_recovered_at_fixed_ephemeris
17562763,4,15.06087415185117,1969.3830853779248,0.24375,0.002485546608789529,0.8438324874264316,0.42677476257221625,7.975205599165774,0.0,fewer_than_three_discovery_events;long_relative_to_circular_transit;insufficient_holdout_events
176935123,1,13.487154375607112,3706.2543966735298,0.24375,0.000744979812014479,0.33083299654105125,0.24225835835675036,6.061447561194417,0.0030889378463943773,long_relative_to_circular_transit;outside_initial_small_planet_radius_range;not_recovered_at_fixed_ephemeris;low_nominal_snr
176935123,2,17.159992277119592,3710.2068966735296,0.12675,0.0008418938727012687,0.3516942281460812,0.17571806973338847,6.031366795634655,0.9017850744419759,outside_nominal_optimistic_hz;long_relative_to_circular_transit;outside_initial_small_planet_radius_range;not_recovered_at_fixed_ephemeris;low_nominal_snr
176935123,3,13.966734237080251,3703.1687716735296,0.025,0.0014852583678461298,0.46712979676536004,0.23123099545318743,6.127021154568947,-0.051694586261663865,outside_initial_small_planet_radius_range;not_recovered_at_fixed_ephemeris;low_nominal_snr
176935123,4,11.167795632874306,3700.0083966735297,0.12675,0.0005972535643302626,0.29622106681012333,0.3115654299466377,5.872805750439565,-1.084788572864128,long_relative_to_circular_transit;outside_initial_small_planet_radius_range;not_recovered_at_fixed_ephemeris;low_nominal_snr
177036977,1,15.840298278343457,3693.4204363230137,0.24375,0.0015181416028259673,0.6552249848707927,0.3231323475399977,7.555910602345037,-0.018173067589428805,long_relative_to_circular_transit;not_recovered_at_fixed_ephemeris
177036977,2,19.33783250126,3707.208871012053,0.17550000000000002,0.002043410587193077,0.7601724539366386,0.24765922934608195,6.926838345044632,-2.576197105434372,long_relative_to_circular_transit;not_recovered_at_fixed_ephemeris;low_nominal_snr
177036977,3,6.569565772086246,3696.8442460120527,0.08775000000000001,0.0015357114472852552,0.6590056216673995,1.04475876359123,6.623595880452808,1.2029896688070632,long_relative_to_circular_transit;not_recovered_at_fixed_ephemeris;low_nominal_snr
177036977,4,20.175310280071077,3708.558871012053,0.17550000000000002,0.0018991374954751535,0.7328456473641282,0.23404782666430504,6.465468704595976,0.5094502823292714,long_relative_to_circular_transit;not_recovered_at_fixed_ephemeris;low_nominal_snr
179048228,1,4.350573284388645,2148.4220262096987,0.24375,0.007052152926235666,1.3388357615856796,1.7280120489649335,20.82092259849359,12.15101680363974,outside_nominal_optimistic_hz;long_relative_to_circular_transit
179048228,2,4.353688116679753,2146.228276209699,0.24375,0.006141758910344238,1.2494325785230918,1.7263638446006735,19.529184043681816,-11.14232316806509,outside_nominal_optimistic_hz;long_relative_to_circular_transit;not_recovered_at_fixed_ephemeris
179048228,3,4.352341460468354,2147.3720262096986,0.24375,0.007131403908348167,1.346337557013188,1.7270760860441063,21.44349597931032,14.453898765493493,outside_nominal_optimistic_hz;long_relative_to_circular_transit
179048228,4,4.35049489125616,2145.197026209699,0.24375,0.007990003424692563,1.4250822351935954,1.7280535659839409,23.934475965345392,6.142550599869445,outside_nominal_optimistic_hz;long_relative_to_circular_transit
179232002,1,3.4310254790595165,3720.7536380409024,0.051000000000000004,0.012797641219016127,1.482380860764629,1.5352683801689515,16.0043386077645,-3.3028579421830373,outside_nominal_optimistic_hz;long_relative_to_circular_transit;not_recovered_at_fixed_ephemeris
179232002,2,3.1661154473459727,3718.5126380409024,0.039,0.013572908525257865,1.5266212204511393,1.7088891830240556,15.691451967179612,-6.826412483234067,outside_nominal_optimistic_hz;not_recovered_at_fixed_ephemeris
179232002,3,3.0355610868618634,3719.8266380409027,0.051000000000000004,0.011558190176390282,1.408768887788459,1.8075802761073316,15.223561653542829,8.354523938412683,outside_nominal_optimistic_hz;long_relative_to_circular_transit
179232002,4,3.0363029590165005,3720.2166380409026,0.039,0.013382812266688032,1.5158929273400186,1.806991428911314,15.250007105805164,-1.9245504551618529,outside_nominal_optimistic_hz;not_recovered_at_fixed_ephemeris
179279545,1,11.626194126844403,3000.7299789778604,0.24375,0.005358429453900917,0.9911834265154364,0.39736102448176086,7.426077268842796,2.3129845985459703,fewer_than_three_discovery_events;dominated_by_one_event;long_relative_to_circular_transit;not_recovered_at_fixed_ephemeris
179279545,2,6.380449452902194,2994.9924789778606,0.24375,0.0067415792803899996,1.111772931512732,0.8843693115846255,5.990680075636285,-1.8007165562454592,dominated_by_one_event;long_relative_to_circular_transit;not_recovered_at_fixed_ephemeris;low_nominal_snr
179279545,3,3.875733745601991,2992.7304789778605,0.08775000000000001,0.004282251236962081,0.8860767572067948,1.7190827453185822,5.235477525706033,-1.7025265016102324,outside_nominal_optimistic_hz;long_relative_to_circular_transit;not_recovered_at_fixed_ephemeris;low_nominal_snr
179279545,4,4.898127156803592,2990.6818539778606,0.17550000000000002,0.002849522399282455,0.7228052702742709,1.2581389855565746,4.821420216289347,1.0738101184836766,long_relative_to_circular_transit;not_recovered_at_fixed_ephemeris;low_nominal_snr
17970570,1,3.9155981188956805,1900.3726372341425,0.1875,0.004744945777645131,0.8574998763132967,1.208679971870251,10.692586890053477,3.5652215503281446,long_relative_to_circular_transit;not_recovered_at_fixed_ephemeris
17970570,2,3.3589455837895366,1902.045109385295,0.17550000000000002,0.004226295772735112,0.8092792083060479,1.4828760463046997,9.331426362925056,4.0922362263015675,long_relative_to_circular_transit;not_recovered_at_fixed_ephemeris
17970570,3,3.3501205402270724,1900.978609385295,0.22950000000000004,0.004046595946272589,0.791887267550544,1.4880866798433956,9.414654622442319,2.818702885960441,long_relative_to_circular_transit;not_recovered_at_fixed_ephemeris
17970570,4,3.3511304681970504,1903.185484385295,0.24375,0.003944668810694715,0.7818504892020384,1.487488758283124,8.602833833842405,2.8529533783797687,long_relative_to_circular_transit;not_recovered_at_fixed_ephemeris
180672231,1,7.921308972285893,1900.855729843014,0.058499999999999996,0.0041868597083347696,0.8125603613964755,0.49108833942504787,4.625121315406745,-0.5784559510106639,long_relative_to_circular_transit;not_recovered_at_fixed_ephemeris;low_nominal_snr
180695497,1,17.756083255177664,1912.352924384859,0.24375,0.005086836546011439,1.0591961354092707,0.3054448062134869,5.605987362066589,0.03312197218415309,fewer_than_three_discovery_events;dominated_by_one_event;long_relative_to_circular_transit;insufficient_holdout_events;low_nominal_snr
180695497,2,16.070660385470468,1900.5134243848593,0.11475000000000002,0.004406508379143063,0.9858249292752362,0.3488863758965088,4.550907613088306,0.0,long_relative_to_circular_transit;insufficient_holdout_events;low_nominal_snr
180696669,1,4.503544144025179,1901.4785877170511,0.24375,0.005358193666164584,1.1750061124705158,1.7143586047263202,9.309763450474914,2.847450613172105,outside_nominal_optimistic_hz;long_relative_to_circular_transit;not_recovered_at_fixed_ephemeris
180696669,2,4.512019366105009,1903.2410877170512,0.24375,0.004614641990666111,1.090435368056708,1.7100663597453685,8.798361731395257,-5.445855199823569,outside_nominal_optimistic_hz;long_relative_to_circular_transit;not_recovered_at_fixed_ephemeris
180696669,3,4.504333917354308,1902.4160877170511,0.24375,0.005618005778552496,1.2031561998051583,1.7139578306689676,9.809979140010887,-1.0058908382310294,outside_nominal_optimistic_hz;long_relative_to_circular_transit;not_recovered_at_fixed_ephemeris
180696669,4,4.517674269195906,1904.141087717051,0.24375,0.005240679807107241,1.162049787483254,1.7072129028611307,8.996502986587531,-5.390152989372238,outside_nominal_optimistic_hz;long_relative_to_circular_transit;not_recovered_at_fixed_ephemeris
183588144,1,6.850856772416335,1358.7348512597007,0.17550000000000002,0.001374155055940355,0.5909956898942907,1.0744342539153828,5.785111846795852,0.0143052786940027,long_relative_to_circular_transit;not_recovered_at_fixed_ephemeris;low_nominal_snr
183588144,2,20.026497885683682,1354.2824762597006,0.12675,0.002484600077937587,0.7946844056610829,0.2570591205883621,5.387467703191245,0.33656153332121636,dominated_by_one_event;long_relative_to_circular_transit;not_recovered_at_fixed_ephemeris;low_nominal_snr
183588144,3,4.775672211632855,1355.0518317856477,0.051000000000000004,0.0019017048130979246,0.6952451955540795,1.7383091481047885,5.160772049522313,0.23230606540303442,outside_nominal_optimistic_hz;not_recovered_at_fixed_ephemeris;low_nominal_snr
183588144,4,12.468607634825577,1363.7913317856476,0.025,0.004032098824912097,1.0123531243148065,0.4835214570671792,4.7589011346878785,0.23092605871793057,not_recovered_at_fixed_ephemeris;low_nominal_snr
186130100,1,14.506935885860665,1696.166345898991,0.24375,0.003876122930442473,1.0129747668861013,0.44036469362541203,7.476129967002188,-0.09764842324951142,fewer_than_three_discovery_events;long_relative_to_circular_transit;not_recovered_at_fixed_ephemeris
186130100,2,9.310889434718433,1683.555720898991,0.025,0.005124128981238252,1.1646887557188117,0.7954114802084694,5.522943941210687,0.17879812421246283,not_recovered_at_fixed_ephemeris;low_nominal_snr
186130100,3,13.886889346419991,1693.485095898991,0.24375,0.0019614936210030436,0.7205984211301831,0.4667741329815315,4.938164557357728,1.393467839268403,long_relative_to_circular_transit;not_recovered_at_fixed_ephemeris;low_nominal_snr
188691615,1,21.315429932155872,3448.452576539078,0.24375,0.0015077638461992577,0.7250640304877641,0.3720781433932907,9.1006229885093,2.294707630761934,fewer_than_three_discovery_events;dominated_by_one_event;long_relative_to_circular_transit;not_recovered_at_fixed_ephemeris
188691615,2,27.250775675961954,3448.818951539078,0.17550000000000002,0.0012867134777528198,0.6698084516496328,0.2681561717372067,6.429655405657801,0.6234765261031064,long_relative_to_circular_transit;not_recovered_at_fixed_ephemeris;low_nominal_snr
188691615,3,11.113997293182312,3441.327576539078,0.24375,0.0006463854484640049,0.47473962635280875,0.8866098929750339,6.236668083638135,2.1604441103387995,long_relative_to_circular_transit;outside_initial_small_planet_radius_range;not_recovered_at_fixed_ephemeris;low_nominal_snr
188691615,4,25.551864348519057,3451.9509515390782,0.17550000000000002,0.0009378471308136346,0.5718415726574282,0.2921883062478703,5.864669284599494,0.15062751571207017,dominated_by_one_event;long_relative_to_circular_transit;not_recovered_at_fixed_ephemeris;low_nominal_snr
188819782,1,4.96776346386733,2582.692908439652,0.24375,0.011066593274331907,1.895415842954386,1.8600570704985322,117.87815536700336,94.40023028407519,outside_nominal_optimistic_hz;long_relative_to_circular_transit
188819782,2,4.96778380863422,2584.3429084396516,0.24375,0.012711252083798258,2.0313824578405133,1.8600469137490627,129.86854215745385,104.00309859132626,odd_even_discrepancy;outside_nominal_optimistic_hz;long_relative_to_circular_transit;outside_initial_small_planet_radius_range
188819782,3,4.967769974150076,2580.9876384655017,0.24375,0.013452902891171441,2.089803901425201,1.860053820349439,142.3916892055527,100.45490961654014,odd_even_discrepancy;outside_nominal_optimistic_hz;long_relative_to_circular_transit;outside_initial_small_planet_radius_range
188819782,4,4.96776346386733,2581.415828549064,0.24375,0.006079801685318504,1.4048897330701355,1.8600570704985322,64.92067098542019,-35.827239941465926,outside_nominal_optimistic_hz;long_relative_to_circular_transit;not_recovered_at_fixed_ephemeris
189565557,1,8.339704865649558,1519.8563818927678,0.24375,0.003835360950700962,1.3119534889242905,1.450683803060582,54.56577805368853,-28.37592849123646,odd_even_discrepancy;long_relative_to_circular_transit;not_recovered_at_fixed_ephemeris
189565557,2,6.951282561930931,1519.1626318927679,0.24375,0.003550995497522412,1.2623807940120533,1.849355547532331,54.91500131994125,-9.18313540307173,outside_nominal_optimistic_hz;long_relative_to_circular_transit;not_recovered_at_fixed_ephemeris
189565557,3,6.949568763889402,1520.5688818927679,0.24375,0.003508145253560243,1.2547410343144862,1.8499636528276577,49.64201141735508,-39.74638292752836,outside_nominal_optimistic_hz;long_relative_to_circular_transit;not_recovered_at_fixed_ephemeris
189565557,4,6.9455708223061,1518.487631892768,0.24375,0.0035856421993108616,1.268524305469333,1.8513835996789187,50.79653911053297,-48.77804018109026,odd_even_discrepancy;outside_nominal_optimistic_hz;long_relative_to_circular_transit;not_recovered_at_fixed_ephemeris
190138951,1,13.16968450188063,4138.294896825093,0.24375,0.0038462146859534825,0.7110819385735616,0.20666447390167247,13.756925052192928,-0.8768127945998364,fewer_than_three_discovery_events;dominated_by_one_event;long_relative_to_circular_transit;not_recovered_at_fixed_ephemeris
190138951,2,12.701590647591464,4127.419896825093,0.24375,0.0032336788717457613,0.652005608272877,0.21688133212886196,13.473265161740336,-0.08088776260768533,fewer_than_three_discovery_events;dominated_by_one_event;long_relative_to_circular_transit;not_recovered_at_fixed_ephemeris
190138951,3,13.700323908745993,4137.4013556935115,0.17550000000000002,0.0019359088271217015,0.5044816070518251,0.19606129854046092,8.127308842208299,-1.660749855036222,fewer_than_three_discovery_events;dominated_by_one_event;outside_nominal_optimistic_hz;long_relative_to_circular_transit;not_recovered_at_fixed_ephemeris
190138951,4,2.931356507810976,4130.456730693511,0.24375,0.00048547716043940796,0.2526313764876461,1.5320565695450994,6.454208463554534,-1.3984800230757422,outside_nominal_optimistic_hz;long_relative_to_circular_transit;outside_initial_small_planet_radius_range;not_recovered_at_fixed_ephemeris;low_nominal_snr
192642951,1,3.02840576134305,2363.65579854511,0.24375,0.0037129826769399517,0.6853497741246302,1.4181973621870376,13.029038908609794,-11.797153062751736,long_relative_to_circular_transit;not_recovered_at_fixed_ephemeris
192642951,2,3.0490119583107878,2361.9567865867994,0.24375,0.0034397264543178344,0.6596487832777908,1.40543227068626,12.815972870715566,2.1468452213577147,long_relative_to_circular_transit;not_recovered_at_fixed_ephemeris
192642951,3,4.353874181638849,2365.612749845265,0.24375,0.0047784699720739895,0.777490771971708,0.874019103992984,9.990398429246456,-3.016906393455057,long_relative_to_circular_transit;not_recovered_at_fixed_ephemeris
192642951,4,3.043084775328324,2362.406499845265,0.24375,0.0025006251844943797,0.5624385926352808,1.409083371635444,8.521175884202073,-14.805053330557781,long_relative_to_circular_transit;not_recovered_at_fixed_ephemeris
192847535,1,12.674075333953285,2174.497520011077,0.24375,0.0011060129427280184,0.653681505106042,0.7911005681846884,6.728976536909699,-0.49737932316595557,long_relative_to_circular_transit;not_recovered_at_fixed_ephemeris;low_nominal_snr
192847535,2,6.893842725041547,2176.1039322445636,0.039,0.00155456880975102,0.7749810226373683,1.781715044153698,5.461471906337629,-0.3146385070511116,outside_nominal_optimistic_hz;not_recovered_at_fixed_ephemeris;low_nominal_snr
192847535,3,8.437997816312064,2177.430932244564,0.025,0.002472813027850164,0.977421151392054,1.360820565154072,5.393491463004412,1.344838009200182,not_recovered_at_fixed_ephemeris;low_nominal_snr
192847535,4,23.703652893774823,2188.2111822445636,0.058499999999999996,0.002345790929633496,0.9519864001717808,0.3433204740589482,4.87431194355695,-0.13134946673667333,fewer_than_three_discovery_events;not_recovered_at_fixed_ephemeris;low_nominal_snr
197987557,1,4.946666569867877,4184.599169251606,0.08775000000000001,0.0028638836733193853,0.8064368433100692,1.4101830944047324,6.7456501298249805,6.297586320750087,long_relative_to_circular_transit;low_nominal_snr
197987557,2,4.945063107217179,4181.958794251606,0.058499999999999996,0.003565749911089127,0.899845841955939,1.410792806371161,6.5293944903599455,-1.0584590899478927,long_relative_to_circular_transit;not_recovered_at_fixed_ephemeris;low_nominal_snr
197987557,3,10.228861427907876,4189.860794251606,0.0675,0.0044361402445794946,1.0036800872091385,0.5352902018874939,6.201462337079146,1.934427683639894,not_recovered_at_fixed_ephemeris;low_nominal_snr
197987557,4,5.274915962955963,4182.631544251606,0.0675,0.0035324505565870155,0.8956343055840393,1.294409308632807,6.192161437635355,2.4523468452252764,long_relative_to_circular_transit;not_recovered_at_fixed_ephemeris;low_nominal_snr
198080032,1,27.285137637279586,1354.3037737136563,0.17550000000000002,0.003753717319854745,1.0570644243508875,0.21644337224535118,8.92449321517447,-2.3814200452407537,long_relative_to_circular_transit;not_recovered_at_fixed_ephemeris
198080032,2,27.317682064524913,1381.2416615781829,0.08775000000000001,0.004579680204778512,1.1675843119818594,0.21609963265744622,7.233218652979526,1.4398222240569887,not_recovered_at_fixed_ephemeris
198080032,3,27.179130546739266,1359.0037865781828,0.22950000000000004,0.0019370013494123086,0.759338878204879,0.21756969890012,6.297688202863009,2.9183415885242896,long_relative_to_circular_transit;not_recovered_at_fixed_ephemeris;low_nominal_snr
198080032,4,27.384702803898694,1369.5191615781828,0.24375,0.0021073442685125205,0.7920241423963632,0.21539475025561375,5.705647440100074,-0.8211049807657433,long_relative_to_circular_transit;not_recovered_at_fixed_ephemeris;low_nominal_snr
198104202,1,13.219265222571057,1722.249746638932,0.22950000000000004,0.008441476262993013,1.2440690182103251,0.2994329302487775,9.759004528417043,-2.3050657912244246,dominated_by_one_event;long_relative_to_circular_transit;not_recovered_at_fixed_ephemeris
198104202,2,9.549903500406899,1715.5807466389322,0.17550000000000002,0.004736584448232276,0.931897003537658,0.46193124356737547,8.749537893291354,0.4854016964541096,long_relative_to_circular_transit;not_recovered_at_fixed_ephemeris
198104202,3,4.360842654137469,1712.290121638932,0.08775000000000001,0.004672088341158747,0.9255306295787233,1.3136573270762677,8.61778405495665,-0.8029872611547485,odd_even_discrepancy;long_relative_to_circular_transit;not_recovered_at_fixed_ephemeris
198104202,4,4.101425481754406,1714.7606216389322,0.12675,0.003789310784358621,0.8335187732848036,1.425595167971861,7.926342134854938,-0.1876637199633607,long_relative_to_circular_transit;not_recovered_at_fixed_ephemeris
200784259,1,18.84823918519287,2102.4908486713366,0.12675,0.0033335209017763454,1.078105569082599,0.32782443453237703,6.411164305705844,-1.8062772646258243,fewer_than_three_discovery_events;dominated_by_one_event;long_relative_to_circular_transit;not_recovered_at_fixed_ephemeris;low_nominal_snr
200784259,2,11.9486870152213,2092.8192236713367,0.058499999999999996,0.002984741320527674,1.0201476821194315,0.6019708381143681,5.510772168213894,0.5259624727222681,not_recovered_at_fixed_ephemeris;low_nominal_snr
200784259,3,18.539708085243344,2103.6657236713368,0.0975,0.0028528599098036496,0.9973553489539865,0.3351185829486109,4.943239442193067,-1.4323353623822013,fewer_than_three_discovery_events;not_recovered_at_fixed_ephemeris;low_nominal_snr
200924141,1,12.768521104730127,2885.7415936241828,0.025,0.022844098667678878,2.129071819830661,0.3380461984927302,7.0341375728295645,0.5882971718178595,fewer_than_three_discovery_events;dominated_by_one_event;odd_even_discrepancy;outside_initial_small_planet_radius_range;insufficient_holdout_events
200924141,2,5.5524485742915335,2885.6834686241828,0.12675,0.005314378132261555,1.026903240357521,1.0260868647691046,5.97338480915117,2.229345769319759,long_relative_to_circular_transit;not_recovered_at_fixed_ephemeris;low_nominal_snr
200924141,3,5.2985678085792545,2887.4028436241824,0.17550000000000002,0.003721068019424491,0.8592847463718704,1.0921581371222955,5.158645119921638,0.9189846036113791,long_relative_to_circular_transit;not_recovered_at_fixed_ephemeris;low_nominal_snr
200924141,4,5.025194013491217,2885.0977186241826,0.08775000000000001,0.00556985192196115,1.0512962680457278,1.172086713734018,5.553736448460056,1.6801184816162034,long_relative_to_circular_transit;not_recovered_at_fixed_ephemeris;low_nominal_snr
201251167,1,13.120267135649874,1326.7466714535713,0.24375,0.0011664555083858775,0.6787644135331753,0.7449082672979906,6.630044660277712,1.4643591485298664,long_relative_to_circular_transit;not_recovered_at_fixed_ephemeris;low_nominal_snr
201251167,2,12.392597835059288,1329.7654214535712,0.24375,0.0013952200728738946,0.7423459331426826,0.8037911549334421,7.330635808461093,-1.2662667960155962,long_relative_to_circular_transit;not_recovered_at_fixed_ephemeris
201251167,3,7.291241801770634,1327.8157964535712,0.17550000000000002,0.0009481018520432329,0.6119451163331076,1.6303882230220603,5.8054921530837325,0.35498752087637514,outside_nominal_optimistic_hz;long_relative_to_circular_transit;not_recovered_at_fixed_ephemeris;low_nominal_snr
201251167,4,10.841303205804197,1327.5364214535712,0.12675,0.001474870413370861,0.7632413789826612,0.9606924479205277,5.890093701308931,0.02578621767622401,long_relative_to_circular_transit;not_recovered_at_fixed_ephemeris;low_nominal_snr
201688405,1,2.77189081065312,4180.9389946340125,0.24375,0.003757845895895082,0.6961717727275534,1.6208478405297475,13.338202543063643,-4.884930707429577,outside_nominal_optimistic_hz;long_relative_to_circular_transit;not_recovered_at_fixed_ephemeris
201688405,2,2.775391368612788,4182.288994634012,0.24375,0.003740599581881637,0.6945724250402038,1.6181226134685414,12.746265967686568,-0.5962394107696413,outside_nominal_optimistic_hz;long_relative_to_circular_transit;not_recovered_at_fixed_ephemeris
201688405,3,2.7738670936864973,4180.226119634012,0.22950000000000004,0.0034869088925020774,0.6706056792968164,1.6193082937282093,11.350808891062597,-0.6404461234906033,outside_nominal_optimistic_hz;long_relative_to_circular_transit;not_recovered_at_fixed_ephemeris
201688405,4,2.7749119263613164,4181.632744634012,0.24375,0.003663041823445212,0.6873340605606965,1.6184953910358821,11.54503468120793,-2.4824382143579635,outside_nominal_optimistic_hz;long_relative_to_circular_transit;not_recovered_at_fixed_ephemeris
201792346,1,15.102743536650506,2070.4985400570436,0.17550000000000002,0.007826251378457183,1.265498923512761,0.2843257412143451,21.975416868855042,-1.524594089933855,fewer_than_three_discovery_events;dominated_by_one_event;long_relative_to_circular_transit;not_recovered_at_fixed_ephemeris
201792346,2,14.960329310721912,2070.5941650570435,0.24375,0.00765698077644221,1.2517386489306768,0.2879402907637119,20.41198263529655,3.5252505081378325,fewer_than_three_discovery_events;dominated_by_one_event;long_relative_to_circular_transit;not_recovered_at_fixed_ephemeris
201792346,3,5.211151370061887,2066.5066650570434,0.24375,0.0017510024584823276,0.5985883516525476,1.1748409041988015,16.743332214757608,1.9739401170931454,long_relative_to_circular_transit;not_recovered_at_fixed_ephemeris
201792346,4,5.262357137030534,2067.0316650570435,0.24375,0.0016623053248705803,0.5832305727157927,1.1596231723839001,16.09495960167933,5.890617694025744,long_relative_to_circular_transit
201878287,1,4.69065501045061,3913.061753898241,0.16575,0.001807924227220195,0.7196733126705079,1.77891682785643,31.494504322874423,-45.41582144845692,odd_even_discrepancy;outside_nominal_optimistic_hz;long_relative_to_circular_transit;not_recovered_at_fixed_ephemeris
201878287,2,4.690335402695084,3913.5395038982406,0.12675,0.0020467174192138927,0.7657274724761689,1.7790784544133873,31.729493855226384,17.544139350785077,outside_nominal_optimistic_hz;long_relative_to_circular_transit
201878287,3,4.690499005997869,3910.7120038982407,0.12675,0.0021393896731299543,0.7828710500555599,1.7789957165444494,30.59041021874322,-37.02708791270447,odd_even_discrepancy;outside_nominal_optimistic_hz;long_relative_to_circular_transit;not_recovered_at_fixed_ephemeris
201878287,4,4.689079292271932,3909.8052538982406,0.16575,0.0018673778294724796,0.7314108273873808,1.779713922094127,31.545584292569643,-14.748227784023623,odd_even_discrepancy;outside_nominal_optimistic_hz;long_relative_to_circular_transit;not_recovered_at_fixed_ephemeris
202280283,1,4.927863168658203,1684.9480289218286,0.24375,0.0007376795668392062,0.40335400464710497,1.663786096108768,5.366935515534768,-0.04067671935648068,outside_nominal_optimistic_hz;long_relative_to_circular_transit;outside_initial_small_planet_radius_range;not_recovered_at_fixed_ephemeris;low_nominal_snr
202280283,2,6.2743859009026535,1686.3249039218288,0.025,0.002731869092952108,0.776215728315722,1.2056299912972672,5.3615909733599985,0.4145372258600006,not_recovered_at_fixed_ephemeris;low_nominal_snr
202280283,3,10.465101474277755,1684.9997789218287,0.08775000000000001,0.0018350505884312037,0.6361748803519469,0.6095150300447587,4.8382232366802205,1.7175431709429347,fewer_than_three_discovery_events;dominated_by_one_event;long_relative_to_circular_transit;not_recovered_at_fixed_ephemeris;low_nominal_snr
20305594,1,3.487416780144496,1932.3183916881796,0.12675,0.009343273344179493,1.4566063586397344,1.7794631149206468,25.40066812456703,-8.119314937015952,odd_even_discrepancy;outside_nominal_optimistic_hz;long_relative_to_circular_transit;not_recovered_at_fixed_ephemeris
20305594,2,3.488259603866552,1931.7236416881797,0.12675,0.00778279806708531,1.3294149408323677,1.7788898726746971,21.9462983509547,11.576966830223038,outside_nominal_optimistic_hz;long_relative_to_circular_transit
20305594,3,3.4875255864062553,1932.8936416881797,0.12675,0.008436631800438351,1.3841310843016905,1.7793890927262466,22.3080784793218,-11.843207684327934,outside_nominal_optimistic_hz;long_relative_to_circular_transit;not_recovered_at_fixed_ephemeris
20305594,4,3.4870581598097665,1931.1483916881796,0.12675,0.008939001955621837,1.424745160016904,1.7797071267559073,22.731602401987008,11.85016837509864,outside_nominal_optimistic_hz;long_relative_to_circular_transit
203476189,1,5.600194677716509,2334.427108686135,0.24375,0.0029385318044085444,0.8050404341806773,1.120905024278397,6.822324035217045,0.6440279035412253,long_relative_to_circular_transit;not_recovered_at_fixed_ephemeris;low_nominal_snr
203476189,2,5.089725588314289,2336.8620378071973,0.17550000000000002,0.0036042127786910334,0.8915746406345331,1.2732504092024854,6.501897977535331,-2.64425697698541,long_relative_to_circular_transit;not_recovered_at_fixed_ephemeris;low_nominal_snr
203476189,3,8.579425681317325,2337.7620378071974,0.058499999999999996,0.008225945998584514,1.3469312318749065,0.634690541740491,6.221889997022055,-2.0554102411668778,fewer_than_three_discovery_events;not_recovered_at_fixed_ephemeris;low_nominal_snr
203476189,4,6.8492583943615815,2335.3639128071977,0.24375,0.0029860226011224514,0.8115196522338697,0.8570014977900127,5.945481736706884,-2.518676181183627,long_relative_to_circular_transit;not_recovered_at_fixed_ephemeris;low_nominal_snr
206361339,1,13.604591439730882,4164.111179330426,0.17550000000000002,0.001657132233380051,0.8757061433366153,0.7871228393340948,9.10207582285197,0.3948755583755322,long_relative_to_circular_transit;not_recovered_at_fixed_ephemeris
206361339,2,27.674787781256743,4177.202054330426,0.24375,0.0016869391362720415,0.8835467237454524,0.305382481971958,7.377503935024661,0.5647730413411867,fewer_than_three_discovery_events;dominated_by_one_event;long_relative_to_circular_transit;not_recovered_at_fixed_ephemeris
206361339,3,27.395601197096305,4176.902054330426,0.24375,0.0009846341063517283,0.6750209494061952,0.30953902158993946,6.436361642840116,-0.35596627274457426,dominated_by_one_event;long_relative_to_circular_transit;not_recovered_at_fixed_ephemeris;low_nominal_snr
206361339,4,16.35017565130006,4158.831929330427,0.039,0.0018338265454095602,0.9212106315454212,0.6160178394873111,6.400754938021825,-1.029106904518918,not_recovered_at_fixed_ephemeris;low_nominal_snr
206402318,1,15.929496633422549,2126.9915198554663,0.24375,0.0010676275049236609,0.5459022640765254,0.40647827659437263,6.074568335091366,-2.702837827326177,fewer_than_three_discovery_events;dominated_by_one_event;long_relative_to_circular_transit;not_recovered_at_fixed_ephemeris;low_nominal_snr
206402318,2,15.586254214528887,2125.9227698554664,0.24375,0.0007957027193005503,0.471281551767834,0.4184572243310199,6.228445524303621,1.2023838514926473,fewer_than_three_discovery_events;dominated_by_one_event;long_relative_to_circular_transit;outside_initial_small_planet_radius_range;not_recovered_at_fixed_ephemeris;low_nominal_snr
206402318,3,5.938583549543505,2118.1036448554664,0.03,0.0011018021474717137,0.5545705791415614,1.5149428484704528,5.924829333800223,-0.9930924068489689,outside_nominal_optimistic_hz;not_recovered_at_fixed_ephemeris;low_nominal_snr
206402318,4,20.00520712223258,2130.3406448554665,0.045,0.0015376817112299364,0.6551462252456878,0.2999963754547907,5.669279531112578,-0.21603475189236446,fewer_than_three_discovery_events;not_recovered_at_fixed_ephemeris;low_nominal_snr
207148580,1,7.021305413745556,3910.857688526307,0.17550000000000002,0.00237527002968109,1.0058469108258248,1.70565435135912,24.945270640319585,29.495366885473906,outside_nominal_optimistic_hz;long_relative_to_circular_transit
207148580,2,7.023356407534958,3910.344688526307,0.17550000000000002,0.0022040580481496423,0.968917736841352,1.7049902593394626,22.56102518941058,-1.8620292894943815,outside_nominal_optimistic_hz;long_relative_to_circular_transit;not_recovered_at_fixed_ephemeris
207148580,3,7.026110359111166,3916.3656885263067,0.22950000000000004,0.0019050186283258916,0.9007930055862149,1.7040992677652846,22.152466171132193,-42.51399436831066,outside_nominal_optimistic_hz;long_relative_to_circular_transit;not_recovered_at_fixed_ephemeris
207148580,4,7.024014154713552,3915.358636973662,0.22950000000000004,0.002018833777055829,0.9273115584857984,1.7047773829594863,21.645796984116497,8.722192059883932,outside_nominal_optimistic_hz;long_relative_to_circular_transit
207238086,1,7.367112084649867,2088.431377183518,0.16575,0.0075132190687670535,1.6090722133624706,1.3780880088261915,60.96651226626288,1.1428820245787799,odd_even_discrepancy;long_relative_to_circular_transit;not_recovered_at_fixed_ephemeris
207238086,2,7.369892750489125,2088.862923546778,0.17550000000000002,0.007096838130214269,1.5638495121598655,1.377394780961668,56.43680310112358,-3.0142958965817614,long_relative_to_circular_transit;not_recovered_at_fixed_ephemeris
207238086,3,7.36899978408148,2089.342173546778,0.135,0.008148057929452203,1.6756741234984511,1.377617333482738,56.990000476255396,17.537558801510535,long_relative_to_circular_transit
207238086,4,7.369022389443505,2093.938923546778,0.17550000000000002,0.0077248970884025965,1.6315818306793783,1.3776116988099163,57.69630446040142,27.317518739012645,long_relative_to_circular_transit
207339173,1,8.218410273873053,1686.5038443922751,0.045,0.0013997499559436006,0.6740975725461834,1.1295776932757327,5.2190539315075135,-0.7435679919112599,dominated_by_one_event;not_recovered_at_fixed_ephemeris;low_nominal_snr
207339173,2,10.56268775931974,1687.7814693922753,0.16575,0.0007312523965124767,0.4872268162074946,0.808352170693653,5.133848372251641,-0.10219223164561171,long_relative_to_circular_transit;outside_initial_small_planet_radius_range;not_recovered_at_fixed_ephemeris;low_nominal_snr
207339173,3,7.129806396100159,1688.9822193922753,0.08775000000000001,0.0009988241968656687,0.5694322492392017,1.3651997978282575,5.084669978253685,0.1020282979865472,long_relative_to_circular_transit;not_recovered_at_fixed_ephemeris;low_nominal_snr
207339173,4,6.729655121252377,1689.0969693922752,0.08775000000000001,0.0008364863881806033,0.5211070768488413,1.4744932444313992,4.636155924923061,1.432064925534851,long_relative_to_circular_transit;not_recovered_at_fixed_ephemeris;low_nominal_snr
207339690,1,6.238885539375676,2393.0743025557845,0.24375,0.0007444494456258462,0.5005419427596284,1.6845995153023112,6.07118836988986,0.6980346567276419,outside_nominal_optimistic_hz;long_relative_to_circular_transit;not_recovered_at_fixed_ephemeris;low_nominal_snr
207339690,2,11.657910596622411,2390.8415525557843,0.12675,0.0010505628910439193,0.5946123122085288,0.7319449208964292,4.807456087175168,3.676999649681372,long_relative_to_circular_transit;not_recovered_at_fixed_ephemeris;low_nominal_snr
207492082,1,77.21931174374285,2698.651913773162,0.17550000000000002,0.0004145219779024557,0.711438472664446,0.2394984868614307,11.131549952301784,-0.15449893544710402,fewer_than_three_discovery_events;dominated_by_one_event;not_recovered_at_fixed_ephemeris
207492082,2,40.322254181394285,2664.129788773162,0.24375,0.00021297490402414032,0.5099502178943242,0.5695662825858449,10.046586719707083,1.173972796825735,long_relative_to_circular_transit;not_recovered_at_fixed_ephemeris
207492082,3,56.42807995534565,2650.337288773162,0.12675,0.00039414292380050034,0.6937299317817655,0.36386781686658937,9.664457222281287,1.3835431166274728,fewer_than_three_discovery_events;dominated_by_one_event;not_recovered_at_fixed_ephemeris
207492082,4,19.71865769312303,2658.561038773162,0.24375,0.0001304796696678514,0.39914894926620803,1.4783169119954955,8.404616169242164,0.014672142568951822,long_relative_to_circular_transit;outside_initial_small_planet_radius_range;not_recovered_at_fixed_ephemeris
209394625,1,7.319595688332936,1325.4715189266713,0.12675,0.0027998783714918295,0.8031524174097847,0.8736944621381671,5.918015389649232,-0.3142639711325623,long_relative_to_circular_transit;not_recovered_at_fixed_ephemeris;low_nominal_snr
209394625,2,10.948823887627155,1325.7178753530368,0.025,0.005990501922843683,1.174789331552283,0.5107233879150035,5.069598743938549,-1.4064066471894658,not_recovered_at_fixed_ephemeris;low_nominal_snr
209394625,3,8.031103179786225,1326.9702503530366,0.08775000000000001,0.002579808623254891,0.7709427578259762,0.7720440834303726,4.712190984318353,-0.2527477093274846,long_relative_to_circular_transit;not_recovered_at_fixed_ephemeris;low_nominal_snr
214972970,1,4.218906440741818,3071.822838407673,0.24375,0.012236874940789491,1.654891082488579,1.5440862707412741,36.820036795252115,42.48705178948187,outside_nominal_optimistic_hz;long_relative_to_circular_transit
214972970,2,4.232306677249889,3070.1728384076728,0.24375,0.012225830633029814,1.6541441085941762,1.5375712435240705,38.4352595062521,-29.49776266529455,outside_nominal_optimistic_hz;long_relative_to_circular_transit;not_recovered_at_fixed_ephemeris
214972970,3,4.226531680794151,3070.979088407673,0.24375,0.013966251646004867,1.767966723079174,1.5403730648572145,40.459707875660534,-44.487804402433895,outside_nominal_optimistic_hz;long_relative_to_circular_transit;not_recovered_at_fixed_ephemeris
214972970,4,4.235538959887409,3069.2728384076727,0.24375,0.014264013583980788,1.7867139441208226,1.5360069459105332,42.789915364603885,-9.436491400726371,odd_even_discrepancy;outside_nominal_optimistic_hz;long_relative_to_circular_transit;not_recovered_at_fixed_ephemeris
21650187,1,13.73602540176961,2186.2185853956776,0.12675,0.005663151598023111,1.0682823025652064,0.355940973777154,7.729656859259749,-0.6489209361556646,fewer_than_three_discovery_events;dominated_by_one_event;long_relative_to_circular_transit;not_recovered_at_fixed_ephemeris
21650187,2,6.48216251121792,2179.015960395677,0.058499999999999996,0.0033244714608481507,0.8184991723707132,0.9687972072392472,5.899959006208753,-0.6113302847664,long_relative_to_circular_transit;not_recovered_at_fixed_ephemeris;low_nominal_snr
21650187,3,16.200223326410878,2174.5965853956773,0.12675,0.0027140749038695676,0.7395505335299204,0.28564815893718504,5.070706388763592,-0.2662875669244891,long_relative_to_circular_transit;not_recovered_at_fixed_ephemeris;low_nominal_snr
21650187,4,6.209816155040216,2180.4144603956775,0.0325,0.004342105643485499,0.9354210374602774,1.0258592391285948,5.0008664889950944,2.0429098294578885,not_recovered_at_fixed_ephemeris;low_nominal_snr
21898604,1,13.112124688345107,1993.8616396978912,0.12675,0.0057724764132005505,1.2361777990915577,0.4601827145348554,6.047520844530948,,long_relative_to_circular_transit;no_independent_holdout;low_nominal_snr
21898604,2,7.809859583441663,1990.2425146978912,0.22950000000000004,0.0039747091184156045,1.025775995394506,0.918269362832501,6.006763734553752,,long_relative_to_circular_transit;no_independent_holdout;low_nominal_snr
21898604,3,6.7812721514160765,1992.0773896978912,0.12675,0.005266211733216276,1.1807256946749691,1.1085267135165615,5.697793716394806,,long_relative_to_circular_transit;no_independent_holdout;low_nominal_snr
21898604,4,5.421972123041123,1991.5925146978911,0.17550000000000002,0.0033699669973172785,0.9445233092805508,1.4937732859634125,5.237859725603917,,long_relative_to_circular_transit;no_independent_holdout;low_nominal_snr
219223742,1,13.785181929003624,1394.7851600478612,0.24375,0.0008146909233399521,0.42076905745585774,0.3931207872110771,9.316656699702522,0.6111163012361391,fewer_than_three_discovery_events;dominated_by_one_event;long_relative_to_circular_transit;outside_initial_small_planet_radius_range;not_recovered_at_fixed_ephemeris
219223742,2,25.15427668964809,1388.021285047861,0.17550000000000002,0.0005256495703063999,0.3379835109998886,0.1763032155019049,6.933965444149711,0.7068307207447466,dominated_by_one_event;outside_nominal_optimistic_hz;long_relative_to_circular_transit;outside_initial_small_planet_radius_range;not_recovered_at_fixed_ephemeris;low_nominal_snr
219223742,3,20.009346091630697,1405.9414100478612,0.24375,0.00034272572950342695,0.27291079278051283,0.23920237283931844,5.39502412963603,-0.4062118144126849,long_relative_to_circular_transit;outside_initial_small_planet_radius_range;not_recovered_at_fixed_ephemeris;low_nominal_snr
219223742,4,5.854139841973897,1391.930089729447,0.039,0.0005099856185734255,0.33290960151570226,1.2315684503043038,5.629778863472734,-0.23596427106398282,outside_initial_small_planet_radius_range;not_recovered_at_fixed_ephemeris;low_nominal_snr
219463771,1,14.868301036456028,2397.5209185841777,0.24375,0.0022389706533693238,1.369252877634923,1.187803815841058,45.603274353879925,-51.99040271093471,odd_even_discrepancy;long_relative_to_circular_transit;not_recovered_at_fixed_ephemeris
219463771,2,11.13138071200099,2392.6834185841776,0.24375,0.0019003816360969573,1.2614785616142097,1.747274457083249,43.40156247382021,-7.556675390412814,outside_nominal_optimistic_hz;long_relative_to_circular_transit;not_recovered_at_fixed_ephemeris
219463771,3,11.144825570184588,2396.3021685841777,0.24375,0.0019857618118531758,1.2895050253364353,1.744464527335409,45.29276652419554,-21.659145764224082,outside_nominal_optimistic_hz;long_relative_to_circular_transit;not_recovered_at_fixed_ephemeris
219463771,4,14.862731254750729,2391.4084185841775,0.24375,0.00217507743319286,1.349574373335103,1.1883973560211225,44.26364665125634,-60.27406049771125,odd_even_discrepancy;long_relative_to_circular_transit;not_recovered_at_fixed_ephemeris
219704346,1,10.5880949046694,2394.9489238298574,0.24375,0.0005422335357719548,0.6484058959707811,1.7966376408023976,8.689082980807049,-3.9428499479332,dominated_by_one_event;outside_nominal_optimistic_hz;long_relative_to_circular_transit;not_recovered_at_fixed_ephemeris
219704346,2,11.392769255499676,2398.1900488298575,0.17550000000000002,0.0005225207988075887,0.6365104809468978,1.6294655863782768,5.851557815578252,-0.5381894711462896,fewer_than_three_discovery_events;outside_nominal_optimistic_hz;long_relative_to_circular_transit;not_recovered_at_fixed_ephemeris;low_nominal_snr
219704346,3,13.433576214298604,2391.7426738298573,0.24375,0.0004442812468547465,0.5869252035050966,1.308063226620556,5.851443773512567,-1.3383376175954234,fewer_than_three_discovery_events;long_relative_to_circular_transit;not_recovered_at_fixed_ephemeris;low_nominal_snr
219704346,4,13.068516075431283,2400.2926738298574,0.24375,0.0004136401715461088,0.5663242036720587,1.3570084734033783,5.44376276706021,2.9417716283447173,fewer_than_three_discovery_events;dominated_by_one_event;long_relative_to_circular_transit;not_recovered_at_fixed_ephemeris;low_nominal_snr
219773818,1,4.5515022482824605,1685.1030268571953,0.24375,0.005254247885385578,1.2031297194363666,1.7961604938664406,61.530671779184765,-0.4036232025822701,outside_nominal_optimistic_hz;long_relative_to_circular_transit;not_recovered_at_fixed_ephemeris
219773818,2,4.551036737001192,1683.9967768571953,0.24375,0.005934436481247788,1.2786359728015275,1.7964054628775608,67.2740163978205,9.671012270395899,outside_nominal_optimistic_hz;long_relative_to_circular_transit
219773818,3,4.551238046470226,1686.2655268571953,0.24375,0.006584159592511594,1.3468131567644746,1.7962995193195717,72.77975167546906,8.015396269521526,odd_even_discrepancy;outside_nominal_optimistic_hz;long_relative_to_circular_transit
219773818,4,4.550541934751893,1687.4280268571954,0.24375,0.00750583529217976,1.4379927310639031,1.7966659099728668,77.73208836875735,14.980000526495074,outside_nominal_optimistic_hz;long_relative_to_circular_transit
219775481,1,13.91911568406976,1689.9967531658087,0.24375,0.0011499636532057796,0.5036102411055297,0.45066925655928824,7.733855381015325,-0.47162742438198463,long_relative_to_circular_transit;not_recovered_at_fixed_ephemeris
219775481,2,12.974088830201051,1686.9285031658087,0.12675,0.0010757679954974024,0.4870929075941386,0.4949609869615442,5.869625076059529,0.056215744884178756,long_relative_to_circular_transit;outside_initial_small_planet_radius_range;not_recovered_at_fixed_ephemeris;low_nominal_snr
219775481,3,26.4353787764996,1695.899253165809,0.08775000000000001,0.0030173345416746535,0.8157634225297563,0.19161348736482034,5.979681228676125,-0.535128273688426,outside_nominal_optimistic_hz;not_recovered_at_fixed_ephemeris;low_nominal_snr
219775481,4,20.78942404804208,1686.3123781658087,0.025,0.003001835074721881,0.8136655150570626,0.26396733112636084,5.625756600659543,-0.4356239186249795,not_recovered_at_fixed_ephemeris;low_nominal_snr
219824489,1,8.357628307142901,1900.4791413638886,0.17550000000000002,0.004227650688622735,1.4910164353754929,1.7387975158178723,28.01408914620434,9.279640385806081,outside_nominal_optimistic_hz;long_relative_to_circular_transit
219824489,2,10.5923488785889,1901.5843163410143,0.17550000000000002,0.003962354075156114,1.4434758528785416,1.267759029397167,24.115615932819722,5.92116367490941,long_relative_to_circular_transit
219824489,3,8.362134821085686,1901.0308163410143,0.17550000000000002,0.003637844699203739,1.3831043906046643,1.7375481998618638,24.11531269156158,-5.791870945960118,odd_even_discrepancy;outside_nominal_optimistic_hz;long_relative_to_circular_transit;not_recovered_at_fixed_ephemeris
219824489,4,8.36336241238352,1903.2448163410143,0.17550000000000002,0.003887560125766771,1.4297873224943953,1.7372081537158515,23.95861852172606,17.385822035014364,outside_nominal_optimistic_hz;long_relative_to_circular_transit
219881072,1,26.179568279426434,1735.2197779813343,0.24375,0.0012236075718446223,0.6264386049105939,0.21192901088442406,5.8762283443728505,2.401485310804622,long_relative_to_circular_transit;not_recovered_at_fixed_ephemeris;low_nominal_snr
219881072,2,7.130164621042179,1715.0537779813344,0.08775000000000001,0.0010103969196525898,0.5692505286178721,1.2004414309066347,5.76450398861794,1.1172534905828924,long_relative_to_circular_transit;not_recovered_at_fixed_ephemeris;low_nominal_snr
219881072,3,29.55962394762054,1738.2760279813342,0.24375,0.0011693773904578426,0.612399436107728,0.18024996073476893,5.515139308211231,-1.4547828982584754,outside_nominal_optimistic_hz;long_relative_to_circular_transit;not_recovered_at_fixed_ephemeris;low_nominal_snr
219881072,4,14.365683756936924,1725.6194029813344,0.039,0.0022234845081316084,0.8444510689072141,0.47174283875335693,5.5603772574031956,0.14168809701880003,not_recovered_at_fixed_ephemeris;low_nominal_snr
219884888,1,42.3862123691039,1714.2585704709636,0.24375,0.0009838750145116139,0.7329887802652757,0.23906536046092328,11.892320712520226,2.055260294210562,odd_even_discrepancy;long_relative_to_circular_transit;not_recovered_at_fixed_ephemeris
219884888,2,9.577356111987086,1689.5179454709637,0.1875,0.0003638440454736822,0.445743477605335,1.7370885260844668,7.825709417063797,0.35055869335261497,outside_nominal_optimistic_hz;long_relative_to_circular_transit;outside_initial_small_planet_radius_range;not_recovered_at_fixed_ephemeris
219884888,3,34.78949880011108,1711.5960704709637,0.24375,0.0006044751111767059,0.5745351091087607,0.3110894168841093,7.050167428346822,3.007147907027525,long_relative_to_circular_transit;not_recovered_at_fixed_ephemeris
219884888,4,43.98214100268331,1708.1194454709637,0.17550000000000002,0.0006702205581733386,0.604973335996248,0.2275696339429254,6.516668932216488,-0.17683812829544432,dominated_by_one_event;long_relative_to_circular_transit;not_recovered_at_fixed_ephemeris;low_nominal_snr
22007699,1,10.01416192292293,1906.2672274576776,0.17550000000000002,0.004184183543018539,1.0312686296105127,0.5670423596500461,5.687788285369775,-0.94328707043172,dominated_by_one_event;long_relative_to_circular_transit;not_recovered_at_fixed_ephemeris;low_nominal_snr
22007699,2,5.542051562300082,1901.4207274576777,0.17550000000000002,0.0022412407014359265,0.7547631597152114,1.2479798298334812,3.5498474149561594,-0.8725188791542904,long_relative_to_circular_transit;not_recovered_at_fixed_ephemeris;low_nominal_snr
22413602,1,4.5544790767300425,2393.8872830152914,0.24375,0.006030133119301698,1.204107833987262,1.3345878488535416,10.665968231629883,3.3942747730512406,long_relative_to_circular_transit;not_recovered_at_fixed_ephemeris
22413602,2,3.651579391613702,2392.0411580152913,0.17550000000000002,0.006382298256935704,1.238769431703798,1.7918065432997674,10.171710502639357,2.6563689382896936,outside_nominal_optimistic_hz;long_relative_to_circular_transit;not_recovered_at_fixed_ephemeris
22413602,3,3.6436142862419665,2391.5821580152915,0.17550000000000002,0.005908611126424379,1.1919132183099117,1.7970310718856919,10.013230727193765,3.6970446509918022,outside_nominal_optimistic_hz;long_relative_to_circular_transit;not_recovered_at_fixed_ephemeris
22413602,4,3.651464730547235,2392.5136580152916,0.17550000000000002,0.005848830078268894,1.1858682301395764,1.7918815639794303,9.764940469356544,5.404936786246549,outside_nominal_optimistic_hz;long_relative_to_circular_transit
224289450,1,14.76001149630045,1870.9656849974922,0.24375,0.007413943065729202,2.1719518390585737,0.9887609351403696,7.741564836866745,0.0,long_relative_to_circular_transit;outside_initial_small_planet_radius_range;insufficient_holdout_events
224289450,2,20.563174187240534,1885.3769349974923,0.08775000000000001,0.012423780590692124,2.8115930048690174,0.6354577608274136,6.434941630753668,-6.171521602146293,fewer_than_three_discovery_events;dominated_by_one_event;outside_initial_small_planet_radius_range;insufficient_holdout_events;low_nominal_snr
224289450,3,17.194911210200367,1882.0113099974922,0.025,0.021163519271708155,3.6696066289564473,0.8066286509283573,6.187762309854654,0.6329492886466338,fewer_than_three_discovery_events;dominated_by_one_event;outside_initial_small_planet_radius_range;not_recovered_at_fixed_ephemeris;low_nominal_snr
224289450,4,15.326711460376007,1875.9820599974921,0.058499999999999996,0.009296804441411365,2.4321615334625877,0.9403183658249844,6.014976974700648,-0.7160930202109014,outside_initial_small_planet_radius_range;not_recovered_at_fixed_ephemeris;low_nominal_snr
22535327,1,3.272039842809892,3666.258140226809,0.24375,0.0022097551493327878,0.5543823825028035,1.4716045145114693,12.590209189901008,20.360997002886172,long_relative_to_circular_transit
22535327,2,3.2571422212123777,3667.7018902268087,0.24375,0.0023375236159277266,0.570184420799436,1.4805858448043476,13.119064906596105,7.859398410348912,long_relative_to_circular_transit
22535327,3,3.2974874361144377,3665.658140226809,0.24375,0.0024885889188595084,0.5883204229448655,1.4564816696247116,11.911909398877901,22.99189760496386,long_relative_to_circular_transit
22535327,4,3.2648042402748354,3668.0408074265583,0.24375,0.0024071562958715544,0.57861473360599,1.475954699376326,12.023311396652943,13.673681237438371,long_relative_to_circular_transit
22872366,1,6.90551046703046,2886.4936808632697,0.039,0.005908463502029813,1.0240253244587783,0.7328184875162597,4.6012299132591625,-0.8274409170042447,not_recovered_at_fixed_ephemeris;low_nominal_snr
229142295,1,9.847181386621177,2092.8403669279282,0.24375,0.0015432157792579946,1.0252382870850483,1.4754658759575903,19.67013089209025,-0.6936012699630874,long_relative_to_circular_transit;not_recovered_at_fixed_ephemeris
229142295,2,14.338118451257897,2101.7653669279284,0.24375,0.0023946415661451562,1.2771201204638987,0.8940370871338139,19.195868928003854,1.0464410652451859,fewer_than_three_discovery_events;dominated_by_one_event;long_relative_to_circular_transit;not_recovered_at_fixed_ephemeris
229142295,3,8.946772669146965,2089.7091169279283,0.24375,0.0013960889040088905,0.9751423687166557,1.6767045785415118,19.34377673572975,-1.9175493555007053,outside_nominal_optimistic_hz;long_relative_to_circular_transit;not_recovered_at_fixed_ephemeris
229142295,4,12.9698260940524,2098.221616927928,0.24375,0.0014090441243631603,0.97965641203303,1.0219576122187524,16.314208940342194,8.803842019752068,long_relative_to_circular_transit
229152539,1,13.486235756824096,4153.785227113286,0.24375,0.00047011361634311075,0.5137770925351512,0.8708239724866115,8.247585393300504,-0.9600933378719989,long_relative_to_circular_transit;not_recovered_at_fixed_ephemeris
229152539,2,26.597851488250004,4171.366420270903,0.039,0.0014220801674877416,0.893583953773481,0.3520918428371826,6.268935367280091,-0.02945571132740186,not_recovered_at_fixed_ephemeris;low_nominal_snr
229152539,3,12.914267476674494,4158.098920270903,0.025,0.0011107032989718041,0.7897185737680534,0.922624542672325,5.934629869969428,-0.32756648246844405,not_recovered_at_fixed_ephemeris;low_nominal_snr
229152539,4,11.980583697108612,4159.2760452709035,0.12675,0.0004433017722930262,0.4989109724621908,1.0197195271511605,5.553787858591033,-2.0325258437563605,long_relative_to_circular_transit;outside_initial_small_planet_radius_range;not_recovered_at_fixed_ephemeris;low_nominal_snr
229157898,1,14.367473004225841,2098.504281659534,0.12675,0.001665770428042732,0.7933067763967262,0.6329416786999817,6.235899418704635,1.7160531532353729,dominated_by_one_event;long_relative_to_circular_transit;not_recovered_at_fixed_ephemeris;low_nominal_snr
229157898,2,7.837898964110089,2090.208156659534,0.039,0.0019359843111571985,0.8552331115548114,1.4199443800442286,5.665608184376729,0.7961440157307371,not_recovered_at_fixed_ephemeris;low_nominal_snr
229157898,3,6.79557002321204,2089.632156659534,0.025,0.0017812377561131092,0.820341223526852,1.717524832999625,5.083958734707729,-1.186240160087955,outside_nominal_optimistic_hz;not_recovered_at_fixed_ephemeris;low_nominal_snr
229157898,4,12.88557070956249,2092.824906659534,0.058499999999999996,0.001636266976779576,0.7862500260390023,0.7318116793210993,5.076289846240081,0.972817859142848,not_recovered_at_fixed_ephemeris;low_nominal_snr
229404121,1,4.487345925272394,1687.3562682503168,0.22950000000000004,0.004993728683089209,1.0803241754679316,1.7890272514212529,24.55667198543227,15.20352487507063,outside_nominal_optimistic_hz;long_relative_to_circular_transit
229404121,2,4.487143325342299,1686.3707682503168,0.17550000000000002,0.005549594746024027,1.1388650323717493,1.7891349545476678,24.285129002254987,10.174275649278268,outside_nominal_optimistic_hz;long_relative_to_circular_transit
229404121,3,4.488032359087794,1684.8396432503168,0.24375,0.004974354375268674,1.0782264569973274,1.788662424135943,24.476382001536205,-6.026989123420041,outside_nominal_optimistic_hz;long_relative_to_circular_transit;not_recovered_at_fixed_ephemeris
229404121,4,4.487174334487987,1683.8597682503168,0.22950000000000004,0.004561108246953211,1.0324685062527175,1.7891184691967765,22.05426996828221,9.370518942633193,outside_nominal_optimistic_hz;long_relative_to_circular_transit
229565468,1,12.550876277176789,1957.6218790542812,0.24375,0.0028766890084303263,1.0366527666946999,0.6811220382996044,5.242100424240363,0.0,dominated_by_one_event;long_relative_to_circular_transit;insufficient_holdout_events;low_nominal_snr
229565468,2,20.569501178863664,1967.9343790542812,0.24375,0.002055929088792855,0.8763768961614219,0.3524996178342377,3.7720229103026246,0.0,dominated_by_one_event;long_relative_to_circular_transit;insufficient_holdout_events;low_nominal_snr
229575381,1,21.62407605207174,1968.1782104365948,0.24375,0.0003923194654504598,0.5255811607849225,0.605218039905456,4.808420420942648,1.8257977098796871,fewer_than_three_discovery_events;long_relative_to_circular_transit;not_recovered_at_fixed_ephemeris;low_nominal_snr
229647609,1,13.547889051527456,1691.337334820295,0.17550000000000002,0.0017985580999779008,0.5881384119405354,0.2785292758861359,6.5622344789248865,1.1998896017266518,long_relative_to_circular_transit;not_recovered_at_fixed_ephemeris;low_nominal_snr
229647609,2,13.39148773829504,1696.106209820295,0.08775000000000001,0.002857320413135463,0.7413047461257295,0.28287501367837364,5.660628921551587,-0.04182804464728094,long_relative_to_circular_transit;not_recovered_at_fixed_ephemeris;low_nominal_snr
229647609,3,4.306641581293638,1685.850709820295,0.24375,0.0008232548807924881,0.39790964462997436,1.2838512834838123,5.395100871534188,0.8444520594217678,long_relative_to_circular_transit;outside_initial_small_planet_radius_range;not_recovered_at_fixed_ephemeris;low_nominal_snr
229647609,4,14.684058790904992,1691.5769598202949,0.08775000000000001,0.0025208517074020026,0.6962912826024243,0.2501717149992601,5.8778679029750105,0.11501892978902066,long_relative_to_circular_transit;not_recovered_at_fixed_ephemeris;low_nominal_snr
230437453,1,21.988554617778437,1698.285988680141,0.24375,0.0016401965282102095,0.7606589486486223,0.3228246203232298,7.131347641711913,0.7117201798503965,fewer_than_three_discovery_events;long_relative_to_circular_transit;not_recovered_at_fixed_ephemeris
230437453,2,8.517931752811558,1686.2856136801408,0.039,0.0018161185631725486,0.8004129995700715,1.1431854395199663,5.177431654050897,0.9206058406316604,not_recovered_at_fixed_ephemeris;low_nominal_snr
230437453,3,21.638297146718795,1688.254738680141,0.24375,0.0009106029438857605,0.5667696154850873,0.32981073336522065,4.86480292331377,-1.0883143409617737,long_relative_to_circular_transit;not_recovered_at_fixed_ephemeris;low_nominal_snr
231008047,1,6.763013238437955,1355.211799351619,0.1875,0.0027462704303483,0.7610915130294951,0.9523727086648082,5.333747464188654,-2.4871719208493492,long_relative_to_circular_transit;not_recovered_at_fixed_ephemeris;low_nominal_snr
231008047,2,12.228930669990076,1363.1005493516188,0.025,0.010224602287233282,1.468548996070318,0.43232393601332814,5.2336026769157264,1.142637194154504,not_recovered_at_fixed_ephemeris;low_nominal_snr
231008047,3,7.688282639012829,1360.780549351619,0.039,0.007436091944128786,1.2523842700330987,0.8027028487566074,5.543560645832368,0.420024632453264,not_recovered_at_fixed_ephemeris;low_nominal_snr
231008047,4,10.033429248864932,1354.656799351619,0.058499999999999996,0.005502679278199118,1.0773388695943118,0.5628526757178042,5.094164660142961,0.8718451548461651,not_recovered_at_fixed_ephemeris;low_nominal_snr
231057252,1,6.300768601588248,1359.0169132286112,0.058499999999999996,0.00792485709618204,1.516470288938762,1.3184251241785627,14.598657237998095,-3.272644173573591,not_recovered_at_fixed_ephemeris
231057252,2,6.082459585080198,1356.1999132286112,0.058499999999999996,0.007643658566625096,1.4893227576631234,1.3818933753017235,14.703252064178619,5.918785697055034,
231057252,3,5.212834179726438,1355.5507882286113,0.08775000000000001,0.005644168122517614,1.279788363177018,1.6975202501663236,14.319978850831067,2.879701105487149,outside_nominal_optimistic_hz;long_relative_to_circular_transit;not_recovered_at_fixed_ephemeris
231057252,4,4.995362834053386,1354.2469132286112,0.058499999999999996,0.006533296150004273,1.3769062097631128,1.7967629886090926,14.457086337326194,-4.099058184505782,outside_nominal_optimistic_hz;not_recovered_at_fixed_ephemeris
231733039,1,14.918322904013165,2037.500015866852,0.24375,0.002134159771082518,0.6810214967944337,0.30030513751136445,10.70130981198576,-1.151396681590638,dominated_by_one_event;odd_even_discrepancy;long_relative_to_circular_transit;not_recovered_at_fixed_ephemeris
231733039,2,19.55567481757917,2039.3948908668522,0.135,0.0026944750490562695,0.7652166999888449,0.20932721251068867,9.21753836277362,0.32562638972016344,dominated_by_one_event;long_relative_to_circular_transit;not_recovered_at_fixed_ephemeris
231733039,3,15.415207196358535,2046.875015866852,0.24375,0.00168027858936644,0.604279697337617,0.28746850974034033,8.855208728854414,-1.5525654567167984,dominated_by_one_event;odd_even_discrepancy;long_relative_to_circular_transit;not_recovered_at_fixed_ephemeris
231733039,4,6.5218900453716735,2041.3812658668521,0.24375,0.000709804166779619,0.3927503931919441,0.9050893806150987,7.837055786390887,0.1553565078727713,long_relative_to_circular_transit;outside_initial_small_planet_radius_range;not_recovered_at_fixed_ephemeris
231815113,1,27.437687104209722,1339.192318962549,0.24375,0.006726093780629882,1.4776752223398293,0.19280361859410505,27.375596884171898,2.3120293916739922,dominated_by_one_event;odd_even_discrepancy;outside_nominal_optimistic_hz;long_relative_to_circular_transit;not_recovered_at_fixed_ephemeris
231815113,2,13.552532714362348,1329.8923189625489,0.24375,0.001542070418960599,0.707537780881946,0.4938001608800345,10.998982236274164,-0.3208458744464303,long_relative_to_circular_transit;not_recovered_at_fixed_ephemeris
231815113,3,17.922552552232236,1328.561068962549,0.24375,0.0011989181585640918,0.6238674124574132,0.340182547814045,7.790491482322151,1.803023404506454,long_relative_to_circular_transit;not_recovered_at_fixed_ephemeris
231815113,4,21.67658267932478,1338.404818962549,0.24375,0.0012803908287735714,0.6447165359764753,0.26399199460890577,6.951901152162727,1.6972156452914196,long_relative_to_circular_transit;not_recovered_at_fixed_ephemeris;low_nominal_snr
231917352,1,34.353858436823515,1468.480351081711,0.24375,0.0004580290813717934,0.6543621124481233,0.4452667911027997,8.325782931958697,0.19789860083039298,fewer_than_three_discovery_events;long_relative_to_circular_transit;not_recovered_at_fixed_ephemeris
231917352,2,13.073520998763929,1439.7632260817109,0.17550000000000002,0.00028209584937198166,0.513534904107552,1.614597378449437,7.244842421852816,0.000710771063806099,outside_nominal_optimistic_hz;long_relative_to_circular_transit;not_recovered_at_fixed_ephemeris
231917352,3,16.638354957372556,1441.118476081711,0.0975,0.0004083114395789833,0.6178277243899057,1.1706861700840525,6.9283438671654025,-1.0905173385998554,not_recovered_at_fixed_ephemeris;low_nominal_snr
231917352,4,12.023884669332288,1443.475726081711,0.17550000000000002,0.00025740075465705134,0.4905423723047238,1.805210837585576,5.975034555735133,0.9837933572051896,outside_nominal_optimistic_hz;long_relative_to_circular_transit;outside_initial_small_planet_radius_range;not_recovered_at_fixed_ephemeris;low_nominal_snr
231973593,1,6.123772551267841,2176.4632935456043,0.17550000000000002,0.0011631331343794926,0.46551996832769266,0.9911085496371078,5.356437610754556,0.6808788426769732,long_relative_to_circular_transit;outside_initial_small_planet_radius_range;not_recovered_at_fixed_ephemeris;low_nominal_snr
231973593,2,22.68056121545115,2187.4702935456044,0.058499999999999996,0.004084822914585713,0.8723890737963138,0.17295836160953762,5.457428493846553,2.1943197858260843,outside_nominal_optimistic_hz;not_recovered_at_fixed_ephemeris;low_nominal_snr
231973593,3,18.070743123781657,2177.2995435456046,0.039,0.004419849481078143,0.9074596860498484,0.23415958604434875,5.431003199522131,-1.1723195148904146,not_recovered_at_fixed_ephemeris;low_nominal_snr
231973593,4,10.167145234247414,2175.9245435456046,0.025,0.0040990583845770074,0.8739078749436648,0.504136244426624,5.608993276168241,2.804038609170673,not_recovered_at_fixed_ephemeris;low_nominal_snr
232048036,1,14.444064547200995,2187.5090064012,0.24375,0.02536346005250838,2.5912189183094747,0.411968668616548,12.595309388890712,3.979236117738444,odd_even_discrepancy;long_relative_to_circular_transit;outside_initial_small_planet_radius_range;not_recovered_at_fixed_ephemeris
232048036,2,13.376364848496248,2180.2568814012,0.17550000000000002,0.024740437151396524,2.5591959556025907,0.45638630877669056,11.25291579264228,-0.87450820989653,long_relative_to_circular_transit;outside_initial_small_planet_radius_range;not_recovered_at_fixed_ephemeris
232048036,3,10.504832503504774,2182.8027564012,0.24375,0.019105389561160105,2.248939668315999,0.6298897953388735,10.173160349620234,0.695216372438439,long_relative_to_circular_transit;outside_initial_small_planet_radius_range;not_recovered_at_fixed_ephemeris
232048036,4,17.34004403907572,2178.7902564012,0.24375,0.023787900716659156,2.509446347384544,0.322886450255778,10.212506760232806,-2.9757085473728146,long_relative_to_circular_transit;outside_initial_small_planet_radius_range;not_recovered_at_fixed_ephemeris
232607684,1,16.3058160048335,1693.6077188198935,0.17550000000000002,0.0017555873854630864,0.5124397802093603,0.1792928528010065,6.343927743708399,0.7248201227949886,outside_nominal_optimistic_hz;long_relative_to_circular_transit;not_recovered_at_fixed_ephemeris;low_nominal_snr
232607684,2,6.866597766129733,1689.4718438198936,0.24375,0.0009998170823843594,0.3867157736388169,0.5680207708733923,6.000834952634039,-0.45042067703461325,long_relative_to_circular_transit;outside_initial_small_planet_radius_range;not_recovered_at_fixed_ephemeris;low_nominal_snr
232607684,3,16.85416569749771,1690.7659688198935,0.039,0.004033176089071195,0.7767033929462801,0.17155762093750598,5.377546300782208,0.5708501378385813,outside_nominal_optimistic_hz;not_recovered_at_fixed_ephemeris;low_nominal_snr
232607684,4,17.1432284397628,1700.3712188198936,0.17550000000000002,0.0016073493960875314,0.4903280699412888,0.16771151328792772,5.361248467366907,-0.44016066904676415,outside_nominal_optimistic_hz;long_relative_to_circular_transit;outside_initial_small_planet_radius_range;not_recovered_at_fixed_ephemeris;low_nominal_snr
232612888,1,26.198818783889028,1709.2153018736867,0.24375,0.0012776170096455695,0.6323083906729805,0.24716406780339778,7.815902030137938,0.9479477568412409,long_relative_to_circular_transit;not_recovered_at_fixed_ephemeris
232612888,2,26.118805692025727,1683.9586768736867,0.039,0.004316588609611784,1.1622483344944317,0.24817414214728925,6.446128259732218,0.3588555175238899,fewer_than_three_discovery_events;dominated_by_one_event;not_recovered_at_fixed_ephemeris;low_nominal_snr
232612888,3,15.941801312186826,1691.0840518736868,0.24375,0.0008082392154657852,0.502919600067005,0.47934083264046884,6.128917283254596,2.2160748335469016,long_relative_to_circular_transit;not_recovered_at_fixed_ephemeris;low_nominal_snr
232612888,4,13.767826631185569,1691.8479268736867,0.058499999999999996,0.0015791336533855923,0.7029720320287083,0.5828280305793393,6.267523463951448,-0.3566952542971314,not_recovered_at_fixed_ephemeris;low_nominal_snr
232970271,1,3.0639346792613282,1871.3462222170403,0.17550000000000002,0.006438461858061115,0.9462990560505362,1.544670126144604,25.251444102402417,11.633769094815236,outside_nominal_optimistic_hz;long_relative_to_circular_transit
232970271,2,3.062954365162152,1873.3982222170405,0.17550000000000002,0.0065014803884521685,0.9509188832885419,1.5453293339949297,24.711324771794978,37.41235324951796,outside_nominal_optimistic_hz;long_relative_to_circular_transit
232970271,3,3.06139830542914,1872.366932097452,0.24375,0.005594082188081277,0.8820673861239134,1.5463767109093622,24.90499116512295,-2.753974950045287,outside_nominal_optimistic_hz;long_relative_to_circular_transit;not_recovered_at_fixed_ephemeris
232970271,4,3.0629953297697003,1871.841932097452,0.24375,0.00523484668934598,0.8532755999913312,1.5453017776710134,22.719080964215912,36.020357642271634,outside_nominal_optimistic_hz;long_relative_to_circular_transit
232981773,1,34.89231890565638,1897.5139714047052,0.24375,0.00252208727372999,0.8993681244623226,0.17541925217026488,7.0189686736918615,0.6789918854951934,fewer_than_three_discovery_events;dominated_by_one_event;outside_nominal_optimistic_hz;long_relative_to_circular_transit;not_recovered_at_fixed_ephemeris
232981773,2,28.29303844360316,1883.8827214047053,0.24375,0.002275243256788418,0.8542231831552466,0.23199444170256234,6.785279873119239,0.5456545640863877,dominated_by_one_event;long_relative_to_circular_transit;not_recovered_at_fixed_ephemeris;low_nominal_snr
232981773,3,29.81943027998791,1885.5139714047052,0.24375,0.002056156536781268,0.8120551466846122,0.21629737249650288,5.779998833254821,-1.4572847695961673,fewer_than_three_discovery_events;long_relative_to_circular_transit;not_recovered_at_fixed_ephemeris;low_nominal_snr
232981773,4,21.132246544818546,1891.1952214047053,0.24375,0.001609995929605006,0.7185712296862452,0.342338813368276,5.198023746746671,-1.787579440762103,long_relative_to_circular_transit;not_recovered_at_fixed_ephemeris;low_nominal_snr
233049114,1,16.313134872715047,1696.1279118971054,0.24375,0.0020123320477812333,0.7298769995196442,0.4033414222713972,6.474227104498928,-0.7322668249151564,long_relative_to_circular_transit;not_recovered_at_fixed_ephemeris;low_nominal_snr
233049114,2,8.962352008633243,1689.4056618971053,0.08775000000000001,0.0020730986457170473,0.7408151241763637,0.8963825591928309,6.086437517251152,1.226953482512424,long_relative_to_circular_transit;not_recovered_at_fixed_ephemeris;low_nominal_snr
233049114,3,26.604917022860562,1695.2654118971052,0.24375,0.0032166025499097924,0.9227808157314471,0.21010683602399344,5.987123309050033,-0.004546866857711224,long_relative_to_circular_transit;not_recovered_at_fixed_ephemeris;low_nominal_snr
233049114,4,23.922790893020377,1693.0972868971053,0.025,0.005985069854430255,1.2587354630476593,0.2420881893804376,6.05734409022365,-0.7997010294169347,not_recovered_at_fixed_ephemeris;low_nominal_snr
233068870,1,5.60359470736841,1683.729088661568,0.08775000000000001,0.002500658984988232,0.8955393454875402,1.6617063037638535,75.57582041497479,40.95785066754521,odd_even_discrepancy;outside_nominal_optimistic_hz;long_relative_to_circular_transit
233068870,2,5.323419633962536,1686.530338661568,0.11475000000000002,0.002223371470521412,0.8444296035127797,1.7793263894781322,73.70195875606201,59.82277411492645,odd_even_discrepancy;outside_nominal_optimistic_hz;long_relative_to_circular_transit
233068870,3,5.323184050727015,1688.771338661568,0.11475000000000002,0.002126469713286178,0.8258231185577058,1.7794313849233967,73.19500880795499,61.332169734924875,outside_nominal_optimistic_hz;long_relative_to_circular_transit
233068870,4,5.323271720805742,1687.6545316067507,0.11475000000000002,0.002154437196274212,0.8312360215712143,1.7793923105922762,72.25892430602346,95.7737061503437,outside_nominal_optimistic_hz;long_relative_to_circular_transit
233463911,1,11.349970376953916,1907.6159863098342,0.12675,0.0022400076158721775,0.8992647780162049,0.7649004350703944,4.684719764004659,-0.8541442620085578,long_relative_to_circular_transit;not_recovered_at_fixed_ephemeris;low_nominal_snr
233640927,1,6.151803082053906,1932.7623960212172,0.24375,0.0015423941776070706,0.7076120509831317,1.7240100988007492,9.84047155549074,-0.9311217836561307,outside_nominal_optimistic_hz;long_relative_to_circular_transit;not_recovered_at_fixed_ephemeris
233640927,2,6.182712551818139,1934.6936460212173,0.24375,0.0016083816813194957,0.7225902395619235,1.712527805840724,8.874929497276781,6.025596422616442,outside_nominal_optimistic_hz;long_relative_to_circular_transit
233640927,3,6.179584144889501,1930.6436460212174,0.24375,0.0016780844907620263,0.738081710537991,1.7136838568442485,9.417711568949027,11.339441936776959,outside_nominal_optimistic_hz;long_relative_to_circular_transit
233640927,4,6.341371105501418,1935.7248960212173,0.24375,0.0017012025489347889,0.7431483953168655,1.655638359561275,7.239999567356622,-7.049038188142809,outside_nominal_optimistic_hz;long_relative_to_circular_transit;not_recovered_at_fixed_ephemeris
234526939,1,8.105434146988296,1330.1770647660392,0.24375,0.0026545344877724254,0.9845682404774508,1.2744742707273717,45.15043495148586,25.985681908124242,odd_even_discrepancy;long_relative_to_circular_transit
234526939,2,6.239346784567742,1327.6645647660393,0.24375,0.002382573033361193,0.9327703816875249,1.8065387512975544,42.56257631073152,-3.399251558958096,odd_even_discrepancy;outside_nominal_optimistic_hz;long_relative_to_circular_transit;not_recovered_at_fixed_ephemeris
234526939,3,6.240618049409397,1329.5208147660392,0.24375,0.0022757304077526434,0.9116162176929758,1.8060480923691011,38.89441164484264,28.441164895281304,outside_nominal_optimistic_hz;long_relative_to_circular_transit
234526939,4,6.242742224295725,1328.9020647660393,0.24375,0.0022626918547101202,0.9090009627335903,1.8052287634513593,37.44380308400859,-3.2108772783992343,outside_nominal_optimistic_hz;long_relative_to_circular_transit;not_recovered_at_fixed_ephemeris
235564220,1,27.10891380699213,2664.1694602212265,0.24375,0.000914125983069882,0.7857666125380549,0.4019869793791751,8.062126576049392,-0.9052578074914898,fewer_than_three_discovery_events;long_relative_to_circular_transit;not_recovered_at_fixed_ephemeris
235564220,2,13.837783265922004,2650.613210221227,0.24375,0.0009952601116998527,0.8198961444370207,0.9853853690749077,7.384954154570802,-1.3812539216298594,fewer_than_three_discovery_events;dominated_by_one_event;long_relative_to_circular_transit;not_recovered_at_fixed_ephemeris
235564220,3,24.082505290840874,2663.2863352212266,0.03,0.0016818831836144983,1.0658312731342223,0.47071632025904303,6.112945914497179,0.4260311150426604,not_recovered_at_fixed_ephemeris;low_nominal_snr
235564220,4,13.800748695713558,2645.3069602212267,0.24375,0.0003542572988788241,0.48915888713826594,0.9889126787371117,5.256597086685163,0.8225817146876891,long_relative_to_circular_transit;outside_initial_small_planet_radius_range;not_recovered_at_fixed_ephemeris;low_nominal_snr
235711434,1,15.513719765289698,1684.478475253705,0.12675,0.0016412606050213421,0.5883747155913981,0.24861645185062212,5.407366276157035,-1.0570399680854854,long_relative_to_circular_transit;not_recovered_at_fixed_ephemeris;low_nominal_snr
235711434,2,4.2544994433260275,1684.762725253705,0.24375,0.0006568864577486407,0.37222915210840785,1.395360716571225,5.19389672817558,-0.2744051662096714,long_relative_to_circular_transit;outside_initial_small_planet_radius_range;not_recovered_at_fixed_ephemeris;low_nominal_snr
235711434,3,4.383548211822094,1685.643975253705,0.24375,0.0007177012593539138,0.38907836560969167,1.3408599028622097,5.2012510529370415,-2.1562345802783636,long_relative_to_circular_transit;outside_initial_small_planet_radius_range;not_recovered_at_fixed_ephemeris;low_nominal_snr
235711434,4,14.469308885371643,1687.147100253705,0.025,0.004987769031996593,1.0256953720029116,0.27282703496203503,5.592091820491159,0.9337751009895621,not_recovered_at_fixed_ephemeris;low_nominal_snr
23580752,1,12.726555773027767,1544.662870655525,0.24375,0.002170073242657125,0.951245007277824,0.8653491790379667,9.530963216970614,1.636597303116849,fewer_than_three_discovery_events;dominated_by_one_event;long_relative_to_circular_transit;not_recovered_at_fixed_ephemeris
23580752,2,15.219418172968433,1555.3483984562981,0.17550000000000002,0.0014973821369514,0.7901717853044716,0.6817238680246616,6.604353240495031,1.782269174496867,fewer_than_three_discovery_events;long_relative_to_circular_transit;not_recovered_at_fixed_ephemeris;low_nominal_snr
23580752,3,13.778909458231105,1557.7705234562982,0.24375,0.001556559460823887,0.8056344928107967,0.7783700274621081,6.550473388920133,0.572506346162577,fewer_than_three_discovery_events;long_relative_to_circular_transit;not_recovered_at_fixed_ephemeris;low_nominal_snr
23580752,4,19.797407690422254,1553.7111484562981,0.039,0.0020841021528594053,0.932212013470395,0.4800960475439728,5.701625574054233,1.3151884552924866,not_recovered_at_fixed_ephemeris;low_nominal_snr
236391010,1,25.505732048421734,1957.3964485123474,0.24375,0.014803757711511434,2.0992137336386487,0.22794205157559272,14.715990928386049,0.0,fewer_than_three_discovery_events;dominated_by_one_event;long_relative_to_circular_transit;outside_initial_small_planet_radius_range;insufficient_holdout_events
236391010,2,23.032432146884233,1972.0214485123474,0.24375,0.009655704603413239,1.6953628415472797,0.261149045446736,9.811932488186999,-4.114915656377863,fewer_than_three_discovery_events;dominated_by_one_event;long_relative_to_circular_transit;insufficient_holdout_events
236391010,3,16.067230983612074,1969.3266985123475,0.12675,0.00699681281036512,1.4431809990079805,0.42210464085332666,7.46339034194003,1.6519214650770802,fewer_than_three_discovery_events;dominated_by_one_event;long_relative_to_circular_transit;insufficient_holdout_events
236391010,4,6.115727563166144,1959.6464485123474,0.24375,0.0022050904967795652,0.8101844128217344,1.530185218443253,6.234694967415785,-1.1847830370059813,outside_nominal_optimistic_hz;long_relative_to_circular_transit;not_recovered_at_fixed_ephemeris;low_nominal_snr
236770208,1,21.76460881817575,1688.101361373458,0.24375,0.0007655986080177247,0.4048731286698268,0.22788924369138336,6.642398715435591,0.07015921493976719,long_relative_to_circular_transit;outside_initial_small_planet_radius_range;not_recovered_at_fixed_ephemeris;low_nominal_snr
236770208,2,15.532245848097567,1697.663861373458,0.24375,0.0006741901450790917,0.3799352476349312,0.3573380859672873,6.494958998480656,1.64575088814463,long_relative_to_circular_transit;outside_initial_small_planet_radius_range;not_recovered_at_fixed_ephemeris;low_nominal_snr
236770208,3,17.60341952195205,1686.0201113734581,0.24375,0.0006367354932316166,0.3692307952996687,0.30240961553716955,6.0180743650845,-0.45993039382602435,long_relative_to_circular_transit;outside_initial_small_planet_radius_range;not_recovered_at_fixed_ephemeris;low_nominal_snr
236770208,4,14.629440381875884,1696.082111373458,0.12675,0.0009249103470376143,0.4450083961956182,0.387038971539788,6.11636447546499,-0.9514069995799871,long_relative_to_circular_transit;outside_initial_small_planet_radius_range;not_recovered_at_fixed_ephemeris;low_nominal_snr
238010220,1,17.37808021579798,3666.795840256251,0.12675,0.0016886308401497239,0.6641140396654169,0.335803901908853,6.210238935489586,-1.2278469144483726,long_relative_to_circular_transit;not_recovered_at_fixed_ephemeris;low_nominal_snr
238010220,2,28.32907001626107,3675.870465256251,0.17550000000000002,0.00169294214166209,0.6649612854321754,0.17502968500347055,5.653663298639031,-0.40420927276611,dominated_by_one_event;outside_nominal_optimistic_hz;long_relative_to_circular_transit;not_recovered_at_fixed_ephemeris;low_nominal_snr
238010220,3,10.708892566164305,3668.186340256251,0.24375,0.0010180737205549727,0.5156617483508044,0.6403666697381097,5.566743617153049,-0.01856175920017303,long_relative_to_circular_transit;not_recovered_at_fixed_ephemeris;low_nominal_snr
238010220,4,20.739048082323137,3666.525715256251,0.025,0.003718502516492666,0.985506159555303,0.26527910496272417,5.449314276592534,0.26236515924157155,not_recovered_at_fixed_ephemeris;low_nominal_snr
238034112,1,25.44039532963679,2215.510785453341,0.039,0.012637772815625397,1.792262902384708,0.2001312927190277,9.899231122084366,-0.050029784425517074,fewer_than_three_discovery_events;dominated_by_one_event;outside_nominal_optimistic_hz;not_recovered_at_fixed_ephemeris
238034112,2,26.009376381169695,2214.900660453341,0.24375,0.0041974021022461415,1.0328963230329193,0.19431525153441942,8.562315931774457,-0.6087162299670364,fewer_than_three_discovery_events;dominated_by_one_event;outside_nominal_optimistic_hz;long_relative_to_circular_transit;not_recovered_at_fixed_ephemeris
238034112,3,27.41098562575216,2201.918910453341,0.11475000000000002,0.0026425377561138685,0.8195529995207256,0.18118153681001922,6.424896940157145,1.3073654025318682,dominated_by_one_event;outside_nominal_optimistic_hz;long_relative_to_circular_transit;not_recovered_at_fixed_ephemeris;low_nominal_snr
238034112,4,25.29890016244302,2215.489260036402,0.058499999999999996,0.006311244090865189,1.2665546452785477,0.20162511125124438,5.7226221544098035,0.12599526534631328,fewer_than_three_discovery_events;dominated_by_one_event;outside_nominal_optimistic_hz;not_recovered_at_fixed_ephemeris;low_nominal_snr
23872097,1,8.224536072815143,1743.7259366927526,0.1875,0.0016142149112626262,0.5966685863355041,1.741202208263454,5.511178959779256,0.6352029855040366,outside_nominal_optimistic_hz;long_relative_to_circular_transit;not_recovered_at_fixed_ephemeris;low_nominal_snr
23872097,2,8.397211684683338,1745.4869366927526,0.058499999999999996,0.00250114962175058,0.7427152348166464,1.6936264218774266,4.673692137454694,-0.06256341803895422,outside_nominal_optimistic_hz;not_recovered_at_fixed_ephemeris;low_nominal_snr
238950307,1,24.590831748428606,2180.1040502766455,0.12675,0.0005562104545854164,0.4584090298693789,0.3560934815848293,6.589547778696536,-1.4217671452333898,long_relative_to_circular_transit;outside_initial_small_planet_radius_range;not_recovered_at_fixed_ephemeris;low_nominal_snr
238950307,2,7.618453769664235,2174.4921752766454,0.17550000000000002,0.0002481135682233912,0.3061673303495263,1.698657677269227,5.555455693094105,-0.10729105809912722,outside_nominal_optimistic_hz;long_relative_to_circular_transit;outside_initial_small_planet_radius_range;not_recovered_at_fixed_ephemeris;low_nominal_snr
238950307,3,8.509527143620032,2175.263934062158,0.03,0.0006928352655970388,0.5116212597794717,1.4657314652437423,5.992901573219612,0.12551184007334307,not_recovered_at_fixed_ephemeris;low_nominal_snr
238950307,4,32.6734331728664,2184.934434062158,0.039,0.0009027567941235154,0.5840082374302235,0.24378217882662287,5.29363752268896,0.064725805644446,not_recovered_at_fixed_ephemeris;low_nominal_snr
239154651,1,12.459798516293786,2500.468523479283,0.24375,0.002864614319903427,0.6370494791950941,0.29032752843091286,5.856934651392048,0.5439225537127593,long_relative_to_circular_transit;not_recovered_at_fixed_ephemeris;low_nominal_snr
239154651,2,12.91404801395375,2506.4517409844816,0.051000000000000004,0.005767729395599969,0.9039460761364677,0.2767916899800045,5.969201776103638,-0.3548028339100892,not_recovered_at_fixed_ephemeris;low_nominal_snr
239154651,3,13.893903444785549,2509.2548659844815,0.12675,0.0033236969134653126,0.6862001246315466,0.2510752330125935,5.23565084640066,-0.5710499926207019,long_relative_to_circular_transit;insufficient_holdout_events;low_nominal_snr
239154651,4,17.53420396901031,2515.4764909844816,0.058499999999999996,0.005732617392124153,0.9011904154749534,0.18410044461020875,5.526461455618605,0.18370693073679248,outside_nominal_optimistic_hz;not_recovered_at_fixed_ephemeris;low_nominal_snr
240821194,1,10.515861934230331,2884.523942100001,0.24375,0.0020321600281072963,0.6300898878022367,0.45036377287571994,4.92497001346121,-6.618646145399726,long_relative_to_circular_transit;not_recovered_at_fixed_ephemeris;low_nominal_snr
24090627,1,5.129874893352201,1960.2760153599634,0.08775000000000001,0.0031960851428382564,0.9136597083537105,1.809874255253915,4.761262729366485,1.1220954273061354,outside_nominal_optimistic_hz;long_relative_to_circular_transit;not_recovered_at_fixed_ephemeris;low_nominal_snr
24108819,1,11.89143682843404,1960.95828370773,0.24375,0.003195572735321511,0.7037084932048767,0.26908493757301505,5.344674574685985,-2.603233121915232,long_relative_to_circular_transit;not_recovered_at_fixed_ephemeris;low_nominal_snr
24108819,2,6.582954073235585,1960.1374087077302,0.17550000000000002,0.002092867968599651,0.5694942646491674,0.5919804966039405,5.2996879850376075,-0.3989515535549546,long_relative_to_circular_transit;not_recovered_at_fixed_ephemeris;low_nominal_snr
24108819,3,6.127823698239167,1959.24640870773,0.17550000000000002,0.0023621505067537014,0.6050234697950122,0.6513186036804678,4.766693218214506,-2.7420937321109866,long_relative_to_circular_transit;not_recovered_at_fixed_ephemeris;low_nominal_snr
24186139,1,4.011297215804849,2116.626233424527,0.24375,0.0038937101510527067,0.8108534312762425,1.3203745741165684,8.7482517218922,-5.572557983422639,long_relative_to_circular_transit;not_recovered_at_fixed_ephemeris
24186139,2,4.028216640576099,2117.413733424527,0.24375,0.00375750465748831,0.7965449946632375,1.3129852579284567,8.314955521240595,2.429406900775833,long_relative_to_circular_transit;not_recovered_at_fixed_ephemeris
24186139,3,3.2166520823074807,2119.0262334245267,0.24375,0.0037766377925069006,0.7985704148028762,1.7723037488784779,7.765655304170585,-6.467759155249639,outside_nominal_optimistic_hz;long_relative_to_circular_transit;not_recovered_at_fixed_ephemeris
24186139,4,4.072041433532652,2119.7255367820417,0.24375,0.0038638742751048198,0.807740841463271,1.2941780341999514,7.094893015298998,4.358755135959047,long_relative_to_circular_transit;not_recovered_at_fixed_ephemeris
242064626,1,4.484398659749007,2204.599176491063,0.12675,0.003965781756419781,0.8458300385650537,1.2337937530440313,6.360865604909956,-1.3223848671583671,long_relative_to_circular_transit;not_recovered_at_fixed_ephemeris;low_nominal_snr
242064626,2,4.112333093229722,2203.1291764910634,0.24375,0.002927311525455495,0.7266966707315615,1.3848321566857218,6.022609103363922,2.730431780689403,long_relative_to_circular_transit;not_recovered_at_fixed_ephemeris;low_nominal_snr
242064626,3,4.073028710732958,2205.679176491063,0.24375,0.0031679154955494074,0.7559716224363598,1.4026787700866792,6.1552405739329235,7.2176551865707745,long_relative_to_circular_transit;low_nominal_snr
242064626,4,4.042393051535783,2204.2298733056127,0.24375,0.002619485909062439,0.6874272320937991,1.416870421739055,5.693980343935158,5.291777702335476,long_relative_to_circular_transit;low_nominal_snr
24344174,1,4.748066998494213,2175.5121529235767,0.24375,0.004258049512225835,0.9191971128796523,1.2102744862334147,9.633779658762382,-7.426217376550523,long_relative_to_circular_transit;not_recovered_at_fixed_ephemeris
24344174,2,4.802559513879201,2178.812152923577,0.24375,0.0044178660357353855,0.9362882415820886,1.1919992684391896,9.147171815007905,-8.347887034960763,long_relative_to_circular_transit;not_recovered_at_fixed_ephemeris
24344174,3,7.553599629926185,2180.1059029235767,0.24375,0.006390270048573983,1.126063557747282,0.6516799813507352,8.561391238550222,-0.7621013176851887,fewer_than_three_discovery_events;long_relative_to_circular_transit;not_recovered_at_fixed_ephemeris
24344174,4,4.7725299563865,2174.7621529235767,0.24375,0.0036666935061660695,0.8529834458961036,1.202010086400087,8.139244885115229,10.092579701073985,long_relative_to_circular_transit
249744004,1,14.255069869122174,1751.8811537621432,0.12675,0.004603346699508318,1.000193893455606,0.38478379882410757,7.4521890364364864,0.47671255611627295,long_relative_to_circular_transit;insufficient_holdout_events
249744004,2,16.56031243547228,1744.7831537621432,0.12675,0.005041647817108017,1.0467274384044476,0.3150778525229677,6.628271142077892,-1.107196504647665,fewer_than_three_discovery_events;dominated_by_one_event;long_relative_to_circular_transit;not_recovered_at_fixed_ephemeris;low_nominal_snr
249744004,3,11.372505598130044,1738.942903762143,0.12675,0.00366123809386391,0.8919927868770141,0.520037145708112,5.891987994579289,-0.43190498169881364,long_relative_to_circular_transit;not_recovered_at_fixed_ephemeris;low_nominal_snr
249744004,4,8.694898172305722,1743.386278762143,0.17550000000000002,0.0024172142493450754,0.7247778779777793,0.7438577828392576,5.67922382912348,0.6239225336226599,long_relative_to_circular_transit;not_recovered_at_fixed_ephemeris;low_nominal_snr
250189641,1,3.753453127628756,1441.1518140178293,0.24375,0.0022858341539872366,0.6734814787605649,1.796201599879389,6.8160804492528495,-7.255624787397391,outside_nominal_optimistic_hz;long_relative_to_circular_transit;not_recovered_at_fixed_ephemeris;low_nominal_snr
250189641,2,3.736557511428762,1440.1768140178294,0.24375,0.0021956939399620486,0.6600687917839901,1.8070389479140376,6.577864796045958,7.487032264494724,outside_nominal_optimistic_hz;long_relative_to_circular_transit;low_nominal_snr
250189641,3,3.736319003374282,1439.2955640178293,0.24375,0.0020349146438487717,0.6354427025662497,1.807192752743085,6.037996542040884,-3.885801761706126,outside_nominal_optimistic_hz;long_relative_to_circular_transit;not_recovered_at_fixed_ephemeris;low_nominal_snr
250189641,4,7.574277199778356,1445.6143140178294,0.24375,0.0024336736352091955,0.6949194491162219,0.7043818352844308,5.214906425600064,0.878585567297126,long_relative_to_circular_transit;not_recovered_at_fixed_ephemeris;low_nominal_snr
250834020,1,4.613318198286132,2886.6978232118,0.24375,0.0035974271541376257,0.8121407031706733,1.1297239841699764,6.588104198150512,0.9568998965756712,long_relative_to_circular_transit;not_recovered_at_fixed_ephemeris;low_nominal_snr
250834020,2,11.669874262896489,2883.8485732118,0.08775000000000001,0.007119779298062396,1.1425324367366183,0.32776959217695073,5.769341682071472,-2.5572700857602957,long_relative_to_circular_transit;not_recovered_at_fixed_ephemeris;low_nominal_snr
250834020,3,4.688155368209942,2885.3434482118,0.025,0.008423970796974977,1.242778408044979,1.1057430925969471,5.121964011320373,1.1711873226251701,not_recovered_at_fixed_ephemeris;low_nominal_snr
250834020,4,9.402920258216716,2890.5496982118,0.0325,0.009819188679956355,1.3417545465102334,0.4371594715899468,4.8955720113441785,0.12147270001552095,not_recovered_at_fixed_ephemeris;low_nominal_snr
25153167,1,4.854844916265136,3671.6008597608184,0.11475000000000002,0.003935393890947627,1.0412410447758746,1.7425458944688457,24.5923042961402,5.570001902671857,outside_nominal_optimistic_hz;long_relative_to_circular_transit
25153167,2,4.854793933949903,3668.619688346965,0.08775000000000001,0.004372590721665921,1.097555752111265,1.7425702934940288,24.402427544988374,11.5604348632382,outside_nominal_optimistic_hz;long_relative_to_circular_transit
25153167,3,4.854367183176236,3670.1316883469653,0.11475000000000002,0.00384887685171681,1.0297319393969644,1.7427745505649208,24.804055532451972,-19.39488051540111,outside_nominal_optimistic_hz;long_relative_to_circular_transit;not_recovered_at_fixed_ephemeris
25153167,4,4.854695736319374,3668.2551883469655,0.11475000000000002,0.003933804384324031,1.0410307447732827,1.7426172904251138,24.55644516173282,17.3930255216937,outside_nominal_optimistic_hz;long_relative_to_circular_transit
252110114,1,3.8929394605668177,1768.4019728859978,0.058499999999999996,0.0030678119774456896,0.8225586343465826,1.8350601304812308,16.9007133327511,,outside_nominal_optimistic_hz;long_relative_to_circular_transit;no_independent_holdout
252110114,2,3.892236127770552,1766.1834728859978,0.058499999999999996,0.0028484092419313344,0.7925993087572889,1.8355022745511482,16.188845175890307,,outside_nominal_optimistic_hz;long_relative_to_circular_transit;no_independent_holdout
252110114,3,6.669937322272516,1765.3554728859979,0.058499999999999996,0.0030875581782233946,0.825201618250774,0.8950723934990458,15.931258650316423,,no_independent_holdout
252110114,4,3.8905120993324496,1765.9134728859979,0.058499999999999996,0.002927753342434451,0.8035626436109734,1.836586859041234,14.911623533649411,,outside_nominal_optimistic_hz;long_relative_to_circular_transit;no_independent_holdout
252748546,1,19.448029185127908,1745.4284005593108,0.24375,0.00162517750110805,0.7659726038446651,0.3470092637466714,5.4972365429917325,-0.31382836965996413,long_relative_to_circular_transit;not_recovered_at_fixed_ephemeris;low_nominal_snr
252748546,2,13.066316478179907,1741.5595255593107,0.058499999999999996,0.0025894485532390542,0.9668664253471798,0.5897088357402912,5.255073872905184,-0.15555677976981058,insufficient_holdout_events;low_nominal_snr
252748546,3,18.29484489498408,1750.7877755593108,0.025,0.00588781480471197,1.4579408569145211,0.37647564827707986,5.228393547741861,0.9281019630185261,fewer_than_three_discovery_events;dominated_by_one_event;insufficient_holdout_events;low_nominal_snr
252748546,4,5.8181783221419705,1741.3109005593108,0.08775000000000001,0.001848006543402668,0.8167978546030648,1.7343064068424112,5.100506391191599,0.5732474262508397,outside_nominal_optimistic_hz;long_relative_to_circular_transit;not_recovered_at_fixed_ephemeris;low_nominal_snr
253790710,1,10.222606154882135,1657.235712797219,0.17550000000000002,0.00619256227528416,1.0999140478384748,0.4570627529313745,7.501676942441782,2.334525651099478,dominated_by_one_event;long_relative_to_circular_transit;not_recovered_at_fixed_ephemeris
253790710,2,5.067041755100197,1658.708907528816,0.17550000000000002,0.003971724131500335,0.8808725877674443,1.165159442547326,6.086066260176254,-0.5396839881995279,long_relative_to_circular_transit;not_recovered_at_fixed_ephemeris;low_nominal_snr
253790710,3,5.870136385104598,1661.9882825288162,0.24375,0.0038531219264082667,0.8676207565761144,0.9576211905644516,4.918961451611445,0.9288207258900215,long_relative_to_circular_transit;not_recovered_at_fixed_ephemeris;low_nominal_snr
255932726,1,4.610452798793287,1960.3205001745785,0.24375,0.003440000521689779,1.0247379606989355,1.80418365143206,36.56344985177263,-25.536547261700715,odd_even_discrepancy;outside_nominal_optimistic_hz;long_relative_to_circular_transit;not_recovered_at_fixed_ephemeris
255932726,2,4.609695932816903,1956.2121303183167,0.17550000000000002,0.003558639816031679,1.0422588397381896,1.804578634125656,35.362272420127475,-15.26184443402132,outside_nominal_optimistic_hz;long_relative_to_circular_transit;not_recovered_at_fixed_ephemeris
255932726,3,4.610301176166885,1958.2688561233476,0.22950000000000004,0.0032172988522716386,0.9910128194799641,1.8042627660213864,35.66178083824044,-33.135077116071216,outside_nominal_optimistic_hz;long_relative_to_circular_transit;not_recovered_at_fixed_ephemeris
255932726,4,4.607869057678516,1957.7693561233477,0.22950000000000004,0.0031455074972949306,0.9798936261541815,1.805532642040888,34.58121305823511,3.1753300851394726,outside_nominal_optimistic_hz;long_relative_to_circular_transit;not_recovered_at_fixed_ephemeris
25605269,1,17.961994039384283,1519.3027277236515,0.24375,0.002684996855216259,0.6733369382218783,0.18899866168861032,5.2873035563750115,-1.842545863834027,outside_nominal_optimistic_hz;long_relative_to_circular_transit;not_recovered_at_fixed_ephemeris;low_nominal_snr
25605269,2,3.328929509820777,1521.1446027236514,0.025,0.004546980075280565,0.8762379825257506,1.7886498375226672,5.664575243349282,-0.344578798475016,outside_nominal_optimistic_hz;not_recovered_at_fixed_ephemeris;low_nominal_snr
25605269,3,4.0294312252274125,1520.1333527236513,0.17550000000000002,0.0017373324172501867,0.5416291265153265,1.386563603557331,4.9147944238715615,0.14533428634083775,long_relative_to_circular_transit;not_recovered_at_fixed_ephemeris;low_nominal_snr
257398691,1,8.069516336100081,1994.2652816055067,0.24375,0.005943772886619534,0.9513123493397905,0.46697500124378283,7.654741507440214,-0.43966647498201444,long_relative_to_circular_transit;insufficient_holdout_events
257398691,2,6.643253205619487,1988.5736110021758,0.24375,0.004855260395935709,0.8598016904842576,0.6052236602731506,7.671281649368727,-0.3287717093269121,long_relative_to_circular_transit;not_recovered_at_fixed_ephemeris
257398691,3,3.322785845152927,1988.1048610021758,0.24375,0.003854566901469658,0.7660900560625917,1.5243586860487284,7.640331473990225,-2.527924533276306,outside_nominal_optimistic_hz;long_relative_to_circular_transit;not_recovered_at_fixed_ephemeris
257398691,4,17.146124445988782,1995.1736110021757,0.24375,0.011957582579400917,1.3493161723001899,0.1709499625928919,7.220507648558232,-2.7351716633703704,fewer_than_three_discovery_events;outside_nominal_optimistic_hz;long_relative_to_circular_transit;insufficient_holdout_events
257798328,1,13.084300677052546,1992.672575493068,0.24375,0.004560177928493383,1.9467420452294857,1.151227862529828,18.79497356149607,-56.36542994911467,dominated_by_one_event;odd_even_discrepancy;long_relative_to_circular_transit;not_recovered_at_fixed_ephemeris
257798328,2,14.92534287464024,1997.997575493068,0.24375,0.005653451407643133,2.1675760635919348,0.9658941976391325,18.576301211263438,-21.118437330040738,fewer_than_three_discovery_events;dominated_by_one_event;long_relative_to_circular_transit;outside_initial_small_planet_radius_range;not_recovered_at_fixed_ephemeris
257798328,3,21.937973037730828,2001.410075493068,0.24375,0.006188888911116661,2.2678997768673987,0.5779629268733785,18.73917859272902,-32.35174635701202,fewer_than_three_discovery_events;dominated_by_one_event;long_relative_to_circular_transit;outside_initial_small_planet_radius_range;not_recovered_at_fixed_ephemeris
257798328,4,13.04109303649044,1989.766325493068,0.24375,0.004321050141531764,1.8950128863903442,1.1563163201439532,17.881498617150267,-5.55468331315464,odd_even_discrepancy;long_relative_to_circular_transit;not_recovered_at_fixed_ephemeris
258280834,1,8.66904908936162,2392.047734655099,0.24375,0.0015443522253992198,0.7209348977767099,1.4513086046645551,9.954614896240383,-7.556012637662593,long_relative_to_circular_transit;not_recovered_at_fixed_ephemeris
258280834,2,20.763993299359523,2395.516484655099,0.24375,0.002024901181369481,0.8255146528392404,0.4528703415266545,8.595953815255701,2.9263243978664364,long_relative_to_circular_transit;not_recovered_at_fixed_ephemeris
258280834,3,8.601528642902165,2397.4477346550984,0.24375,0.0014139981834508392,0.6898382879494432,1.4665184571863692,7.449948080827616,-0.21959713238662915,long_relative_to_circular_transit;not_recovered_at_fixed_ephemeris
258280834,4,17.493258131105172,2407.4789846550984,0.24375,0.001827433506054075,0.7842303781232042,0.5691509261367376,7.644033860139871,-3.093071420788545,long_relative_to_circular_transit;not_recovered_at_fixed_ephemeris
258399091,1,4.977353801087468,2392.691295060156,0.12675,0.008822444993348841,1.2308051745866482,1.187192240585083,6.808784836373599,2.717023448095657,long_relative_to_circular_transit;not_recovered_at_fixed_ephemeris;low_nominal_snr
258399091,2,6.0247407309341465,2396.185920060156,0.17550000000000002,0.009001182267460548,1.2432103348709251,0.9203109366850883,6.622413635574102,-0.5038542349094332,long_relative_to_circular_transit;not_recovered_at_fixed_ephemeris;low_nominal_snr
258399091,3,6.2788754443877215,2391.683670060156,0.135,0.008685750063622393,1.2212329062829257,0.8709834618659368,6.2371647194142,5.3076349162603815,long_relative_to_circular_transit;low_nominal_snr
258399091,4,6.727023178912262,2393.306295060156,0.24375,0.006603063350252078,1.0647988312785732,0.794490119412708,5.690092595334871,3.6096473229258836,dominated_by_one_event;long_relative_to_circular_transit;not_recovered_at_fixed_ephemeris;low_nominal_snr
259901346,1,13.07001279467248,3857.384585645563,0.24375,0.0008524707326278075,0.4591090129269323,0.42790341287276057,9.484099925183397,0.5347028021348365,long_relative_to_circular_transit;outside_initial_small_planet_radius_range;not_recovered_at_fixed_ephemeris
259901346,2,19.781998661789416,3864.0831062534253,0.058499999999999996,0.0011851668671117868,0.5413346552493672,0.24623713141085088,5.550808606100309,-0.3203237172982056,not_recovered_at_fixed_ephemeris;low_nominal_snr
259901346,3,15.141212445435066,3862.5433562534254,0.03,0.00170095708079173,0.6485190794934864,0.3516950290314393,5.518510525358146,-1.040698155379381,not_recovered_at_fixed_ephemeris;low_nominal_snr
259901346,4,5.395592514773665,3858.1239812534254,0.08775000000000001,0.0005995238469289575,0.3850164728419831,1.3920716082008886,5.39392862053059,-1.4442879683804921,long_relative_to_circular_transit;outside_initial_small_planet_radius_range;not_recovered_at_fixed_ephemeris;low_nominal_snr
261396626,1,14.012046527778377,3843.25609838024,0.12675,0.002213326882495217,0.7038124328197717,0.32504442821396196,6.385306023199095,0.03148176344544804,fewer_than_three_discovery_events;dominated_by_one_event;long_relative_to_circular_transit;not_recovered_at_fixed_ephemeris;low_nominal_snr
261396626,2,7.893816889610465,3834.26172338024,0.039,0.0028671699371558656,0.8010523006990663,0.6986002814711053,6.032086962733348,1.2156434853798719,not_recovered_at_fixed_ephemeris;low_nominal_snr
261396626,3,3.997475189886237,3833.55072338024,0.039,0.0017277397133807167,0.6218323514435474,1.7307345002019445,5.600518139220036,0.4851499419735818,outside_nominal_optimistic_hz;not_recovered_at_fixed_ephemeris;low_nominal_snr
261396626,4,3.9716161982056057,3831.91834838024,0.24375,0.0005988595648249049,0.36609740468040625,1.745775747236162,4.957529082892332,2.5309784460758533,outside_nominal_optimistic_hz;long_relative_to_circular_transit;outside_initial_small_planet_radius_range;not_recovered_at_fixed_ephemeris;low_nominal_snr
262465715,1,11.60705759746398,1444.7684653052072,0.058499999999999996,0.00719181571809372,0.9908699110497856,0.2791940328129887,4.984939181600865,-0.14870312103741354,fewer_than_three_discovery_events;dominated_by_one_event;not_recovered_at_fixed_ephemeris;low_nominal_snr
264178910,1,27.441068928292058,1813.4245508552026,0.24375,0.0016957760609338664,0.7644459061018297,0.20202294867328757,7.484835479294964,1.1232219652047015,outside_nominal_optimistic_hz;long_relative_to_circular_transit;not_recovered_at_fixed_ephemeris
264178910,2,14.88451001201433,1790.9245508552026,0.24375,0.0008150894120553202,0.5299868999840316,0.4566912406162387,5.412736729899045,0.34492662833415405,long_relative_to_circular_transit;not_recovered_at_fixed_ephemeris;low_nominal_snr
264178910,3,12.27782342263595,1791.870940921825,0.0675,0.0018090791716183397,0.7895711946527401,0.5903463662753095,5.577989087354571,0.7746770362745408,not_recovered_at_fixed_ephemeris;low_nominal_snr
264178910,4,5.756122371396605,1794.690190921825,0.058499999999999996,0.001148688774841442,0.6291637578255977,1.6209217421580786,5.483502572099709,-1.054294617148756,outside_nominal_optimistic_hz;not_recovered_at_fixed_ephemeris;low_nominal_snr
268337013,1,13.975012897035567,2235.038447967477,0.12675,0.003150925065904367,0.8213673279742841,0.359142741700418,6.4685034978949325,1.9009155403632276,long_relative_to_circular_transit;not_recovered_at_fixed_ephemeris;low_nominal_snr
268337013,2,22.423826766677053,2240.722697967477,0.24375,0.003732103274122605,0.8939129164945212,0.19118643597694837,6.1819851768129634,-0.29989330344503556,fewer_than_three_discovery_events;dominated_by_one_event;outside_nominal_optimistic_hz;long_relative_to_circular_transit;not_recovered_at_fixed_ephemeris;low_nominal_snr
268337013,3,8.85595031480401,2235.083072967477,0.039,0.005288799151685822,1.0641354796642803,0.659816474755341,6.173524491087424,-3.853530302058612,not_recovered_at_fixed_ephemeris;low_nominal_snr
268337013,4,21.999355336593247,2229.937697967477,0.08775000000000001,0.004049498539780264,0.9311486318319581,0.19612070427170167,6.063822471722208,-0.6201155358151665,dominated_by_one_event;outside_nominal_optimistic_hz;not_recovered_at_fixed_ephemeris;low_nominal_snr
268626115,1,9.798696739828637,2863.0551809554513,0.24375,0.002437307253097424,0.7547389510048076,0.6356398409307953,6.580375793674261,0.6174866294489367,long_relative_to_circular_transit;not_recovered_at_fixed_ephemeris;low_nominal_snr
268626115,2,9.852337973975395,2858.512906822936,0.08775000000000001,0.003139899816074015,0.8566423070762537,0.631029696175301,5.617017343497293,-1.3508172418034092,long_relative_to_circular_transit;not_recovered_at_fixed_ephemeris;low_nominal_snr
268626115,3,12.58149854369394,2860.3774068229363,0.24375,0.0026332456613178605,0.7844898196199147,0.455469224179238,5.368307487321008,0.4961592477042433,long_relative_to_circular_transit;not_recovered_at_fixed_ephemeris;low_nominal_snr
268626115,4,15.280753970767034,2858.5024068229363,0.24375,0.0024160863070551387,0.751446118427188,0.3514869093649715,5.179302070664294,-0.041689103302768385,long_relative_to_circular_transit;not_recovered_at_fixed_ephemeris;low_nominal_snr
268860915,1,3.071570227333916,2118.575948814017,0.16575,0.0015786103348406327,0.5119565054088108,1.8412490649247693,4.818231262223125,-0.20991267138874928,outside_nominal_optimistic_hz;long_relative_to_circular_transit;not_recovered_at_fixed_ephemeris;low_nominal_snr
270672809,1,4.977357087792498,1325.5984324476162,0.24375,0.0033667998326035718,0.9947681885691305,1.8419377530714836,32.49708102348194,-5.461101925901205,outside_nominal_optimistic_hz;long_relative_to_circular_transit;not_recovered_at_fixed_ephemeris
270672809,2,4.977156919199409,1327.267885496619,0.24375,0.002994069228738923,0.9380892497770579,1.8420365244694004,28.68932816977037,6.583492745227566,outside_nominal_optimistic_hz;long_relative_to_circular_transit
270672809,3,4.975881037972076,1326.742885496619,0.24375,0.00297119050417168,0.9344982434374451,1.8426663145135056,28.219572077161118,7.0405048763051505,outside_nominal_optimistic_hz;long_relative_to_circular_transit
270672809,4,4.977434238827237,1327.8116354966191,0.24375,0.0029862919109087307,0.9368700791914488,1.8418996860595416,28.11015746103022,-12.880087738931568,outside_nominal_optimistic_hz;long_relative_to_circular_transit;not_recovered_at_fixed_ephemeris
27117515,1,4.073667255712104,2362.3429820550264,0.24375,0.007995107088763888,1.3278977613062672,1.7934087243216492,34.856212212670904,-14.314113884982747,odd_even_discrepancy;outside_nominal_optimistic_hz;long_relative_to_circular_transit;not_recovered_at_fixed_ephemeris
27117515,2,4.066361516699666,2365.0804820550266,0.24375,0.0079021586100492,1.320156344984624,1.7977061280335185,33.94638850255991,-12.294788691325262,outside_nominal_optimistic_hz;long_relative_to_circular_transit;not_recovered_at_fixed_ephemeris
27117515,3,4.056744712338331,2364.4242320550266,0.24375,0.00816121955469224,1.3416215540292673,1.803390493617533,34.20311433860326,13.570692591999173,outside_nominal_optimistic_hz;long_relative_to_circular_transit
27117515,4,4.058812444557345,2365.7742320550265,0.24375,0.008697795140938484,1.385023312355649,1.8021656322310584,34.410927971630734,-18.79271806762672,outside_nominal_optimistic_hz;long_relative_to_circular_transit;not_recovered_at_fixed_ephemeris
271642286,1,27.35708702892643,1338.3038269035007,0.17550000000000002,0.0029535929195726837,0.9376613044421477,0.19771014960617317,8.401790716638034,-0.5862564392801165,dominated_by_one_event;odd_even_discrepancy;outside_nominal_optimistic_hz;long_relative_to_circular_transit;not_recovered_at_fixed_ephemeris
271642286,2,27.205588546911976,1350.632701903501,0.24375,0.0013991168517659336,0.6453534981190168,0.19917948264988514,5.821909816848145,-2.200727844593302,outside_nominal_optimistic_hz;long_relative_to_circular_transit;not_recovered_at_fixed_ephemeris;low_nominal_snr
271642286,3,28.019756712601804,1326.2430769035009,0.051000000000000004,0.0037810194140826293,1.0609016585779791,0.19150037140910328,5.7844010501439165,0.08843894363391186,outside_nominal_optimistic_hz;not_recovered_at_fixed_ephemeris;low_nominal_snr
271642286,4,14.960281016854367,1328.5860769035007,0.039,0.002682124138656496,0.893532003317103,0.44211552491660583,5.833896869315252,-0.7137714704854594,not_recovered_at_fixed_ephemeris;low_nominal_snr
271883146,1,15.798995771984378,3314.4379719235303,0.12675,0.004461844210339399,0.9117605599228785,0.22108072044885468,5.5696975598949425,-1.5418424320260544,long_relative_to_circular_transit;not_recovered_at_fixed_ephemeris;low_nominal_snr
271883146,2,18.151964693479417,3321.15309692353,0.039,0.008326950628106204,1.2455655719308096,0.18372094225446495,5.178216810726027,1.6268322759585814,outside_nominal_optimistic_hz;not_recovered_at_fixed_ephemeris;low_nominal_snr
271883146,3,14.22006151015892,3314.02584692353,0.058499999999999996,0.0064905400746412085,1.0996741561054777,0.25440260167761863,4.9156535362641325,-0.9990767422881047,not_recovered_at_fixed_ephemeris;low_nominal_snr
271946648,1,22.37644696679914,4056.561120690395,0.24375,0.00048823323850954813,0.5549515836020328,0.5280496353865979,6.89757550468283,0.6664875100303658,dominated_by_one_event;long_relative_to_circular_transit;not_recovered_at_fixed_ephemeris;low_nominal_snr
271946648,2,28.397752589530867,4057.535370690395,0.12675,0.0008566051997758488,0.7350752104901583,0.38431230507877595,7.008799013119716,2.8974922453416045,fewer_than_three_discovery_events;not_recovered_at_fixed_ephemeris
271946648,3,16.543911645353134,4049.818245690395,0.17550000000000002,0.0003885367687446121,0.4950595991060292,0.7898512606185547,5.986209545326381,3.090790733806931,long_relative_to_circular_transit;outside_initial_small_planet_radius_range;not_recovered_at_fixed_ephemeris;low_nominal_snr
271946648,4,25.099306452601663,4066.409745690395,0.058499999999999996,0.0010650516707803644,0.8196468285033928,0.4530859795589767,6.255890854153017,-1.0839290559529196,fewer_than_three_discovery_events;dominated_by_one_event;not_recovered_at_fixed_ephemeris;low_nominal_snr
272748597,1,23.355251171138676,1692.3582628714357,0.24375,0.0020856609765179013,0.7131345586095337,0.2190619828109273,6.85221646913075,0.7842862748943579,long_relative_to_circular_transit;not_recovered_at_fixed_ephemeris;low_nominal_snr
272748597,2,15.047130801322322,1691.2707628714359,0.24375,0.0015008086722993275,0.6049399840234011,0.39367829910081764,6.071638658656547,1.7012990089181885,long_relative_to_circular_transit;not_recovered_at_fixed_ephemeris;low_nominal_snr
272748597,3,14.576069163473733,1693.5770128714357,0.24375,0.0016454445266295033,0.6334192357160293,0.4107326023118314,5.9080290423866355,-0.8466143678029794,long_relative_to_circular_transit;not_recovered_at_fixed_ephemeris;low_nominal_snr
272748597,4,20.776284427827513,1690.877012871436,0.24375,0.001667347484058906,0.637621106322701,0.25604869165866045,5.656547314215324,0.4902084716240374,long_relative_to_circular_transit;not_recovered_at_fixed_ephemeris;low_nominal_snr
27322306,1,7.675059137712165,2640.6437312203598,0.12675,0.0038390274759062606,1.2652192893614085,1.179758746156501,13.754606698349795,-2.0702372514313216,long_relative_to_circular_transit;not_recovered_at_fixed_ephemeris
27322306,2,7.944026490793409,2648.3052125483764,0.12675,0.004286673529338239,1.3369507181880913,1.1268028445906482,12.624296655699661,-1.805312097022957,long_relative_to_circular_transit;not_recovered_at_fixed_ephemeris
27322306,3,5.560927939706673,2641.6849625483765,0.12675,0.0030622042726551686,1.1299839459483494,1.8128943263536768,11.795558593371814,-0.6019255498793461,outside_nominal_optimistic_hz;long_relative_to_circular_transit;not_recovered_at_fixed_ephemeris
27322306,4,5.559205282737735,2644.0662125483764,0.08775000000000001,0.003364555857647073,1.1844563639176537,1.8136433917721573,10.79460909773004,-0.33994065270246987,outside_nominal_optimistic_hz;long_relative_to_circular_transit;not_recovered_at_fixed_ephemeris
273369281,1,3.2443917857512297,2036.4764126973569,0.17550000000000002,0.0033353881926778883,0.7063253672311366,1.6451584314622891,29.113272406837712,20.20010247180821,outside_nominal_optimistic_hz;long_relative_to_circular_transit
273369281,2,3.2420770109144614,2037.779287502542,0.24375,0.002827484937002622,0.6503269628383339,1.646724762516525,26.651999372612757,16.64466386815523,outside_nominal_optimistic_hz;long_relative_to_circular_transit
273369281,3,3.2445068061616045,2037.104287502542,0.24375,0.002898523458427183,0.6584457824487969,1.6450806689789395,27.056476209537227,6.194169043128818,outside_nominal_optimistic_hz;long_relative_to_circular_transit
273369281,4,3.241270130201359,2039.091787502542,0.24375,0.003425124012673593,0.715763850557178,1.6472713653491025,29.0067562031913,-20.577048410622062,outside_nominal_optimistic_hz;long_relative_to_circular_transit;not_recovered_at_fixed_ephemeris
273515033,1,7.387689706367059,2038.5541289985651,0.24375,0.0022627125409413248,0.9609482675033314,1.6543323521689892,15.580254533406624,-2.643930238128021,odd_even_discrepancy;outside_nominal_optimistic_hz;long_relative_to_circular_transit;not_recovered_at_fixed_ephemeris
273515033,2,7.379564327085108,2043.410378998565,0.24375,0.0024810108105477085,1.0062355215753491,1.656761500808351,15.570891187691942,4.72912039896595,outside_nominal_optimistic_hz;long_relative_to_circular_transit;not_recovered_at_fixed_ephemeris
273515033,3,7.371709818563344,2040.822878998565,0.24375,0.0021844983287509293,0.9441938657254685,1.6591156100514193,15.338667544746148,-7.116479171489654,outside_nominal_optimistic_hz;long_relative_to_circular_transit;not_recovered_at_fixed_ephemeris
273515033,4,7.370492821020126,2041.254128998565,0.24375,0.0020448856920381904,0.9135237322220408,1.6594808855238075,14.089035116302703,-10.168617488076709,outside_nominal_optimistic_hz;long_relative_to_circular_transit;not_recovered_at_fixed_ephemeris
27351599,1,10.154826754765548,1740.3479682039099,0.058499999999999996,0.0007373897396268161,0.6968350630740887,1.8671885037522424,4.589311574906072,-0.29397953415672523,fewer_than_three_discovery_events;dominated_by_one_event;outside_nominal_optimistic_hz;not_recovered_at_fixed_ephemeris;low_nominal_snr
273589987,1,11.92004676511193,2770.186378003534,0.24375,0.001457607607016226,1.0047336401759908,1.3616213005564992,27.39401311177152,7.911587557848265,long_relative_to_circular_transit
273589987,2,9.494538732910872,2776.2810011379993,0.12675,0.0018167852657322509,1.121714747938323,1.8441452386776478,27.359410721782726,31.372216969446164,odd_even_discrepancy;outside_nominal_optimistic_hz;long_relative_to_circular_transit
273589987,3,9.47923257008448,2776.895251137999,0.12675,0.001777817171483155,1.1096197514281547,1.8481166404675138,24.127701227526675,69.16753247023462,odd_even_discrepancy;outside_nominal_optimistic_hz;long_relative_to_circular_transit
273589987,4,11.869721479251016,2773.876126137999,0.17550000000000002,0.001620834045853847,1.059497425161771,1.3693240768608355,24.117117084646544,-3.299222003070785,odd_even_discrepancy;long_relative_to_circular_transit;not_recovered_at_fixed_ephemeris
273647353,1,5.123672488228319,1817.1806287117026,0.24375,0.00604692169510513,0.9340571415464802,0.8209322369831703,10.142119240348968,-4.130617725753109,long_relative_to_circular_transit;not_recovered_at_fixed_ephemeris
273647353,2,5.056479505656512,1820.4618787117026,0.24375,0.004760709212951691,0.828785416609307,0.8355096240478799,7.9915800508056,-0.6642245926850285,long_relative_to_circular_transit;not_recovered_at_fixed_ephemeris
273647353,3,3.336678676028532,1817.4993787117025,0.24375,0.004957728433427045,0.845760970733603,1.4543310534007785,7.223871665868823,2.1772637010729357,long_relative_to_circular_transit;not_recovered_at_fixed_ephemeris
273647353,4,4.927324873268244,1818.8493787117027,0.24375,0.0041663091884558846,0.7753218460900687,0.8648368677521384,6.244334254762321,-2.837919811029708,long_relative_to_circular_transit;not_recovered_at_fixed_ephemeris;low_nominal_snr
274127413,1,3.1572555869075565,2771.361815842733,0.08775000000000001,0.004684138276654386,0.8594612122918202,1.6625708348170116,50.70960117162434,-0.42577087349628995,odd_even_discrepancy;outside_nominal_optimistic_hz;long_relative_to_circular_transit;not_recovered_at_fixed_ephemeris
274127413,2,3.1582904732396884,2772.144815842733,0.08775000000000001,0.004625900254126626,0.8541016486108572,1.6618445018522858,50.14328036502431,-13.584819925612342,outside_nominal_optimistic_hz;long_relative_to_circular_transit;not_recovered_at_fixed_ephemeris
274127413,3,7.100804469124842,2770.0523158427327,0.08775000000000001,0.006581089821173571,1.0187329124615976,0.5642216410954674,51.07285869492773,-28.102701032108676,long_relative_to_circular_transit;not_recovered_at_fixed_ephemeris
274127413,4,3.157321158465462,2772.6825410761935,0.08775000000000001,0.004800828718291467,0.8701007318901353,1.6625247970624528,51.92611308749273,-6.70256546272419,outside_nominal_optimistic_hz;long_relative_to_circular_transit;not_recovered_at_fixed_ephemeris
27416154,1,5.535532956372203,1743.1245601197265,0.058499999999999996,0.00266362111475062,0.7777300841009323,1.2301042349493283,4.501865044986679,-0.10819732715493734,long_relative_to_circular_transit;not_recovered_at_fixed_ephemeris;low_nominal_snr
27435948,1,10.488365894022206,1738.8792279461675,0.24375,0.0019530580264250305,0.8976026070145996,1.0565653914871949,9.00477304486373,-0.7293312676077061,fewer_than_three_discovery_events;dominated_by_one_event;long_relative_to_circular_transit;not_recovered_at_fixed_ephemeris
27435948,2,8.208787652098724,1747.3115223815862,0.08775000000000001,0.002202312609548585,0.9531604522971742,1.4648780067966785,6.074279293155992,0.8036931590486939,fewer_than_three_discovery_events;long_relative_to_circular_transit;not_recovered_at_fixed_ephemeris;low_nominal_snr
27435948,3,7.810776644987076,1747.0152976603817,0.08775000000000001,0.0018820113001570462,0.8811252470637401,1.5652409272330177,5.686396943174219,0.3091196324601638,dominated_by_one_event;outside_nominal_optimistic_hz;long_relative_to_circular_transit;not_recovered_at_fixed_ephemeris;low_nominal_snr
27435948,4,9.477627188214678,1742.8770871663817,0.22950000000000004,0.001027068549093835,0.6509179488114682,1.2094112164338782,5.459297520935483,0.6453596050165086,long_relative_to_circular_transit;not_recovered_at_fixed_ephemeris;low_nominal_snr
274393297,1,5.755009412565911,2801.0567174554485,0.16575,0.011366001786073138,1.9208851183707578,1.688636835230957,45.480877078737755,5.817608764102836,outside_nominal_optimistic_hz;long_relative_to_circular_transit
274393297,2,5.343983852229496,2797.3517174554486,0.12675,0.012399501412395767,2.006317416392183,1.8639923545467938,42.71971334323338,6.87543704308743,outside_nominal_optimistic_hz;long_relative_to_circular_transit;outside_initial_small_planet_radius_range
274393297,3,5.3440228891681745,2800.6407840388956,0.12675,0.012030482299213089,1.9762371142825128,1.8639741998175035,42.30422624091455,11.852993617594331,outside_nominal_optimistic_hz;long_relative_to_circular_transit
274393297,4,5.344109464381188,2801.4597840388956,0.16575,0.011427493533169884,1.926074245342887,1.8639339377860058,42.73098395626329,16.115394700796998,outside_nominal_optimistic_hz;long_relative_to_circular_transit
274626553,1,12.673847392638153,2680.8243702277073,0.24375,0.0006863764806448714,0.5292568808266961,0.7016404457401944,8.117144944264775,1.1887155084409247,long_relative_to_circular_transit;not_recovered_at_fixed_ephemeris
274626553,2,25.664869883235262,2678.7806202277075,0.24375,0.0004888588070814354,0.4466599757398552,0.2738674961730988,6.707345258209042,0.9949162462520034,long_relative_to_circular_transit;outside_initial_small_planet_radius_range;not_recovered_at_fixed_ephemeris;low_nominal_snr
274626553,3,22.424511181674994,2676.1031202277077,0.12675,0.0005810331245536817,0.4869515608383767,0.32786515815570205,6.333893279519148,2.0397172851224434,long_relative_to_circular_transit;outside_initial_small_planet_radius_range;not_recovered_at_fixed_ephemeris;low_nominal_snr
274626553,4,18.549002004165544,2687.1993702277073,0.24375,0.0003651387405088768,0.3860239699276834,0.4222456487287234,5.972649328925758,2.4378170966809627,long_relative_to_circular_transit;outside_initial_small_planet_radius_range;not_recovered_at_fixed_ephemeris;low_nominal_snr
274845559,1,3.8793772471792227,1956.6376466771294,0.12675,0.005946506352720578,0.9178485566250496,1.127832481190378,10.062443492318437,0.20100197365375172,long_relative_to_circular_transit;not_recovered_at_fixed_ephemeris
274845559,2,3.8774395637872834,1958.3731466771294,0.12675,0.005601603822276984,0.8908329670416333,1.1285840301543657,9.739065011614723,3.5972527183314638,long_relative_to_circular_transit;not_recovered_at_fixed_ephemeris
274845559,3,3.012506392554966,1956.2573966771295,0.12675,0.005396771839238356,0.8743938906195842,1.5801196751927973,8.949234661946225,-2.5360641354798235,outside_nominal_optimistic_hz;long_relative_to_circular_transit;not_recovered_at_fixed_ephemeris
274845559,4,3.01589973842625,1958.3652716771294,0.17550000000000002,0.00450018579503874,0.7984639409264199,1.5777496199086396,8.440876041406995,1.625071157559523,outside_nominal_optimistic_hz;long_relative_to_circular_transit;not_recovered_at_fixed_ephemeris
277771912,1,25.322110999028762,4128.293088477033,0.17550000000000002,0.0025938133871248347,0.8620146557161458,0.18246375214073043,7.866870127713958,-0.8844397081438409,odd_even_discrepancy;outside_nominal_optimistic_hz;long_relative_to_circular_transit;not_recovered_at_fixed_ephemeris
277771912,2,9.235573418814676,4128.033588477033,0.0325,0.002870128853889752,0.9067675780521341,0.700204115068408,5.864224366522427,-1.1166959248335535,not_recovered_at_fixed_ephemeris;low_nominal_snr
277771912,3,18.83767650773916,4127.837161969293,0.039,0.003771312015043098,1.0394210752339714,0.2706907192504245,5.944303712219439,1.4054425523518905,not_recovered_at_fixed_ephemeris;low_nominal_snr
277771912,4,5.002600857470137,4128.426465162395,0.11475000000000002,0.0009662671763446044,0.5261310096410601,1.5858009534716329,4.5036565199858,-1.8684940332503555,outside_nominal_optimistic_hz;long_relative_to_circular_transit;not_recovered_at_fixed_ephemeris;low_nominal_snr
278614475,1,10.287226151644097,1332.110708636697,0.24375,0.002787397231076591,0.7379432924298366,0.4440256154722538,5.321326063139335,0.20888237126005121,long_relative_to_circular_transit;not_recovered_at_fixed_ephemeris;low_nominal_snr
278614475,2,3.789323342808058,1326.9250836366969,0.025,0.004943510011213694,0.9827459583451265,1.681603184618242,4.628796815986897,0.24780250597629697,outside_nominal_optimistic_hz;not_recovered_at_fixed_ephemeris;low_nominal_snr
278615421,1,4.528194869900816,1327.1795579340303,0.24375,0.0070133474258138005,1.2894228945708097,1.654314148389496,16.274398929573913,-7.291888932698208,outside_nominal_optimistic_hz;long_relative_to_circular_transit;not_recovered_at_fixed_ephemeris
278615421,2,4.527843785840735,1328.7170579340304,0.24375,0.00688992082654423,1.2780263736214192,1.6544851822151658,15.867705764973392,-7.9212960284491105,outside_nominal_optimistic_hz;long_relative_to_circular_transit;not_recovered_at_fixed_ephemeris
278615421,3,4.528069636626415,1326.4108079340303,0.24375,0.007434990085975518,1.3276172825593076,1.6543751533796391,16.103323250894725,-6.0177941865772775,odd_even_discrepancy;outside_nominal_optimistic_hz;long_relative_to_circular_transit;not_recovered_at_fixed_ephemeris
278615421,4,4.524396072195734,1325.6608079340303,0.24375,0.008131459271624052,1.3884074838519107,1.656166413001271,16.84823368626786,-8.342495576329288,outside_nominal_optimistic_hz;long_relative_to_circular_transit;not_recovered_at_fixed_ephemeris
279293709,1,19.50495337647101,2811.9388566744697,0.24375,0.0040916494814793114,0.9499520999820456,0.1967130993027244,11.843249411130316,-1.2398089213840813,outside_nominal_optimistic_hz;long_relative_to_circular_transit;not_recovered_at_fixed_ephemeris
279293709,2,8.91266186581294,2801.5701066744696,0.24375,0.0029212625361082272,0.8026714033117959,0.5589203589068561,10.136955940277232,3.723059565612219,long_relative_to_circular_transit;not_recovered_at_fixed_ephemeris
279293709,3,10.229097579612409,2797.7826066744697,0.24375,0.0032469780676271653,0.8462373188413028,0.4651325590051368,9.611060100937461,0.3401506857551068,long_relative_to_circular_transit;not_recovered_at_fixed_ephemeris
279293709,4,15.432881447645359,2802.2638566744695,0.24375,0.0024228389254515323,0.7309956075621665,0.26880075008645604,7.551685264954525,-0.5212847991018511,dominated_by_one_event;long_relative_to_circular_transit;insufficient_holdout_events
28053247,1,9.398386016397492,2124.5384062445464,0.24375,0.08981436221209574,3.6979831365498774,0.3991711655597661,11.07098470051209,-0.06740860957876763,fewer_than_three_discovery_events;long_relative_to_circular_transit;outside_initial_small_planet_radius_range;not_recovered_at_fixed_ephemeris
28053247,2,4.453751128406397,2118.5376562445463,0.16575,0.06995303982312023,3.263587995916719,1.0804274423111078,10.951267723615151,-0.9773231537561659,long_relative_to_circular_transit;outside_initial_small_planet_radius_range;not_recovered_at_fixed_ephemeris
28053247,3,10.441218157670962,2122.7477812445463,0.045,0.19398501232188373,5.434706807034159,0.34691944299564265,10.720967219120935,-1.006462162973885,fewer_than_three_discovery_events;dominated_by_one_event;outside_initial_small_planet_radius_range;not_recovered_at_fixed_ephemeris
28053247,4,4.66600359785848,2117.141906244546,0.08775000000000001,0.07776770504934631,3.441055463716148,1.015399101082903,8.86228415028017,0.5965952201463185,long_relative_to_circular_transit;outside_initial_small_planet_radius_range;not_recovered_at_fixed_ephemeris
28069786,1,3.3391224051882196,2744.9188555553683,0.025,0.00688466270524622,1.1144485750080664,1.6989650002713113,8.647480334200324,5.2011246921779675,outside_nominal_optimistic_hz
28069786,2,5.2005939915120205,2747.4123555553683,0.03,0.007406207555440755,1.1558903515269277,0.9410736613333932,8.519192766610027,1.0382656965038548,not_recovered_at_fixed_ephemeris
28069786,3,3.49386945156176,2745.2313555553683,0.025,0.007345485291763276,1.1511421226600862,1.5993812010690496,8.528984324084957,-1.3628214127195504,outside_nominal_optimistic_hz;not_recovered_at_fixed_ephemeris
28069786,4,3.3384070564087454,2745.078855555368,0.025,0.006635937921311266,1.0941323438804291,1.6994504197825495,8.25906781396688,4.298314834560486,outside_nominal_optimistic_hz;not_recovered_at_fixed_ephemeris
280801342,1,3.6079451720277698,3886.5560386272377,0.24375,0.002620167047957143,0.6483896402932328,1.4917143802803567,11.718018547646887,3.5841091190182124,odd_even_discrepancy;long_relative_to_circular_transit;not_recovered_at_fixed_ephemeris
280801342,2,3.6039453397173022,3885.7872886272376,0.24375,0.002478210021455233,0.6305806377561292,1.493922223893602,11.077862457148962,-2.4625883327409093,outside_nominal_optimistic_hz;long_relative_to_circular_transit;not_recovered_at_fixed_ephemeris
280801342,3,3.610855197983772,3883.6122886272374,0.24375,0.0027147386365105166,0.6599873157531289,1.4901116780000998,11.94525418084982,-3.1896294238259446,long_relative_to_circular_transit;not_recovered_at_fixed_ephemeris
280801342,4,3.595995580759381,3884.4560386272374,0.24375,0.00301706744929607,0.6957674168629991,1.4983273814448521,13.060166993362047,-4.059740794707935,outside_nominal_optimistic_hz;long_relative_to_circular_transit;not_recovered_at_fixed_ephemeris
281193283,1,3.5673130834337807,1986.4471955876434,0.24375,0.002185643966938225,0.6483462719455942,1.8046900654296334,6.146277749403281,3.0257651271710007,outside_nominal_optimistic_hz;long_relative_to_circular_transit;not_recovered_at_fixed_ephemeris;low_nominal_snr
281193283,2,3.5899721683822667,1987.1971955876434,0.24375,0.0023725479849833627,0.6754991566324859,1.7895183424191365,6.566628250954712,-2.094932551201347,outside_nominal_optimistic_hz;long_relative_to_circular_transit;not_recovered_at_fixed_ephemeris;low_nominal_snr
281193283,3,8.041077794019623,1991.8214958964415,0.24375,0.0034352664744655517,0.8128258825128558,0.6106212465218632,5.3614111548055225,-3.7975110782009582,long_relative_to_circular_transit;not_recovered_at_fixed_ephemeris;low_nominal_snr
281193283,4,7.120706709535467,1985.6242244823763,0.17550000000000002,0.0035134337200444466,0.8220215276329785,0.7180590036649098,5.6511614759235815,-3.940928349390109,long_relative_to_circular_transit;not_recovered_at_fixed_ephemeris;low_nominal_snr
282052574,1,17.28483689959819,1581.5615913614283,0.24375,0.0036491679961293713,1.04883613333466,0.35951038609063285,9.451754775998543,2.2559838277729285,odd_even_discrepancy;long_relative_to_circular_transit;not_recovered_at_fixed_ephemeris
282052574,2,14.332842680288955,1571.3803413614282,0.24375,0.003910340118673675,1.0857203522484082,0.4614826494217608,8.887819777235778,0.5902015902025248,long_relative_to_circular_transit;not_recovered_at_fixed_ephemeris
282052574,3,14.145357587644087,1581.2227144086653,0.24375,0.0023498612695824796,0.8416505735751226,0.469656043376493,7.902478216726969,-0.33545768425551376,dominated_by_one_event;long_relative_to_circular_transit;not_recovered_at_fixed_ephemeris
282052574,4,7.874170895795921,1574.0039644086653,0.24375,0.002084284198601709,0.792664083224449,1.0256331301489348,7.689958794257848,-1.3693790299880853,long_relative_to_circular_transit;not_recovered_at_fixed_ephemeris
282427587,1,4.326067233081807,2771.511779325505,0.11475000000000002,0.013986967685097327,1.937165083882831,1.8055695046565368,13.530969033026288,2.1989448449543274,outside_nominal_optimistic_hz;long_relative_to_circular_transit;not_recovered_at_fixed_ephemeris
282427587,2,5.23575188167732,2771.059529325505,0.08775000000000001,0.017188928523778478,2.14748060240002,1.3999090485842973,12.896213798649855,13.6623161100223,long_relative_to_circular_transit;outside_initial_small_planet_radius_range
282427587,3,4.327745134514616,2771.727779325505,0.08775000000000001,0.014799579305650824,1.9926431563146778,1.8046361866404146,12.725052609784477,20.77026896364255,outside_nominal_optimistic_hz;long_relative_to_circular_transit
282427587,4,4.781802133591924,2770.603904325505,0.0675,0.016236436185484603,2.0871333698816463,1.5798520888220613,12.18327740968884,-16.73945496992474,outside_nominal_optimistic_hz;long_relative_to_circular_transit;outside_initial_small_planet_radius_range;not_recovered_at_fixed_ephemeris
282923395,1,5.30778894703353,1874.8825797724473,0.24375,0.002741516583531341,0.8519130966928617,1.5593809997407901,8.371137439323249,-7.359094943374045,outside_nominal_optimistic_hz;long_relative_to_circular_transit;not_recovered_at_fixed_ephemeris
282923395,2,6.181878732818185,1871.4397047724474,0.17550000000000002,0.003964439095704971,1.0244499163922802,1.272554694184581,8.662596061457219,12.962650704872953,long_relative_to_circular_transit
282923395,3,6.180181959489558,1875.8013297724474,0.24375,0.002969266643206928,0.8865933222373398,1.2730205565547124,7.766422632167548,3.000976810886332,long_relative_to_circular_transit;not_recovered_at_fixed_ephemeris
282923395,4,7.9434653840393805,1873.1950797724473,0.24375,0.0026894671588831675,0.8437872892518143,0.9109413637162349,6.354759857716888,-3.821776407821137,long_relative_to_circular_transit;not_recovered_at_fixed_ephemeris;low_nominal_snr
2835989,1,8.629916946021277,1357.9842380844755,0.0325,0.0034571259287631013,0.8667721645010303,0.659998948762929,5.179200406207106,-2.003779090974459,not_recovered_at_fixed_ephemeris;low_nominal_snr
2835989,2,5.024938727004807,1358.6067380844754,0.0325,0.0029872971047451365,0.8057244918821201,1.3574099803942823,5.384005774035671,-1.6028355464182211,not_recovered_at_fixed_ephemeris;low_nominal_snr
2835989,3,7.156377525663896,1354.9423630844753,0.24375,0.0009271818001229983,0.4488795345247215,0.8471514809653891,4.6404706442217005,1.5882414478123823,dominated_by_one_event;long_relative_to_circular_transit;outside_initial_small_planet_radius_range;not_recovered_at_fixed_ephemeris;low_nominal_snr
283784435,1,13.061679916851732,2500.5952738157566,0.24375,0.007371214413848994,1.1344059092960677,0.2768235883600086,10.374033227315289,-1.4268126446434675,long_relative_to_circular_transit;not_recovered_at_fixed_ephemeris
283784435,2,4.876352751924971,2504.9821138184802,0.24375,0.002652479808566079,0.6804950984896464,1.0297733706235261,9.610591903559179,-0.41819911497786943,long_relative_to_circular_transit;not_recovered_at_fixed_ephemeris
283784435,3,4.870590509628859,2502.5071138184803,0.24375,0.002712636259235003,0.6881684205908349,1.0313980807741019,9.12160668462309,-4.569652178434333,long_relative_to_circular_transit;not_recovered_at_fixed_ephemeris
283784435,4,14.168377281112974,2511.5071138184803,0.24375,0.006487635424081466,1.0642463670517677,0.24837525500498367,7.419683193694013,1.1738663472834139,fewer_than_three_discovery_events;dominated_by_one_event;long_relative_to_circular_transit;not_recovered_at_fixed_ephemeris
283869316,1,3.5133724472466104,1959.3674710949886,0.0975,0.0044008778298002755,0.9417304135171076,1.8487083463685225,5.5962378263117065,2.0171892215537626,outside_nominal_optimistic_hz;long_relative_to_circular_transit;not_recovered_at_fixed_ephemeris;low_nominal_snr
283869316,2,3.5249089243281544,1956.250731027691,0.12675,0.003409717219421487,0.8289266863639663,1.8406453713859918,5.164989200863056,-1.8339421340686033,outside_nominal_optimistic_hz;long_relative_to_circular_transit;not_recovered_at_fixed_ephemeris;low_nominal_snr
283869316,3,4.408002514739142,1956.6373560276909,0.17550000000000002,0.0039850109616423515,0.8961314107233307,1.3661913940798442,5.461879691449224,1.5831786474185807,long_relative_to_circular_transit;not_recovered_at_fixed_ephemeris;low_nominal_snr
283869316,4,3.514025134192934,1958.898231027691,0.24375,0.002385324528061452,0.6933151288853977,1.8482505274268424,4.435885588535966,-2.59798405922496,outside_nominal_optimistic_hz;long_relative_to_circular_transit;not_recovered_at_fixed_ephemeris;low_nominal_snr
284190375,1,3.5203298518788353,2612.7362273280783,0.1875,0.0035727721286543386,0.8550421857551631,1.7425496089392039,18.287119777301065,-10.273068881006854,outside_nominal_optimistic_hz;long_relative_to_circular_transit;not_recovered_at_fixed_ephemeris
284190375,2,3.5200221788626993,2613.7517273280782,0.17550000000000002,0.003480008231590685,0.8438689726170021,1.7427526922444962,16.66245450320349,-0.7762259686537053,outside_nominal_optimistic_hz;long_relative_to_circular_transit;not_recovered_at_fixed_ephemeris
284190375,3,3.5203298457746874,2613.2387273280783,0.22950000000000004,0.0031652528008331298,0.8048020691726108,1.7425496129679092,17.245265455681558,-12.609875753650499,outside_nominal_optimistic_hz;long_relative_to_circular_transit;not_recovered_at_fixed_ephemeris
284190375,4,3.5206820909139753,2612.2127273280785,0.17550000000000002,0.003385236870043209,0.8322990800039992,1.7423171601344944,15.953355235363968,-2.611273945289696,outside_nominal_optimistic_hz;long_relative_to_circular_transit;not_recovered_at_fixed_ephemeris
284800109,1,10.79680429478641,2671.937504445476,0.24375,0.0005874022093441698,0.635173860753539,1.494162848754121,8.125651047878625,4.025433351724518,long_relative_to_circular_transit;not_recovered_at_fixed_ephemeris
284800109,2,9.500631120629235,2672.443754445476,0.24375,0.0005690024324025465,0.6251466251004071,1.7719642872014099,8.136965887624383,1.0181191037967692,outside_nominal_optimistic_hz;long_relative_to_circular_transit;not_recovered_at_fixed_ephemeris
284800109,3,13.15618561993478,2672.2000044454758,0.24375,0.0005253331017669219,0.6006786734303401,1.1480256280481589,7.0980788280935245,-2.533130799753772,long_relative_to_circular_transit;not_recovered_at_fixed_ephemeris
284800109,4,18.15092944329958,2686.562504445476,0.24375,0.0007151921632945508,0.700867953902502,0.7474688204957789,7.222203660349203,2.2028809861885086,long_relative_to_circular_transit;not_recovered_at_fixed_ephemeris
285042210,1,13.514317187566412,1773.7477166471022,0.24375,0.005219535336832096,1.1281466193413556,0.4170089146311783,7.1505488288571195,0.31851784991649085,fewer_than_three_discovery_events;dominated_by_one_event;long_relative_to_circular_transit;not_recovered_at_fixed_ephemeris
285042210,2,8.316296357199871,1772.5102166471022,0.24375,0.0026396817564896835,0.8022789744724306,0.7967049947266944,5.7453172627690305,-0.7056130438989349,dominated_by_one_event;long_relative_to_circular_transit;not_recovered_at_fixed_ephemeris;low_nominal_snr
285042210,3,5.466348921955694,1766.694716647102,0.08775000000000001,0.0031822211575830966,0.8808760550673411,1.3940371583010838,5.455525161239457,0.9930442923589264,long_relative_to_circular_transit;not_recovered_at_fixed_ephemeris;low_nominal_snr
285042210,4,8.868407088916372,1768.3345916471021,0.025,0.007251228050145192,1.3297053225454776,0.7312681455462894,5.670518960916658,-0.07957507327732594,not_recovered_at_fixed_ephemeris;low_nominal_snr
285129058,1,14.797562541650978,1968.3599163927977,0.24375,0.0028687267269038204,0.8597565879344928,0.40462932329046897,6.110301255245517,-1.4860408597464072,fewer_than_three_discovery_events;dominated_by_one_event;long_relative_to_circular_transit;not_recovered_at_fixed_ephemeris;low_nominal_snr
285129058,2,9.982544991144037,1965.4536663927977,0.24375,0.0011158301784948278,0.5362039069283321,0.6838946872169596,6.339882945462946,-0.4206476716827996,long_relative_to_circular_transit;not_recovered_at_fixed_ephemeris;low_nominal_snr
285129058,3,4.705247704842206,1958.4974163927977,0.24375,0.000668138554552,0.41491982792121423,1.864379316596791,5.061160918134006,-0.8172883268954562,outside_nominal_optimistic_hz;long_relative_to_circular_transit;outside_initial_small_planet_radius_range;not_recovered_at_fixed_ephemeris;low_nominal_snr
285129058,4,4.958641936367522,1960.7807913927977,0.22950000000000004,0.0007568284379762374,0.44160058873314434,1.738443576276045,4.210611348736636,2.2092840371403333,outside_nominal_optimistic_hz;long_relative_to_circular_transit;outside_initial_small_planet_radius_range;not_recovered_at_fixed_ephemeris;low_nominal_snr
285903673,1,8.235891118854648,1956.8660536355612,0.24375,0.011261219197963175,2.537759186841479,1.7951526350386022,90.9903396075569,63.605150859701965,odd_even_discrepancy;outside_nominal_optimistic_hz;long_relative_to_circular_transit;outside_initial_small_planet_radius_range
285903673,2,8.236663276602124,1958.0285536355611,0.24375,0.011680096870957855,2.5845261159186257,1.7949282530187773,87.66058626566044,140.27552984645368,outside_nominal_optimistic_hz;long_relative_to_circular_transit;outside_initial_small_planet_radius_range
285903673,3,8.23616085442855,1961.5723036355612,0.24375,0.012014748608286817,2.6212898552146924,1.7950742467552323,90.49898964450198,101.16183407312151,outside_nominal_optimistic_hz;long_relative_to_circular_transit;outside_initial_small_planet_radius_range
285903673,4,8.218448063803965,1959.2473036355611,0.24375,0.011608002137724302,2.5765373491008963,1.8002345381501754,90.92915182846042,-20.944408289951543,odd_even_discrepancy;outside_nominal_optimistic_hz;long_relative_to_circular_transit;outside_initial_small_planet_radius_range;not_recovered_at_fixed_ephemeris
286332367,1,4.487284015217277,3749.6716077594315,0.11475000000000002,0.004110338654942319,0.9311165186231567,1.3528531540349022,7.416036172992599,-1.911227465466715,long_relative_to_circular_transit;not_recovered_at_fixed_ephemeris
286332367,2,4.124812170762483,3748.8987327594314,0.17550000000000002,0.0030582074678168177,0.8031537675847181,1.5136419893356599,6.849942620396361,5.16253992337964,outside_nominal_optimistic_hz;long_relative_to_circular_transit;low_nominal_snr
286332367,3,4.874486514735565,3748.5477327594313,0.17550000000000002,0.0030579161470256065,0.8031155129918216,1.2115004281708166,6.197146079972244,-7.8528264967035355,long_relative_to_circular_transit;not_recovered_at_fixed_ephemeris;low_nominal_snr
286332367,4,6.747835299695918,3748.1596077594313,0.08775000000000001,0.004979746345530498,1.0248701389225676,0.7852526990945916,6.111683408185118,-2.9636951002432763,long_relative_to_circular_transit;not_recovered_at_fixed_ephemeris;low_nominal_snr
286898565,1,20.379578800966296,3042.877544256874,0.17550000000000002,0.004761943606077439,1.0624899343161363,0.2630678065614957,9.616185036569417,-2.313572714540426,dominated_by_one_event;odd_even_discrepancy;long_relative_to_circular_transit;not_recovered_at_fixed_ephemeris
286898565,2,24.148463042272873,3062.0351692568743,0.12675,0.005228281569794091,1.1132999374909922,0.2098015291215538,8.196008686437944,2.171557163399957,fewer_than_three_discovery_events;long_relative_to_circular_transit;not_recovered_at_fixed_ephemeris
286898565,3,5.928044505176669,3043.951919256874,0.24375,0.0016626326617857005,0.6278137950965073,1.364937298685142,7.597058530368264,-0.160540640488049,long_relative_to_circular_transit;not_recovered_at_fixed_ephemeris
286898565,4,23.498224138819616,3042.751919256874,0.24375,0.003488134465847289,0.9093463116729886,0.21757780252826625,7.778499899349086,1.4812237194959306,dominated_by_one_event;long_relative_to_circular_transit;not_recovered_at_fixed_ephemeris
286944183,1,6.131382728391386,1903.49903928378,0.08775000000000001,0.006805138851867558,1.4593084519073474,1.453651694657098,15.287376977205351,-2.2465923338195855,long_relative_to_circular_transit;not_recovered_at_fixed_ephemeris
286944183,2,5.312465258685299,1901.0476642837798,0.0765,0.006171422818796398,1.3897006264826768,1.759854608813215,14.180448760143355,1.4328264950643967,outside_nominal_optimistic_hz;long_relative_to_circular_transit;not_recovered_at_fixed_ephemeris
286944183,3,7.760859772471332,1900.6572892837798,0.08775000000000001,0.006772722879512769,1.4558286279294461,1.0616755403939049,14.291872314915073,4.672982987962132,long_relative_to_circular_transit;not_recovered_at_fixed_ephemeris
286944183,4,5.31365922612978,1900.43453928378,0.08775000000000001,0.005758262604267138,1.3423764847924897,1.7593273813221795,14.044275931631283,-8.611358211684136,outside_nominal_optimistic_hz;long_relative_to_circular_transit;not_recovered_at_fixed_ephemeris
286945883,1,13.501995901504579,1900.559885565517,0.24375,0.0018308559079536475,0.7102058717888747,0.514360149570208,4.371037910011919,-0.24721210088894804,fewer_than_three_discovery_events;dominated_by_one_event;long_relative_to_circular_transit;not_recovered_at_fixed_ephemeris;low_nominal_snr
287148041,1,4.839146425265712,1327.7601164070302,0.24375,0.00634173309310465,1.2783062208049767,1.6582465001522082,16.232576666358923,-12.881358572582002,outside_nominal_optimistic_hz;long_relative_to_circular_transit;not_recovered_at_fixed_ephemeris
287148041,2,4.872845034885044,1326.42886640703,0.24375,0.0064248992959937265,1.2866608451133124,1.6429738086317902,16.528929770966148,-8.14556598488755,outside_nominal_optimistic_hz;long_relative_to_circular_transit;not_recovered_at_fixed_ephemeris
287148041,3,4.784211184076948,1325.5288664070301,0.24375,0.007305739388321049,1.3720281138611599,1.6836829652762562,18.569832999090902,-26.646588866553625,outside_nominal_optimistic_hz;long_relative_to_circular_transit;not_recovered_at_fixed_ephemeris
287148041,4,4.889957817546411,1328.8844205343744,0.24375,0.008751136480789547,1.501630742977567,1.635311999661715,17.36280504053668,-10.194595230160468,outside_nominal_optimistic_hz;long_relative_to_circular_transit;not_recovered_at_fixed_ephemeris
287254711,1,13.475621165896312,2392.4368890199676,0.24375,0.0012098997309808418,0.6191214948608228,0.6448504257488542,5.289616118553146,-1.7203614652469823,dominated_by_one_event;long_relative_to_circular_transit;not_recovered_at_fixed_ephemeris;low_nominal_snr
287254711,2,13.433118266357688,2402.4362640199674,0.039,0.0027775887677306517,0.9380698241645828,0.6475723011916813,5.124074404085996,1.071348671832719,not_recovered_at_fixed_ephemeris;low_nominal_snr
287254711,3,19.464240946921606,2405.507514019968,0.17550000000000002,0.0014231573484001156,0.6714716048390879,0.3949487581729335,5.058097938558552,2.341008739998162,fewer_than_three_discovery_events;long_relative_to_circular_transit;not_recovered_at_fixed_ephemeris;low_nominal_snr
287254711,4,12.31326588132452,2396.7512640199675,0.039,0.0025263927998992806,0.8946468345468575,0.7272655886373527,5.046253942993263,0.04662228190114827,not_recovered_at_fixed_ephemeris;low_nominal_snr
288314668,1,31.646122247438523,1696.6421509662478,0.22950000000000004,0.0011679651334843978,0.6157614143760032,0.18739453035743753,9.276628547658147,0.7753031426640672,fewer_than_three_discovery_events;dominated_by_one_event;odd_even_discrepancy;outside_nominal_optimistic_hz;long_relative_to_circular_transit;not_recovered_at_fixed_ephemeris
288314668,2,26.645590113947044,1695.9750259662478,0.24375,0.0011041869293896907,0.5987131995747074,0.23569504652329465,8.861349800913878,0.4578458446397765,fewer_than_three_discovery_events;dominated_by_one_event;long_relative_to_circular_transit;not_recovered_at_fixed_ephemeris
288314668,3,27.58226299736901,1702.500025966248,0.24375,0.0006728796326890431,0.4673758020333476,0.22508387621269116,7.568073885218903,-1.866765097160173,long_relative_to_circular_transit;outside_initial_small_planet_radius_range;not_recovered_at_fixed_ephemeris
288314668,4,26.013459246764818,1686.7736509662477,0.17550000000000002,0.0007882238213709725,0.5058506470808847,0.24336237495994642,7.399166056022195,2.2261770222502992,long_relative_to_circular_transit;not_recovered_at_fixed_ephemeris
288452865,1,5.0373240442579155,1901.9508734954138,0.17550000000000002,0.0037363398821005514,0.7876237128546719,1.0253568259953516,8.369920863007348,-2.0673124388642075,long_relative_to_circular_transit;not_recovered_at_fixed_ephemeris
288452865,2,5.0230626006490535,1900.667998495414,0.24375,0.0031916664557437354,0.7279546837471047,1.029240242674002,7.627447635617566,-1.0508430103387325,long_relative_to_circular_transit;not_recovered_at_fixed_ephemeris
288452865,3,5.025494248008491,1903.867873495414,0.17550000000000002,0.0036690540177769264,0.7804995336946485,1.0285762821181907,7.892728739127372,-3.7868480213591025,long_relative_to_circular_transit;not_recovered_at_fixed_ephemeris
288452865,4,3.780999794103896,1902.4867484954138,0.24375,0.002773271431647754,0.6785655137122766,1.5031396855926182,8.001628910116102,-1.2946156911857765,outside_nominal_optimistic_hz;long_relative_to_circular_transit;not_recovered_at_fixed_ephemeris
288512235,1,15.09612877731187,1900.9795698869414,0.24375,0.002380133803080219,0.9642571076640749,0.5575891642020127,7.270957418311913,0.0,long_relative_to_circular_transit;insufficient_holdout_events
288512235,2,14.075708343380489,1912.5201948869412,0.1875,0.0029999765103616476,1.0825577905940436,0.6121268581796973,5.36273737641249,-1.5049206929055485,fewer_than_three_discovery_events;dominated_by_one_event;long_relative_to_circular_transit;not_recovered_at_fixed_ephemeris;low_nominal_snr
288512235,3,6.873584123485465,1900.3836948869414,0.058499999999999996,0.001707770053888519,0.8167833188014555,1.591808349314778,3.836986842147052,-1.5605359279659257,outside_nominal_optimistic_hz;not_recovered_at_fixed_ephemeris;low_nominal_snr
288953054,1,20.19111116389122,1828.2801541401732,0.12675,0.0048224840640356155,0.9251428975463556,0.18821699268990474,5.433421420754059,-0.34790343515863287,fewer_than_three_discovery_events;dominated_by_one_event;outside_nominal_optimistic_hz;long_relative_to_circular_transit;not_recovered_at_fixed_ephemeris;low_nominal_snr
288953054,2,14.275310068207412,1828.405779140173,0.17550000000000002,0.00450969397995031,0.8946372040948042,0.2988305927522374,5.354609237611987,-1.181104633346023,fewer_than_three_discovery_events;long_relative_to_circular_transit;not_recovered_at_fixed_ephemeris;low_nominal_snr
288953054,3,9.548348980022388,1825.3200291401731,0.025,0.0061641117666944795,1.0459445727538288,0.5108594268153458,5.2198245673529415,2.313826472775066,not_recovered_at_fixed_ephemeris;low_nominal_snr
288953054,4,17.221687677044603,1825.8125291401732,0.025,0.007630235189672278,1.163703607747918,0.23268667371342128,4.943252979783209,0.25350449564051264,not_recovered_at_fixed_ephemeris;low_nominal_snr
289113766,1,5.783625917325143,3692.5701795905998,0.1875,0.0014690958782425047,0.4185416266967108,0.5729812451109236,6.70172159886323,-0.26825485996184023,long_relative_to_circular_transit;outside_initial_small_planet_radius_range;not_recovered_at_fixed_ephemeris;low_nominal_snr
289113766,2,12.024892782572431,3693.5733045905995,0.24375,0.0015830992061093764,0.43447786262776417,0.2159230718186743,6.356006701472486,1.7608255766931442,long_relative_to_circular_transit;outside_initial_small_planet_radius_range;not_recovered_at_fixed_ephemeris;low_nominal_snr
289113766,3,4.68809222097907,3693.8064295905997,0.025,0.0035396734983681594,0.6496735561465398,0.7581337059750818,5.699533357485503,0.4624628119417327,not_recovered_at_fixed_ephemeris;low_nominal_snr
289113766,4,7.455327602670821,3696.3479295905995,0.0975,0.0020361533948607103,0.492741151551318,0.4084306802681046,5.486348598337511,-2.562879537503825,long_relative_to_circular_transit;outside_initial_small_planet_radius_range;not_recovered_at_fixed_ephemeris;low_nominal_snr
289567943,1,12.54855333331355,1984.066432342186,0.24375,0.0017180918115703198,0.8056692237286023,0.9172963564353573,5.195170809054521,0.24954217561381925,long_relative_to_circular_transit;not_recovered_at_fixed_ephemeris;low_nominal_snr
289567943,2,9.056891176035235,1985.830807342186,0.135,0.0017403220797975248,0.8108647202055966,1.4168667768875207,4.707525607395523,2.984872833633804,long_relative_to_circular_transit;not_recovered_at_fixed_ephemeris;low_nominal_snr
289575374,1,5.185089146371708,1358.7101568846158,0.12675,0.0034836727840201528,0.7798617786408831,0.9448992742373532,9.363810627334058,1.511995675806299,dominated_by_one_event;long_relative_to_circular_transit;not_recovered_at_fixed_ephemeris
289575374,2,3.456163746435726,1355.5987818846158,0.039,0.004314273682839585,0.867866258675196,1.6228114814315426,8.184357959519035,1.0008714611023255,outside_nominal_optimistic_hz;not_recovered_at_fixed_ephemeris
289575374,3,4.61404768940423,1356.547781884616,0.025,0.006017697443859128,1.0249770289149414,1.1039541765746137,7.823387412643122,-0.2308117611502965,not_recovered_at_fixed_ephemeris
289575374,4,4.037958242931794,1356.7357818846158,0.039,0.004444239108402684,0.8808412944359867,1.3187973144553196,7.314385822700221,-1.3145169509223262,not_recovered_at_fixed_ephemeris
289589923,1,31.70905095008283,1708.5402591462343,0.24375,0.0005268368878194428,0.4837366409607628,0.22285805711307463,6.9127647256427105,-1.5194446878155587,long_relative_to_circular_transit;outside_initial_small_planet_radius_range;not_recovered_at_fixed_ephemeris;low_nominal_snr
289589923,2,31.356953386616993,1690.9715091462344,0.24375,0.0004616409010639437,0.4528173270743347,0.22620082499974833,6.52378090315703,-0.34174888329046815,long_relative_to_circular_transit;outside_initial_small_planet_radius_range;not_recovered_at_fixed_ephemeris;low_nominal_snr
289589923,3,22.328844656965504,1694.4590091462344,0.24375,0.00037853796296448004,0.4100394262256901,0.35572768166952756,6.504106174583207,2.034593815986413,long_relative_to_circular_transit;outside_initial_small_planet_radius_range;not_recovered_at_fixed_ephemeris;low_nominal_snr
289589923,4,7.142086793988708,1683.8738841462343,0.17550000000000002,0.0002709508600401728,0.3469094765914698,1.626194546217452,6.223245226175943,0.18115561646655176,outside_nominal_optimistic_hz;long_relative_to_circular_transit;outside_initial_small_planet_radius_range;not_recovered_at_fixed_ephemeris;low_nominal_snr
289719891,1,4.203512002953389,3936.3450140023583,0.17550000000000002,0.004552765814485687,0.9210034490442648,1.3712382571890622,14.631868076045723,-7.99706328559115,long_relative_to_circular_transit;not_recovered_at_fixed_ephemeris
289719891,2,4.200398418249708,3938.9668031863425,0.17550000000000002,0.00411933217753884,0.8760663674847438,1.3725936822112685,12.69376925057469,3.58523728209002,long_relative_to_circular_transit;not_recovered_at_fixed_ephemeris
289719891,3,3.677411152616901,3940.006303186343,0.17550000000000002,0.004220473901178637,0.8867561522801104,1.6388519623679711,12.903668794676806,-9.429026502000141,outside_nominal_optimistic_hz;long_relative_to_circular_transit;not_recovered_at_fixed_ephemeris
289719891,4,4.206385408390539,3936.8289281863426,0.12675,0.0048711510141402365,0.9526632180559893,1.3699894653558564,12.903604454387528,-2.8426121225235503,long_relative_to_circular_transit;not_recovered_at_fixed_ephemeris
289909994,1,12.232691756984067,1986.0002186872505,0.17550000000000002,0.0056480409680895695,1.050442964159518,0.3607480431344619,6.152936448470381,-1.0810080511500142,dominated_by_one_event;long_relative_to_circular_transit;not_recovered_at_fixed_ephemeris;low_nominal_snr
289909994,2,14.13010143830002,1995.3920936872505,0.24375,0.0064408264123031675,1.1217455483304664,0.297650297524861,5.748205171457772,0.6040475023927935,fewer_than_three_discovery_events;long_relative_to_circular_transit;not_recovered_at_fixed_ephemeris;low_nominal_snr
289909994,3,14.818133604255541,1997.0233436872504,0.24375,0.004133477214033265,0.8986308655641085,0.27936715960241915,4.51078481188446,-0.7601353798619881,dominated_by_one_event;long_relative_to_circular_transit;not_recovered_at_fixed_ephemeris;low_nominal_snr
289972535,1,9.965526006641248,1819.5031549148155,0.24375,0.012636018274715083,3.044180440915714,1.7449351092821217,180.3111922283759,156.73240351557644,odd_even_discrepancy;outside_nominal_optimistic_hz;long_relative_to_circular_transit;outside_initial_small_planet_radius_range
289972535,2,11.069843634014333,1823.9469049148154,0.24375,0.01308383004848863,3.097652638844443,1.5167858495471576,181.43381143318078,115.18502137275823,odd_even_discrepancy;outside_nominal_optimistic_hz;long_relative_to_circular_transit;outside_initial_small_planet_radius_range
289972535,3,9.96206360558683,1820.6281549148155,0.24375,0.013588850651921228,3.1568695156785607,1.7457437790981478,172.67065619377613,-3.987942426443565,outside_nominal_optimistic_hz;long_relative_to_circular_transit;outside_initial_small_planet_radius_range;not_recovered_at_fixed_ephemeris
289972535,4,13.288513600781386,1825.0344049148155,0.24375,0.013706116260284442,3.17046143060819,1.1888973978402213,173.48949060600157,67.53602326892893,odd_even_discrepancy;long_relative_to_circular_transit;outside_initial_small_planet_radius_range
290183543,1,26.025539102573507,2988.73875737585,0.24375,0.0013133126503819318,0.6806535257289233,0.258830349615034,7.574793365050707,0.1666967918932187,long_relative_to_circular_transit;not_recovered_at_fixed_ephemeris
290183543,2,27.449123308423825,2986.35750737585,0.24375,0.000989836947542086,0.5909134360744874,0.24108871042748148,6.52494884088364,0.32101965437855945,long_relative_to_circular_transit;not_recovered_at_fixed_ephemeris;low_nominal_snr
290183543,3,13.514980370625313,2964.17625737585,0.24375,0.0005535606379941891,0.4419006448058471,0.6200988879291571,6.358411402468164,0.34719902308290373,long_relative_to_circular_transit;outside_initial_small_planet_radius_range;not_recovered_at_fixed_ephemeris;low_nominal_snr
290183543,4,11.568992122963486,2964.896692222954,0.17550000000000002,0.0007186823478570535,0.5035128095458841,0.7629348925937641,6.266713461460657,1.335237323101169,long_relative_to_circular_transit;not_recovered_at_fixed_ephemeris;low_nominal_snr
290408720,1,4.7833652561215585,1628.8432660491528,0.08775000000000001,0.005577219051601397,1.2477106144393997,1.680572319453491,18.69188908917557,1.9830111327546371,outside_nominal_optimistic_hz;long_relative_to_circular_transit;not_recovered_at_fixed_ephemeris
290408720,2,7.437657905228742,1630.166266049153,0.08775000000000001,0.0059357724337549414,1.2871929126969084,0.9329398987920017,17.052472977653533,3.949386469503556,long_relative_to_circular_transit;not_recovered_at_fixed_ephemeris
290408720,3,6.372933867407064,1630.7130160491529,0.08775000000000001,0.005815816479512448,1.2741200953914877,1.1463468711618736,16.468275047895833,-3.048704588783568,long_relative_to_circular_transit;not_recovered_at_fixed_ephemeris
290408720,4,4.514599791933909,1628.8567660491528,0.08775000000000001,0.005428462826553926,1.2309586165227109,1.8152770736571613,16.197384845459414,10.67238639384239,outside_nominal_optimistic_hz;long_relative_to_circular_transit
290647853,1,10.53166326839098,3836.292090231659,0.24375,0.0025823129738735875,0.6825321886594934,0.38186961128113456,8.763325574744817,-0.3438340512005358,long_relative_to_circular_transit;not_recovered_at_fixed_ephemeris
290647853,2,13.844399432752512,3841.298340231659,0.24375,0.003750135575777735,0.822511887846642,0.26518292568176277,6.3574976001659165,0.3333446695474138,fewer_than_three_discovery_events;long_relative_to_circular_transit;not_recovered_at_fixed_ephemeris;low_nominal_snr
290647853,3,12.78228109831646,3842.854590231659,0.24375,0.0037781315032028987,0.8255763326417089,0.29496233793447163,6.298943012589699,0.9687135500172697,fewer_than_three_discovery_events;long_relative_to_circular_transit;not_recovered_at_fixed_ephemeris;low_nominal_snr
290647853,4,17.010122199922233,3832.6185902316593,0.16575,0.0023849984398107357,0.6559379358579496,0.20151210552162588,5.569113707226797,0.7740804764448431,outside_nominal_optimistic_hz;long_relative_to_circular_transit;not_recovered_at_fixed_ephemeris;low_nominal_snr
290777240,1,5.246485687053425,1326.9486107672362,0.24375,0.0011100872293834628,0.5493752477933108,1.6809267226373297,11.766690725846116,14.746753051288596,outside_nominal_optimistic_hz;long_relative_to_circular_transit
290777240,2,5.250104609488997,1329.4236107672361,0.24375,0.001105433213592063,0.5482224165220372,1.679382005616048,11.474189369996216,7.111730952134302,outside_nominal_optimistic_hz;long_relative_to_circular_transit
290777240,3,5.225157105719353,1328.6548607672362,0.24375,0.0010199943717337661,0.5266103891179647,1.6900814459849114,10.305174163244905,-9.790634598824518,outside_nominal_optimistic_hz;long_relative_to_circular_transit;not_recovered_at_fixed_ephemeris
290777240,4,5.249150176156089,1328.9548607672361,0.24375,0.001068953223240032,0.5391006874556211,1.6797891589475928,10.655164307595424,11.206146547569123,outside_nominal_optimistic_hz;long_relative_to_circular_transit
290949039,1,6.896213971512997,2530.215510333945,0.058499999999999996,0.0065823695324361935,1.2491765713721825,0.9581178773452316,8.1644205810799,1.8445625310938158,not_recovered_at_fixed_ephemeris
290949039,2,4.244137860452943,2529.394260333945,0.0675,0.00478604534653397,1.0651753436862548,1.830264843960742,8.012574701618236,2.308715383598575,outside_nominal_optimistic_hz;long_relative_to_circular_transit;not_recovered_at_fixed_ephemeris
290949039,3,7.431327058513319,2532.583635333945,0.08775000000000001,0.004881042068743005,1.0756945686430308,0.8672508761009148,6.766741681113006,-1.240209364516899,long_relative_to_circular_transit;not_recovered_at_fixed_ephemeris;low_nominal_snr
290949039,4,7.691146707755932,2533.1360103339453,0.058499999999999996,0.005507600333011317,1.1426518028313783,0.8284095947851384,6.595045664382,-3.27623545974377,not_recovered_at_fixed_ephemeris;low_nominal_snr
293686825,1,6.497705380740407,1711.9680783217711,0.24375,0.00567111245385177,1.266392815882768,1.189326807694667,14.839284793485467,6.208536035903677,long_relative_to_circular_transit
293686825,2,6.477777274136212,1714.1993283217712,0.24375,0.0047637503759796335,1.1606701264520498,1.1942077361039996,15.23557592913319,-6.6599080837777205,long_relative_to_circular_transit;not_recovered_at_fixed_ephemeris
293686825,3,6.491024374343027,1715.2493283217711,0.24375,0.005019289290589674,1.1913940374230723,1.1909592696540632,15.62280296235494,-2.3744595788518326,long_relative_to_circular_transit;not_recovered_at_fixed_ephemeris
293686825,4,6.508221415546825,1713.0743283217712,0.24375,0.004762755524830823,1.1605489242258848,1.186765199958754,15.206046899251172,-2.023697337211642,long_relative_to_circular_transit;not_recovered_at_fixed_ephemeris
297905922,1,11.136507541202494,1989.373057012649,0.24375,0.0042979567674303835,0.8662235354551154,0.3568729422525503,4.278436528977863,0.4688589409321676,dominated_by_one_event;long_relative_to_circular_transit;not_recovered_at_fixed_ephemeris;low_nominal_snr
298160985,1,7.179543759682331,2584.262910632396,0.12675,0.010394071799547915,1.7812563544941002,1.3271270295183968,40.34510056795851,-36.58690757487794,long_relative_to_circular_transit;not_recovered_at_fixed_ephemeris
298160985,2,6.031473994771298,2583.3951606323963,0.12675,0.010345739273017154,1.7771100998833889,1.674211590305732,40.176521498428635,31.271086050355112,odd_even_discrepancy;outside_nominal_optimistic_hz;long_relative_to_circular_transit
298160985,3,6.030707056603619,2583.9719106323964,0.11475000000000002,0.010874499468549716,1.8219573592642684,1.6744954805078274,38.51545544547235,-30.34319001636879,outside_nominal_optimistic_hz;long_relative_to_circular_transit;not_recovered_at_fixed_ephemeris
298160985,4,6.033007871106657,2583.6681606323964,0.08775000000000001,0.011950055114619444,1.9099347239326605,1.6736440625167914,38.7260811385523,-26.990338605789667,outside_nominal_optimistic_hz;long_relative_to_circular_transit;not_recovered_at_fixed_ephemeris
298336896,1,5.499331683699664,1984.3902062848965,0.24375,0.002291413175679647,0.6533942431995338,1.024365543833766,5.442695074934816,5.09450086877554,long_relative_to_circular_transit;low_nominal_snr
298336896,2,5.84445970466451,1985.1777062848967,0.24375,0.0027271226414120166,0.7128135312936642,0.9445153549874693,5.202342911266229,-5.365803188586819,long_relative_to_circular_transit;not_recovered_at_fixed_ephemeris;low_nominal_snr
298336896,3,4.3967185226237335,1986.2277062848966,0.24375,0.0026219140278120052,0.6989286197489565,1.380479505480159,5.294612646346718,-6.120090303462622,long_relative_to_circular_transit;not_recovered_at_fixed_ephemeris;low_nominal_snr
298336896,4,4.390358005152403,1984.7052062848966,0.08775000000000001,0.003914833257956252,0.8540439791761087,1.383146769655199,5.084480908825172,-5.130831262970319,long_relative_to_circular_transit;not_recovered_at_fixed_ephemeris;low_nominal_snr
300577723,1,4.802143415710649,1328.803512115651,0.17550000000000002,0.0037413678694223464,0.8883424892991831,1.4978106092351746,6.425907110505669,-0.1931321419117318,long_relative_to_circular_transit;not_recovered_at_fixed_ephemeris;low_nominal_snr
300577723,2,5.180657667828695,1325.5482621156511,0.025,0.0070104361686212655,1.2160116855072394,1.3537045122080404,4.788510807000986,0.24506645902020063,not_recovered_at_fixed_ephemeris;low_nominal_snr
301894987,1,13.424585972887815,1629.3837502010329,0.24375,0.004222727003459947,1.1282548649089985,0.5357721040535568,6.461802541658157,0.21162542123209002,fewer_than_three_discovery_events;dominated_by_one_event;long_relative_to_circular_transit;not_recovered_at_fixed_ephemeris;low_nominal_snr
301894987,2,12.573563709108345,1638.0849359204474,0.039,0.006038304777001009,1.34917481919283,0.5846600903364462,5.797473589719306,0.6686748610566339,not_recovered_at_fixed_ephemeris;low_nominal_snr
301894987,3,5.424964877299101,1634.7399359204474,0.025,0.00508227924294676,1.2377700609156965,1.7932963195765437,5.139830004808931,1.05328830323872,outside_nominal_optimistic_hz;not_recovered_at_fixed_ephemeris;low_nominal_snr
301894987,4,12.236207866834572,1630.7825609204474,0.08775000000000001,0.0040290151714427016,1.1020724946173102,0.606250584167175,4.940471949675528,-1.7243631338483,long_relative_to_circular_transit;not_recovered_at_fixed_ephemeris;low_nominal_snr
302444623,1,27.26040331417915,2305.784190034339,0.24375,0.0012542497519402586,0.6574375735613955,0.26941104794656984,7.956352578307351,4.769857594748803,long_relative_to_circular_transit;not_recovered_at_fixed_ephemeris
302444623,2,20.053409132154496,2289.246690034339,0.24375,0.0008788508646811509,0.5503260885796313,0.4057023136887786,7.805734048012469,-0.5311582593321319,odd_even_discrepancy;long_relative_to_circular_transit;not_recovered_at_fixed_ephemeris
302444623,3,17.858762252884606,2296.990440034339,0.24375,0.0008726228149602183,0.5483726558450059,0.4735036118241789,7.200834951056248,0.37593649107238686,long_relative_to_circular_transit;not_recovered_at_fixed_ephemeris
302444623,4,21.40046664379182,2290.912440034339,0.08775000000000001,0.0014386741185036828,0.7041152078516097,0.3720152807898965,6.78057559769276,0.9425135075822525,not_recovered_at_fixed_ephemeris;low_nominal_snr
303301402,1,13.261309439581337,2295.4161290162633,0.12675,0.00808296748808102,1.335174139653088,0.40449933840471436,17.72940690671064,4.242135011137437,fewer_than_three_discovery_events;dominated_by_one_event;long_relative_to_circular_transit;not_recovered_at_fixed_ephemeris
303301402,2,8.008486440651462,2282.960799012127,0.24375,0.0019817796107131982,0.6611198151794832,0.7924388666310055,13.568261848367944,6.990386219974846,long_relative_to_circular_transit
303301402,3,4.555631213583451,2283.1295490121274,0.24375,0.0014668148266777244,0.5687745319561525,1.6812602602769233,11.294242243307957,54.50374657010372,outside_nominal_optimistic_hz;long_relative_to_circular_transit
303301402,4,6.823730079937255,2284.179549012127,0.24375,0.0016590957722476443,0.6049064627146639,0.9810035409002423,12.270916283064654,19.235604696310155,long_relative_to_circular_transit
306114021,1,3.210131104464966,1818.230250737437,0.24375,0.005864318224598288,0.8863968776260824,1.3781574518929502,13.228695938227341,4.188612648437722,long_relative_to_circular_transit;not_recovered_at_fixed_ephemeris
306114021,2,3.225114191541655,1817.124000737437,0.24375,0.004925359875108858,0.8123411193526273,1.3696272947408965,11.755482429939525,-1.3507122068208117,long_relative_to_circular_transit;not_recovered_at_fixed_ephemeris
306114021,3,3.235687809039153,1819.2990007374372,0.24375,0.006401160546827595,0.9260806564334872,1.3636629690142863,13.550293848465529,4.016872813395728,long_relative_to_circular_transit;not_recovered_at_fixed_ephemeris
306114021,4,8.043306348243817,1819.1726154941557,0.24375,0.008388224229340453,1.060118634909054,0.4049639685656734,7.255793577328358,1.8234166694703544,fewer_than_three_discovery_events;dominated_by_one_event;long_relative_to_circular_transit;not_recovered_at_fixed_ephemeris
306262188,1,4.165222647884065,3212.018638365953,0.08775000000000001,0.012328269610489367,1.5640634231534847,1.399937534072597,24.01001448271859,0.12604236048617157,long_relative_to_circular_transit;not_recovered_at_fixed_ephemeris
306262188,2,3.5247125794108443,3209.1363883659533,0.08775000000000001,0.012001530416089349,1.543197862626529,1.7490195928349825,23.366736753555433,-8.112068323054288,outside_nominal_optimistic_hz;long_relative_to_circular_transit;not_recovered_at_fixed_ephemeris
306262188,3,3.525560820467017,3210.094888365953,0.08775000000000001,0.012062972000274036,1.5471430044104653,1.7484585357218174,23.277026045707483,16.03463659389721,outside_nominal_optimistic_hz;long_relative_to_circular_transit
306262188,4,3.5225184942240895,3210.742888365953,0.08775000000000001,0.011792688636049565,1.5297121425467708,1.750472302048866,23.7842347036606,17.988317122272512,outside_nominal_optimistic_hz;long_relative_to_circular_transit
307616783,1,12.403079388499524,1842.812663415341,0.17550000000000002,0.003552866552521778,0.8591657714305792,0.36432783451368345,4.785154260772246,-0.29402340154086865,fewer_than_three_discovery_events;dominated_by_one_event;long_relative_to_circular_transit;not_recovered_at_fixed_ephemeris;low_nominal_snr
308664596,1,5.783602510697962,2065.886720139465,0.24375,0.0016945792294480128,0.5573990348598938,0.8819942895275855,5.973609128713117,-0.8439858096889499,long_relative_to_circular_transit;not_recovered_at_fixed_ephemeris;low_nominal_snr
308664596,2,16.73618041270201,2075.3697201394652,0.12675,0.004083935118284984,0.8653159119008914,0.21388905333880323,6.235945426428082,-0.30266945240109017,long_relative_to_circular_transit;not_recovered_at_fixed_ephemeris;low_nominal_snr
308664596,3,13.779266910720272,2073.498845139465,0.058499999999999996,0.005972087540211135,1.0464015046660684,0.2771802017076969,6.128694353802914,0.4738226401649998,not_recovered_at_fixed_ephemeris;low_nominal_snr
308664596,4,17.21094920503707,2066.308970139465,0.08775000000000001,0.005705934863207827,1.0228187428205568,0.20605852792924897,5.76633085348862,1.0574443243541634,long_relative_to_circular_transit;not_recovered_at_fixed_ephemeris;low_nominal_snr
309416650,1,6.1358067132207745,1816.2838468290174,0.17550000000000002,0.003918915733506245,0.9023405647973138,0.9274007366455964,5.499692024733274,0.48630051907551364,long_relative_to_circular_transit;not_recovered_at_fixed_ephemeris;low_nominal_snr
309416650,2,11.230950746140763,1826.1032882548368,0.0325,0.010884970780022528,1.503838339580642,0.4141976526818304,4.724715204439836,-1.0083272697345453,fewer_than_three_discovery_events;not_recovered_at_fixed_ephemeris;low_nominal_snr
309434653,1,24.69477281474838,2349.9826566753495,0.24375,0.0030910398529546404,0.9470883367244308,0.20195264362158757,6.030311978750606,0.26349790203048135,fewer_than_three_discovery_events;dominated_by_one_event;outside_nominal_optimistic_hz;long_relative_to_circular_transit;not_recovered_at_fixed_ephemeris;low_nominal_snr
309434653,2,15.466514248411084,2335.4536566753495,0.12675,0.002848119233447477,0.9091117468603546,0.37687702362627207,5.946986074265217,0.43210089211770797,long_relative_to_circular_transit;not_recovered_at_fixed_ephemeris;low_nominal_snr
309434653,3,11.265870431242783,2342.2730316753496,0.17550000000000002,0.0020117211655024153,0.7640505254257255,0.5750468824016586,5.716977127497087,1.0643921104205096,long_relative_to_circular_transit;not_recovered_at_fixed_ephemeris;low_nominal_snr
309434653,4,10.931982323867713,2335.65803167535,0.17550000000000002,0.002139105241401693,0.7878694522026594,0.5985829767702533,5.2264659111647385,0.5671527887380066,long_relative_to_circular_transit;not_recovered_at_fixed_ephemeris;low_nominal_snr
30943870,1,14.05977675664816,1448.6640259921028,0.24375,0.0026014874019440423,0.8688584910347218,0.5117871678833378,8.479938357113685,5.631258270176745,long_relative_to_circular_transit
30943870,2,6.066160365525397,1442.6827759921027,0.24375,0.0016136446613631758,0.6842930653454424,1.569791993095742,7.266650475593351,1.636590454245795,outside_nominal_optimistic_hz;long_relative_to_circular_transit;not_recovered_at_fixed_ephemeris
30943870,3,6.670040406545609,1440.1845259921026,0.12675,0.0019237297459569413,0.7471541556210517,1.3832138834864234,6.840228829955348,1.4774221567839714,long_relative_to_circular_transit;not_recovered_at_fixed_ephemeris;low_nominal_snr
30943870,4,6.068976096789995,1438.9267759921026,0.16575,0.0016400318955941474,0.6898653519012032,1.5688209845874792,7.004957554433372,5.88582278950277,outside_nominal_optimistic_hz;long_relative_to_circular_transit
30947458,1,11.279434979538484,1444.6097635569654,0.24375,0.0018026980118845148,0.6073602613725685,0.4298807586013643,6.63750045685584,-0.32292988451350346,long_relative_to_circular_transit;not_recovered_at_fixed_ephemeris;low_nominal_snr
30947458,2,11.104481088109921,1438.8055135569653,0.12675,0.001811579402947042,0.6088545705531822,0.43893489501026145,5.27301445942451,-1.2283858228439315,long_relative_to_circular_transit;not_recovered_at_fixed_ephemeris;low_nominal_snr
30947458,3,4.258340722378319,1440.5845135569652,0.08775000000000001,0.0014889974630561127,0.5519908291017924,1.5754716398353854,5.05396126744076,0.24818261072739833,outside_nominal_optimistic_hz;long_relative_to_circular_transit;not_recovered_at_fixed_ephemeris;low_nominal_snr
30947458,4,9.745892548265955,1442.8768885569652,0.039,0.003262719229786449,0.8170991048492044,0.5223588714792516,5.122133070826348,1.2988769424403765,not_recovered_at_fixed_ephemeris;low_nominal_snr
309707247,1,4.712595542357574,1843.8203672857235,0.16575,0.0035914886611490776,0.837646556020204,1.1888873323159448,7.772276027879669,-5.806896107484459,long_relative_to_circular_transit;not_recovered_at_fixed_ephemeris
309707247,2,4.725382310101746,1842.8258672857235,0.12675,0.0038894230962378236,0.8716982052591911,1.1845998016947026,7.472836837371835,-3.463088898837347,long_relative_to_circular_transit;not_recovered_at_fixed_ephemeris
309707247,3,3.7787849479249256,1843.2938672857235,0.12675,0.0036832007075381164,0.8482741840491498,1.5959453710810467,7.71563859402217,2.019503945559043,outside_nominal_optimistic_hz;long_relative_to_circular_transit;not_recovered_at_fixed_ephemeris
309707247,4,3.7809550193065635,1846.1464922857235,0.17550000000000002,0.0027831790960765332,0.7373847206362685,1.5947241684932703,6.221567293932813,1.3082436338320844,outside_nominal_optimistic_hz;long_relative_to_circular_transit;not_recovered_at_fixed_ephemeris;low_nominal_snr
309781635,1,26.84576240590882,2987.183593995087,0.24375,0.0027939374862031375,0.9639142511793456,0.2811265362748643,9.276582168374194,-0.9025956687954072,dominated_by_one_event;long_relative_to_circular_transit;not_recovered_at_fixed_ephemeris
309781635,2,30.989632192278616,2979.2898439950873,0.24375,0.002148972940023767,0.8453674706190993,0.23215654704235533,7.710808651391499,0.39762049086046813,odd_even_discrepancy;long_relative_to_circular_transit;not_recovered_at_fixed_ephemeris
309781635,3,23.62941698051265,2977.152343995087,0.24375,0.0016530404911537695,0.7414328171546062,0.3332719964176355,6.355636527625144,-0.25702865945711434,long_relative_to_circular_transit;not_recovered_at_fixed_ephemeris;low_nominal_snr
309781635,4,20.58151808905401,2980.413718995087,0.0765,0.0025075267501436915,0.9131725461716966,0.4006510555299636,5.825837152321744,-0.8363570549420729,not_recovered_at_fixed_ephemeris;low_nominal_snr
309850275,1,5.775528282558326,1900.5525919005527,0.17550000000000002,0.009475603423802544,1.8176620347064842,1.7691696888257185,38.1427788120042,8.734815435705833,outside_nominal_optimistic_hz;long_relative_to_circular_transit
309850275,2,5.775413331978359,1901.0814945320008,0.17550000000000002,0.010110868215734477,1.8776036597068408,1.7692166390599189,38.25291033545987,12.723772264303657,odd_even_discrepancy;outside_nominal_optimistic_hz;long_relative_to_circular_transit
309850275,3,5.773152627974686,1901.6214945320007,0.17550000000000002,0.010241055787421084,1.88965301227145,1.7701404407589378,37.26173602237415,9.428861399957507,outside_nominal_optimistic_hz;long_relative_to_circular_transit
309850275,4,6.297355375026533,1904.2539945320007,0.17550000000000002,0.010303760338122966,1.895429224438509,1.5764523206804044,37.66137498112316,-11.912491251916991,odd_even_discrepancy;outside_nominal_optimistic_hz;long_relative_to_circular_transit;not_recovered_at_fixed_ephemeris
310128088,1,27.409317430822224,3013.8806867503868,0.24375,0.0043392826255166965,0.9854693550405678,0.17525083312142703,7.884012171920187,-0.035460486708443074,fewer_than_three_discovery_events;dominated_by_one_event;outside_nominal_optimistic_hz;long_relative_to_circular_transit;not_recovered_at_fixed_ephemeris
310128088,2,5.569977428278333,2990.6550617503867,0.058499999999999996,0.0020835625837031966,0.6828690506488861,1.4668525885751609,5.270814859793667,0.09905062229886298,long_relative_to_circular_transit;not_recovered_at_fixed_ephemeris;low_nominal_snr
310128088,3,7.6457789927384985,2993.682436750387,0.11475000000000002,0.0017777642777919438,0.6307703091588085,0.9615282864478686,5.170052051254488,0.7480590638411955,long_relative_to_circular_transit;not_recovered_at_fixed_ephemeris;low_nominal_snr
310128088,4,7.708810709832407,2992.2488117503867,0.039,0.003010511180500802,0.8208319964942279,0.9510599123734556,5.143107747444625,0.8028734164368189,not_recovered_at_fixed_ephemeris;low_nominal_snr
311931991,1,14.497810853522422,2854.6027451996592,0.025,0.0020255313043096774,0.8551303406930111,0.6832991875203004,5.366216540384793,1.1574424769422074,not_recovered_at_fixed_ephemeris;low_nominal_snr
311931991,2,7.056816935093736,2856.0369951996595,0.17550000000000002,0.0004778699759608063,0.41535334142533753,1.7845785767768128,5.036216872510345,0.02644808852983242,outside_nominal_optimistic_hz;long_relative_to_circular_transit;outside_initial_small_planet_radius_range;not_recovered_at_fixed_ephemeris;low_nominal_snr
311931991,3,11.68355460550512,2859.7652451996596,0.025,0.0019038725000647405,0.8290519907517896,0.9111309933018551,5.153051659968161,0.10062178009345231,not_recovered_at_fixed_ephemeris;low_nominal_snr
311931991,4,11.369854543172783,2863.6779951996596,0.17550000000000002,0.0006808119232856961,0.4957656271454491,0.9448022784233988,5.056277401236035,-0.6068285716716694,long_relative_to_circular_transit;outside_initial_small_planet_radius_range;not_recovered_at_fixed_ephemeris;low_nominal_snr
3127674,1,4.4403758081676195,2257.0912494517115,0.24375,0.0034703899506626228,0.8491348344448164,1.6057766474967503,35.23084333226575,51.97571012687014,outside_nominal_optimistic_hz;long_relative_to_circular_transit
3127674,2,4.441397811025763,2256.5066244517116,0.22950000000000004,0.0032289652170886824,0.8190665731632979,1.6052839961735734,32.49821542672758,-24.63875626338812,outside_nominal_optimistic_hz;long_relative_to_circular_transit;not_recovered_at_fixed_ephemeris
3127674,3,4.433594171186116,2256.0206244517117,0.17550000000000002,0.0035320506819222375,0.8566451932143084,1.609052415525809,31.50687682099005,39.41345601877556,outside_nominal_optimistic_hz;long_relative_to_circular_transit
3127674,4,4.440331284328641,2259.864199026037,0.24375,0.0033004767188970145,0.8280867883818909,1.6057981160031272,32.03663363885745,60.01524907114682,outside_nominal_optimistic_hz;long_relative_to_circular_transit
312885008,1,10.73803394463783,2745.2734247424114,0.24375,0.00046989873943915976,0.6296473275322403,1.8630918590958574,5.675720462007384,1.2497894296190855,fewer_than_three_discovery_events;dominated_by_one_event;outside_nominal_optimistic_hz;long_relative_to_circular_transit;not_recovered_at_fixed_ephemeris;low_nominal_snr
312885008,2,11.653656083669082,2745.4796747424116,0.24375,0.00041986779838779564,0.5951843570407828,1.670517521334695,5.3889212483810525,2.0537739913341615,outside_nominal_optimistic_hz;long_relative_to_circular_transit;not_recovered_at_fixed_ephemeris;low_nominal_snr
312885008,3,11.493177765738947,2753.3827997424114,0.17550000000000002,0.0004208786621729377,0.5959004022100363,1.7016900760808624,4.431341635588713,0.33279893486263185,fewer_than_three_discovery_events;outside_nominal_optimistic_hz;long_relative_to_circular_transit;not_recovered_at_fixed_ephemeris;low_nominal_snr
313386497,1,13.681788734322925,1942.8372428658063,0.17550000000000002,0.0062939880632051325,1.273485135092465,0.4394101469786084,6.2885105457243675,0.0,fewer_than_three_discovery_events;long_relative_to_circular_transit;insufficient_holdout_events;low_nominal_snr
313386497,2,12.55864274812229,1931.5647428658062,0.17550000000000002,0.004396636792937505,1.0643665500689938,0.4925726715963509,4.118350850907664,-0.11007372716107947,long_relative_to_circular_transit;not_recovered_at_fixed_ephemeris;low_nominal_snr
313625338,1,7.480856931170978,1717.3586254692045,0.025,0.0026105853482733424,0.8592177825955375,1.3944027205304024,5.778512434399375,1.4759246397775772,not_recovered_at_fixed_ephemeris;low_nominal_snr
313625338,2,12.979232699420406,1719.4825004692045,0.08775000000000001,0.0014589064191952203,0.6423149437598319,0.6688437325300969,5.432972682436917,-1.0123713496379283,long_relative_to_circular_transit;not_recovered_at_fixed_ephemeris;low_nominal_snr
313625338,3,22.753336995916047,1729.4477504692045,0.12675,0.002113284873641174,0.7730602286278153,0.31641948647319496,5.283335233716654,1.257287297150131,fewer_than_three_discovery_events;long_relative_to_circular_transit;not_recovered_at_fixed_ephemeris;low_nominal_snr
313625338,4,15.381579426523984,1715.8465004692046,0.12675,0.0015198995951617987,0.6556042469982523,0.5333211132717707,5.295833910110897,0.5748722770963399,long_relative_to_circular_transit;not_recovered_at_fixed_ephemeris;low_nominal_snr
31381302,1,2.8090176707630983,3667.7177703621687,0.0765,0.0037843480340675395,0.7657975528566825,1.8417913428192862,49.06012455612539,44.198578338312714,outside_nominal_optimistic_hz;long_relative_to_circular_transit
31381302,2,2.8090889689958676,3667.213770362169,0.0765,0.0037111056667630286,0.7583507126496642,1.8417290137563422,48.13154557656901,-40.98667259682136,outside_nominal_optimistic_hz;long_relative_to_circular_transit;not_recovered_at_fixed_ephemeris
31381302,3,2.8091093399195164,3667.3757703621686,0.058499999999999996,0.004090965463854984,0.7962168161846356,1.8417112061306329,46.39163433268561,-46.14608652881477,outside_nominal_optimistic_hz;long_relative_to_circular_transit;not_recovered_at_fixed_ephemeris
31381302,4,2.809005633399124,3668.374770362169,0.058499999999999996,0.004247316374637469,0.8112892942744,1.8418018662720603,47.01464542525592,50.017669144571,outside_nominal_optimistic_hz;long_relative_to_circular_transit
315301271,1,13.262293011664996,1751.7092610850805,0.24375,0.002157515980898452,0.7202428286620993,0.3714215026304232,5.86715748028899,-0.8073178335348764,long_relative_to_circular_transit;not_recovered_at_fixed_ephemeris;low_nominal_snr
315301271,2,13.128828745968423,1748.3530110850804,0.24375,0.003659535168051921,0.9380260398731924,0.3764643792531102,5.874072165975509,-0.9020199216650496,fewer_than_three_discovery_events;dominated_by_one_event;long_relative_to_circular_transit;not_recovered_at_fixed_ephemeris;low_nominal_snr
315301271,3,5.44865597977815,1742.6282610850803,0.16575,0.0014886773922229714,0.5982768917116812,1.2161095071642642,5.85900774618221,0.8790739380927355,long_relative_to_circular_transit;not_recovered_at_fixed_ephemeris;low_nominal_snr
315301271,4,4.010302268888225,1739.8408860850805,0.051000000000000004,0.002140757706022738,0.7174401711059203,1.8300195266838508,5.402583030881733,1.1118105270103684,outside_nominal_optimistic_hz;not_recovered_at_fixed_ephemeris;low_nominal_snr
316627328,1,12.059968876857498,1791.4534635888872,0.08775000000000001,0.01481277137212883,1.4619227779187456,0.2636601917994152,30.165602902266087,-0.8861731520849092,fewer_than_three_discovery_events;dominated_by_one_event;long_relative_to_circular_transit;insufficient_holdout_events
316627328,2,13.469423523678284,1799.2849635888872,0.24375,0.0029224816294095195,0.6493549685122227,0.22753111827161357,12.666262024810607,-2.964681200216013,dominated_by_one_event;odd_even_discrepancy;long_relative_to_circular_transit;not_recovered_at_fixed_ephemeris
316627328,3,7.338791255586938,1793.4162135888873,0.24375,0.0020338739452068766,0.5417117919069074,0.5112972222060178,10.86467477502825,-0.701753538143254,long_relative_to_circular_transit;not_recovered_at_fixed_ephemeris
316627328,4,4.5008095048422625,1795.1412135888872,0.24375,0.0013565175368314706,0.4424039330143673,0.9812627295811506,10.009425641074476,0.5273722720311894,long_relative_to_circular_transit;outside_initial_small_planet_radius_range;not_recovered_at_fixed_ephemeris
316880751,1,21.040480109659214,3140.9734457906584,0.12675,0.007207262503198372,1.1958823830234173,0.17868792646897777,7.062430614084723,0.9571516234265159,fewer_than_three_discovery_events;dominated_by_one_event;outside_nominal_optimistic_hz;long_relative_to_circular_transit;not_recovered_at_fixed_ephemeris
316880751,2,19.919880024078058,3135.2936957906586,0.24375,0.004480754797988001,0.9429287710443608,0.1922149274524475,6.924397357763349,2.330794993734826,dominated_by_one_event;outside_nominal_optimistic_hz;long_relative_to_circular_transit;not_recovered_at_fixed_ephemeris;low_nominal_snr
316880751,3,8.479211154355555,3129.2213207906584,0.058499999999999996,0.0061695486151026055,1.1064454149628122,0.6002914198979148,6.2679931219140155,0.49928748190531264,not_recovered_at_fixed_ephemeris;low_nominal_snr
316880751,4,7.389159574389449,3130.0624457906583,0.24375,0.0024267532055504658,0.6939307041994948,0.7211783420121789,5.040938787408971,0.7268215266660878,long_relative_to_circular_transit;not_recovered_at_fixed_ephemeris;low_nominal_snr
316976049,1,17.0019581236983,2964.7764771291395,0.24375,0.0011932187350071725,0.5205383199163702,0.31731427286174696,6.739522682811165,-1.3327955830321865,long_relative_to_circular_transit;not_recovered_at_fixed_ephemeris;low_nominal_snr
316976049,2,25.36158865566205,2970.5008521291397,0.051000000000000004,0.0028098220894281337,0.7987890178836754,0.1861742405492499,6.195386828659586,0.18589572182630662,outside_nominal_optimistic_hz;not_recovered_at_fixed_ephemeris;low_nominal_snr
316976049,3,23.112110082768538,2964.5889771291395,0.24375,0.0014239110794665275,0.5686356827027178,0.21071820927075452,6.189643666399389,0.33132941150225337,long_relative_to_circular_transit;not_recovered_at_fixed_ephemeris;low_nominal_snr
316976049,4,7.911999816869511,2967.1014771291398,0.24375,0.0008324607304936822,0.43478499945784504,0.8799132119301581,6.122964491594218,-0.10423317332337294,long_relative_to_circular_transit;outside_initial_small_planet_radius_range;not_recovered_at_fixed_ephemeris;low_nominal_snr
31704987,1,16.037368974445553,2043.3965599179885,0.08775000000000001,0.002100043972942036,0.8156716847223797,0.43027401896740847,6.994629766370905,0.47317353552388164,not_recovered_at_fixed_ephemeris;low_nominal_snr
31704987,2,13.01781191755749,2047.3284349179885,0.17550000000000002,0.0017977763488612854,0.7546907438785031,0.5682489317629913,5.976559965421624,-1.2854151413485004,long_relative_to_circular_transit;not_recovered_at_fixed_ephemeris;low_nominal_snr
31704987,3,23.792377239380123,2051.5809349179885,0.17550000000000002,0.0021036144374270223,0.8163647868660509,0.25429559375764443,5.6402175487506225,1.592746488573919,long_relative_to_circular_transit;not_recovered_at_fixed_ephemeris;low_nominal_snr
31704987,4,12.866285367378136,2049.0946849179886,0.045,0.0037345436889327606,1.0877271389816916,0.5771894422899083,5.694006987282288,1.6249438527531819,not_recovered_at_fixed_ephemeris;low_nominal_snr
317180704,1,12.59821827779149,2744.9039892326246,0.24375,0.007729623461812694,1.0752532889098843,0.24763510270313208,7.732831849256175,-0.3596403123289286,long_relative_to_circular_transit;not_recovered_at_fixed_ephemeris
317180704,2,13.72101245905743,2745.8474892326244,0.12675,0.008711901619875395,1.1415320034322949,0.22099180378255384,6.4661432969076085,-1.7948110636750836,long_relative_to_circular_transit;not_recovered_at_fixed_ephemeris;low_nominal_snr
317180704,3,15.549755531756114,2750.1164892326246,0.24375,0.006495450157580095,0.9856806653728666,0.18703646722382308,6.323932905652688,0.3520319268458556,outside_nominal_optimistic_hz;long_relative_to_circular_transit;not_recovered_at_fixed_ephemeris;low_nominal_snr
317180704,4,15.73006555589201,2747.2102392326246,0.24375,0.00855146924121046,1.1309723291198255,0.1841833360259504,5.980341032637348,-0.434010356736893,outside_nominal_optimistic_hz;long_relative_to_circular_transit;not_recovered_at_fixed_ephemeris;low_nominal_snr
317837723,1,19.579506330646616,1969.502704189065,0.17550000000000002,0.014220172815758231,1.6928145267960184,0.19464996579049923,12.22836634868308,-0.44774248439609593,dominated_by_one_event;outside_nominal_optimistic_hz;long_relative_to_circular_transit;not_recovered_at_fixed_ephemeris
317837723,2,15.194269598884087,1964.9295791890652,0.24375,0.008795152240060439,1.3313082420977607,0.272950280122767,8.845822305991582,1.4542739362099049,dominated_by_one_event;long_relative_to_circular_transit;not_recovered_at_fixed_ephemeris
317837723,3,7.964526944674583,1958.8545791890651,0.24375,0.004634934788526696,0.9664485841713479,0.6458177847064179,6.728096044944892,0.8834243643789153,long_relative_to_circular_transit;not_recovered_at_fixed_ephemeris;low_nominal_snr
317837723,4,4.816667945925616,1956.4583291890651,0.08775000000000001,0.006255830535347971,1.122792305784531,1.262780028694066,7.183673453656833,-2.11235786608742,long_relative_to_circular_transit;not_recovered_at_fixed_ephemeris
31792609,1,3.9626281958476164,3805.93219097635,0.24375,0.010190448438682805,1.2786987038081363,1.263512882551512,26.425112440093944,2.2763591892385273,long_relative_to_circular_transit;not_recovered_at_fixed_ephemeris
31792609,2,3.956647720575527,3807.2634409763496,0.24375,0.01140729907281843,1.3528915708698694,1.2660599244012696,29.193949146904032,-7.409877905354347,long_relative_to_circular_transit;not_recovered_at_fixed_ephemeris
31792609,3,3.9549808993744486,3804.6919316674143,0.24375,0.012964825582024164,1.4422977175770237,1.2667714132955115,32.134422097247274,18.53189148056276,long_relative_to_circular_transit
31792609,4,5.291805160128897,3808.1606816674143,0.24375,0.003974045269692009,0.7985240154517126,0.859182944927378,7.757205956423283,30.991093159749923,long_relative_to_circular_transit
318606698,1,21.819646538746692,4171.307778218791,0.24375,0.001964314828144435,1.0163386230656604,0.46149971921757243,7.207999025343796,-3.0084920622165865,fewer_than_three_discovery_events;dominated_by_one_event;long_relative_to_circular_transit;not_recovered_at_fixed_ephemeris
318606698,2,20.966033859568196,4158.764028218791,0.24375,0.0007420325373335948,0.6246609495329577,0.486720918705229,5.896325573857948,-1.3096003770427118,long_relative_to_circular_transit;not_recovered_at_fixed_ephemeris;low_nominal_snr
318606698,3,11.877828569829148,4162.326903218791,0.039,0.0014719229463499334,0.8797827052315571,1.0382907509630532,5.835180123247296,-1.5792951553386239,not_recovered_at_fixed_ephemeris;low_nominal_snr
318606698,4,10.000262641552174,4155.6819032187905,0.039,0.0013844920631246184,0.8532535772077932,1.3060300841124115,5.2527531974676736,1.0226140865276006,not_recovered_at_fixed_ephemeris;low_nominal_snr
320208632,1,11.289119640112022,1904.6975720018215,0.24375,0.013024489983379203,1.6823940327902414,0.46563532413790026,9.46144540649684,0.8706567623912491,fewer_than_three_discovery_events;dominated_by_one_event;odd_even_discrepancy;long_relative_to_circular_transit;not_recovered_at_fixed_ephemeris
320208632,2,4.250811034773492,1904.0225720018216,0.24375,0.007466715210787162,1.2738319859606788,1.7124988475250424,8.096373851083593,11.948113845096227,outside_nominal_optimistic_hz;long_relative_to_circular_transit
320208632,3,8.49072924965651,1905.6725720018214,0.24375,0.010248733042091668,1.4923903998333126,0.6807683613277208,7.362628739792127,-9.41303308935113,fewer_than_three_discovery_events;dominated_by_one_event;long_relative_to_circular_transit;not_recovered_at_fixed_ephemeris
320208632,4,12.473895001937526,1905.0676970018214,0.039,0.022098617265500393,2.1914416242878376,0.40762102323680827,6.251387055804654,0.0,fewer_than_three_discovery_events;dominated_by_one_event;outside_initial_small_planet_radius_range;insufficient_holdout_events;low_nominal_snr
32050414,1,17.68695581053532,1328.2255966042696,0.24375,0.0017841461097448832,0.544265497102931,0.17295000913417471,6.2551140558338485,-0.7163193204997753,outside_nominal_optimistic_hz;long_relative_to_circular_transit;not_recovered_at_fixed_ephemeris;low_nominal_snr
32050414,2,4.902549900486088,1329.6130966042695,0.24375,0.0010302454574149945,0.41358611415847846,0.9569634407165706,6.11200055620091,5.318376648631918,long_relative_to_circular_transit;outside_initial_small_planet_radius_range;low_nominal_snr
32050414,3,3.1289780668296006,1327.9255966042695,0.24375,0.0009069160839561345,0.3880423688413325,1.7414914708689138,6.018266548734963,0.4981865817694423,outside_nominal_optimistic_hz;long_relative_to_circular_transit;outside_initial_small_planet_radius_range;not_recovered_at_fixed_ephemeris;low_nominal_snr
32050414,4,5.8842938243929,1329.3318466042695,0.24375,0.0012021628322198804,0.44676304609488454,0.7502377443012205,5.458732508714479,0.915295912136866,long_relative_to_circular_transit;outside_initial_small_planet_radius_range;not_recovered_at_fixed_ephemeris;low_nominal_snr
322777970,1,9.279041669011601,3015.453904574942,0.17550000000000002,0.009180728357668835,1.2660111390373623,0.49030027559845657,12.415589760373987,2.659058531841573,dominated_by_one_event;odd_even_discrepancy;long_relative_to_circular_transit;not_recovered_at_fixed_ephemeris
322777970,2,3.7037089217151906,3017.4812955900265,0.22950000000000004,0.004052172493367727,0.8410908727450603,1.6683372260096372,7.904860767038801,-0.4688686610200491,outside_nominal_optimistic_hz;long_relative_to_circular_transit;not_recovered_at_fixed_ephemeris
322777970,3,9.264032151530056,3021.8384205900265,0.24375,0.005053815157016038,0.9393093272772726,0.4913597360918036,6.700434762442051,-0.44003363113933464,fewer_than_three_discovery_events;long_relative_to_circular_transit;not_recovered_at_fixed_ephemeris;low_nominal_snr
322777970,4,5.519653159483841,3018.9599205900263,0.16575,0.004054331237835449,0.8413148832619896,0.980055309458251,6.031528163261361,1.140955144781225,long_relative_to_circular_transit;not_recovered_at_fixed_ephemeris;low_nominal_snr
322860313,1,9.050836579821794,2338.8170965815784,0.058499999999999996,0.007892794012059322,1.2999713183610084,0.5847021513097846,4.726456475223631,-0.8669840056049015,not_recovered_at_fixed_ephemeris;low_nominal_snr
323057249,1,8.036834720162837,2856.172464838736,0.24375,0.0016131066551857986,0.5043627100332156,0.49075420469867126,5.170557668128339,-0.005123942952300701,long_relative_to_circular_transit;not_recovered_at_fixed_ephemeris;low_nominal_snr
323057249,2,10.210760406758627,2853.9643398387357,0.0325,0.005467760336872052,0.9285732387854762,0.35664266607094497,5.866344349585951,-1.7410731573779852,not_recovered_at_fixed_ephemeris;low_nominal_snr
323057249,3,7.798538403467573,2855.009964838736,0.24375,0.0014696075079799328,0.4814066765510212,0.5108496793057482,5.027958022243701,-0.07077858114551354,long_relative_to_circular_transit;outside_initial_small_planet_radius_range;not_recovered_at_fixed_ephemeris;low_nominal_snr
323057249,4,5.658987644975002,2854.8910898387358,0.03,0.0047494069318440085,0.8654283522735147,0.7834159649042457,5.814957020632753,-0.43873083603031293,not_recovered_at_fixed_ephemeris;low_nominal_snr
323429176,1,23.69464742268615,3050.5130530956367,0.24375,0.0012028012968500054,0.7536394223454743,0.35175565246212814,7.924733511854523,-0.9681178784436377,dominated_by_one_event;long_relative_to_circular_transit;not_recovered_at_fixed_ephemeris
323429176,2,27.20208463318234,3041.3630530956366,0.24375,0.001374844868451256,0.8057373812241586,0.29262078384938744,6.25302975579762,0.9175727614733805,fewer_than_three_discovery_events;long_relative_to_circular_transit;not_recovered_at_fixed_ephemeris;low_nominal_snr
323429176,3,18.801973473006097,3049.8233306243083,0.039,0.0023955550244589056,1.063578965278462,0.47881767314622664,5.5824096247313255,-0.3656016948180621,not_recovered_at_fixed_ephemeris;low_nominal_snr
323429176,4,18.778074799085257,3044.0363306243084,0.039,0.0020617521970706155,0.9866994751552365,0.4796303609309429,5.48646118634028,1.1067279885403662,not_recovered_at_fixed_ephemeris;low_nominal_snr
323598320,1,13.099188835610876,2513.517579209584,0.08775000000000001,0.046937909493522105,3.2411268344189206,0.3536636152119025,29.686716718006,0.5549890402974746,fewer_than_three_discovery_events;dominated_by_one_event;odd_even_discrepancy;long_relative_to_circular_transit;outside_initial_small_planet_radius_range;not_recovered_at_fixed_ephemeris
323598320,2,13.336499365614976,2513.2562586518648,0.025,0.027823880100659903,2.495416265286183,0.3452977812287292,7.091305098168618,-2.1797238869300712,fewer_than_three_discovery_events;dominated_by_one_event;outside_initial_small_planet_radius_range;not_recovered_at_fixed_ephemeris
323598320,3,15.492222167647174,2509.4320086518646,0.22950000000000004,0.005171204936522469,1.0757962586829826,0.2827686753647778,6.9742713603157105,-1.382655703334378,dominated_by_one_event;long_relative_to_circular_transit;not_recovered_at_fixed_ephemeris;low_nominal_snr
323598320,4,8.405095843725734,2507.4943836518646,0.24375,0.0033213460692306023,0.8621666500601384,0.6390370315297605,6.5326342417472025,-3.5873886508929766,long_relative_to_circular_transit;not_recovered_at_fixed_ephemeris;low_nominal_snr
325278705,1,10.45853653310042,3830.951040870779,0.17550000000000002,0.0028727435463091425,0.7608610791544143,0.41716325938021515,7.526416329948344,2.937680024684723,long_relative_to_circular_transit;not_recovered_at_fixed_ephemeris
325278705,2,9.363188103976674,3833.653290870779,0.051000000000000004,0.003867320811900463,0.8827994221400208,0.4834693476218643,5.872836675195348,0.7533725792112718,not_recovered_at_fixed_ephemeris;low_nominal_snr
325278705,3,4.144629204052554,3831.942915870779,0.24375,0.0011541157414201022,0.4822604225786793,1.4331325675365136,5.328855210424436,1.2782940177162285,long_relative_to_circular_transit;outside_initial_small_planet_radius_range;not_recovered_at_fixed_ephemeris;low_nominal_snr
325278705,4,17.861405270003868,3848.5735408707787,0.0325,0.008869952106285174,1.3369574249631482,0.20435241584711758,5.824617440295153,0.634222401195503,fewer_than_three_discovery_events;dominated_by_one_event;not_recovered_at_fixed_ephemeris;low_nominal_snr
328254412,1,3.876074185716137,1411.6242413165023,0.24375,0.023116281227194096,2.3575500249755623,1.740088652522421,49.58841228052811,-60.6060907415652,outside_nominal_optimistic_hz;long_relative_to_circular_transit;outside_initial_small_planet_radius_range;not_recovered_at_fixed_ephemeris
328254412,2,3.898025435958904,1414.1929913165022,0.24375,0.023722475604133673,2.3882618236056192,1.727035470694498,53.722951524167975,64.0421195120635,outside_nominal_optimistic_hz;long_relative_to_circular_transit;outside_initial_small_planet_radius_range
328254412,3,3.8702870452461946,1412.9742413165022,0.24375,0.030094227421673798,2.6899458124277156,1.7435587297592425,64.09403871878565,30.628168994695553,outside_nominal_optimistic_hz;long_relative_to_circular_transit;outside_initial_small_planet_radius_range
328254412,4,3.876323353167293,1412.0367413165022,0.24375,0.016423526279016724,1.9871705259513415,1.7399395184866184,32.63241226186809,98.67807636780205,outside_nominal_optimistic_hz;long_relative_to_circular_transit
328401671,1,4.638277652066976,2146.417703849956,0.24375,0.0012233104733625241,0.4239405057031487,1.0881628847201745,5.188797058418626,3.1905845916238014,long_relative_to_circular_transit;outside_initial_small_planet_radius_range;not_recovered_at_fixed_ephemeris;low_nominal_snr
328401671,2,6.244301138299801,2148.209578849956,0.025,0.004736685246085232,0.8342070002490909,0.7320225274882187,5.166127901454935,0.5800031325830755,not_recovered_at_fixed_ephemeris;low_nominal_snr
328401671,3,10.798850350194323,2145.498578849956,0.051000000000000004,0.0038274384447610907,0.7498781062926587,0.3526410518913303,4.639540762711447,1.6703876287379562,fewer_than_three_discovery_events;not_recovered_at_fixed_ephemeris;low_nominal_snr
328463799,1,3.6494367299545236,2147.889550593206,0.039,0.006898957638959309,1.2335144326394876,1.8032532565599833,15.001835984095287,12.654823574951534,outside_nominal_optimistic_hz
328463799,2,3.6520238397707603,2144.892550593206,0.039,0.006191673257507331,1.16857478522033,1.8015502142618292,14.618979004995653,-8.094598684719724,outside_nominal_optimistic_hz;not_recovered_at_fixed_ephemeris
328463799,3,4.977644265648514,2144.7905505932063,0.051000000000000004,0.00596564728387568,1.1470471820079204,1.192136638535091,14.936624876361867,-9.681890494270398,not_recovered_at_fixed_ephemeris
328463799,4,3.9818445764224673,2145.6725505932063,0.051000000000000004,0.0056242258813460145,1.1137401430785876,1.605383412021244,14.088141918538907,12.879341178164317,outside_nominal_optimistic_hz
328591096,1,10.874094805925134,4052.416814100613,0.24375,0.00046785266686101865,0.5574169176256557,1.4724953610990459,8.145501917027797,-2.813521501409389,long_relative_to_circular_transit;not_recovered_at_fixed_ephemeris
328591096,2,14.948800442864188,4055.6230641006127,0.24375,0.0006852789607614199,0.6746201206622748,0.9633178984622891,8.115899443585997,1.7484900676638098,long_relative_to_circular_transit;not_recovered_at_fixed_ephemeris
328591096,3,31.342015559089127,4056.293189100613,0.0765,0.0014787163839523458,0.990987172961251,0.3589843585910257,7.710102996477285,1.5072768307394069,fewer_than_three_discovery_events;dominated_by_one_event;not_recovered_at_fixed_ephemeris
328591096,4,12.800656771226112,4050.357689100613,0.17550000000000002,0.0005755481090911635,0.6182532477688031,1.1846818956548606,7.00047231942244,3.409021022794733,long_relative_to_circular_transit;not_recovered_at_fixed_ephemeris
329118618,1,11.142855896801366,2705.079214870891,0.24375,0.007237507776831577,1.2076788532614389,0.4212479066767321,11.398477388480261,-0.2685620074194697,dominated_by_one_event;long_relative_to_circular_transit;not_recovered_at_fixed_ephemeris
329118618,2,6.961641401064022,2704.5729648708907,0.24375,0.0059914161000370605,1.0988076671345606,0.7887104158862352,10.033321569902146,-0.6030907682866856,long_relative_to_circular_transit;not_recovered_at_fixed_ephemeris
329118618,3,4.018478374287456,2700.335464870891,0.24375,0.004870087953238425,0.9906616300263645,1.6410340557620042,9.07354916554234,-1.0561137704184114,outside_nominal_optimistic_hz;long_relative_to_circular_transit;not_recovered_at_fixed_ephemeris
329118618,4,14.910044222333108,2711.522089870891,0.22950000000000004,0.006332351819727633,1.12963842860802,0.2856896667657905,8.830400906472365,0.0,fewer_than_three_discovery_events;dominated_by_one_event;odd_even_discrepancy;long_relative_to_circular_transit;insufficient_holdout_events
329291443,1,6.654913382176514,2723.8594145313664,0.24375,0.0016935440194100235,0.6201416763900258,0.9059687895438078,8.680088002979877,-1.5594074353096565,long_relative_to_circular_transit;not_recovered_at_fixed_ephemeris
329291443,2,23.330616484570996,2732.5166645313666,0.11475000000000002,0.003972095250209329,0.9497351272989728,0.17011195145324912,7.187843702165944,-1.018833823218498,outside_nominal_optimistic_hz;long_relative_to_circular_transit;not_recovered_at_fixed_ephemeris
329291443,3,21.918924776591318,2723.1094145313664,0.24375,0.0017043414463605406,0.6221154354255344,0.18487468680760163,5.892190750705344,-0.4757002862930546,outside_nominal_optimistic_hz;long_relative_to_circular_transit;not_recovered_at_fixed_ephemeris;low_nominal_snr
329291443,4,8.136573082070495,2724.0783102619175,0.12675,0.0017768693269062334,0.6352145237611677,0.692969957211331,5.969481437312366,-1.3100260431569746,long_relative_to_circular_transit;not_recovered_at_fixed_ephemeris;low_nominal_snr
334519921,1,5.307082122314583,1901.4732179005096,0.08775000000000001,0.006386618426837093,1.134468456336518,1.1417548935838167,6.138973410849984,3.639045847498368,long_relative_to_circular_transit;not_recovered_at_fixed_ephemeris;low_nominal_snr
334519921,2,4.599681995396337,1903.3665929005097,0.0675,0.006627856341097484,1.155695662552672,1.3816887325923266,5.656979847232922,4.508232503709972,long_relative_to_circular_transit;not_recovered_at_fixed_ephemeris;low_nominal_snr
334519921,3,7.968741409393517,1902.1774679005096,0.12675,0.005028836127733611,1.006678241781469,0.6640401114208976,5.288634451858236,0.13494040036639157,long_relative_to_circular_transit;not_recovered_at_fixed_ephemeris;low_nominal_snr
334519921,4,3.87203750730918,1901.1930929005096,0.0675,0.005802361917512414,1.0813327265247916,1.738312627327931,5.393832045500204,6.563717959804462,outside_nominal_optimistic_hz;long_relative_to_circular_transit;low_nominal_snr
340009136,1,13.0287508173079,3841.596568413748,0.17550000000000002,0.0018619289827067672,0.5324435708045915,0.23752420049871964,6.132988968570935,0.2969621740989531,long_relative_to_circular_transit;not_recovered_at_fixed_ephemeris;low_nominal_snr
340009136,2,11.309287649567404,3835.9213184137484,0.039,0.003398333154121993,0.7193247567090201,0.28685641626963637,5.604692753872625,-1.0334637948007916,not_recovered_at_fixed_ephemeris;low_nominal_snr
340009136,3,2.8462880375632262,3832.2189434137485,0.24375,0.0006279819042448646,0.309218590319288,1.805260053441115,5.134602400586239,1.0067541199301284,outside_nominal_optimistic_hz;long_relative_to_circular_transit;outside_initial_small_planet_radius_range;not_recovered_at_fixed_ephemeris;low_nominal_snr
340009136,4,4.423855427338339,3832.1150684137483,0.058499999999999996,0.0018822042008370362,0.5353347067695214,1.0027138216226457,5.163472314720762,-1.948670151253055,long_relative_to_circular_transit;not_recovered_at_fixed_ephemeris;low_nominal_snr
341267102,1,5.957111943532044,2967.528789822135,0.24375,0.0036065227843036507,0.9705538646775984,1.3516479431999913,13.206509666936858,18.929906834224983,long_relative_to_circular_transit
341267102,2,5.943541083773174,2969.066289822135,0.24375,0.0037188261128047145,0.9855490396151597,1.3557644569768221,13.200425393775244,-29.262876480822896,long_relative_to_circular_transit;not_recovered_at_fixed_ephemeris
341267102,3,5.945331355020897,2966.085039822135,0.24375,0.003958256277038578,1.0167806149239103,1.3552201499321501,13.285661522624315,20.085437176648867,long_relative_to_circular_transit
341267102,4,5.949010298592128,2964.566289822135,0.24375,0.004159806738348228,1.042345942562169,1.3541028179706502,13.921962352690786,-30.75195424150481,long_relative_to_circular_transit;not_recovered_at_fixed_ephemeris
341787179,1,5.487390728476037,2334.6469630861848,0.11475000000000002,0.011421456811304916,2.0189261899393567,1.7529170225378137,58.585325539155626,-19.8352452643149,odd_even_discrepancy;outside_nominal_optimistic_hz;long_relative_to_circular_transit;outside_initial_small_planet_radius_range;not_recovered_at_fixed_ephemeris
341787179,2,5.880148373982715,2335.8158380861846,0.0975,0.013204877333264533,2.1708353072430953,1.5985693885526657,60.09227603417161,83.3108129849462,odd_even_discrepancy;outside_nominal_optimistic_hz;long_relative_to_circular_transit;outside_initial_small_planet_radius_range
341787179,3,5.880955825957927,2336.2062130861846,0.11475000000000002,0.01175904751198088,2.0485462028064925,1.5982767516615113,56.85339750242089,-34.4520285879443,outside_nominal_optimistic_hz;long_relative_to_circular_transit;outside_initial_small_planet_radius_range;not_recovered_at_fixed_ephemeris
341787179,4,7.840276777394835,2335.0358380861844,0.0975,0.01444406071862847,2.2704102751621438,1.0892828836616446,55.65617390104514,79.96651373000854,odd_even_discrepancy;long_relative_to_circular_transit;outside_initial_small_planet_radius_range
341845611,1,24.29251810504034,1997.233936572755,0.12675,0.002388570886875435,1.03000649687465,0.36209392626147957,4.689206954155037,1.2904377226786674,fewer_than_three_discovery_events;dominated_by_one_event;long_relative_to_circular_transit;not_recovered_at_fixed_ephemeris;low_nominal_snr
342888849,1,10.562674672072312,2964.216695164864,0.24375,0.003467504665649641,1.6525523959503758,1.5488158229562372,74.71272759484667,117.26433530749716,outside_nominal_optimistic_hz;long_relative_to_circular_transit
342888849,2,10.567350724321768,2966.502125349074,0.24375,0.0030658060210174577,1.5538856194656285,1.5479020891073263,66.1105833665766,-32.89214479873637,odd_even_discrepancy;outside_nominal_optimistic_hz;long_relative_to_circular_transit;not_recovered_at_fixed_ephemeris
342888849,3,10.569293715369492,2972.427125349074,0.24375,0.0032969960550005397,1.6114095191518485,1.547522692232984,68.73126008267305,-41.22806096475687,odd_even_discrepancy;outside_nominal_optimistic_hz;long_relative_to_circular_transit;not_recovered_at_fixed_ephemeris
342888849,4,10.577208505449772,2973.533375349074,0.24375,0.0034008195231658845,1.6365847637180841,1.5459788961926764,70.82787950297516,10.782186593096514,odd_even_discrepancy;outside_nominal_optimistic_hz;long_relative_to_circular_transit
342888854,1,3.520916166990357,2964.2166948757313,0.24375,0.01708210918911724,1.812541902850617,1.6864361838331456,101.63010431854879,73.01908959680999,outside_nominal_optimistic_hz;long_relative_to_circular_transit
342888854,2,3.5205552424897224,2965.4146244366366,0.24375,0.018796443965313426,1.9013197343827313,1.686666710552372,112.91917690179979,-3.6432515451779075,outside_nominal_optimistic_hz;long_relative_to_circular_transit;not_recovered_at_fixed_ephemeris
342888854,3,3.52037761113181,2966.5396244366366,0.24375,0.021111590856815625,2.015012706218981,1.6867801860374052,125.09272261184609,-3.649770044349232,outside_nominal_optimistic_hz;long_relative_to_circular_transit;outside_initial_small_planet_radius_range;not_recovered_at_fixed_ephemeris
342888854,4,3.5206010782409796,2965.0572494366365,0.17550000000000002,0.007437998561953978,1.1960390345696728,1.6866374316626498,31.732945041583537,92.755900028949,outside_nominal_optimistic_hz;long_relative_to_circular_transit
345874162,1,12.36823166755234,1985.3481759538467,0.24375,0.001015116313425356,0.7967223010786835,1.1130620401917672,5.176155645194681,-1.8695046499627774,long_relative_to_circular_transit;not_recovered_at_fixed_ephemeris;low_nominal_snr
345874162,2,14.98838117785904,1990.4343009538466,0.058499999999999996,0.0011860447457155189,0.8611912469476132,0.8615025114932251,4.102617944728783,0.07706978034877988,dominated_by_one_event;not_recovered_at_fixed_ephemeris;low_nominal_snr
347308021,1,4.3062287118240565,2854.261366024622,0.0675,0.008209662917675102,1.3950679558787524,1.852899033409942,16.820802383360554,-1.000189637267891,outside_nominal_optimistic_hz;long_relative_to_circular_transit;not_recovered_at_fixed_ephemeris
347308021,2,5.535398766163469,2855.910616024622,0.058499999999999996,0.00953218012468218,1.5032417207900322,1.3257124281244923,15.937787971683134,2.428273982087688,not_recovered_at_fixed_ephemeris
347308021,3,4.921968443901958,2856.728491024622,0.08775000000000001,0.008279744921859846,1.4010098193212264,1.5504678947785506,15.235760375727482,2.2777913256107154,outside_nominal_optimistic_hz;long_relative_to_circular_transit;not_recovered_at_fixed_ephemeris
347308021,4,6.150579746136788,2855.297491024622,0.08775000000000001,0.008313099692372483,1.4038289516103284,1.1519310183103737,14.910216405201904,-1.4932946505154714,odd_even_discrepancy;long_relative_to_circular_transit;not_recovered_at_fixed_ephemeris
348772142,1,13.980070757130886,3111.6481827032335,0.24375,0.010382249902014086,1.7023574578790002,0.4740324024691838,15.293479087369484,0.3004859711760985,fewer_than_three_discovery_events;dominated_by_one_event;long_relative_to_circular_transit;not_recovered_at_fixed_ephemeris
348772142,2,28.630468516607234,3126.422628497917,0.12675,0.008723990172576938,1.560495793907624,0.18227030273008352,7.862053991880764,-0.9399649376710942,fewer_than_three_discovery_events;dominated_by_one_event;outside_nominal_optimistic_hz;long_relative_to_circular_transit;not_recovered_at_fixed_ephemeris
348772142,3,28.610215050135835,3098.230128497917,0.24375,0.0028198822249064404,0.8871978967381368,0.18244236439614112,7.07819225135196,-1.1242605212551624,outside_nominal_optimistic_hz;long_relative_to_circular_transit;not_recovered_at_fixed_ephemeris
348772142,4,9.488449795609991,3105.4676377258957,0.24375,0.0016999865071461815,0.6888549059848738,0.794743228323681,6.13757050125203,-0.44568543398964083,long_relative_to_circular_transit;not_recovered_at_fixed_ephemeris;low_nominal_snr
349374765,1,39.43742615758068,3683.48859735749,0.17550000000000002,0.0003163881377644251,0.4952949093693901,0.33851638512498566,8.95162312599436,-0.1399214353017445,long_relative_to_circular_transit;outside_initial_small_planet_radius_range;not_recovered_at_fixed_ephemeris
349374765,2,40.2313139571811,3666.24347235749,0.24375,0.0002843181304913312,0.4695221071928616,0.32963917859903596,7.882642643361773,0.46726313935755454,long_relative_to_circular_transit;outside_initial_small_planet_radius_range;not_recovered_at_fixed_ephemeris
349374765,3,54.90429630771853,3718.9872223574903,0.24375,0.0003380099988108283,0.5119393844922161,0.21776228896409291,7.362755688904324,2.7787198997227294,long_relative_to_circular_transit;not_recovered_at_fixed_ephemeris
349374765,4,45.811424421266985,3692.54709735749,0.17550000000000002,0.0004380188558606486,0.582774004822585,0.2772209527144601,6.70428974129676,0.564994880859466,dominated_by_one_event;long_relative_to_circular_transit;not_recovered_at_fixed_ephemeris;low_nominal_snr
349645035,1,26.57086112354243,1332.3688193001153,0.24375,0.002426730849803189,0.8660645640936608,0.2428957555818311,9.5047597275514,-2.711370059754692,long_relative_to_circular_transit;not_recovered_at_fixed_ephemeris
349645035,2,32.56810861642952,1339.9063193001152,0.24375,0.002253165740783827,0.8345186241899044,0.18517003765325243,9.075467731722563,-0.8498349321306816,dominated_by_one_event;outside_nominal_optimistic_hz;long_relative_to_circular_transit;not_recovered_at_fixed_ephemeris
349645035,3,25.911151720260477,1348.1188193001153,0.24375,0.002074564105815335,0.8007609636207733,0.2511761940579523,7.510089404581402,1.098624384032391,odd_even_discrepancy;long_relative_to_circular_transit;not_recovered_at_fixed_ephemeris
349645035,4,22.001169720417913,1330.9438193001154,0.24375,0.0012784364349246345,0.6286067403096078,0.31239188011210356,6.8207673621788105,1.0010171838969117,odd_even_discrepancy;long_relative_to_circular_transit;not_recovered_at_fixed_ephemeris;low_nominal_snr
35025268,1,11.738235169794228,3212.149214293508,0.12675,0.0022605421214407836,0.560716899002729,0.2602189054723836,5.089821078488295,-0.13441286154201798,long_relative_to_circular_transit;not_recovered_at_fixed_ephemeris;low_nominal_snr
35025268,2,8.544044813144678,3213.1583392935077,0.03,0.00427133105885967,0.7707596309054922,0.3974274839414163,4.784874094330121,-1.4775499242735743,not_recovered_at_fixed_ephemeris;low_nominal_snr
351697960,1,5.806852973060717,1957.897741220652,0.24375,0.003267015888703001,1.0985045975068897,1.8591461586695757,14.511325173985849,1.554474844145859,outside_nominal_optimistic_hz;long_relative_to_circular_transit;not_recovered_at_fixed_ephemeris
351697960,2,5.793875950386215,1959.866491220652,0.24375,0.0035621582098125247,1.1470513430358973,1.8647003412394165,15.041030788258501,0.5424055150344071,outside_nominal_optimistic_hz;long_relative_to_circular_transit;not_recovered_at_fixed_ephemeris
351697960,3,5.7933998299828495,1958.985241220652,0.24375,0.0034858205151616075,1.1346940207122738,1.8649046735405725,15.07952466223547,1.8273949732492358,outside_nominal_optimistic_hz;long_relative_to_circular_transit;not_recovered_at_fixed_ephemeris
351697960,4,5.791864955163403,1960.935241220652,0.24375,0.0037733083336014333,1.1805582023355166,1.8655636487673264,14.843597871296632,-10.210272249949094,outside_nominal_optimistic_hz;long_relative_to_circular_transit;not_recovered_at_fixed_ephemeris
351808240,1,4.305086424177168,2365.8059359830263,0.17550000000000002,0.00833058898661402,1.3056378671348166,1.4374593827998428,28.8687161465684,6.677650163465053,odd_even_discrepancy;long_relative_to_circular_transit
351808240,2,3.72849856817137,2363.5075609830265,0.16575,0.008012277399594751,1.280450729494988,1.7412432272535736,28.862506242822803,-6.328605249197352,odd_even_discrepancy;outside_nominal_optimistic_hz;long_relative_to_circular_transit;not_recovered_at_fixed_ephemeris
351808240,3,5.166330308248977,2362.6495609830263,0.12675,0.007964661574069474,1.2766402915106865,1.1271849687457427,21.949471475203158,16.634580469237388,long_relative_to_circular_transit
351808240,4,4.303549702380408,2364.0828109830263,0.16575,0.006567265852144774,1.1592502071380348,1.4381438120957195,22.05325409720553,-3.3794354718121205,long_relative_to_circular_transit;not_recovered_at_fixed_ephemeris
352617553,1,8.187491361085074,2802.3824949232194,0.051000000000000004,0.002388344304846521,0.8805337354182621,0.9630645695548458,19.373346690355625,4.5746561934851995,not_recovered_at_fixed_ephemeris
352617553,2,8.410264795207533,2797.3994949232197,0.039,0.002530378622105237,0.906338204205968,0.9292023922432181,18.61245267969691,-4.345265194315999,not_recovered_at_fixed_ephemeris
352617553,3,8.188312022592786,2802.2639949232193,0.03,0.0029391970441149285,0.9768140172213173,0.9629358760679579,18.933682641343513,8.296096224532283,
352617553,4,8.41160382661262,2797.5044949232197,0.051000000000000004,0.002194601830386841,0.844064044431731,0.9290051729101574,18.630362414254066,-0.5131923156905094,not_recovered_at_fixed_ephemeris
352949913,1,17.823995718628556,1721.0827247413226,0.24375,0.0035980945645855936,1.0349204324933343,0.3198232186130755,8.309818438206548,3.090511674376661,long_relative_to_circular_transit;not_recovered_at_fixed_ephemeris
352949913,2,5.10528635595757,1713.9839747413225,0.12675,0.0023922397001320374,0.8438650910908929,1.693908469637421,7.147782056222063,-4.926096746853781,outside_nominal_optimistic_hz;long_relative_to_circular_transit;not_recovered_at_fixed_ephemeris
352949913,3,26.164382043643464,1735.5014747413227,0.24375,0.004277180624264165,1.1283646453882459,0.19170617670152693,7.354161159016925,0.34222695681989307,fewer_than_three_discovery_events;dominated_by_one_event;outside_nominal_optimistic_hz;long_relative_to_circular_transit;not_recovered_at_fixed_ephemeris
352949913,4,9.553595833244193,1715.3294747413227,0.12675,0.00298745418899542,0.9430208649419729,0.734560542087567,6.2932071938394785,5.156830693501579,long_relative_to_circular_transit;low_nominal_snr
354785188,1,6.039368780977408,2885.791149660804,0.08775000000000001,0.008726645707301259,1.8361567988399043,1.826734301998467,37.597952427739706,3.0107849988304176,outside_nominal_optimistic_hz;long_relative_to_circular_transit;not_recovered_at_fixed_ephemeris
354785188,2,6.036790155173589,2883.9618996608037,0.08775000000000001,0.008675477534568163,1.8307657861696212,1.8277747665283803,37.79634005038211,11.757088497026443,outside_nominal_optimistic_hz;long_relative_to_circular_transit
354785188,3,6.038629846690707,2882.908899660804,0.11475000000000002,0.00789727393209565,1.746725635648875,1.8270323528635137,37.33847454839512,11.433023050731947,outside_nominal_optimistic_hz;long_relative_to_circular_transit
354785188,4,6.038100238526688,2883.6986496608038,0.08775000000000001,0.008429716948444663,1.8046483508321833,1.8272460239093808,37.326893780734906,14.230484468553772,outside_nominal_optimistic_hz;long_relative_to_circular_transit
355147124,1,9.348965669080261,1818.2559053124055,0.039,0.006943494044569066,0.9554147032105413,0.34043850423815225,4.797794740672294,-1.2831396693091974,not_recovered_at_fixed_ephemeris;low_nominal_snr
356062524,1,10.643815273232613,1984.0732741315144,0.24375,0.006565958919247588,1.3272536471627316,0.5867065643153969,6.434779072923312,1.7648346576151155,long_relative_to_circular_transit;not_recovered_at_fixed_ephemeris;low_nominal_snr
356062524,2,8.202150916976128,1990.5420241315144,0.24375,0.006159238712176018,1.2854890007156528,0.830450423558163,5.8284082589939565,-1.8831868969354006,long_relative_to_circular_transit;insufficient_holdout_events;low_nominal_snr
356062524,3,5.72254173352575,1985.6670241315144,0.24375,0.00489763986744509,1.1462999423414302,1.3420398980856147,5.587767770825956,1.5999388816352154,long_relative_to_circular_transit;not_recovered_at_fixed_ephemeris;low_nominal_snr
356062524,4,13.038437360276104,1989.0045241315145,0.24375,0.006206938642043008,1.2904571045237243,0.4476273963128474,4.874704724880395,-5.985833386686359,dominated_by_one_event;long_relative_to_circular_transit;not_recovered_at_fixed_ephemeris;low_nominal_snr
356090892,1,15.142442833233115,1555.3595033926617,0.24375,0.0051964779050434695,1.165010516355528,0.37276712523328515,6.6009369913114995,,fewer_than_three_discovery_events;dominated_by_one_event;long_relative_to_circular_transit;no_independent_holdout;low_nominal_snr
356090892,2,12.767534411006851,1544.3720033926618,0.24375,0.004523891503027437,1.0870046288875899,0.4679751714411946,6.189441941306797,,fewer_than_three_discovery_events;dominated_by_one_event;long_relative_to_circular_transit;no_independent_holdout;low_nominal_snr
356090892,3,21.438194834039972,1547.5809392129067,0.058499999999999996,0.008209130097936338,1.4642791294279331,0.23448473575551118,5.565789630620441,,fewer_than_three_discovery_events;no_independent_holdout;low_nominal_snr
356090892,4,5.1572828598039395,1548.4781892129067,0.025,0.005455656231929686,1.1937099164722815,1.5672475245909778,4.872664613199888,,outside_nominal_optimistic_hz;no_independent_holdout;low_nominal_snr
356838394,1,6.546122532544879,2990.0454320572962,0.11475000000000002,0.007922365107225757,1.7397788437300208,1.608862722024388,59.37890250550347,-22.75878024631049,outside_nominal_optimistic_hz;long_relative_to_circular_transit;not_recovered_at_fixed_ephemeris
356838394,2,6.02221008949353,2994.500432057296,0.08775000000000001,0.008680987455706439,1.8211729164204742,1.798139135281457,59.300177056074745,-15.502184315018154,outside_nominal_optimistic_hz;long_relative_to_circular_transit;not_recovered_at_fixed_ephemeris
356838394,3,6.808174290598614,2991.618182057296,0.08775000000000001,0.008623918548794712,1.8151768402224306,1.526828562720361,57.18792420261239,-18.018908624953863,outside_nominal_optimistic_hz;long_relative_to_circular_transit;not_recovered_at_fixed_ephemeris
356838394,4,6.022730558500676,2990.828432057296,0.08775000000000001,0.008508392292463408,1.8029777675981162,1.7979319508044116,56.32624077894508,-9.961705029897649,outside_nominal_optimistic_hz;long_relative_to_circular_transit;not_recovered_at_fixed_ephemeris
357509778,1,18.424701264136974,3075.9123081542066,0.0325,0.0030802537120045046,1.066644013857089,0.43099911558596155,6.137010142270834,0.7810438073036428,not_recovered_at_fixed_ephemeris;low_nominal_snr
357509778,2,17.41420038265304,3082.9391831542066,0.24375,0.001059933256022402,0.6256990778022138,0.4646639025809719,5.6480049905490874,0.9868533557758432,long_relative_to_circular_transit;not_recovered_at_fixed_ephemeris;low_nominal_snr
357509778,3,21.251717207240393,3076.826683154207,0.24375,0.0010454418461131076,0.621407077641234,0.3563020174164338,5.400623607593942,1.7628889299194535,long_relative_to_circular_transit;insufficient_holdout_events;low_nominal_snr
357509778,4,11.125890605450111,3077.9306831542067,0.12675,0.0015084915728638046,0.7464448048447329,0.8444305528024736,5.639069330540084,1.913451949274129,long_relative_to_circular_transit;not_recovered_at_fixed_ephemeris;low_nominal_snr
358015762,1,19.10291820816065,1816.315686962155,0.24375,0.0002722217052351273,0.5134756139393165,1.2239115859211611,6.376595416419538,1.9858793902346543,long_relative_to_circular_transit;not_recovered_at_fixed_ephemeris;low_nominal_snr
358015762,2,15.535497698566088,1827.638124280363,0.0765,0.0005565597682247649,0.734199953259461,1.612313311530112,5.953906881276379,0.6822565608665088,fewer_than_three_discovery_events;dominated_by_one_event;outside_nominal_optimistic_hz;not_recovered_at_fixed_ephemeris;low_nominal_snr
358015762,3,16.87678675375767,1823.2558742803628,0.039,0.0005584503511391094,0.7354459012968513,1.4437654686964212,5.180709063462802,-1.8871027970561842,not_recovered_at_fixed_ephemeris;low_nominal_snr
358015762,4,16.99647689019889,1831.0693742803628,0.03,0.0005730521860547988,0.7449987337159091,1.4302253017342448,5.130854687557219,1.3479398217804235,not_recovered_at_fixed_ephemeris;low_nominal_snr
358237020,1,16.526213766273237,2750.5662447883587,0.24375,0.005591167014718645,0.8981678504114349,0.1734657423076629,6.416061575530148,2.1576607514791513,odd_even_discrepancy;outside_nominal_optimistic_hz;long_relative_to_circular_transit;not_recovered_at_fixed_ephemeris;low_nominal_snr
358237020,2,13.91370536170831,2749.4056197883588,0.17550000000000002,0.01283794564243561,1.360987195174489,0.218199861399493,6.3873865393214775,-0.9404816186746945,fewer_than_three_discovery_events;dominated_by_one_event;long_relative_to_circular_transit;not_recovered_at_fixed_ephemeris;low_nominal_snr
358237020,3,4.125610569751786,2747.4162447883587,0.24375,0.0029974969466091354,0.6576361037071042,1.1035547868098463,5.935989162973539,0.43103188783865987,long_relative_to_circular_transit;not_recovered_at_fixed_ephemeris;low_nominal_snr
358237020,4,3.1989978588817163,2746.881119788359,0.17550000000000002,0.004342760040474417,0.7915697504576658,1.549148108589934,6.214502820499472,0.01420474637767793,outside_nominal_optimistic_hz;long_relative_to_circular_transit;not_recovered_at_fixed_ephemeris;low_nominal_snr
35845292,1,13.922984865824631,3719.4918795115345,0.12675,0.002302910838250253,0.6078692001245168,0.2855546740799927,5.763307726193156,0.005961421419342543,dominated_by_one_event;long_relative_to_circular_transit;not_recovered_at_fixed_ephemeris;low_nominal_snr
35845292,2,5.825487570889694,3718.5018795115348,0.24375,0.0010633170613750167,0.4130503249669905,0.9124786282700766,5.752413570002243,-1.7285125739397058,long_relative_to_circular_transit;outside_initial_small_planet_radius_range;not_recovered_at_fixed_ephemeris;low_nominal_snr
35845292,3,19.03912500715081,3720.3787776949475,0.025,0.005187711522876211,0.9123458185914469,0.18813507066586624,5.315931892445776,-0.2963318998754098,outside_nominal_optimistic_hz;not_recovered_at_fixed_ephemeris;low_nominal_snr
35845292,4,12.277676443708891,3728.8287776949473,0.025,0.004910905368961059,0.8876716703098707,0.33768426872883,5.166981512157674,0.8234895471285316,not_recovered_at_fixed_ephemeris;low_nominal_snr
35858101,1,4.415992882752801,2146.848967818204,0.24375,0.0007958328836099563,0.35734072734549527,1.1710513603545507,4.462369635852255,2.4661836432892237,long_relative_to_circular_transit;outside_initial_small_planet_radius_range;not_recovered_at_fixed_ephemeris;low_nominal_snr
358615829,1,25.085499527688658,2396.0939151280413,0.24375,0.00014570077555718102,0.32293164426718546,0.5598182021270882,6.581825459651868,-0.021658184102343492,long_relative_to_circular_transit;outside_initial_small_planet_radius_range;not_recovered_at_fixed_ephemeris;low_nominal_snr
358615829,2,16.791918181037754,2398.4279151280416,0.12675,0.00020381822290980192,0.3819453063692824,0.9560419314801781,6.54265242154938,0.121983256284214,long_relative_to_circular_transit;outside_initial_small_planet_radius_range;not_recovered_at_fixed_ephemeris;low_nominal_snr
358615829,3,17.217969674516254,2392.8756651280414,0.08775000000000001,0.0002105584308228651,0.3882093488267723,0.924630258929172,6.540538487866583,-1.4875362445331783,outside_initial_small_planet_radius_range;not_recovered_at_fixed_ephemeris;low_nominal_snr
358615829,4,22.892554694713727,2391.5357901280413,0.17550000000000002,0.0001646501988925387,0.34328972278982484,0.6324385572680962,6.125204330599145,0.01762414092491964,dominated_by_one_event;long_relative_to_circular_transit;outside_initial_small_planet_radius_range;not_recovered_at_fixed_ephemeris;low_nominal_snr
359414978,1,21.345475979342233,1987.807481515862,0.12675,0.0050879996113235215,1.1683645775034313,0.2820610806652801,5.768897280387192,0.0,long_relative_to_circular_transit;insufficient_holdout_events;low_nominal_snr
359414978,2,17.944423353506092,1998.453356515862,0.17550000000000002,0.004538794064790041,1.103506983602369,0.35550437342445784,5.246798656867527,-0.5892496194086093,fewer_than_three_discovery_events;dominated_by_one_event;long_relative_to_circular_transit;insufficient_holdout_events;low_nominal_snr
359414978,3,15.06980350850044,1998.3337315158622,0.24375,0.003691358963830744,0.9951716299545232,0.4486842627431074,5.044272421610332,-3.7068095082392514,fewer_than_three_discovery_events;long_relative_to_circular_transit;not_recovered_at_fixed_ephemeris;low_nominal_snr
359414978,4,10.114258870496393,1995.1462315158622,0.24375,0.0023749154573926966,0.7982316137372327,0.7635524414252214,4.498709230781435,-0.6291339758670185,long_relative_to_circular_transit;not_recovered_at_fixed_ephemeris;low_nominal_snr
360020321,1,3.687211666891782,1686.4105118469533,0.17550000000000002,0.008062057927118792,1.225593807413898,1.639774924407324,22.9918356824013,10.383346553719935,outside_nominal_optimistic_hz;long_relative_to_circular_transit
360020321,2,3.687397597820112,1685.0200118469534,0.17550000000000002,0.00771707002982668,1.1990845893194397,1.639664681413953,21.304062946854433,-19.55854251867117,outside_nominal_optimistic_hz;long_relative_to_circular_transit;not_recovered_at_fixed_ephemeris
360020321,3,3.686513537564122,1683.6970118469533,0.17550000000000002,0.007160472204540325,1.1550331061928574,1.6401889781680747,20.340007537034158,3.5760357095133544,odd_even_discrepancy;outside_nominal_optimistic_hz;long_relative_to_circular_transit;not_recovered_at_fixed_ephemeris
360020321,4,3.688371064329997,1685.4250118469533,0.17550000000000002,0.0070046932858634165,1.1423999162094798,1.639087700985154,19.326941893156494,5.658544757156546,outside_nominal_optimistic_hz;long_relative_to_circular_transit
36202057,1,5.827442699278199,3692.9514916121534,0.24375,0.007653928963498958,1.213275763889903,1.0021319363566885,21.921111131053316,-4.299103845906887,long_relative_to_circular_transit;not_recovered_at_fixed_ephemeris
36202057,2,3.897885081208104,3693.5889916121537,0.24375,0.0063208414814725465,1.1025664118854444,1.7131295662569026,19.8252421591338,-8.010720046491668,outside_nominal_optimistic_hz;long_relative_to_circular_transit;not_recovered_at_fixed_ephemeris
36202057,3,3.9020669472251632,3695.5202416121533,0.24375,0.00633318115142407,1.1036421129610097,1.710682043451592,19.91512927203078,-0.14584927797325042,odd_even_discrepancy;outside_nominal_optimistic_hz;long_relative_to_circular_transit;not_recovered_at_fixed_ephemeris
36202057,4,3.8765083560931513,3696.2327416121534,0.24375,0.0072296102808354235,1.1791654674998198,1.7257370341835876,20.892487434987675,16.244511490952053,outside_nominal_optimistic_hz;long_relative_to_circular_transit
362063292,1,10.505161737376477,1876.585642921694,0.17550000000000002,0.0024893596527958183,0.7627556733366498,0.4985729440676439,8.200632313055715,2.139805088210244,dominated_by_one_event;long_relative_to_circular_transit;not_recovered_at_fixed_ephemeris
362063292,2,6.207911590835662,1872.141892921694,0.045,0.002358026009531454,0.7423623177488484,1.0053987328086613,4.9593105011010215,1.1422239098704914,not_recovered_at_fixed_ephemeris;low_nominal_snr
362253884,1,18.555740992080644,2284.2390342688923,0.0325,0.001008166644090516,0.7281134351019045,0.5362963643736802,5.950945000163301,-0.9231689144082981,not_recovered_at_fixed_ephemeris;low_nominal_snr
362253884,2,10.12677476229906,2288.2850342688926,0.17550000000000002,0.0002934549617105368,0.39282906289862296,1.202488840034066,5.0927552073654105,1.2173388517536894,long_relative_to_circular_transit;outside_initial_small_planet_radius_range;not_recovered_at_fixed_ephemeris;low_nominal_snr
362253884,3,18.5441590704454,2286.9170342688926,0.058499999999999996,0.0006675674484481354,0.5924892272753218,0.5367430091571184,5.415512886729338,1.405952762748584,not_recovered_at_fixed_ephemeris;low_nominal_snr
362253884,4,21.021820258255214,2287.2635342688923,0.0765,0.0005805032601715702,0.5525037296662956,0.4540972069927077,5.126979487996763,-0.7915434159901219,not_recovered_at_fixed_ephemeris;low_nominal_snr
362379202,1,9.740030903508304,2366.957036258473,0.051000000000000004,0.00661801424674694,0.9594032650405935,0.3602184858395473,5.9439676364251985,1.1975651969096028,dominated_by_one_event;not_recovered_at_fixed_ephemeris;low_nominal_snr
362379202,2,10.365440149277267,2362.960286258473,0.058499999999999996,0.0053072881782286275,0.8591592657420948,0.3315350470081719,5.231886714170502,1.7996164496683995,not_recovered_at_fixed_ephemeris;low_nominal_snr
362379202,3,4.085376154300845,2362.730036258473,0.025,0.005693194479639149,0.8898470254602014,1.1472825196136538,5.120315241654743,-1.1427640785156306,not_recovered_at_fixed_ephemeris;low_nominal_snr
362379202,4,12.334232576499547,2368.008161258473,0.08775000000000001,0.005012404863580916,0.8349498953405543,0.262924020733826,4.901976780944976,-0.6028870981795548,fewer_than_three_discovery_events;long_relative_to_circular_transit;not_recovered_at_fixed_ephemeris;low_nominal_snr
364075630,1,25.899928140714007,1751.110691284798,0.08775000000000001,0.0047952561970651284,1.1871870423152255,0.19153124595880633,11.579725520843562,1.1226333608123988,fewer_than_three_discovery_events;dominated_by_one_event;odd_even_discrepancy;outside_nominal_optimistic_hz;not_recovered_at_fixed_ephemeris
364075630,2,25.905993689654032,1763.268191284798,0.12675,0.0029361462036430427,0.928970833358476,0.19147145558375434,9.85226240024757,-1.022702140132644,fewer_than_three_discovery_events;dominated_by_one_event;odd_even_discrepancy;outside_nominal_optimistic_hz;long_relative_to_circular_transit;not_recovered_at_fixed_ephemeris
364075630,3,14.814106674597708,1750.154441284798,0.16575,0.001007386077893466,0.5441407018837884,0.40340111030093917,8.61385926693641,3.829573955675125,long_relative_to_circular_transit;not_recovered_at_fixed_ephemeris
364075630,4,12.666649999183639,1740.195941284798,0.24375,0.0008254794735502323,0.492568210097461,0.4970751117359757,8.010298259756688,1.5244833014912962,long_relative_to_circular_transit;outside_initial_small_planet_radius_range;not_recovered_at_fixed_ephemeris
364181187,1,4.279407445958753,1740.7665097089887,0.17550000000000002,0.002858358475185158,0.8114966569329104,1.7636093788051008,12.421069833013354,11.418923409922678,outside_nominal_optimistic_hz;long_relative_to_circular_transit
364181187,2,4.27928187136405,1739.5466347089887,0.12675,0.003185822577518066,0.8567205431288764,1.7636783827868423,12.324655290882209,14.889272104328812,outside_nominal_optimistic_hz;long_relative_to_circular_transit
364181187,3,4.278345440022277,1740.1867597089886,0.1875,0.002706126906167903,0.7895915058494705,1.7641931063664402,12.356702278829621,-4.178835817866197,outside_nominal_optimistic_hz;long_relative_to_circular_transit;not_recovered_at_fixed_ephemeris
364181187,4,4.2809564193754985,1741.9773847089887,0.24375,0.002597122243934229,0.7735254087678143,1.7627585971807016,12.259631787329665,-2.0514192588195677,outside_nominal_optimistic_hz;long_relative_to_circular_transit;not_recovered_at_fixed_ephemeris
365949661,1,14.59437253599358,2390.9002521257466,0.24375,0.004371351647562307,0.8808080811606882,0.23822950830229672,6.6938422610340975,-0.1133025966493792,dominated_by_one_event;long_relative_to_circular_transit;not_recovered_at_fixed_ephemeris;low_nominal_snr
365949661,2,13.326781443441943,2402.320384423418,0.24375,0.002980851340346267,0.7273502245688067,0.2689113239733091,5.72622217407898,3.099764126542983,long_relative_to_circular_transit;not_recovered_at_fixed_ephemeris;low_nominal_snr
365949661,3,7.844285082957463,2393.332759423418,0.058499999999999996,0.004706573334688023,0.9139571472425816,0.5451361297527353,5.508446475517622,-1.8038028814421236,not_recovered_at_fixed_ephemeris;low_nominal_snr
365949661,4,4.469211675040755,2392.361009423418,0.025,0.005451756915699604,0.9836524092933054,1.1541658641186472,5.33654476740477,0.7545521858053535,not_recovered_at_fixed_ephemeris;low_nominal_snr
365967778,1,11.818084449799072,1900.5544683743608,0.17550000000000002,0.003425759326524206,0.913961811136903,0.4686106580612194,3.693512274291679,0.3209940201549241,long_relative_to_circular_transit;not_recovered_at_fixed_ephemeris;low_nominal_snr
366174207,1,9.234431473563976,3075.7046763445373,0.24375,0.003922450905281303,0.8411965008371718,0.49259539860130214,7.137213524611652,1.5521482899572792,long_relative_to_circular_transit;not_recovered_at_fixed_ephemeris
366174207,2,4.9133263685722115,3073.3234263445374,0.24375,0.0022036246445505466,0.6305035113683934,1.1425356243314668,5.245581785130655,1.112075217114432,long_relative_to_circular_transit;not_recovered_at_fixed_ephemeris;low_nominal_snr
366174207,3,12.090660442826085,3077.704051344537,0.025,0.010829857725149246,1.3977518470065007,0.3439039799296651,5.171353063443403,-0.060996753873796085,fewer_than_three_discovery_events;not_recovered_at_fixed_ephemeris;low_nominal_snr
366174207,4,9.033467933425785,3071.959926344537,0.08775000000000001,0.0046966755596873425,0.9204792007035068,0.5072607095412904,5.184819331575531,-0.2791545467032993,long_relative_to_circular_transit;not_recovered_at_fixed_ephemeris;low_nominal_snr
366778750,1,11.311743859023359,2555.969653238441,0.24375,0.007064682023161088,1.2574202918449608,0.46070448790888735,8.274147427274023,-0.6357198385582861,long_relative_to_circular_transit;insufficient_holdout_events
366778750,2,4.619964666568442,2554.1627782384408,0.0325,0.006494540540996625,1.2056142456403718,1.5203502648288432,4.51060617248795,-0.3443090942097593,outside_nominal_optimistic_hz;not_recovered_at_fixed_ephemeris;low_nominal_snr
366872042,1,14.201418281806617,1969.5051169398077,0.24375,0.0014425707471771296,0.6801833494554492,0.46478694450998065,6.56350700367562,0.09677438338037332,long_relative_to_circular_transit;not_recovered_at_fixed_ephemeris;low_nominal_snr
366872042,2,13.675088525111438,1956.0707419398077,0.17550000000000002,0.0018268126747261024,0.7654281742250384,0.4887904186328673,5.711196639688778,0.11289401879069096,dominated_by_one_event;long_relative_to_circular_transit;not_recovered_at_fixed_ephemeris;low_nominal_snr
366872042,3,6.39445267612974,1957.0877513166215,0.24375,0.0006646846356950307,0.4617057209252566,1.3467646524596197,5.070697272115282,1.2180501764036045,long_relative_to_circular_transit;outside_initial_small_planet_radius_range;not_recovered_at_fixed_ephemeris;low_nominal_snr
366872042,4,13.653997734789609,1957.7815013166214,0.24375,0.0010499200150963063,0.5802772487684489,0.4897973646813004,5.051391715639044,0.9925424756466624,long_relative_to_circular_transit;not_recovered_at_fixed_ephemeris;low_nominal_snr
367359428,1,9.440882796315453,1959.3580808669767,0.12675,0.000585976220150799,0.6661225325732452,1.7414448250994226,5.677210177293447,-0.21866081756543018,dominated_by_one_event;outside_nominal_optimistic_hz;long_relative_to_circular_transit;not_recovered_at_fixed_ephemeris;low_nominal_snr
367359428,2,13.55462868039584,1968.4158308669766,0.12675,0.0007785710468740997,0.7678267764666865,1.0751680758820743,5.4307205591900045,-0.35385813196225835,long_relative_to_circular_transit;not_recovered_at_fixed_ephemeris;low_nominal_snr
367359428,3,17.918118149145407,1958.5972058669768,0.039,0.0011330494029328552,0.9262720332574761,0.7410883724987307,4.713867356047447,1.1997686515763824,not_recovered_at_fixed_ephemeris;low_nominal_snr
367598907,1,5.726425869556547,1817.9030718487656,0.1875,0.0033704430390675876,0.8621761243924753,1.0053548996084283,4.864662758355229,0.09331668951991759,long_relative_to_circular_transit;not_recovered_at_fixed_ephemeris;low_nominal_snr
369819319,1,14.998583744411249,2345.9729624187553,0.24375,0.0010557357527765407,0.8692751943787296,1.0384129620096285,10.00082634790853,-1.5936203583547652,fewer_than_three_discovery_events;dominated_by_one_event;long_relative_to_circular_transit;not_recovered_at_fixed_ephemeris
369819319,2,19.7065634571936,2342.2792124187554,0.24375,0.0004902254694350286,0.5923489291374981,0.7215879001041332,6.4129189998271094,1.814016471468248,dominated_by_one_event;long_relative_to_circular_transit;not_recovered_at_fixed_ephemeris;low_nominal_snr
369819319,3,19.716566782891363,2353.4729624187553,0.24375,0.0005077723043917687,0.6028568178052086,0.7210998050977582,5.704112379591823,2.0873512964392957,fewer_than_three_discovery_events;dominated_by_one_event;long_relative_to_circular_transit;not_recovered_at_fixed_ephemeris;low_nominal_snr
369819319,4,12.77554330395183,2345.0533815013123,0.08775000000000001,0.0005843010888664649,0.6466927913964432,1.286069974958639,5.469620888943171,-2.0701323807905228,not_recovered_at_fixed_ephemeris;low_nominal_snr
369869349,1,19.37222381331138,1628.7599022681743,0.24375,0.00208935927699248,0.7786544124794005,0.3532504363530243,6.529152679788315,-0.014928289812973552,long_relative_to_circular_transit;insufficient_holdout_events;low_nominal_snr
369869349,2,15.082954732052075,1638.754350803925,0.24375,0.0024274434310767898,0.8392913459972093,0.4931814964940909,6.040500267168529,-1.2240280243402948,fewer_than_three_discovery_events;long_relative_to_circular_transit;not_recovered_at_fixed_ephemeris;low_nominal_snr
369869349,3,14.187989228772798,1633.734225803925,0.058499999999999996,0.003499478961406937,1.007720003670376,0.5350908739901623,5.5638049511085805,-0.8715236134365395,not_recovered_at_fixed_ephemeris;low_nominal_snr
369869349,4,9.158434600316186,1629.707475803925,0.1875,0.0016924015488305588,0.7007932227221075,0.9591657876415097,5.074656525519461,-1.7803205578842227,long_relative_to_circular_transit;not_recovered_at_fixed_ephemeris;low_nominal_snr
370955883,1,6.8521341268741125,2284.5382487186002,0.12675,0.0006312802656049827,0.4993396842396389,1.5642689855926393,18.389480322322274,10.955518260149509,outside_nominal_optimistic_hz;long_relative_to_circular_transit;outside_initial_small_planet_radius_range
370955883,2,6.861836869829906,2282.5589987186004,0.12675,0.0006001786430823627,0.48688371011747894,1.5613204802818343,18.125559258628414,0.3767928744413695,outside_nominal_optimistic_hz;long_relative_to_circular_transit;outside_initial_small_planet_radius_range;not_recovered_at_fixed_ephemeris
370955883,3,6.860711950373392,2283.5534987186,0.12675,0.0005961342543404754,0.48524046973648843,1.5616618263489523,18.06402603106931,4.093996295530446,outside_nominal_optimistic_hz;long_relative_to_circular_transit;outside_initial_small_planet_radius_range;not_recovered_at_fixed_ephemeris
370955883,4,14.680174947176567,2286.5174987186,0.12675,0.0010619630648469297,0.6476489740021829,0.5663752502433925,16.783756095006158,-6.136338609773058,odd_even_discrepancy;long_relative_to_circular_transit;not_recovered_at_fixed_ephemeris
371867468,1,3.9872552906665253,2282.538749840235,0.17550000000000002,0.008048024700553881,1.283303958012725,1.6923935871757185,18.941756999462047,7.1265078627024145,outside_nominal_optimistic_hz;long_relative_to_circular_transit
371867468,2,3.9879729582673873,2283.686249840235,0.17550000000000002,0.007880113916066595,1.2698462222738018,1.6919875196896728,18.183249573720566,9.571426059676789,outside_nominal_optimistic_hz;long_relative_to_circular_transit
371867468,3,3.9881253948764575,2285.920499840235,0.135,0.0088292223314418,1.344144966189437,1.6919012906400241,18.207046397663888,2.7696951535207472,outside_nominal_optimistic_hz;long_relative_to_circular_transit;not_recovered_at_fixed_ephemeris
371867468,4,3.9884239125004632,2284.8106403536467,0.17550000000000002,0.008418524617500717,1.3125107723030194,1.6917324499938637,18.643709976198206,-4.4758432876310525,odd_even_discrepancy;outside_nominal_optimistic_hz;long_relative_to_circular_transit;not_recovered_at_fixed_ephemeris
371901012,1,14.862983341560833,2404.1987862230135,0.24375,0.006386949907950618,1.1781324312902435,0.3252674644980945,6.8786359418002165,0.0,fewer_than_three_discovery_events;dominated_by_one_event;long_relative_to_circular_transit;insufficient_holdout_events;low_nominal_snr
371901012,2,16.358925026985602,2403.9317862230137,0.12675,0.00669860729574369,1.2065341403932257,0.2862259000125091,5.756898864329633,-0.9552482822415879,long_relative_to_circular_transit;not_recovered_at_fixed_ephemeris;low_nominal_snr
371901012,3,18.010402523561073,2405.8776612230135,0.17550000000000002,0.004804270810190889,1.0217887018151963,0.2517777723761553,5.493385431739697,-1.0395207674711993,long_relative_to_circular_transit;not_recovered_at_fixed_ephemeris;low_nominal_snr
371901012,4,4.250026381528213,2392.9112862230136,0.24375,0.0019240819386762166,0.6466348958014766,1.7266054649355083,5.161793108158041,-0.6963500426602357,outside_nominal_optimistic_hz;long_relative_to_circular_transit;not_recovered_at_fixed_ephemeris;low_nominal_snr
373985178,1,5.259385085675672,1326.2577362971017,0.24375,0.007154652195447043,1.246928695721224,1.2287245204644044,31.015668575379983,-12.187469810816868,long_relative_to_circular_transit;not_recovered_at_fixed_ephemeris
373985178,2,5.261638862579351,1328.8077362971017,0.24375,0.007628278367585582,1.287539681241528,1.2280228193911882,33.66112351119021,-2.37440338026175,long_relative_to_circular_transit;not_recovered_at_fixed_ephemeris
373985178,3,5.262159869474376,1325.8358612971017,0.1875,0.00470734303334868,1.0114287164308013,1.2278607065417435,15.55191134317249,0.8108956867738677,long_relative_to_circular_transit;not_recovered_at_fixed_ephemeris
373985178,4,5.25990828955951,1329.2577362971017,0.24375,0.003957828838359473,0.9274187256952969,1.2285615612775742,15.628460823027106,0.12180800585590475,odd_even_discrepancy;long_relative_to_circular_transit;not_recovered_at_fixed_ephemeris
376935746,1,5.168670750717143,2992.6718989555584,0.24375,0.0018755175304304339,0.7424612703476198,1.8234746977128617,21.361404515730793,-2.0483730133787157,outside_nominal_optimistic_hz;long_relative_to_circular_transit;not_recovered_at_fixed_ephemeris
376935746,2,5.17114221345207,2994.8843989555585,0.24375,0.0017198537180454381,0.7109826371385705,1.8223127904566747,19.67371528961586,-1.1168241833688455,outside_nominal_optimistic_hz;long_relative_to_circular_transit;not_recovered_at_fixed_ephemeris
376935746,3,5.172969299711191,2990.4218989555584,0.24375,0.0017693006730297575,0.7211308274874098,1.8214546561940548,20.243277695126903,11.797543798304797,outside_nominal_optimistic_hz;long_relative_to_circular_transit
376935746,4,5.168121278910712,2991.2281489555585,0.24375,0.0019164029676022882,0.7505103011254906,1.8237331967266084,20.940711091358978,5.576684483140209,outside_nominal_optimistic_hz;long_relative_to_circular_transit
38141631,1,2.8431497982194895,2528.9513816354083,0.039,0.008281269996102163,1.0930870396635886,1.7091043689297662,8.773223994286733,-1.7231941926155658,outside_nominal_optimistic_hz;not_recovered_at_fixed_ephemeris
38141631,2,3.1006774716914096,2528.4436316354086,0.058499999999999996,0.007280892639166763,1.0249403398051284,1.5225075282443175,8.773568154894857,-2.490187006864666,outside_nominal_optimistic_hz;long_relative_to_circular_transit;not_recovered_at_fixed_ephemeris
38141631,3,2.84243872754569,2528.8306316354083,0.058499999999999996,0.006316691323196944,0.9546652189610852,1.7096744637340222,8.22477059671053,1.007633764925351,outside_nominal_optimistic_hz;long_relative_to_circular_transit;not_recovered_at_fixed_ephemeris
38141631,4,3.4887030509676427,2527.1476316354083,0.058499999999999996,0.007067702718766541,1.0098233530152405,1.3010167875987446,8.250287413893746,5.028611721131144,long_relative_to_circular_transit
3818153,1,6.088224384086536,1902.0005429499547,0.24375,0.0031603388963504504,0.816454631305177,0.8920472167810929,5.741865752077609,-0.8847567032654339,long_relative_to_circular_transit;not_recovered_at_fixed_ephemeris;low_nominal_snr
3818153,2,5.50905726342245,1900.4442929499548,0.24375,0.002491649846862814,0.7249511348237642,1.0192303028731715,5.145962014012279,-2.019355141509541,long_relative_to_circular_transit;not_recovered_at_fixed_ephemeris;low_nominal_snr
3818153,3,11.807326729998511,1901.602643834272,0.24375,0.003914759997380561,0.9086942912588664,0.3688416316987277,5.094179243042094,1.3014574231150386,fewer_than_three_discovery_events;dominated_by_one_event;long_relative_to_circular_transit;not_recovered_at_fixed_ephemeris;low_nominal_snr
3818153,4,6.872623033746128,1903.2151438342719,0.24375,0.002591388833590223,0.7393184090093536,0.7589479839534128,4.275523221773708,0.2170408124193512,long_relative_to_circular_transit;not_recovered_at_fixed_ephemeris;low_nominal_snr
381983159,1,2.7944285862040057,4076.334990497059,0.24375,0.002260963939974301,0.5711538266494837,1.7663313852691247,23.52772146441683,5.109911756013065,outside_nominal_optimistic_hz;long_relative_to_circular_transit
381983159,2,2.7920374395149654,4074.966240497059,0.24375,0.0026078601227389137,0.6134065649502347,1.768348626692011,27.20385377785047,31.405576247951544,odd_even_discrepancy;outside_nominal_optimistic_hz;long_relative_to_circular_transit
381983159,3,2.7925128041273726,4075.378740497059,0.24375,0.001492449876369349,0.46404078211519273,1.7679472741858333,14.746312308616417,-26.55457305385751,outside_nominal_optimistic_hz;long_relative_to_circular_transit;outside_initial_small_planet_radius_range;not_recovered_at_fixed_ephemeris
381983159,4,2.792193617385582,4076.7662404970592,0.24375,0.00184729329562387,0.5162668030235988,1.7682167474189447,17.110003221730498,-38.65500350508804,outside_nominal_optimistic_hz;long_relative_to_circular_transit;not_recovered_at_fixed_ephemeris
382461771,1,13.67848258383013,1325.5660602262112,0.24375,0.0012663773671991465,0.5945475429538584,0.48927463933208876,5.813525796542052,-0.025041287332521985,long_relative_to_circular_transit;not_recovered_at_fixed_ephemeris;low_nominal_snr
382461771,2,18.474150464606705,1328.956359207898,0.24375,0.0014255206880677879,0.6308001396579479,0.32773083105352663,5.463156534995941,-0.1482065596092561,long_relative_to_circular_transit;not_recovered_at_fixed_ephemeris;low_nominal_snr
382461771,3,21.539282208829842,1332.782484207898,0.039,0.0031925087303318117,0.9439979808458479,0.26707196345683326,5.390219297468485,1.391734484976421,dominated_by_one_event;not_recovered_at_fixed_ephemeris;low_nominal_snr
382461771,4,12.072330184356053,1330.6712342078981,0.0675,0.002015730747768611,0.7501036501989486,0.5779387235253486,5.196915381860556,-0.629026166207055,not_recovered_at_fixed_ephemeris;low_nominal_snr
382521361,1,7.668403457133658,1356.1740237079,0.058499999999999996,0.005385331532924992,0.9536011616717872,0.664850141971633,5.3240881584213255,1.6401994591063513,long_relative_to_circular_transit;not_recovered_at_fixed_ephemeris;low_nominal_snr
382521361,2,11.903460611721506,1355.8781487079,0.24375,0.00385635627985219,0.806954642413015,0.3699128226558709,5.152926232521717,0.8655566274442509,fewer_than_three_discovery_events;dominated_by_one_event;long_relative_to_circular_transit;not_recovered_at_fixed_ephemeris;low_nominal_snr
382521361,3,3.700286901323388,1355.3437737079,0.025,0.006576974394360471,1.0538374420993266,1.7566416423810909,5.345034374039713,-0.769286046675143,outside_nominal_optimistic_hz;not_recovered_at_fixed_ephemeris;low_nominal_snr
382521361,4,3.835423045595362,1354.7662737079,0.025,0.006011010807194834,1.0074750589477919,1.6746061185569583,4.858302560155583,1.402533825958003,outside_nominal_optimistic_hz;not_recovered_at_fixed_ephemeris;low_nominal_snr
383553281,1,5.456151620921333,1685.6810556514818,0.24375,0.001928391424520762,0.7049016356063751,1.4167901173133997,14.770669718143267,-0.39607335088466383,long_relative_to_circular_transit;not_recovered_at_fixed_ephemeris
383553281,2,5.456770119821188,1688.4748056514818,0.24375,0.0019848563995684375,0.7151472425889576,1.4165760061437336,15.139181192992414,-19.596488562055104,long_relative_to_circular_transit;not_recovered_at_fixed_ephemeris
383553281,3,5.456630219748752,1684.3498056514818,0.24375,0.0019874225603713808,0.7156093893827269,1.4166244316187298,15.571597230223958,-16.39463344532986,long_relative_to_circular_transit;not_recovered_at_fixed_ephemeris
383553281,4,5.455636228209288,1687.0498056514818,0.24375,0.0021326000589583427,0.741285714750708,1.4169685785761372,16.042373840966754,10.870392526160904,long_relative_to_circular_transit
38541212,1,4.245639975421635,2146.307115294205,0.17550000000000002,0.0054111678635626985,1.1085063301658036,1.6809108701132824,10.02119567116588,0.17607174713902035,outside_nominal_optimistic_hz;long_relative_to_circular_transit;not_recovered_at_fixed_ephemeris
38541212,2,6.361334758856552,2149.3041152942046,0.17550000000000002,0.006489474729720328,1.2139406291196742,0.980402861391033,9.997953534358174,-3.9050119851656446,long_relative_to_circular_transit;not_recovered_at_fixed_ephemeris
38541212,3,4.663174824966665,2145.420990294205,0.12675,0.0058055461060027005,1.1481911983655837,1.4832919525065262,8.472729314886028,1.2274007102104803,long_relative_to_circular_transit;not_recovered_at_fixed_ephemeris
38541212,4,4.228146502306736,2148.4401152942046,0.17550000000000002,0.005020156911142282,1.0677051070532546,1.6901900273373454,8.477714533964845,-7.0429042475390595,outside_nominal_optimistic_hz;long_relative_to_circular_transit;not_recovered_at_fixed_ephemeris
386740034,1,8.408627841710834,3751.702965529174,0.16575,0.021148743195878283,1.9691443550141412,0.4838271776524843,16.632306707125153,-9.410357110221987,dominated_by_one_event;long_relative_to_circular_transit;not_recovered_at_fixed_ephemeris
386740034,2,4.579400897315544,3749.9247155291737,0.24375,0.009419584638937566,1.3141687910390107,1.0878747131853865,12.413353631051963,0.967370721824646,long_relative_to_circular_transit;not_recovered_at_fixed_ephemeris
386740034,3,4.486423573318026,3748.371840529174,0.22950000000000004,0.009897010260273342,1.3470610636436462,1.118038442919713,13.39039619953135,-9.326134369070372,odd_even_discrepancy;long_relative_to_circular_transit;not_recovered_at_fixed_ephemeris
386740034,4,3.291602043717958,3748.912215529174,0.24375,0.00881212891754497,1.2710882203177445,1.6895874338126902,12.2746067930062,5.122075228606149,outside_nominal_optimistic_hz;long_relative_to_circular_transit
38698751,1,3.613269575265256,3668.418256419454,0.24375,0.003950944226511125,0.8785652203683559,1.7105798423928613,40.51871561101059,-6.1707407970853305,outside_nominal_optimistic_hz;long_relative_to_circular_transit;not_recovered_at_fixed_ephemeris
38698751,2,3.6136582260466525,3668.9995064194536,0.24375,0.0039846103471791764,0.8823004213153558,1.7103345484797523,40.13347633904951,2.5937039374064206,outside_nominal_optimistic_hz;long_relative_to_circular_transit;not_recovered_at_fixed_ephemeris
38698751,3,3.6129090389892218,3667.818256419454,0.24375,0.004196772683990381,0.9054850424427194,1.7108074471057213,40.96185055991625,9.781757541805792,outside_nominal_optimistic_hz;long_relative_to_circular_transit
38698751,4,3.6135080906935304,3666.599506419454,0.24375,0.004060433353513433,0.8906554929548436,1.7104292979413371,40.4108898373905,-3.144564939340294,outside_nominal_optimistic_hz;long_relative_to_circular_transit;not_recovered_at_fixed_ephemeris
387070235,1,23.713336730910278,1997.0799850157118,0.24375,0.004012080298527232,1.148170763644956,0.24768214491504056,6.318836869030338,3.11014668595338,fewer_than_three_discovery_events;dominated_by_one_event;long_relative_to_circular_transit;not_recovered_at_fixed_ephemeris;low_nominal_snr
387070235,2,9.382236228430223,1984.8924850157118,0.24375,0.002288547362157042,0.8671647750662943,0.8527265263426581,5.883520278843687,-0.2231310458737915,long_relative_to_circular_transit;not_recovered_at_fixed_ephemeris;low_nominal_snr
387070235,3,18.23941168687269,1996.1897350157117,0.08775000000000001,0.005022824735325455,1.2846821443621597,0.35145561789713364,5.5874092639001605,0.9800375228462694,fewer_than_three_discovery_events;not_recovered_at_fixed_ephemeris;low_nominal_snr
387070235,4,18.26539112573279,1997.2268600157117,0.025,0.009662772129620724,1.7818557580362002,0.35078926081203765,5.224409866486603,0.897150393131158,fewer_than_three_discovery_events;not_recovered_at_fixed_ephemeris;low_nominal_snr
388087903,1,11.322343560910085,2229.4238392902266,0.08775000000000001,0.005851395305803655,0.9438907948739825,0.30205516203179444,5.718698263637565,-0.18745581681036202,long_relative_to_circular_transit;not_recovered_at_fixed_ephemeris;low_nominal_snr
388087903,2,2.9383315367936307,2229.7864642902264,0.03,0.006199982169350323,0.9715994303404434,1.8247371136685038,5.8789165052664405,-0.8188801379045757,outside_nominal_optimistic_hz;not_recovered_at_fixed_ephemeris;low_nominal_snr
388087903,3,8.428455111832772,2231.5249642902268,0.039,0.0074086959432752755,1.062093906007046,0.44771749264902616,4.649976154707608,-1.0790028314024553,not_recovered_at_fixed_ephemeris;low_nominal_snr
389051009,1,3.293512304698634,4101.670722847384,0.051000000000000004,0.010308946654982777,1.1974144352434364,1.3754013396661244,42.84678442371059,8.559783069664638,long_relative_to_circular_transit
389051009,2,2.720742430958629,4102.675722847384,0.051000000000000004,0.010168269502996435,1.1892163389030315,1.7744288525865184,42.15403001269625,6.154850131706567,outside_nominal_optimistic_hz;long_relative_to_circular_transit
389051009,3,2.720656451605339,4101.958722847384,0.045,0.0107460705729581,1.222537494209393,1.7745036213302536,41.32552318406391,21.206605022508594,outside_nominal_optimistic_hz;long_relative_to_circular_transit
389051009,4,2.7207721930424604,4102.3862228473845,0.045,0.010792015968597584,1.2251482186161435,1.7744029723827948,41.69872512850052,1.4644822396873838,outside_nominal_optimistic_hz;long_relative_to_circular_transit;not_recovered_at_fixed_ephemeris
389902064,1,14.236667218995533,1969.5035892123753,0.24375,0.004436250157005565,0.9964193868066399,0.33498156404469026,4.609954618106733,2.923098800348423,fewer_than_three_discovery_events;long_relative_to_circular_transit;not_recovered_at_fixed_ephemeris;low_nominal_snr
389913701,1,19.388513021137467,1691.6103557404585,0.24375,0.002505700908679096,0.8253822979720511,0.2777537175804982,7.027156121225409,-0.38481214084881055,long_relative_to_circular_transit;not_recovered_at_fixed_ephemeris
389913701,2,12.680593796665054,1689.5103557404586,0.24375,0.0016236047451321572,0.6644016326995411,0.4892525481335727,6.8750319404673546,1.5870821569389297,long_relative_to_circular_transit;not_recovered_at_fixed_ephemeris;low_nominal_snr
389913701,3,20.921185567583414,1697.5541057404587,0.24375,0.0020042212904030584,0.7381818633836583,0.2509598013031678,5.667147439026184,-0.9847571058259776,long_relative_to_circular_transit;not_recovered_at_fixed_ephemeris;low_nominal_snr
389913701,4,21.959279178105845,1690.0886057404587,0.12675,0.0025545028073093454,0.8333812539117933,0.23526741307882934,5.6514996532926345,0.41646986509860034,long_relative_to_circular_transit;not_recovered_at_fixed_ephemeris;low_nominal_snr
390465657,1,4.235687535036336,2884.12537380944,0.025,0.007326172473735718,1.2430935071129177,1.505762194853562,6.049619981293974,-0.9352276428485877,outside_nominal_optimistic_hz;not_recovered_at_fixed_ephemeris;low_nominal_snr
390465657,2,19.29985836284357,2890.4207488094403,0.12675,0.006256859189245595,1.1487973348885927,0.19933464170595536,5.859311867346875,0.23739747306490544,outside_nominal_optimistic_hz;long_relative_to_circular_transit;insufficient_holdout_events;low_nominal_snr
390465657,3,17.56489057198755,2888.0128738094404,0.025,0.013691391854884593,1.6993742330165909,0.22601001161815912,5.813932868225759,1.421615187060611,not_recovered_at_fixed_ephemeris;low_nominal_snr
390465657,4,4.237888053359621,2884.6198738094404,0.039,0.005896789478164701,1.1152520760744884,1.5047197981144276,5.748055216940316,1.0897393292576874,outside_nominal_optimistic_hz;not_recovered_at_fixed_ephemeris;low_nominal_snr
390531051,1,10.79415260153184,3042.1910978762426,0.0325,0.0026536721021524195,0.6525220717148488,0.37702706539253406,5.642758370326287,1.018799467766179,not_recovered_at_fixed_ephemeris;low_nominal_snr
390531051,2,3.8644163117760373,3041.8479728762427,0.24375,0.0005931774038756343,0.3085061858319327,1.4831283062109757,5.143561186650569,-2.0092923514102554,long_relative_to_circular_transit;outside_initial_small_planet_radius_range;not_recovered_at_fixed_ephemeris;low_nominal_snr
390531051,3,7.1122284608471915,3041.585472876243,0.24375,0.0008352449854160829,0.36608211802204865,0.6575816227052889,5.161969364319927,-0.08413637197635698,long_relative_to_circular_transit;outside_initial_small_planet_radius_range;not_recovered_at_fixed_ephemeris;low_nominal_snr
390531051,4,5.542932639395704,3045.022872811437,0.17550000000000002,0.000849881253651891,0.36927567606748185,0.9168630370977364,4.564713439960969,0.7036306480211489,long_relative_to_circular_transit;outside_initial_small_planet_radius_range;not_recovered_at_fixed_ephemeris;low_nominal_snr
39084331,1,11.292182855377186,1870.6674482103,0.24375,0.0033674859993198486,0.7857568437683037,0.3540471958093439,5.333081237487515,1.297886728433498,dominated_by_one_event;long_relative_to_circular_transit;not_recovered_at_fixed_ephemeris;low_nominal_snr
39084331,2,9.595595569980402,1877.5175832903801,0.17550000000000002,0.003488692141668887,0.7997727384542258,0.4398815851483089,4.8237788390698375,-0.6540618989614244,long_relative_to_circular_transit;not_recovered_at_fixed_ephemeris;low_nominal_snr
391039604,1,16.410911739453542,3022.924797456025,0.24375,0.0011782023378931767,0.3935616991575381,0.17004825037856353,14.172722361657545,-3.012980189411893,dominated_by_one_event;odd_even_discrepancy;outside_nominal_optimistic_hz;long_relative_to_circular_transit;outside_initial_small_planet_radius_range;not_recovered_at_fixed_ephemeris
391039604,2,3.6104162865263687,3014.4922561694984,0.058499999999999996,0.0008161209229490552,0.32755191501431274,1.280381551883533,10.627555134813644,3.097123755085862,long_relative_to_circular_transit;outside_initial_small_planet_radius_range;not_recovered_at_fixed_ephemeris
391039604,3,7.2206785752330935,3014.7470767394375,0.11475000000000002,0.0007723673366191965,0.31865067034128014,0.5081342047657831,10.30092527643917,-0.43656919465678307,long_relative_to_circular_transit;outside_initial_small_planet_radius_range;not_recovered_at_fixed_ephemeris
391039604,4,4.900440346227503,3018.6114517394376,0.058499999999999996,0.0008338269544911885,0.3310860266349973,0.851992238512484,8.94739054028973,1.118055813169572,long_relative_to_circular_transit;outside_initial_small_planet_radius_range;not_recovered_at_fixed_ephemeris
392917676,1,4.426402256615387,1930.5030780297861,0.24375,0.009526525523938586,1.4601632798399138,1.618252921283121,17.14117220955801,3.893529084316956,outside_nominal_optimistic_hz;long_relative_to_circular_transit;not_recovered_at_fixed_ephemeris
392917676,2,4.439888652618437,1934.0280780297862,0.24375,0.009859158619873418,1.4854364681785703,1.6117022034087334,15.83362059934584,0.9997520940581922,outside_nominal_optimistic_hz;long_relative_to_circular_transit;not_recovered_at_fixed_ephemeris
392917676,3,4.43016371442042,1931.3655780297863,0.24375,0.009609549700045468,1.466512177385497,1.6164211970866198,16.90255464467114,5.187827967889554,outside_nominal_optimistic_hz;long_relative_to_circular_transit
392917676,4,4.435247801209549,1932.2468280297862,0.24375,0.011166787995972996,1.5808777623796295,1.613951149389994,18.322712484461157,1.5687555333826315,outside_nominal_optimistic_hz;long_relative_to_circular_transit;not_recovered_at_fixed_ephemeris
39464614,1,15.104963574402749,1993.2056622241976,0.24375,0.004526318847684161,0.8962847153254961,0.24747477231636825,5.408862372258483,2.092473651950818,dominated_by_one_event;long_relative_to_circular_transit;not_recovered_at_fixed_ephemeris;low_nominal_snr
39464614,2,4.677632407680449,1989.4275372241977,0.1875,0.0035703791559816437,0.7960321121477593,1.1811971492140316,5.165864201168291,0.45491795554371245,long_relative_to_circular_transit;not_recovered_at_fixed_ephemeris;low_nominal_snr
39464614,3,7.004168098325266,1990.1741622241977,0.12675,0.004857311746040202,0.9284775501417167,0.6895224790173833,5.314505252142554,1.739587138086849,long_relative_to_circular_transit;not_recovered_at_fixed_ephemeris;low_nominal_snr
39464614,4,11.873064877234428,1990.3155372241977,0.0975,0.006821811469577671,1.1003308130953733,0.3411458207315256,4.791417421123831,-1.1287377503427605,long_relative_to_circular_transit;insufficient_holdout_events;low_nominal_snr
394816687,1,21.943367826197065,2346.195353126923,0.16575,0.0019452236313231917,1.175136139572561,0.5932459318563356,15.748781496570977,3.678411344029331,fewer_than_three_discovery_events;long_relative_to_circular_transit;not_recovered_at_fixed_ephemeris
394816687,2,19.69294350175747,2334.200228126923,0.17550000000000002,0.0013677096686811753,0.9853723523403934,0.685317201710041,15.021639103561656,-0.5400231001807533,dominated_by_one_event;odd_even_discrepancy;long_relative_to_circular_transit;not_recovered_at_fixed_ephemeris
394816687,3,22.831168984321653,2337.332228126923,0.17550000000000002,0.0013227850389465664,0.9690541622182417,0.5626888137989833,14.236227159566472,2.5511201024979897,long_relative_to_circular_transit;not_recovered_at_fixed_ephemeris
394816687,4,21.41172934464776,2335.606853126923,0.16575,0.0012187838930358744,0.9301795068471691,0.6129666121087807,12.778063046723936,-0.7739583609748316,long_relative_to_circular_transit;not_recovered_at_fixed_ephemeris
397098265,1,11.517243473564065,1993.7622039206403,0.17550000000000002,0.0012158826052341637,0.5368816037342101,0.46397347900721525,5.784069490557586,-0.6166211685522069,long_relative_to_circular_transit;not_recovered_at_fixed_ephemeris;low_nominal_snr
397098265,2,24.409097850136103,1997.1237039206403,0.058499999999999996,0.0026152245375361035,0.7873850989330392,0.17043374333055053,5.256874924634906,-1.7944657295620228,fewer_than_three_discovery_events;outside_nominal_optimistic_hz;not_recovered_at_fixed_ephemeris;low_nominal_snr
397098265,3,9.832970235315218,1987.5420789206403,0.08775000000000001,0.0012880851796911424,0.5525925075262995,0.5728552811351096,4.693101539442686,2.0096711183141025,long_relative_to_circular_transit;not_recovered_at_fixed_ephemeris;low_nominal_snr
397635513,1,13.578182013809684,3803.2979877815524,0.24375,0.004353322788936093,0.8501704978022984,0.2534362445756525,6.52575767004399,-1.3260531008361411,long_relative_to_circular_transit;not_recovered_at_fixed_ephemeris;low_nominal_snr
397635513,2,14.172098553211228,3813.7376108377703,0.24375,0.005852534108917321,0.9857517841840238,0.23937493548590322,6.563845410203293,1.152671869561668,fewer_than_three_discovery_events;dominated_by_one_event;long_relative_to_circular_transit;not_recovered_at_fixed_ephemeris;low_nominal_snr
397635513,3,6.443218122393686,3806.6377358377704,0.039,0.007248542931630694,1.0970361852380797,0.684731721088622,5.644120149528662,-0.6414988262373609,not_recovered_at_fixed_ephemeris;low_nominal_snr
397635513,4,4.980027187355473,3807.02061083777,0.16575,0.002937659484948894,0.6983872817976187,0.9653436430433681,5.479016968976756,-1.044235874859729,long_relative_to_circular_transit;not_recovered_at_fixed_ephemeris;low_nominal_snr
399623138,1,12.212628788890296,1790.8302131662006,0.12675,0.003404202441355404,0.9429376843219978,0.5913135813799626,6.89721721488373,0.07281592494823422,long_relative_to_circular_transit;not_recovered_at_fixed_ephemeris;low_nominal_snr
399623138,2,20.71569244135189,1791.5185744215912,0.039,0.00421750845848322,1.0495503657084087,0.2923013291095155,5.1562988835742685,0.5850488797704715,not_recovered_at_fixed_ephemeris;low_nominal_snr
399623138,3,11.424725957105693,1791.7518244215912,0.17550000000000002,0.002020550072308018,0.7264573327992372,0.6463022594351859,4.975563538441752,0.8168649794195634,long_relative_to_circular_transit;not_recovered_at_fixed_ephemeris;low_nominal_snr
39980837,1,13.398798411725386,1958.277051092284,0.24375,0.00631585833377033,1.3451213811305338,0.4745592165621498,6.3216959533017585,0.0,fewer_than_three_discovery_events;dominated_by_one_event;long_relative_to_circular_transit;insufficient_holdout_events;low_nominal_snr
39980837,2,13.208723267091628,1968.852051092284,0.24375,0.0028607373637349717,0.9052828230185279,0.4836862717972502,5.440755041608265,0.0,dominated_by_one_event;long_relative_to_circular_transit;insufficient_holdout_events;low_nominal_snr
39980837,3,12.611446918770516,1966.060038714535,0.1875,0.0023355280558970495,0.8179708561590564,0.5144679542474265,4.636294220022201,0.4816393088027133,long_relative_to_circular_transit;not_recovered_at_fixed_ephemeris;low_nominal_snr
400891204,1,14.503177124178286,2882.5281432494685,0.17550000000000002,0.004259554468694401,0.9264863562448881,0.31442906173570906,8.72188742838063,1.62920142856932,dominated_by_one_event;long_relative_to_circular_transit;not_recovered_at_fixed_ephemeris
400891204,2,13.341206141190764,2883.081030074348,0.24375,0.0020925536764440774,0.6493745195131896,0.3514633854910129,7.870365670807297,-0.9295141105086956,long_relative_to_circular_transit;not_recovered_at_fixed_ephemeris
400891204,3,22.97222902119749,2889.496155074348,0.17550000000000002,0.002998914626768006,0.7773900743279469,0.17029531409538673,6.146831595496106,-0.4558081881503132,dominated_by_one_event;outside_nominal_optimistic_hz;long_relative_to_circular_transit;not_recovered_at_fixed_ephemeris;low_nominal_snr
400891204,4,17.041926281237384,2893.042905074348,0.025,0.0066565215062699265,1.1581921307258618,0.25358017929760884,5.57584182553741,-1.01140954716289,fewer_than_three_discovery_events;not_recovered_at_fixed_ephemeris;low_nominal_snr
401532771,1,4.988989210769424,1984.8524804874264,0.22950000000000004,0.005611423719346634,1.2842505842232181,1.7928164139678797,34.574408667945896,41.94379450639411,outside_nominal_optimistic_hz;long_relative_to_circular_transit
401532771,2,4.987153417956617,1987.0668554874264,0.24375,0.005347075867853436,1.2536358794331544,1.7936963926156861,33.36439706918434,-6.9056918182326,outside_nominal_optimistic_hz;long_relative_to_circular_transit;not_recovered_at_fixed_ephemeris
401532771,3,4.989524156542561,1985.3981054874264,0.24375,0.005021663873035315,1.2148902873066039,1.7925601323680682,30.315763776203354,28.214293530481754,odd_even_discrepancy;outside_nominal_optimistic_hz;long_relative_to_circular_transit
401532771,4,4.9848076813079425,1985.9864804874264,0.22950000000000004,0.004877095883931992,1.1972749253837707,1.7948219109491501,28.814861140272285,-19.06569947381221,outside_nominal_optimistic_hz;long_relative_to_circular_transit;not_recovered_at_fixed_ephemeris
401834404,1,21.506896198977987,1635.659624015895,0.24375,0.0008053030600227302,0.44932570528471794,0.262208130108627,6.512887180086264,-1.046521693752058,long_relative_to_circular_transit;outside_initial_small_planet_radius_range;not_recovered_at_fixed_ephemeris;low_nominal_snr
401834404,2,6.784825241943632,1632.5789990158949,0.22950000000000004,0.0005217902481932988,0.36168422656393406,1.2209510449572583,6.1624661166883685,-0.8848439767444275,long_relative_to_circular_transit;outside_initial_small_planet_radius_range;not_recovered_at_fixed_ephemeris;low_nominal_snr
401834404,3,5.815047327146829,1631.122124015895,0.12675,0.000609971329736845,0.39105361165064323,1.4997267362554172,5.816089856570674,2.2220380906105817,long_relative_to_circular_transit;outside_initial_small_planet_radius_range;not_recovered_at_fixed_ephemeris;low_nominal_snr
401834404,4,10.974344625955906,1633.915249015895,0.025,0.0017983913444232973,0.6714654820140931,0.6430504007941247,5.5182690388572215,2.755129777923795,not_recovered_at_fixed_ephemeris;low_nominal_snr
405503787,1,3.3205846200084714,1900.9630224349653,0.24375,0.002281833763855903,0.6207297352076612,1.7921994321801025,19.082358034211964,-9.06860314268667,outside_nominal_optimistic_hz;long_relative_to_circular_transit;not_recovered_at_fixed_ephemeris
405503787,2,3.317016277963219,1902.6505224349653,0.24375,0.0025860842117551848,0.6608180249490786,1.794770548870433,21.092252393998585,-3.6822164019321137,outside_nominal_optimistic_hz;long_relative_to_circular_transit;not_recovered_at_fixed_ephemeris
405503787,3,3.3063798124174157,1903.5505224349652,0.24375,0.0030641866400997393,0.7193134094752942,1.8024729279716645,24.403510698792264,3.833152634936912,outside_nominal_optimistic_hz;long_relative_to_circular_transit;not_recovered_at_fixed_ephemeris
405503787,4,3.315680116508106,1901.8387233271515,0.24375,0.0036384054755625207,0.7838195608649059,1.7957349620808487,27.7992693524879,-14.46507637206969,outside_nominal_optimistic_hz;long_relative_to_circular_transit;not_recovered_at_fixed_ephemeris
405981059,1,3.7846893626602767,3042.209244557966,0.24375,0.011590920077475206,1.3637367141750654,1.2929427234859638,20.91251562674881,-17.977609595004033,long_relative_to_circular_transit;not_recovered_at_fixed_ephemeris
405981059,2,3.8036347925099414,3043.409244557966,0.24375,0.012149578453545501,1.3962146219326397,1.284363211263177,21.381961277888266,-5.099337972607127,long_relative_to_circular_transit;not_recovered_at_fixed_ephemeris
405981059,3,3.7886781787602044,3044.777994557966,0.24375,0.013988843089779098,1.4981747607895106,1.2911280516879484,24.5024677523059,22.94846102866916,long_relative_to_circular_transit
405981059,4,3.1653470292656847,3043.7224404995372,0.24375,0.013457815775263973,1.469463714361257,1.640808253563033,19.520666659819163,6.580709010196071,outside_nominal_optimistic_hz;long_relative_to_circular_transit
406517901,1,22.88907513937613,1791.383632008648,0.0325,0.002800665333731757,0.9072852449556312,0.23280078462068457,7.258160770816483,-0.522506327184172,dominated_by_one_event;not_recovered_at_fixed_ephemeris
406517901,2,24.66454511321835,1791.622132008648,0.17550000000000002,0.0010561884535932153,0.5571651549614338,0.21072915186084287,6.597260784875517,-1.3314106630960836,dominated_by_one_event;long_relative_to_circular_transit;not_recovered_at_fixed_ephemeris;low_nominal_snr
406517901,3,27.865699009485716,1796.9055070086479,0.24375,0.0008527011289199797,0.5006239921992952,0.17908622300196553,6.232532748895952,2.133718787941191,dominated_by_one_event;outside_nominal_optimistic_hz;long_relative_to_circular_transit;not_recovered_at_fixed_ephemeris;low_nominal_snr
406517901,4,12.637459471743874,1798.3357570086478,0.12675,0.000737153805004897,0.4654706435665158,0.5139754771583119,5.509782536023761,1.4687067664619557,long_relative_to_circular_transit;outside_initial_small_planet_radius_range;not_recovered_at_fixed_ephemeris;low_nominal_snr
406857100,1,4.702702695580073,1683.7377166517203,0.17550000000000002,0.0021920855395754996,0.72599007037716,1.851649640361327,98.17612301151547,29.10052927069393,outside_nominal_optimistic_hz;long_relative_to_circular_transit
406857100,2,4.7025529126680965,1685.8302166517203,0.17550000000000002,0.0022759148150950036,0.7397414148133813,1.851728277632767,97.01742106326296,52.65671997340954,outside_nominal_optimistic_hz;long_relative_to_circular_transit
406857100,3,4.70243019895708,1684.7907166517205,0.17550000000000002,0.002176976970965397,0.7234838643193725,1.8517927077047156,95.34399173672496,50.77774211512711,outside_nominal_optimistic_hz;long_relative_to_circular_transit
406857100,4,4.7025944187762345,1684.2642166517203,0.17550000000000002,0.0022405964620415895,0.7339792039334327,1.8517064859962846,98.26048478656932,46.18780543011464,outside_nominal_optimistic_hz;long_relative_to_circular_transit
407457207,1,12.01693857226714,1964.9938551446642,0.17550000000000002,0.003345851506981083,1.307486653789145,1.0919452823695575,7.400255439660936,-0.2327776460573542,long_relative_to_circular_transit;not_recovered_at_fixed_ephemeris
407457207,2,12.691136661829278,1955.9844801446643,0.12675,0.0037335689875391256,1.38116645995137,1.0152943519307334,7.165365993525995,4.724752935182335,long_relative_to_circular_transit;not_recovered_at_fixed_ephemeris
407457207,3,18.529487046085407,1965.871403017902,0.17550000000000002,0.0037822122124657113,1.3901346851486613,0.6129731742022565,6.849233190095319,-5.863402480965606,long_relative_to_circular_transit;not_recovered_at_fixed_ephemeris;low_nominal_snr
407457207,4,15.583102161885524,1968.1165280179018,0.24375,0.003017648757312262,1.2417045637099038,0.772183956300256,5.854311995794402,1.0170393755208902,long_relative_to_circular_transit;not_recovered_at_fixed_ephemeris;low_nominal_snr
407657403,1,17.393106125994674,1721.5162129934936,0.24375,0.005838735112033653,0.992932979320849,0.17961620531471464,6.539700326000329,-1.573711288929661,fewer_than_three_discovery_events;dominated_by_one_event;outside_nominal_optimistic_hz;long_relative_to_circular_transit;not_recovered_at_fixed_ephemeris;low_nominal_snr
407657403,2,10.38025249515328,1720.9964629934934,0.12675,0.006659935791297199,1.0604631216725,0.35746853672839646,6.068304129671776,0.5090100543696119,dominated_by_one_event;long_relative_to_circular_transit;not_recovered_at_fixed_ephemeris;low_nominal_snr
407657403,3,5.016871685660145,1716.2620879934934,0.039,0.008358377604322514,1.1880139568523018,0.942477638732249,5.236740197982133,-1.762140959104359,not_recovered_at_fixed_ephemeris;low_nominal_snr
407657403,4,14.243757291144536,1717.5078379934935,0.0765,0.0073264236586339,1.1122606259703112,0.234431316450632,5.312899624748506,-0.742327466228623,long_relative_to_circular_transit;not_recovered_at_fixed_ephemeris;low_nominal_snr
407688400,1,10.10161808909903,3533.631541293182,0.22950000000000004,0.00018920572688928603,0.27487283154100384,1.1514787861801778,6.7412667652093266,-0.6523770251373067,long_relative_to_circular_transit;outside_initial_small_planet_radius_range;not_recovered_at_fixed_ephemeris;low_nominal_snr
407688400,2,7.098918529002259,3534.9485964452806,0.12675,0.00019442508897387614,0.27863831212458545,1.8429813716857926,5.632320678190862,3.3299456596355497,outside_nominal_optimistic_hz;long_relative_to_circular_transit;outside_initial_small_planet_radius_range;not_recovered_at_fixed_ephemeris;low_nominal_snr
407688400,3,11.947514567800152,3545.7797214452808,0.22950000000000004,0.00017979161398165732,0.267947304842317,0.920605948044018,5.278716356737764,5.995369120575767,long_relative_to_circular_transit;outside_initial_small_planet_radius_range;low_nominal_snr
407688400,4,8.401726940834244,3538.5418661269173,0.039,0.00039549022566818636,0.39740429344951667,1.4721513150836985,5.558252494148071,-0.07516897093492533,outside_initial_small_planet_radius_range;not_recovered_at_fixed_ephemeris;low_nominal_snr
408232559,1,12.175264980446107,1448.0803144391086,0.08775000000000001,0.01355593495958493,1.7036607750588755,0.38794604686479284,14.788710795536682,-0.840756156999836,long_relative_to_circular_transit;not_recovered_at_fixed_ephemeris
408232559,2,22.329911348845606,1451.8366894391086,0.17550000000000002,0.005300935008250995,1.0653556806331135,0.17280642864284118,5.746237618306055,0.25011105596362704,fewer_than_three_discovery_events;outside_nominal_optimistic_hz;long_relative_to_circular_transit;insufficient_holdout_events;low_nominal_snr
408232559,3,19.63795871296157,1442.3353144391087,0.12675,0.004860670072061244,1.0201556938374023,0.20509139377516528,5.421478981048284,1.1790812446113181,long_relative_to_circular_transit;insufficient_holdout_events;low_nominal_snr
408232559,4,11.997573108854114,1449.0554394391086,0.025,0.009812136601788856,1.4494397886309214,0.3956258738424527,5.4020411655189955,0.18845522578675072,not_recovered_at_fixed_ephemeris;low_nominal_snr
410366850,1,14.873430368267481,3081.006867165891,0.24375,0.007801271916956143,1.4177956200450936,0.37352911618084833,8.037822861668927,-3.932492984653695,fewer_than_three_discovery_events;dominated_by_one_event;long_relative_to_circular_transit;not_recovered_at_fixed_ephemeris
410366850,2,4.760439834475223,3069.6908671658907,0.12675,0.002537532297408733,0.8086055387460881,1.7061211975588013,7.978164234481065,1.406565564572341,outside_nominal_optimistic_hz;long_relative_to_circular_transit;not_recovered_at_fixed_ephemeris
410366850,3,13.734374487356797,3077.6731171658907,0.08775000000000001,0.004238100043790692,1.045000563657287,0.41539456172899325,6.779263613552004,3.5334239800298484,long_relative_to_circular_transit;not_recovered_at_fixed_ephemeris;low_nominal_snr
410366850,4,4.497939220366194,3070.950117165891,0.08775000000000001,0.0026695671301210275,0.8293757742952567,1.8401555797379978,6.566785377285511,1.5745884849270133,outside_nominal_optimistic_hz;long_relative_to_circular_transit;not_recovered_at_fixed_ephemeris;low_nominal_snr
412650616,1,15.265477709403816,2834.4722584686483,0.17550000000000002,0.01152057412253341,1.3244302530873933,0.20436318135326376,20.442028164447933,-0.33557754982364923,dominated_by_one_event;odd_even_discrepancy;long_relative_to_circular_transit;not_recovered_at_fixed_ephemeris
412650616,2,8.97646607607529,2833.810758468648,0.17550000000000002,0.0031822947453299362,0.6960849308958066,0.41483557727968356,7.641252697793021,1.2121823904838822,long_relative_to_circular_transit;not_recovered_at_fixed_ephemeris
412650616,3,16.670487119514597,2830.082133468648,0.24375,0.0039186725575434435,0.7724342441719796,0.18172672512023327,7.092068076291079,-0.022145861470759483,dominated_by_one_event;outside_nominal_optimistic_hz;long_relative_to_circular_transit;not_recovered_at_fixed_ephemeris
412650616,4,11.659668676344342,2828.750883468648,0.24375,0.0025670854541367046,0.6251902467169119,0.29270821270832925,6.0775657433038255,0.4914750979119827,dominated_by_one_event;long_relative_to_circular_transit;not_recovered_at_fixed_ephemeris;low_nominal_snr
415009765,1,19.97238977331209,2390.8814085969134,0.24375,0.0021454491772912787,0.7182258760674648,0.23981214554238806,6.3589005171671955,1.2397563264147422,long_relative_to_circular_transit;not_recovered_at_fixed_ephemeris;low_nominal_snr
415009765,2,5.843414128256707,2392.2333305466623,0.0975,0.0017991670398025308,0.6577148920731335,1.23468355462915,5.635487794144316,-1.3295045726057961,long_relative_to_circular_transit;not_recovered_at_fixed_ephemeris;low_nominal_snr
415009765,3,19.549294095777658,2396.140080546662,0.03,0.006379405877847302,1.2384887023576279,0.24675716868926778,5.306080367426118,-1.1080621431540054,fewer_than_three_discovery_events;not_recovered_at_fixed_ephemeris;low_nominal_snr
415009765,4,16.449765578264717,2402.567205546662,0.08775000000000001,0.003956749598299065,0.9753740919803052,0.3106215631429903,5.445025495719088,0.961319903804707,fewer_than_three_discovery_events;dominated_by_one_event;long_relative_to_circular_transit;not_recovered_at_fixed_ephemeris;low_nominal_snr
415707542,1,11.779142389079944,2393.824691472032,0.24375,0.0018946062312857703,0.75573614292958,0.6848262190334145,4.867121537213072,-0.8576888150838441,long_relative_to_circular_transit;not_recovered_at_fixed_ephemeris;low_nominal_snr
416576682,1,24.167763767737018,1711.6105428525268,0.24375,0.0010902280411796202,0.6670278854683079,0.3992478971004819,5.683470589028091,-0.5013407346758842,fewer_than_three_discovery_events;dominated_by_one_event;long_relative_to_circular_transit;insufficient_holdout_events;low_nominal_snr
416576682,2,23.081298692141907,1721.2768000669193,0.135,0.0015183285454946948,0.7871693845932127,0.4244999127725502,5.4936283648085835,-0.5691040932601082,fewer_than_three_discovery_events;dominated_by_one_event;long_relative_to_circular_transit;not_recovered_at_fixed_ephemeris;low_nominal_snr
416576682,3,8.580724874180705,1716.6508000669194,0.051000000000000004,0.001434960533808321,0.7652534470152299,1.5880321498266299,5.460175085010391,0.7713410990659255,outside_nominal_optimistic_hz;not_recovered_at_fixed_ephemeris;low_nominal_snr
416576682,4,13.66348337197341,1718.4028000669196,0.039,0.001703939225973209,0.8338969138697963,0.8540356833369924,5.047524437132176,0.6444621719540047,not_recovered_at_fixed_ephemeris;low_nominal_snr
417114341,1,15.344628077227599,1870.726365395134,0.17550000000000002,0.0013178767477283505,0.8126524454048185,0.7419244430397771,7.375136960104984,-0.9679305042183836,long_relative_to_circular_transit;not_recovered_at_fixed_ephemeris
417114341,2,26.485864244442038,1885.7875291096836,0.24375,0.0012378117567053164,0.7875801295610583,0.3583295600697677,5.459290811036307,-0.9011812835615158,fewer_than_three_discovery_events;long_relative_to_circular_transit;not_recovered_at_fixed_ephemeris;low_nominal_snr
417114341,3,9.219796873427237,1876.4319041096835,0.025,0.002029479900337343,1.0084626685718754,1.4633213106122835,4.906820790260712,-0.8956075989539336,not_recovered_at_fixed_ephemeris;low_nominal_snr
417153632,1,5.25802751450558,1930.4609739839157,0.24375,0.0007719083647021903,0.38226717445468283,1.0705651403176673,4.665951591458302,3.1309452155745547,dominated_by_one_event;long_relative_to_circular_transit;outside_initial_small_planet_radius_range;not_recovered_at_fixed_ephemeris;low_nominal_snr
417767357,1,17.052440453401143,1971.7733724946338,0.24375,0.0009403060760439866,0.6127725450296825,0.5603637181931465,3.992507065278182,-2.042440202068644,long_relative_to_circular_transit;not_recovered_at_fixed_ephemeris;low_nominal_snr
420130591,1,15.170534068009813,1688.7758056212751,0.24375,0.0005462645831214955,0.31902529785775485,0.24432199226711487,7.350213330545553,-1.3175206831422723,long_relative_to_circular_transit;outside_initial_small_planet_radius_range;not_recovered_at_fixed_ephemeris
420130591,2,13.565558242562263,1696.4715556212752,0.12675,0.0007827466247977583,0.3818864090797411,0.2836047458754527,7.4354142610137455,-0.12023362452065914,dominated_by_one_event;odd_even_discrepancy;long_relative_to_circular_transit;outside_initial_small_planet_radius_range;not_recovered_at_fixed_ephemeris
420130591,3,5.293747842772308,1685.1195556212751,0.24375,0.00026580294598733495,0.2225376490919182,0.9945181656679356,6.276549999744927,1.0800799851110205,long_relative_to_circular_transit;outside_initial_small_planet_radius_range;not_recovered_at_fixed_ephemeris;low_nominal_snr
420130591,4,4.203745247941473,1683.5648056212751,0.08775000000000001,0.0004209033859176286,0.28003660925320784,1.3524312648629988,6.248883728366329,0.12816322235379154,long_relative_to_circular_transit;outside_initial_small_planet_radius_range;not_recovered_at_fixed_ephemeris;low_nominal_snr
422351737,1,3.3076704562664756,3747.8858511534204,0.17550000000000002,0.007394710959293281,1.1268223058284423,1.8079803731063357,33.2677362032965,30.55315334760351,outside_nominal_optimistic_hz;long_relative_to_circular_transit
422351737,2,3.3091156888905475,3749.2898511534204,0.17550000000000002,0.007107403610648792,1.104715183484021,1.8069276197433872,32.25903534308967,-11.142585193820787,outside_nominal_optimistic_hz;long_relative_to_circular_transit;not_recovered_at_fixed_ephemeris
422351737,3,3.3036516057616887,3748.3583511534202,0.17550000000000002,0.007333200515589768,1.1221259709189997,1.810913481263054,32.21262273817882,-8.658380629050406,outside_nominal_optimistic_hz;long_relative_to_circular_transit;not_recovered_at_fixed_ephemeris
422351737,4,3.302977228971516,3747.42685115342,0.22950000000000004,0.006879182926292483,1.086834116661626,1.8114064827750875,32.71260945312029,-5.356950950594502,odd_even_discrepancy;outside_nominal_optimistic_hz;long_relative_to_circular_transit;not_recovered_at_fixed_ephemeris
422846384,1,12.096154970125033,2459.2639329842386,0.058499999999999996,0.01586963802545844,1.5957141180199248,0.27348043932951127,9.426002487028008,0.05474474068296792,fewer_than_three_discovery_events;dominated_by_one_event;not_recovered_at_fixed_ephemeris
422846384,2,13.184283921509302,2447.9220579842386,0.24375,0.003991741831191074,0.8002999681292942,0.24380765044164793,5.964183169082893,-3.768692422996554,long_relative_to_circular_transit;not_recovered_at_fixed_ephemeris;low_nominal_snr
422846384,3,13.613839730618823,2457.3365299658717,0.17550000000000002,0.0059150308038033285,0.9742043900970336,0.23360486356383195,6.038553390967859,2.070809450694914,fewer_than_three_discovery_events;long_relative_to_circular_transit;insufficient_holdout_events;low_nominal_snr
422846384,4,4.318797211179017,2452.1997799658716,0.045,0.004718121233094435,0.8700738676626858,1.0797063165328251,4.977599763514636,-2.6559134571941247,not_recovered_at_fixed_ephemeris;low_nominal_snr
424389265,1,4.540833203534079,1715.3394713600624,0.17550000000000002,0.0059436681655887745,1.2122811639093585,1.632554351628055,49.9561178483626,32.79077827684552,outside_nominal_optimistic_hz;long_relative_to_circular_transit
424389265,2,4.5404034334781205,1712.6394713600625,0.17550000000000002,0.005741020967482116,1.1914358022572111,1.6327603932434434,49.837000412003206,40.15988800415943,outside_nominal_optimistic_hz;long_relative_to_circular_transit
424389265,3,4.540531484005662,1713.9894713600625,0.17550000000000002,0.0060174453380403,1.2197818216407244,1.6326989981262363,49.171276051868496,53.55364129138793,outside_nominal_optimistic_hz;long_relative_to_circular_transit
424389265,4,4.54043149600838,1714.4484713600625,0.17550000000000002,0.0061418134428400375,1.2323225345900481,1.6327469380345325,49.22041866701898,40.19445887470954,outside_nominal_optimistic_hz;long_relative_to_circular_transit
425717549,1,3.8186271204182316,1658.8827191087057,0.22950000000000004,0.0012037412104781487,0.47357652372285336,1.5714088160975908,4.884819382763979,-1.475718167366808,outside_nominal_optimistic_hz;long_relative_to_circular_transit;outside_initial_small_planet_radius_range;not_recovered_at_fixed_ephemeris;low_nominal_snr
427323148,1,26.923971884775334,2857.710828750916,0.24375,0.005195694520919861,1.4325400754132467,0.34628700461827416,21.614056862080247,0.5136453315127223,fewer_than_three_discovery_events;dominated_by_one_event;odd_even_discrepancy;long_relative_to_circular_transit;not_recovered_at_fixed_ephemeris
427323148,2,19.502437472899416,2863.073328750916,0.24375,0.0017420173280612923,0.8294901076781985,0.5323163912972749,8.713379465708488,-0.5918744425587402,dominated_by_one_event;odd_even_discrepancy;long_relative_to_circular_transit;not_recovered_at_fixed_ephemeris
427323148,3,20.951967708377992,2860.285953750916,0.03,0.0037967693132602994,1.2245938699998675,0.48378820609185774,5.422057173940718,-0.06715535105553644,fewer_than_three_discovery_events;dominated_by_one_event;not_recovered_at_fixed_ephemeris;low_nominal_snr
427323148,4,12.989073624119143,2854.510203750916,0.0325,0.002238927715829189,0.9403835252105721,0.9152030532183398,5.309421082510797,0.8215623825827779,not_recovered_at_fixed_ephemeris;low_nominal_snr
427466954,1,14.854110814970328,2867.704447458442,0.24375,0.0018447470742674536,0.7269653330400541,0.4432081963722554,6.454098052833315,0.8235136283293215,long_relative_to_circular_transit;not_recovered_at_fixed_ephemeris;low_nominal_snr
427466954,2,10.94368486197352,2863.001572458442,0.17550000000000002,0.0013474283785271757,0.621295389595251,0.6660679827950752,5.406166558117959,0.7805668182277721,long_relative_to_circular_transit;not_recovered_at_fixed_ephemeris;low_nominal_snr
427466954,3,8.496887047720762,2859.892072458442,0.058499999999999996,0.002037364152604365,0.763975825100275,0.9333765150603583,5.074086140201703,-1.1383540513278305,not_recovered_at_fixed_ephemeris;low_nominal_snr
427466954,4,5.431874398995096,2857.3088224584417,0.025,0.0024414370197447474,0.8363114614036861,1.6948725153293833,5.215841910896822,0.5225959424399749,outside_nominal_optimistic_hz;not_recovered_at_fixed_ephemeris;low_nominal_snr
427809432,1,14.773172250141304,2866.926466301998,0.1875,0.0017670507122742472,0.7252624311440247,0.44380924882027956,5.630933924002411,2.6045323988950515,long_relative_to_circular_transit;not_recovered_at_fixed_ephemeris;low_nominal_snr
427809432,2,9.062288874387983,2857.4964663019978,0.025,0.0034194681632573405,1.0089042628442924,0.851485966779583,5.670147083950427,-0.7537359947820329,not_recovered_at_fixed_ephemeris;low_nominal_snr
427809432,3,7.783471928814757,2855.104216301998,0.058499999999999996,0.0018022287268635103,0.7324460287966712,1.0429501382625292,5.547410549722579,-0.20842307370481822,not_recovered_at_fixed_ephemeris;low_nominal_snr
427809432,4,18.09900098995257,2856.105216301998,0.0325,0.003887072372766757,1.0756772610891234,0.3385492782359102,5.373070534139883,3.5354477003679325,not_recovered_at_fixed_ephemeris;low_nominal_snr
428681517,1,8.937832992580196,1986.297340580951,0.24375,0.0007139262240824075,0.3880537602848243,0.6670577215751362,5.1310472554710795,-0.574168193265501,long_relative_to_circular_transit;outside_initial_small_planet_radius_range;not_recovered_at_fixed_ephemeris;low_nominal_snr
428681517,2,17.619266687993452,1987.8535905809508,0.24375,0.0009782662033309003,0.4542487634252735,0.2698708378683037,4.440834234283979,0.7718922317454905,fewer_than_three_discovery_events;dominated_by_one_event;long_relative_to_circular_transit;outside_initial_small_planet_radius_range;not_recovered_at_fixed_ephemeris;low_nominal_snr
429000467,1,5.223336851699874,1958.592501577262,0.24375,0.005297342134301033,1.3431648066546062,1.501633073345913,34.096865261022785,9.058778026149701,outside_nominal_optimistic_hz;long_relative_to_circular_transit
429000467,2,5.220086722811402,1960.730001577262,0.24375,0.0056050035212347245,1.381618809928084,1.5028797978213362,36.27849752569803,48.225482826242974,outside_nominal_optimistic_hz;long_relative_to_circular_transit
429000467,3,5.217852246660087,1957.655001577262,0.24375,0.006184163242447022,1.451245095060533,1.5037379768997363,37.98025222672832,4.952475856591955,outside_nominal_optimistic_hz;long_relative_to_circular_transit;not_recovered_at_fixed_ephemeris
429000467,4,5.2182315354758995,1956.5862515772621,0.24375,0.0062176190629066805,1.455165359134302,1.503592245768872,39.98679503520478,10.85099222914976,odd_even_discrepancy;outside_nominal_optimistic_hz;long_relative_to_circular_transit
429759333,1,15.394545830589944,2835.7451488088122,0.24375,0.0029232991917597993,0.9387443698721143,0.42542100659878873,6.135566497425753,-1.3571128663547416,long_relative_to_circular_transit;not_recovered_at_fixed_ephemeris;low_nominal_snr
429759333,2,6.284926265475265,2829.7095238088123,0.045,0.004194302080538043,1.1244510776870427,1.4046706974942178,5.535782582735248,1.7228740328235295,not_recovered_at_fixed_ephemeris;low_nominal_snr
429759333,3,10.154739639191504,2834.7607738088122,0.0325,0.005801361090460383,1.3224390380166986,0.7408831452355042,5.097080624253233,0.07490677926222707,not_recovered_at_fixed_ephemeris;low_nominal_snr
429759333,4,7.132086565616945,2831.086523808812,0.039,0.003952458387607554,1.0915518379088818,1.186731939350136,5.004762119652597,0.8654476457959401,not_recovered_at_fixed_ephemeris;low_nominal_snr
434261118,1,8.45918755936668,2475.035653779991,0.24375,0.01079730050013168,1.2141013993073648,0.3841061263474294,8.706302928423312,-2.8214044212285447,long_relative_to_circular_transit;not_recovered_at_fixed_ephemeris
434261118,2,8.629587873099583,2480.344528779991,0.17550000000000002,0.012421134744899434,1.302200932406496,0.37402678074979123,8.56482230635534,2.0597713074849606,long_relative_to_circular_transit;not_recovered_at_fixed_ephemeris
434261118,3,3.477066455722353,2477.010028779991,0.17550000000000002,0.008733895538886162,1.0919465037370948,1.2568172076582078,8.361656750493418,-2.0059218491286512,long_relative_to_circular_transit;not_recovered_at_fixed_ephemeris
434261118,4,3.3757266565270747,2475.8419037799913,0.24375,0.006820100703442848,0.9649232237782754,1.3073736944863708,7.244542441631942,-0.7871830641729177,long_relative_to_circular_transit;not_recovered_at_fixed_ephemeris
436230630,1,6.664146709824207,1688.857819887519,0.17550000000000002,0.010272457108482541,1.5383868407210535,0.9731704528635767,9.577604675053161,-0.1993161213018547,long_relative_to_circular_transit;not_recovered_at_fixed_ephemeris
436230630,2,17.105167384738948,1687.730194887519,0.24375,0.016452349885212388,1.9468942231080755,0.27691418886701713,9.319014271947474,-0.4317944563557557,fewer_than_three_discovery_events;long_relative_to_circular_transit;not_recovered_at_fixed_ephemeris
436230630,3,7.287664250433534,1690.598944887519,0.24375,0.007939939428924741,1.3524990935040375,0.8637681225251596,8.608115854506467,2.726108942442037,odd_even_discrepancy;long_relative_to_circular_transit;not_recovered_at_fixed_ephemeris
436230630,4,6.9424953126344215,1687.5326570293191,0.12675,0.01369146454632467,1.7760424469854321,0.9214975540626968,8.519788412993817,0.6673331393372967,long_relative_to_circular_transit;not_recovered_at_fixed_ephemeris
436631912,1,13.79935901278992,2484.4474163090804,0.24375,0.007990497711118542,1.2006201142859823,0.26523533625520085,8.238240101414908,0.6353485747050301,fewer_than_three_discovery_events;dominated_by_one_event;long_relative_to_circular_transit;not_recovered_at_fixed_ephemeris
436631912,2,10.337751985935602,2474.3767913090805,0.17550000000000002,0.0027917424612746017,0.7096698833621892,0.3898298787414848,4.526814154395627,-0.9336665600131998,long_relative_to_circular_transit;not_recovered_at_fixed_ephemeris;low_nominal_snr
440955956,1,4.620087680879094,3068.9154109710425,0.12675,0.011308229515520683,1.7302034092207232,1.5392122472376248,18.129532451748116,-0.10041945326931341,outside_nominal_optimistic_hz;long_relative_to_circular_transit;not_recovered_at_fixed_ephemeris
440955956,2,4.633828506501982,3069.235134826882,0.12675,0.010604963977131515,1.6755386683383011,1.5331295628073758,18.43385582686439,-8.566793549548317,outside_nominal_optimistic_hz;long_relative_to_circular_transit;not_recovered_at_fixed_ephemeris
440955956,3,4.274096044589692,3071.370384826882,0.12675,0.010683012330134639,1.6816930176407832,1.707548696265538,18.42033404886907,2.520031500840216,outside_nominal_optimistic_hz;long_relative_to_circular_transit;not_recovered_at_fixed_ephemeris
440955956,4,4.2773172070910945,3072.072384826882,0.12675,0.010764256496465941,1.6880755323780796,1.7058343502279536,17.32956060698133,-11.145470264059682,outside_nominal_optimistic_hz;long_relative_to_circular_transit;not_recovered_at_fixed_ephemeris
441067400,1,13.237003172086077,3000.9578240108503,0.24375,0.003637427358500425,1.1195917088430878,0.6166378120643599,5.923870542971935,-1.7977036534814839,fewer_than_three_discovery_events;dominated_by_one_event;long_relative_to_circular_transit;not_recovered_at_fixed_ephemeris;low_nominal_snr
441067400,2,18.9376996564134,3002.4248240108504,0.08775000000000001,0.005063933454345356,1.3210112133284269,0.382513484683319,5.495934260181914,-0.3562379228575061,fewer_than_three_discovery_events;not_recovered_at_fixed_ephemeris;low_nominal_snr
441067400,3,10.881008365901083,2993.65319901085,0.058499999999999996,0.0029920768620340208,1.0154274091192277,0.8008002320643359,5.210146716615473,-0.7264106772005063,not_recovered_at_fixed_ephemeris;low_nominal_snr
441067400,4,18.306564860817158,2990.0784490108504,0.025,0.00578443511287895,1.4118643945582283,0.4001970697320176,4.764597979832667,-0.23281558993958398,not_recovered_at_fixed_ephemeris;low_nominal_snr
441410570,1,12.286322294376248,1330.071012558603,0.08775000000000001,0.0184812341537231,2.182209324978427,0.47308834367436425,14.832575453594613,-1.0159447913232766,fewer_than_three_discovery_events;dominated_by_one_event;odd_even_discrepancy;long_relative_to_circular_transit;outside_initial_small_planet_radius_range;not_recovered_at_fixed_ephemeris
441410570,2,12.714932021600339,1330.091262558603,0.08775000000000001,0.02692690862789577,2.6340509478275247,0.4519454955476563,14.317447402206854,-2.265246244761351,fewer_than_three_discovery_events;dominated_by_one_event;long_relative_to_circular_transit;outside_initial_small_planet_radius_range;not_recovered_at_fixed_ephemeris
441410570,3,12.448176935831333,1330.158762558603,0.08775000000000001,0.025679798097433915,2.5723302498710505,0.4649045345374333,13.626382632845191,1.1443164329570414,fewer_than_three_discovery_events;dominated_by_one_event;long_relative_to_circular_transit;outside_initial_small_planet_radius_range;not_recovered_at_fixed_ephemeris
441410570,4,12.533109671943993,1327.692012558603,0.24375,0.0037135973251147224,0.9782015072430769,0.4607086139176881,6.276300002591361,-1.8824845198344913,dominated_by_one_event;long_relative_to_circular_transit;not_recovered_at_fixed_ephemeris;low_nominal_snr
441466487,1,5.1928141751637895,1354.3082863007494,0.17550000000000002,0.0024948094478288154,0.6217805448926539,0.825615264516909,5.475464672349848,0.25917186496164796,long_relative_to_circular_transit;not_recovered_at_fixed_ephemeris;low_nominal_snr
441466487,2,10.06735574678307,1356.2104128229053,0.08775000000000001,0.004775591257059502,0.8602645233976308,0.3415289599163926,5.2408344939278875,0.9957031554637151,long_relative_to_circular_transit;not_recovered_at_fixed_ephemeris;low_nominal_snr
441466487,3,5.160907589814421,1354.8874128229052,0.08775000000000001,0.0031607912174535704,0.6998683340906529,0.8324279344329188,4.87577486275547,1.745575713019734,long_relative_to_circular_transit;not_recovered_at_fixed_ephemeris;low_nominal_snr
441507745,1,9.638037515795087,2146.649679522534,0.12675,0.017831468159368473,1.9247798795696605,0.5483776364678905,10.443792981906197,-3.0133654209171494,long_relative_to_circular_transit;not_recovered_at_fixed_ephemeris
441507745,2,10.233529998513761,2149.8866795225335,0.12675,0.02127681526818105,2.102523363504732,0.5062487097321177,10.200396514914905,-2.813164374867377,fewer_than_three_discovery_events;long_relative_to_circular_transit;outside_initial_small_planet_radius_range;not_recovered_at_fixed_ephemeris
441507745,3,4.309889103241659,2145.8111795225336,0.12675,0.011456669835920965,1.5428251782398952,1.6036506251399552,8.55928917712373,-3.514955002587178,outside_nominal_optimistic_hz;long_relative_to_circular_transit;not_recovered_at_fixed_ephemeris
441507745,4,5.255190804884457,2145.6863045225336,0.17550000000000002,0.011509949237562926,1.5464084819440724,1.2310619268089498,8.354346233477711,1.6103028044906353,long_relative_to_circular_transit;not_recovered_at_fixed_ephemeris
441721594,1,43.24992137921618,1683.620704001297,0.24375,0.0008867311697789564,0.695862364576738,0.21142439509435992,8.660937003773613,1.8884467442365527,fewer_than_three_discovery_events;dominated_by_one_event;outside_nominal_optimistic_hz;long_relative_to_circular_transit;not_recovered_at_fixed_ephemeris
441721594,2,48.21022667973888,1694.9665788078946,0.08775000000000001,0.0008121898830929949,0.6659722740154974,0.1829293095390607,7.1831867286742455,0.52586315125924,outside_nominal_optimistic_hz;not_recovered_at_fixed_ephemeris
441721594,3,29.154910128090844,1696.1238288078946,0.24375,0.0005374402019346347,0.5417419117059542,0.3577008046703891,6.711325147367219,-1.1299755080097886,long_relative_to_circular_transit;not_recovered_at_fixed_ephemeris;low_nominal_snr
441721594,4,12.974026517308866,1687.1050788078944,0.24375,0.00026663734365549,0.381581972048451,1.052856424416905,6.674670512171064,-0.9624298865526487,long_relative_to_circular_transit;outside_initial_small_planet_radius_range;not_recovered_at_fixed_ephemeris;low_nominal_snr
441803471,1,34.6655349490957,1708.7443517783272,0.24375,0.0006301147958782823,0.526289439079081,0.20212093647031681,8.320489741093812,-5.683014387113523,outside_nominal_optimistic_hz;long_relative_to_circular_transit;not_recovered_at_fixed_ephemeris
441803471,2,20.79442364780435,1702.1631017783272,0.24375,0.0004920487499460475,0.4650705967323639,0.39952687056384867,7.601322347291256,-2.3693602650468275,long_relative_to_circular_transit;outside_initial_small_planet_radius_range;not_recovered_at_fixed_ephemeris
441803471,3,26.328257933683574,1697.6068517783272,0.24375,0.0008560258626589,0.6134204630153056,0.29168382404918336,6.94539878515268,-3.4125558657137742,long_relative_to_circular_transit;not_recovered_at_fixed_ephemeris;low_nominal_snr
441803471,4,7.027016055191982,1684.9881017783273,0.24375,0.00023998645198947629,0.324794135509118,1.6973858705281057,6.8218555047416025,-0.05337449387463991,odd_even_discrepancy;outside_nominal_optimistic_hz;long_relative_to_circular_transit;outside_initial_small_planet_radius_range;not_recovered_at_fixed_ephemeris;low_nominal_snr
445018193,1,6.925442715722204,1842.864904320176,0.12675,0.004579836507103328,0.8128890253158211,0.5439631283665496,5.699436296947504,-0.4952575632874677,long_relative_to_circular_transit;not_recovered_at_fixed_ephemeris;low_nominal_snr
445018193,2,2.8861308618219343,1844.727529320176,0.0325,0.005861844186541738,0.9196517636994911,1.7474770983296437,5.283529338649153,-1.1829772834865064,outside_nominal_optimistic_hz;not_recovered_at_fixed_ephemeris;low_nominal_snr
445018193,3,2.969860397354313,1845.476279320176,0.025,0.006238215819218321,0.9487165369102085,1.6820986838435155,4.856391328255174,0.8587606375825316,outside_nominal_optimistic_hz;not_recovered_at_fixed_ephemeris;low_nominal_snr
445064836,1,3.464796337230837,1842.9251799630238,0.24375,0.00047752403782140004,0.3054366702054892,1.7990673114858298,6.28601773545105,2.403570662099599,outside_nominal_optimistic_hz;long_relative_to_circular_transit;outside_initial_small_planet_radius_range;not_recovered_at_fixed_ephemeris;low_nominal_snr
445064836,2,3.9004377913788133,1843.8020549630237,0.0325,0.0014381175112890623,0.530054767024711,1.5362664770156491,5.669865567527168,0.1069371456362955,outside_nominal_optimistic_hz;not_recovered_at_fixed_ephemeris;low_nominal_snr
445064836,3,9.10458889908733,1848.5314299630238,0.24375,0.0006081967267682582,0.3447034234532244,0.4961396169768811,4.9905411234194625,1.9183803932238115,long_relative_to_circular_transit;outside_initial_small_planet_radius_range;not_recovered_at_fixed_ephemeris;low_nominal_snr
445863003,1,4.222133564441908,1711.6263743889099,0.22950000000000004,0.002447685591763449,0.6969170887455036,1.6856234500783507,11.401516158494639,-4.6044712105617505,outside_nominal_optimistic_hz;long_relative_to_circular_transit;not_recovered_at_fixed_ephemeris
445863003,2,4.223680293295652,1714.014808753121,0.17550000000000002,0.0025878317284205934,0.7165909428244174,1.6848004574574516,11.368730312167715,4.804561333084838,outside_nominal_optimistic_hz;long_relative_to_circular_transit;not_recovered_at_fixed_ephemeris
445863003,3,4.2223930726449375,1713.387433753121,0.24375,0.002149239753814105,0.6530489425431876,1.6854853203103397,10.436631876342101,-7.261907042541484,outside_nominal_optimistic_hz;long_relative_to_circular_transit;not_recovered_at_fixed_ephemeris
445863003,4,4.223140245704517,1715.243308753121,0.17550000000000002,0.002574307862105569,0.7147160576721726,1.685087729255922,10.123331341025878,3.286975150460353,outside_nominal_optimistic_hz;long_relative_to_circular_transit;not_recovered_at_fixed_ephemeris
445863676,1,10.447700553129222,1930.5829050063583,0.24375,0.003275856344828285,0.8687419879125284,0.5037943400926648,4.03222415281605,0.9306201603589169,fewer_than_three_discovery_events;dominated_by_one_event;long_relative_to_circular_transit;insufficient_holdout_events;low_nominal_snr
44647136,1,14.213604785270462,1421.4289001461138,0.24375,0.0032748165291265658,0.899848851598013,0.3995751201306105,5.814209450806599,1.6826714712730546,dominated_by_one_event;long_relative_to_circular_transit;not_recovered_at_fixed_ephemeris;low_nominal_snr
44647136,2,5.202083257944983,1415.4407751461138,0.025,0.006137962636670838,1.2319361520239185,1.5262804960593657,5.485986889236582,0.02160845289068741,outside_nominal_optimistic_hz;not_recovered_at_fixed_ephemeris;low_nominal_snr
44647136,3,9.73405330825033,1417.0045251461138,0.0325,0.00801623160629095,1.4078656344352238,0.6619306010888235,5.260759229303462,0.8408771398408883,not_recovered_at_fixed_ephemeris;low_nominal_snr
44647136,4,15.673747852828024,1420.3710251461137,0.0765,0.0061591042274962045,1.234055967890525,0.3507305623549828,5.1432709267347505,0.0,fewer_than_three_discovery_events;dominated_by_one_event;insufficient_holdout_events;low_nominal_snr
44739264,1,16.441326438311236,1421.9538541297727,0.24375,0.0034953516894305433,0.8457272480343534,0.24510457627252583,5.59521661525697,-0.9440384616328542,dominated_by_one_event;long_relative_to_circular_transit;not_recovered_at_fixed_ephemeris;low_nominal_snr
44739264,2,15.179074164526394,1416.5482291297728,0.025,0.008334760347595761,1.3059647110865025,0.27265084353067476,4.982805090198398,-1.1085487452401936,not_recovered_at_fixed_ephemeris;low_nominal_snr
448416124,1,4.496709530426587,3017.1262721195176,0.0675,0.008081908406186363,1.2369185281240282,1.2694363448017876,8.842184424946945,3.533732256387793,long_relative_to_circular_transit;not_recovered_at_fixed_ephemeris
448416124,2,4.502480665305297,3014.8751471195174,0.12675,0.005341512812567142,1.00557917348996,1.267267311504564,7.302285778152714,-1.7592112586073374,long_relative_to_circular_transit;not_recovered_at_fixed_ephemeris
448416124,3,6.329480365302119,3015.9377721195174,0.025,0.008639553644415784,1.2788799706988268,0.8047234036381921,4.792936380415008,1.6989935392946038,not_recovered_at_fixed_ephemeris;low_nominal_snr
448939026,1,8.915042109619451,1440.2094129306054,0.08775000000000001,0.005002259861469135,1.0426306335507538,0.631164940689893,4.770690696807057,-0.921769716505224,long_relative_to_circular_transit;not_recovered_at_fixed_ephemeris;low_nominal_snr
449046160,1,14.03702405914077,4057.3098373271923,0.24375,0.0016883155545156317,0.5608547619388797,0.3012503385154224,8.520267025275205,-1.9647082924136907,dominated_by_one_event;odd_even_discrepancy;long_relative_to_circular_transit;not_recovered_at_fixed_ephemeris
449046160,2,19.27317748564336,4048.2160873271923,0.24375,0.001241042558838464,0.48085810238675175,0.19740425439923778,7.714826894261493,0.2598787394923313,outside_nominal_optimistic_hz;long_relative_to_circular_transit;outside_initial_small_planet_radius_range;not_recovered_at_fixed_ephemeris
449046160,3,16.897260468000113,4055.4910873271924,0.24375,0.0013061484856935872,0.4933099513447095,0.23525518520496994,6.796052638842234,-1.6249528164918408,dominated_by_one_event;long_relative_to_circular_transit;outside_initial_small_planet_radius_range;not_recovered_at_fixed_ephemeris;low_nominal_snr
449046160,4,5.171310831891749,4046.6174623271927,0.17550000000000002,0.00074926622113577,0.37362994650667075,1.1406701561532748,6.9002958241397545,-0.37705499335929743,long_relative_to_circular_transit;outside_initial_small_planet_radius_range;not_recovered_at_fixed_ephemeris;low_nominal_snr
450348875,1,3.5618580160026063,1932.2364536591656,0.11475000000000002,0.01421020317228616,1.6141185054161535,1.746559801914253,16.24726199623325,-3.225872025771936,outside_nominal_optimistic_hz;long_relative_to_circular_transit;not_recovered_at_fixed_ephemeris
450348875,2,3.560746729451,1930.9749536591655,0.12675,0.013804997902802462,1.590938696828405,1.7472866267512905,15.319423085908323,-8.13722705420618,outside_nominal_optimistic_hz;long_relative_to_circular_transit;not_recovered_at_fixed_ephemeris
450348875,3,3.815021198518101,1932.4997036591656,0.11475000000000002,0.013866496072081558,1.5944783965950622,1.5937602505990425,14.82411554095719,-9.047406411520955,outside_nominal_optimistic_hz;long_relative_to_circular_transit;not_recovered_at_fixed_ephemeris
450348875,4,3.8187054275144927,1932.9992036591655,0.08775000000000001,0.015636832664774655,1.69320548729636,1.5917103994228643,14.752438829795514,6.910550964010908,outside_nominal_optimistic_hz;long_relative_to_circular_transit
452465896,1,27.610963699098665,3041.337428205127,0.22950000000000004,0.0005282038500512203,0.5571438531899585,0.3261785952981686,7.920496805814305,1.511934134601417,fewer_than_three_discovery_events;dominated_by_one_event;long_relative_to_circular_transit;not_recovered_at_fixed_ephemeris
452465896,2,24.87070502797956,3048.3098413145867,0.24375,0.0004391861634265153,0.5080317874029211,0.37495580568924847,7.486138894062856,-0.6585483723959555,long_relative_to_circular_transit;not_recovered_at_fixed_ephemeris
452465896,3,14.295926398194734,3050.285716314587,0.17550000000000002,0.0003262959687251618,0.43789745016824655,0.7845388839617768,7.107107396904528,-1.4803551832726878,long_relative_to_circular_transit;outside_initial_small_planet_radius_range;not_recovered_at_fixed_ephemeris
452465896,4,29.467984385667048,3053.0172163145867,0.058499999999999996,0.0007120797972170707,0.6468906803766101,0.29906365494607534,6.365335028279303,0.10902040547390976,dominated_by_one_event;not_recovered_at_fixed_ephemeris;low_nominal_snr
452882423,1,15.183729183916176,2866.6555444717314,0.24375,0.0017855523798528021,0.49372334523738803,0.18599572937565434,7.516162843772284,-1.674805395671754,fewer_than_three_discovery_events;dominated_by_one_event;outside_nominal_optimistic_hz;long_relative_to_circular_transit;outside_initial_small_planet_radius_range;not_recovered_at_fixed_ephemeris
452882423,2,9.357677374345847,2853.586794471731,0.24375,0.0008622058569003606,0.34308588404963297,0.35463653975015763,6.170468186502754,-0.27710936348125487,long_relative_to_circular_transit;outside_initial_small_planet_radius_range;not_recovered_at_fixed_ephemeris;low_nominal_snr
452882423,3,6.196798018301229,2854.748610994915,0.24375,0.0006811995808653497,0.30495415253702396,0.6143998726593031,5.859209735228251,-1.689870644868444,long_relative_to_circular_transit;outside_initial_small_planet_radius_range;not_recovered_at_fixed_ephemeris;low_nominal_snr
452882423,4,8.793505502643633,2856.3322359949148,0.17550000000000002,0.0009463925662162549,0.35944547904388713,0.385293354522872,5.088893200005204,-1.5311986060875873,dominated_by_one_event;long_relative_to_circular_transit;outside_initial_small_planet_radius_range;not_recovered_at_fixed_ephemeris;low_nominal_snr
454682563,1,13.652885096507168,1601.5547038402833,0.17550000000000002,0.0010606463069708627,0.43386908958932724,0.28058969285889374,6.8991046645444,-0.3202020711887519,fewer_than_three_discovery_events;dominated_by_one_event;long_relative_to_circular_transit;outside_initial_small_planet_radius_range;not_recovered_at_fixed_ephemeris;low_nominal_snr
454682563,2,14.625211269025826,1609.4767221827908,0.24375,0.000821241958081462,0.3817763164273858,0.2559969332837571,6.424309981812704,-1.0177685199558821,fewer_than_three_discovery_events;long_relative_to_circular_transit;outside_initial_small_planet_radius_range;not_recovered_at_fixed_ephemeris;low_nominal_snr
454682563,3,8.827648822564202,1606.0642221827907,0.24375,0.0004579396845442398,0.2850870951020069,0.5018542003017797,4.848939580717894,-1.3048480669726192,long_relative_to_circular_transit;outside_initial_small_planet_radius_range;not_recovered_at_fixed_ephemeris;low_nominal_snr
454876960,1,6.133805703316825,2334.423769634118,0.24375,0.004524182913814778,1.1972125748828484,1.772319628029902,29.66753019266138,10.972658762112546,outside_nominal_optimistic_hz;long_relative_to_circular_transit
454876960,2,6.130156047054155,2335.211269634118,0.24375,0.004416366766023204,1.1828611246363003,1.7737266610929083,29.88935025316494,-4.1618067873024005,outside_nominal_optimistic_hz;long_relative_to_circular_transit;not_recovered_at_fixed_ephemeris
454876960,3,6.1279259991613735,2339.055019634118,0.24375,0.0045422763587458104,1.1996041763765035,1.7745873623688198,28.867249171792697,12.827410451977768,outside_nominal_optimistic_hz;long_relative_to_circular_transit
454876960,4,6.122244482113075,2336.767519634118,0.24375,0.004793200960561484,1.232293083751816,1.7767834866790153,30.219961784209318,8.484120524628281,outside_nominal_optimistic_hz;long_relative_to_circular_transit
457464640,1,5.446479454331607,3071.7438024023904,0.025,0.004102023734652068,0.8462487545598832,1.0206736841450577,4.788059665144277,0.48580593063803096,not_recovered_at_fixed_ephemeris;low_nominal_snr
457748137,1,4.3747251727129575,3072.3480228596454,0.24375,0.008388268029148766,1.2501431635072127,1.2544160265042663,11.307931837626645,-5.526124912238223,long_relative_to_circular_transit;not_recovered_at_fixed_ephemeris
457748137,2,3.441962226586747,3070.7730228596456,0.24375,0.006539719578557896,1.103832467275976,1.7270350870185265,9.515813927718531,-4.575640458865467,odd_even_discrepancy;outside_nominal_optimistic_hz;long_relative_to_circular_transit;not_recovered_at_fixed_ephemeris
457748137,3,3.476416463918241,3068.9917728596456,0.24375,0.006631183095613114,1.111524681099242,1.7042510232722972,8.631630971272486,14.474310075730545,outside_nominal_optimistic_hz;long_relative_to_circular_transit
457748137,4,3.4799089234830656,3071.5619207525915,0.24375,0.0069871693397874565,1.140970025547573,1.7019708747153806,9.354642319275309,3.933689095662618,outside_nominal_optimistic_hz;long_relative_to_circular_transit;not_recovered_at_fixed_ephemeris
458453130,1,14.11552975688282,1912.2601410016746,0.24375,0.004160238328696334,0.873362174024545,0.27585637772350974,6.20813664247882,-0.5323319517134864,long_relative_to_circular_transit;not_recovered_at_fixed_ephemeris;low_nominal_snr
458453130,2,5.457230393107166,1900.3801410016745,0.12675,0.002754028287565354,0.7105906214958734,0.9794513882011059,4.5597021233068435,-0.40863615634335426,long_relative_to_circular_transit;not_recovered_at_fixed_ephemeris;low_nominal_snr
459181676,1,5.495379303892708,2392.268167388956,0.24375,0.0015354242726351652,0.6846171454425501,1.7135562185749955,14.489463830307184,-3.281922180066521,outside_nominal_optimistic_hz;long_relative_to_circular_transit;not_recovered_at_fixed_ephemeris
459181676,2,5.4989862629234185,2391.413542388956,0.17550000000000002,0.001656895569028206,0.7111826264771601,1.7120577481311359,13.286780912847382,0.1448507946710209,outside_nominal_optimistic_hz;long_relative_to_circular_transit;not_recovered_at_fixed_ephemeris
459181676,3,6.342855273169419,2393.111917388956,0.24375,0.001359862577948796,0.6442895415717441,1.4153011287292674,12.73202212515727,-5.115911545459155,long_relative_to_circular_transit;not_recovered_at_fixed_ephemeris
459181676,4,5.921504656875067,2392.264042388956,0.17550000000000002,0.0015907806415922366,0.6968490608946597,1.5511453273599305,11.532546376090957,5.142913836805533,outside_nominal_optimistic_hz;long_relative_to_circular_transit
459211861,1,6.646967159068535,1684.3288426157253,0.22950000000000004,0.002521537687090696,1.019903926473802,1.5934354657108918,16.283699950885993,1.0775355312667634,outside_nominal_optimistic_hz;long_relative_to_circular_transit;not_recovered_at_fixed_ephemeris
459211861,2,6.028693223236609,1683.7348426157253,0.17550000000000002,0.002719282597982541,1.0591408135113662,1.8149650931795076,16.688598644207335,14.693930897975296,outside_nominal_optimistic_hz;long_relative_to_circular_transit
459211861,3,7.851759656563381,1684.9498426157252,0.22950000000000004,0.0024122324829197388,0.9975533068994938,1.276075959298268,15.271794516603393,11.556520392975358,long_relative_to_circular_transit
459211861,4,6.0387446331504195,1687.3528426157252,0.17550000000000002,0.0026149287892425974,1.0386194833729152,1.810938230753531,14.798641160051586,-16.92057131552576,outside_nominal_optimistic_hz;long_relative_to_circular_transit;not_recovered_at_fixed_ephemeris
459255955,1,6.147402053066545,2672.1580978354855,0.12675,0.005543064558449726,1.0975449722266073,1.0128140307007032,10.824113581697961,-3.311107491131799,long_relative_to_circular_transit;not_recovered_at_fixed_ephemeris
459255955,2,3.9508225008702924,2673.0367228354853,0.17550000000000002,0.004213209760792921,0.956872111591773,1.8261446480735002,10.287137525880347,6.760222036680402,outside_nominal_optimistic_hz;long_relative_to_circular_transit
459255955,3,4.849693477908541,2671.6510978354854,0.16575,0.005057204899192296,1.0483411451381994,1.3894176537589735,10.837506207363766,2.7630004029115924,long_relative_to_circular_transit;not_recovered_at_fixed_ephemeris
459255955,4,3.946057626547857,2671.7137228354854,0.17550000000000002,0.0040458618424836,0.9376761731440595,1.8290853385032477,8.674583692459972,5.721488096564248,outside_nominal_optimistic_hz;long_relative_to_circular_transit
459837153,1,12.877884752409859,1984.879741852518,0.17550000000000002,0.004240734845987935,1.1022138029226698,0.4817580031403089,4.713236244441707,-0.08902823882616079,long_relative_to_circular_transit;not_recovered_at_fixed_ephemeris;low_nominal_snr
461635002,1,13.826878095171425,1995.4295822385345,0.24375,0.0015791691386038498,0.7029799303392142,0.4858075196392686,6.106501784959398,2.3773954666256727,fewer_than_three_discovery_events;dominated_by_one_event;long_relative_to_circular_transit;not_recovered_at_fixed_ephemeris;low_nominal_snr
461635002,2,15.323355109465718,1997.4482072385347,0.22950000000000004,0.0007686620458940594,0.49045178677779067,0.42360192307795863,4.546943397908614,0.9927333226059025,dominated_by_one_event;long_relative_to_circular_transit;outside_initial_small_planet_radius_range;not_recovered_at_fixed_ephemeris;low_nominal_snr
462637035,1,4.2734709190844375,1687.6409703986253,0.058499999999999996,0.005172398347479307,1.1073341216282517,1.8304230823172167,15.5550312157298,9.481891091418026,outside_nominal_optimistic_hz;long_relative_to_circular_transit
462637035,2,4.2735104996653135,1686.0040953986254,0.08775000000000001,0.003971739756780771,0.9703381186752631,1.830400478231882,14.746743078819556,16.113197991360714,outside_nominal_optimistic_hz;long_relative_to_circular_transit
462637035,3,4.273569872233878,1686.3280953986255,0.08775000000000001,0.004052116205685176,0.9801073502162354,1.830366572050553,14.857044563334826,17.019943253757422,outside_nominal_optimistic_hz;long_relative_to_circular_transit
462637035,4,4.273497303837766,1685.3425953986255,0.08775000000000001,0.004018240983960055,0.9760019601494927,1.8304080141865549,14.869947128155884,13.499941089457042,outside_nominal_optimistic_hz;long_relative_to_circular_transit
466538554,1,5.300704242283881,2310.6165591690333,0.24375,0.0035483360619546324,1.0407488578061423,1.721732764599053,22.673149160709077,4.726957175139797,odd_even_discrepancy;outside_nominal_optimistic_hz;long_relative_to_circular_transit;not_recovered_at_fixed_ephemeris
466538554,2,5.300779353641259,2308.347809169033,0.24375,0.003736861450724056,1.068038894233453,1.7217002357019604,23.222962359090456,-0.602531207388333,outside_nominal_optimistic_hz;long_relative_to_circular_transit;not_recovered_at_fixed_ephemeris
466538554,3,5.30145495992199,2312.154059169033,0.24375,0.003711446765785907,1.064400790190239,1.7214076954351623,22.794988016444428,-9.135890995086264,outside_nominal_optimistic_hz;long_relative_to_circular_transit;not_recovered_at_fixed_ephemeris
466538554,4,5.295937543307624,2309.9228091690334,0.24375,0.004092279110788271,1.1176766908409703,1.7237993077766327,23.894348553472117,-3.060744976972204,outside_nominal_optimistic_hz;long_relative_to_circular_transit;not_recovered_at_fixed_ephemeris
467254810,1,41.077040144096934,2797.3302032160746,0.24375,0.00032918726042618105,0.7469240575628364,0.6198489230923698,15.359294119752544,2.388192483145519,odd_even_discrepancy;long_relative_to_circular_transit;not_recovered_at_fixed_ephemeris
467254810,2,49.818635694455224,2832.0545170398536,0.24375,0.00027383718050832153,0.6812415764209399,0.47925016113846824,10.629200842771601,-0.9380361756566452,fewer_than_three_discovery_events;long_relative_to_circular_transit;not_recovered_at_fixed_ephemeris
467254810,3,43.965836094560295,2807.8857670398534,0.24375,0.0001973375842434688,0.5783088542506587,0.566149235987706,9.710884330265099,-2.110372927324081,long_relative_to_circular_transit;not_recovered_at_fixed_ephemeris
467254810,4,26.334053359252206,2804.4545170398537,0.24375,0.00014438413846292795,0.49466898414957783,1.1213153291709839,9.28792854154634,1.3854147935183432,odd_even_discrepancy;long_relative_to_circular_transit;outside_initial_small_planet_radius_range;not_recovered_at_fixed_ephemeris
467465371,1,5.625974726134743,2830.315524936916,0.12675,0.001465535070979618,0.6479528341717401,1.6049053580972015,9.01989664878411,-2.0905188994782353,outside_nominal_optimistic_hz;long_relative_to_circular_transit;not_recovered_at_fixed_ephemeris
467465371,2,5.620998506049901,2828.804274936916,0.12675,0.0012749485447100964,0.6043542975503156,1.6068000488507719,8.241241183669095,3.0912031542285634,outside_nominal_optimistic_hz;long_relative_to_circular_transit;not_recovered_at_fixed_ephemeris
467465371,3,5.631092372036386,2827.2052749369163,0.12675,0.0012049021643048311,0.5875180018849693,1.6029608939302458,7.772059252469891,-3.2597676429530495,outside_nominal_optimistic_hz;long_relative_to_circular_transit;not_recovered_at_fixed_ephemeris
467465371,4,5.628309486411451,2828.229024936916,0.16575,0.0009977203345624217,0.5346255348892329,1.6040177475395434,7.326780220108646,1.4819450337799878,outside_nominal_optimistic_hz;long_relative_to_circular_transit;not_recovered_at_fixed_ephemeris
469392302,1,14.077967290494293,1721.420518087447,0.24375,0.00516074568600727,0.8785932038027813,0.21116218347756166,6.676865436538254,-3.688277873935775,long_relative_to_circular_transit;not_recovered_at_fixed_ephemeris;low_nominal_snr
469392302,2,13.392388561745296,1721.5517680874468,0.24375,0.003561835479955654,0.7299086968110547,0.22569677741691838,6.074792499371405,3.0829263474369513,long_relative_to_circular_transit;not_recovered_at_fixed_ephemeris;low_nominal_snr
469392302,3,5.949375880224216,1715.3395180874468,0.12675,0.002467025716522716,0.6074610671606824,0.6658466237227566,5.86358291569072,0.060951347413620134,long_relative_to_circular_transit;not_recovered_at_fixed_ephemeris;low_nominal_snr
469392302,4,11.145725275124024,1715.2378930874468,0.058499999999999996,0.005442606342129705,0.9022669970884695,0.28830906716777777,6.027494891917435,-2.692274077415105,dominated_by_one_event;not_recovered_at_fixed_ephemeris;low_nominal_snr
469952937,1,6.968468093847055,2827.4014099072792,0.24375,0.006593181274114231,1.5073358117863285,1.3377675614877984,27.312518929648157,56.0773492181054,long_relative_to_circular_transit
469952937,2,6.96700693868489,2828.301409907279,0.24375,0.006660217141512204,1.5149793159513572,1.3381416588712067,27.02256630280858,-44.13914676779379,long_relative_to_circular_transit;not_recovered_at_fixed_ephemeris
469952937,3,6.966730578363119,2826.538909907279,0.24375,0.006510102480596929,1.4978089513794492,1.3382124355815936,26.747715434270614,-62.76803040502878,long_relative_to_circular_transit;not_recovered_at_fixed_ephemeris
469952937,4,6.96559304267272,2829.163909907279,0.24375,0.00674220047855219,1.5242750472433697,1.3385038308878128,25.981958432668783,-42.87922337605551,long_relative_to_circular_transit;not_recovered_at_fixed_ephemeris
469952974,1,6.961895907637645,2828.3014080926673,0.24375,0.0038409936744334154,1.177564303399906,1.3804274705677875,16.31274362745867,-7.887809523244017,long_relative_to_circular_transit;not_recovered_at_fixed_ephemeris
469952974,2,6.959223877883913,2827.4576580926673,0.24375,0.003400230505856579,1.107941973926622,1.3811342120776655,14.546588968077003,9.042015139435458,long_relative_to_circular_transit
469952974,3,6.961266691260368,2830.9264080926673,0.24375,0.0034475552993567834,1.1156255620219269,1.3805938388827115,13.683505989055945,-46.71405598051688,long_relative_to_circular_transit;not_recovered_at_fixed_ephemeris
469952974,4,6.969244096905093,2829.1357830926677,0.1875,0.004092627194265153,1.2155250934151078,1.378487162698362,14.300183373454374,50.716549411157374,long_relative_to_circular_transit
469971792,1,14.004887264443932,1338.9530991312042,0.17550000000000002,0.007945909475429043,1.411410670674875,0.40842194635539153,7.739861795324187,0.9483769295382686,long_relative_to_circular_transit;not_recovered_at_fixed_ephemeris
469971792,2,13.967307286922733,1325.493599131204,0.17550000000000002,0.00868791715391001,1.4758405047138328,0.40988778519619046,6.773693262181883,2.1723920633791525,fewer_than_three_discovery_events;dominated_by_one_event;long_relative_to_circular_transit;not_recovered_at_fixed_ephemeris;low_nominal_snr
469971792,3,16.188552646733335,1338.0277291431034,0.24375,0.005371094152702761,1.1604140345528013,0.33667008681857935,5.865813376307563,0.0,long_relative_to_circular_transit;insufficient_holdout_events;low_nominal_snr
469971792,4,5.794643909588668,1327.4666041431035,0.17550000000000002,0.003444172641917052,0.9292317628041177,1.3246858264950787,5.6117055633633,0.9025973035304026,long_relative_to_circular_transit;not_recovered_at_fixed_ephemeris;low_nominal_snr
47973606,1,24.91720251736068,2719.971240114646,0.24375,0.0013902092237405644,0.5415085417228498,0.22678122346850926,7.7935673269687165,1.5526134184509497,dominated_by_one_event;odd_even_discrepancy;long_relative_to_circular_transit;not_recovered_at_fixed_ephemeris
47973606,2,15.143354800998134,2730.171240114646,0.24375,0.0010838886582422217,0.4781427385989682,0.44053120080033115,7.249038406250941,1.234955458095278,long_relative_to_circular_transit;outside_initial_small_planet_radius_range;not_recovered_at_fixed_ephemeris
47973606,3,29.56764730876642,2736.799365114646,0.17550000000000002,0.0013718497085044906,0.5379209966252023,0.18051658585330946,6.671025848496199,-0.5587010404588896,outside_nominal_optimistic_hz;long_relative_to_circular_transit;not_recovered_at_fixed_ephemeris;low_nominal_snr
47973606,4,12.28968167862776,2721.1258651146463,0.058499999999999996,0.0018220303021447583,0.6199305323936851,0.5819494888622952,5.898424961954456,-0.5065000905731062,not_recovered_at_fixed_ephemeris;low_nominal_snr
49306639,1,3.0856534401730733,1469.7581538119036,0.24375,0.005413340437291571,0.8677008308645547,1.5661428201271597,25.69995550449558,18.606796839984934,outside_nominal_optimistic_hz;long_relative_to_circular_transit
49306639,2,3.0791629685514703,1468.8394038119036,0.24375,0.005822833398015242,0.8999212881356662,1.5705459972438094,28.26072829164305,-6.70818367080773,outside_nominal_optimistic_hz;long_relative_to_circular_transit;not_recovered_at_fixed_ephemeris
49306639,3,3.07794228405086,1470.8269038119038,0.24375,0.006955420547867164,0.9835558826779156,1.5713765382084817,32.00420763596489,11.258091625185477,outside_nominal_optimistic_hz;long_relative_to_circular_transit
49306639,4,13.156532990127346,1478.8144038119037,0.24375,0.0055181485763043684,0.8760603767166717,0.2265195107753881,10.97781620435506,-1.0923131811703448,dominated_by_one_event;long_relative_to_circular_transit;not_recovered_at_fixed_ephemeris
52183206,1,8.190729162912548,2883.439315364282,0.24375,0.02490047703841868,3.480717613084103,1.321956331176041,222.89376690918942,-0.29950595015995146,long_relative_to_circular_transit;outside_initial_small_planet_radius_range;not_recovered_at_fixed_ephemeris
52183206,2,7.164334429172934,2887.541403733369,0.24375,0.025044731357767042,3.4907853607815804,1.5803237348329076,221.8164291341856,-45.94161876928766,odd_even_discrepancy;outside_nominal_optimistic_hz;long_relative_to_circular_transit;outside_initial_small_planet_radius_range;not_recovered_at_fixed_ephemeris
52183206,3,11.25867878377836,2884.466403733369,0.24375,0.025820682381541255,3.5444496786744404,0.8649625249791716,200.65120877393608,11.023423267674072,odd_even_discrepancy;long_relative_to_circular_transit;outside_initial_small_planet_radius_range
52183206,4,7.172417338240198,2890.597653733369,0.24375,0.027091900361910337,3.6306525728145917,1.5779496002090965,207.93799498611946,175.9538983029392,outside_nominal_optimistic_hz;long_relative_to_circular_transit;outside_initial_small_planet_radius_range
53523370,1,15.524065469132795,2610.4977471222064,0.1875,0.006885040445036667,1.2866344632363627,0.28789869599235596,6.964741082661485,0.9351529554522164,fewer_than_three_discovery_events;dominated_by_one_event;long_relative_to_circular_transit;insufficient_holdout_events;low_nominal_snr
53523370,2,14.687758245251205,2620.9038872597757,0.11475000000000002,0.005648358592180813,1.165367929886584,0.30996046075750167,6.806830303035069,0.4778887402703595,long_relative_to_circular_transit;insufficient_holdout_events;low_nominal_snr
53523370,3,20.910258583868128,2614.9128872597757,0.16575,0.003928602086152452,0.9718985934635006,0.1935386826384423,4.893114568901024,0.34440331281587794,outside_nominal_optimistic_hz;long_relative_to_circular_transit;not_recovered_at_fixed_ephemeris;low_nominal_snr
53897002,1,7.291089867556872,1328.7667868279664,0.24375,0.005883050506914754,1.1139521016027845,0.7685110428600304,15.13049390963283,-2.1614053019939266,long_relative_to_circular_transit;not_recovered_at_fixed_ephemeris
53897002,2,7.137636680402444,1333.7542868279666,0.24375,0.007506619532112496,1.2583093711481665,0.7906193943808806,12.358883926832,-0.8425672652117697,fewer_than_three_discovery_events;long_relative_to_circular_transit;not_recovered_at_fixed_ephemeris
53897002,3,4.8202390147025005,1331.2230368279666,0.24375,0.00664954455636837,1.184298499268186,1.3343874515447813,12.31997637137349,8.30969345448142,fewer_than_three_discovery_events;long_relative_to_circular_transit
53897002,4,7.478942350366935,1333.3792868279666,0.24375,0.006816907844613253,1.1991097664509789,0.7428819389878877,9.308588742812278,-1.0128839949706279,fewer_than_three_discovery_events;dominated_by_one_event;long_relative_to_circular_transit;not_recovered_at_fixed_ephemeris
54144488,1,4.158122475910231,3015.3145687437773,0.24375,0.0035573577847024234,0.8076050880570705,1.4266814684782636,17.286994937653827,-5.036309022812215,long_relative_to_circular_transit;not_recovered_at_fixed_ephemeris
54144488,2,4.1624685840225775,3018.070818743777,0.24375,0.002991186224743428,0.7405544551426093,1.4246956492406875,14.039004409484216,1.1666323405760841,long_relative_to_circular_transit;not_recovered_at_fixed_ephemeris
54144488,3,4.161499063640773,3016.2149437437774,0.17550000000000002,0.0031176323576846106,0.756045134906342,1.4251382221626905,12.36780127213193,3.470653222737661,long_relative_to_circular_transit;not_recovered_at_fixed_ephemeris
54144488,4,4.162546428483228,3015.755943743777,0.22950000000000004,0.0025299168906513774,0.6810647456249743,1.4246601247300261,11.659011552263285,0.6095015920702502,long_relative_to_circular_transit;not_recovered_at_fixed_ephemeris
55752859,1,6.563385357894876,1871.3407218710163,0.24375,0.0014068920503521418,0.6307608016145262,1.0642092950466933,7.2384628133428155,4.430111887458436,long_relative_to_circular_transit;not_recovered_at_fixed_ephemeris
55752859,2,6.637724853273128,1874.6782218710164,0.24375,0.0013925354270361004,0.627534251360441,1.0483474863134277,6.860142812660908,-4.9961396028762355,long_relative_to_circular_transit;not_recovered_at_fixed_ephemeris;low_nominal_snr
55752859,3,18.598363400193044,1885.3844718710163,0.24375,0.0027782898642831535,0.8863864038798511,0.26539818423992206,7.038186541512896,2.54078537549086,fewer_than_three_discovery_events;dominated_by_one_event;long_relative_to_circular_transit;not_recovered_at_fixed_ephemeris
55752859,4,5.368890608641635,1872.4094718710162,0.24375,0.0011295576603558356,0.5651822463167769,1.3910780971377443,5.885798715456498,-0.778135487339966,long_relative_to_circular_transit;not_recovered_at_fixed_ephemeris;low_nominal_snr
5597639,1,6.565584238352242,3021.302590110011,0.24375,0.0014903744196292775,0.5522459980264025,0.8391770363616502,5.650132207402802,-1.9880557430073755,long_relative_to_circular_transit;not_recovered_at_fixed_ephemeris;low_nominal_snr
5597639,2,4.419202937147566,3017.278090110011,0.08775000000000001,0.0012640320323279402,0.5085854404997192,1.422632854540787,4.895134133216452,-0.8321774412745854,long_relative_to_circular_transit;not_recovered_at_fixed_ephemeris;low_nominal_snr
57031043,1,14.390390796967662,1958.463333229944,0.17550000000000002,0.004760265199955688,0.8814851975184284,0.2290937951220382,5.925319535029242,0.0,fewer_than_three_discovery_events;dominated_by_one_event;long_relative_to_circular_transit;insufficient_holdout_events;low_nominal_snr
57031043,2,7.670760360777538,1957.148208229944,0.12675,0.003113226550369584,0.712860929092686,0.5300606406551879,5.604361024505939,-1.4191249733625668,long_relative_to_circular_transit;not_recovered_at_fixed_ephemeris;low_nominal_snr
57031043,3,11.0046185920129,1960.226958229944,0.24375,0.0025405561520375993,0.6439673500336233,0.3275996664785112,5.219301107395546,3.0876418427931798,long_relative_to_circular_transit;not_recovered_at_fixed_ephemeris;low_nominal_snr
57031043,4,11.99086097878678,1959.945708229944,0.24375,0.0031001301534689034,0.7113599543724268,0.29217493346481854,5.354478920423024,2.8436697566636733,dominated_by_one_event;long_relative_to_circular_transit;not_recovered_at_fixed_ephemeris;low_nominal_snr
57185991,1,4.055926385774839,1547.2600698799483,0.24375,0.0013835625951693865,0.5686447443681526,1.7902808503494523,8.140730899979147,-5.920827416097366,outside_nominal_optimistic_hz;long_relative_to_circular_transit;not_recovered_at_fixed_ephemeris
57185991,2,17.148078127883128,1551.1413198799482,0.24375,0.004160853657617311,0.9861269869655533,0.26187094392203647,8.814634723826758,0.3836300830494984,fewer_than_three_discovery_events;long_relative_to_circular_transit;not_recovered_at_fixed_ephemeris
57185991,3,12.722252855336125,1544.6159420246122,0.1875,0.003705012929413102,0.9305430876092593,0.38990238140922756,7.977871055867701,-1.7701789393178018,fewer_than_three_discovery_events;dominated_by_one_event;long_relative_to_circular_transit;not_recovered_at_fixed_ephemeris
57185991,4,5.391911939080887,1548.0107795562112,0.24375,0.0014367557307372234,0.5794728495576383,1.224759633415955,7.18328198403332,8.199709583278862,long_relative_to_circular_transit
57186214,1,16.358336880422254,1555.3667294415654,0.17550000000000002,0.002621164102013396,0.877728794480506,0.41624496778031755,7.6170719917933285,-0.20287581913229144,long_relative_to_circular_transit;not_recovered_at_fixed_ephemeris
57186214,2,12.748283566945979,1544.6342294415654,0.22950000000000004,0.0033866012214008247,0.9976891988771803,0.5804064626627846,6.913697783615183,0.1149252447062517,fewer_than_three_discovery_events;dominated_by_one_event;long_relative_to_circular_transit;not_recovered_at_fixed_ephemeris;low_nominal_snr
57186214,3,9.816364721163424,1546.7503907905266,0.24375,0.0013372055750657229,0.6269202952675896,0.8223694058176747,5.270309523718244,2.4721576719125666,long_relative_to_circular_transit;not_recovered_at_fixed_ephemeris;low_nominal_snr
57186214,4,20.802033354153224,1548.5847657905265,0.025,0.005280119580405453,1.2457621147989768,0.3021297387979464,5.12092640891981,0.6532498961186216,fewer_than_three_discovery_events;dominated_by_one_event;not_recovered_at_fixed_ephemeris;low_nominal_snr
57984826,1,3.626267351228241,2854.070796339636,0.08775000000000001,0.0012889073917433543,0.4782822631721569,1.4852029914532545,5.331004341299249,2.137888537249502,long_relative_to_circular_transit;outside_initial_small_planet_radius_range;not_recovered_at_fixed_ephemeris;low_nominal_snr
57984826,2,7.370270883869319,2855.4897963396365,0.12675,0.0012628858119108856,0.4734296576534056,0.5768828680837548,4.705141771258324,3.1531061241794065,long_relative_to_circular_transit;outside_initial_small_planet_radius_range;not_recovered_at_fixed_ephemeris;low_nominal_snr
60421412,1,16.177300650940285,2234.6056257549317,0.17550000000000002,0.1632801178897375,5.250820858711365,0.23531782298998724,33.23159995543319,6.367659191406067,odd_even_discrepancy;long_relative_to_circular_transit;outside_initial_small_planet_radius_range
60421412,2,12.661955814776714,2229.154250754932,0.12675,0.15690957414738702,5.147368624781285,0.32623346292375044,24.402293372637093,-2.8896817307830607,fewer_than_three_discovery_events;dominated_by_one_event;long_relative_to_circular_transit;outside_initial_small_planet_radius_range;insufficient_holdout_events
60421412,3,11.50009408620157,2233.2037253410076,0.24375,0.05887226030298047,3.1529414372398725,0.370903592383585,16.155049739747078,3.5320773395847445,long_relative_to_circular_transit;outside_initial_small_planet_radius_range;not_recovered_at_fixed_ephemeris
60421412,4,12.822071091747095,2235.340850341008,0.17550000000000002,0.06170651672705874,3.227944544105351,0.3208130235522355,14.355405092342403,4.985586586466155,odd_even_discrepancy;long_relative_to_circular_transit;outside_initial_small_planet_radius_range;not_recovered_at_fixed_ephemeris
61334091,1,11.23054757365411,1657.3456960759006,0.051000000000000004,0.008498340641488914,1.3690508009452427,0.46207167024621704,5.505789865384277,-1.1151720625246866,fewer_than_three_discovery_events;dominated_by_one_event;not_recovered_at_fixed_ephemeris;low_nominal_snr
61334091,2,6.541557606907078,1662.8016960759007,0.025,0.00959150225530042,1.4544400092246637,0.9498806150460419,5.152348535637362,-0.5508291601361044,not_recovered_at_fixed_ephemeris;low_nominal_snr
61334091,3,6.09830383331703,1660.7319460759006,0.17550000000000002,0.0027359246955387176,0.7767916810652608,1.0430341009523603,4.800893728154085,0.4418068475584983,long_relative_to_circular_transit;not_recovered_at_fixed_ephemeris;low_nominal_snr
61587960,1,12.121979583689832,1478.4396486452474,0.24375,0.004780320000949078,1.1324872773511454,0.5295993876825787,7.723424360457605,0.6861133808726192,long_relative_to_circular_transit;not_recovered_at_fixed_ephemeris
61587960,2,13.091285470274633,1476.8458986452474,0.24375,0.005946844214861668,1.2631302260312256,0.47797202741872635,5.690080222086651,-0.3446387350826031,fewer_than_three_discovery_events;dominated_by_one_event;long_relative_to_circular_transit;not_recovered_at_fixed_ephemeris;low_nominal_snr
61587960,3,13.080737081395643,1478.7917736452473,0.039,0.01151432357862635,1.7576162605499797,0.4784860160208081,5.78729110243914,-1.215899180702979,fewer_than_three_discovery_events;not_recovered_at_fixed_ephemeris;low_nominal_snr
61587960,4,9.954832223464685,1468.9277736452473,0.039,0.006539636566746921,1.3245905538181404,0.6886527382747136,5.164875334363701,-1.5818583748423525,not_recovered_at_fixed_ephemeris;low_nominal_snr
63052569,1,4.986067046641564,2829.426396387019,0.24375,0.014731493673825001,1.9482931980868858,1.6574894383814682,26.364767611910967,-30.52910851790439,outside_nominal_optimistic_hz;long_relative_to_circular_transit;not_recovered_at_fixed_ephemeris
63052569,2,4.985616319555348,2827.795146387019,0.24375,0.015045962375247229,1.968978202148342,1.6576892362515823,28.125354248551634,-22.404886552057356,outside_nominal_optimistic_hz;long_relative_to_circular_transit;not_recovered_at_fixed_ephemeris
63052569,3,4.98897290459974,2826.032646387019,0.24375,0.0159555531122351,2.0276213452454064,1.656202343463162,28.249671281718353,21.566990393074054,outside_nominal_optimistic_hz;long_relative_to_circular_transit;outside_initial_small_planet_radius_range
63052569,4,4.993081093477806,2829.051396387019,0.24375,0.009935663220572852,1.600034524310309,1.6543856805725279,14.42494234704251,-19.468613637458756,dominated_by_one_event;odd_even_discrepancy;outside_nominal_optimistic_hz;long_relative_to_circular_transit;not_recovered_at_fixed_ephemeris
63781635,1,3.036344659018635,2885.5917366066574,0.12675,0.003354475924966867,0.7589395290480917,1.8197035445916023,25.44841112293137,10.92207616167574,odd_even_discrepancy;outside_nominal_optimistic_hz;long_relative_to_circular_transit
63781635,2,4.138942019316256,2884.7727366066574,0.12675,0.0036175172749335683,0.7881341403683946,1.2039716868486217,22.80301947830717,-21.465995823815867,long_relative_to_circular_transit;not_recovered_at_fixed_ephemeris
63781635,3,3.5891181974476094,2884.2072366066573,0.12675,0.0028553174721542376,0.7001998852286757,1.4559676191311182,20.45619679982344,-12.00132248103075,long_relative_to_circular_transit;not_recovered_at_fixed_ephemeris
63781635,4,3.860936078989179,2884.489986606657,0.12675,0.003490112542904213,0.7741311613110597,1.3209262842236724,20.051129784097203,1.574451857371302,odd_even_discrepancy;long_relative_to_circular_transit;not_recovered_at_fixed_ephemeris
67072736,1,6.168860431220691,1740.4782869068904,0.24375,0.004977077481827053,1.3096333021067916,1.6614737151204817,33.91725778352413,-6.157834236768547,outside_nominal_optimistic_hz;long_relative_to_circular_transit;not_recovered_at_fixed_ephemeris
67072736,2,6.180763379111399,1741.3407869068903,0.24375,0.005087749889276243,1.3241140258223958,1.6572088514831844,34.279134781899614,6.556522178065857,odd_even_discrepancy;outside_nominal_optimistic_hz;long_relative_to_circular_transit
67072736,3,6.181455866529229,1743.9845369068903,0.24375,0.0058777773866142665,1.4232102929394983,1.6569613208311331,36.010157770018445,3.8843184915993625,outside_nominal_optimistic_hz;long_relative_to_circular_transit;not_recovered_at_fixed_ephemeris
67072736,4,6.177552969587786,1743.1032869068904,0.24375,0.0061258111314353,1.4529287265175832,1.6583572630244345,38.04874280072502,-13.898979531330832,outside_nominal_optimistic_hz;long_relative_to_circular_transit;not_recovered_at_fixed_ephemeris
67402669,1,3.822692203220998,2529.1142189181,0.24375,0.0037405544518174646,0.8882459159703178,1.7170751657884715,23.404966633418034,12.487127267888818,outside_nominal_optimistic_hz;long_relative_to_circular_transit
67402669,2,3.819279751387614,2527.1829689181,0.24375,0.0037344793828972046,0.8875243186784563,1.7191210344878014,24.02137974360836,2.36960262191451,outside_nominal_optimistic_hz;long_relative_to_circular_transit;not_recovered_at_fixed_ephemeris
67402669,3,14.38048052220392,2534.6829689181,0.24375,0.003140947690491142,0.813945976268702,0.29348363115380216,10.006482656884556,2.7914482324641643,long_relative_to_circular_transit;insufficient_holdout_events
67402669,4,3.8504026556374464,2527.8579689181,0.24375,0.0016947480639285203,0.5978851984746404,1.7006184396056387,9.408358983687787,10.407872455885006,outside_nominal_optimistic_hz;long_relative_to_circular_transit
70901653,1,3.9023379276753123,2176.0042994024134,0.08775000000000001,0.00789230438541166,1.2902300185253532,1.6750801177884656,11.231842239136903,8.67313388314852,outside_nominal_optimistic_hz;long_relative_to_circular_transit
70901653,2,3.900705839376358,2175.656674402413,0.058499999999999996,0.009284491431196277,1.3994077947054842,1.6760146731915946,10.710957038752921,7.971748315521504,outside_nominal_optimistic_hz;long_relative_to_circular_transit
70901653,3,4.076117758481597,2177.956174402413,0.058499999999999996,0.010291774616824097,1.4733650449787166,1.5805435038649633,10.241474674859896,-1.2499281179387391,outside_nominal_optimistic_hz;long_relative_to_circular_transit;not_recovered_at_fixed_ephemeris
70901653,4,4.9660102539023105,2179.013674402413,0.058499999999999996,0.010532608745691776,1.4905042016312786,1.2146708272228421,10.359749243436225,-9.53949334015323,long_relative_to_circular_transit;not_recovered_at_fixed_ephemeris
71262585,1,4.368714701250374,2232.056052801313,0.039,0.011621716016151536,1.4597228367043067,1.2013734411154384,11.323442767897108,4.5565039509609795,not_recovered_at_fixed_ephemeris
71262585,2,3.6833552226303423,2229.521802801313,0.0765,0.005880431816819347,1.038340711561849,1.508312973253996,8.567513090253719,-0.18415416179734218,outside_nominal_optimistic_hz;long_relative_to_circular_transit;not_recovered_at_fixed_ephemeris
71262585,3,3.451483141317809,2229.281052801313,0.045,0.007021864433521286,1.1346488915884896,1.6449092022568026,8.638810523543535,1.8919620359486315,outside_nominal_optimistic_hz;not_recovered_at_fixed_ephemeris
71262585,4,3.222328410485977,2231.587302801313,0.058499999999999996,0.007220589911943882,1.1505926967322877,1.802698946542481,8.469397305295946,5.226739699620069,outside_nominal_optimistic_hz;long_relative_to_circular_transit
71432847,1,7.098193746693912,1842.6888803537547,0.12675,0.004184598524663643,0.9748090960210105,0.8853363463203454,5.827627692870737,-0.5991372368424501,long_relative_to_circular_transit;not_recovered_at_fixed_ephemeris;low_nominal_snr
71432847,2,10.589666426860704,1847.4165698993945,0.24375,0.0027248263456575226,0.786614756012305,0.5193526910530905,4.625422460112673,-1.2410999960610765,dominated_by_one_event;long_relative_to_circular_transit;not_recovered_at_fixed_ephemeris;low_nominal_snr
7150628,1,17.1760383186001,4166.89142009723,0.24375,0.0030825588880523448,0.733592105496918,0.20331071465219785,6.255341619703615,-1.3514319572840414,dominated_by_one_event;long_relative_to_circular_transit;not_recovered_at_fixed_ephemeris;low_nominal_snr
7150628,2,18.59796834602457,4172.165045097231,0.17550000000000002,0.003919143151358979,0.8271695173447184,0.1828536336784219,5.965742266742037,1.1482999757671672,dominated_by_one_event;outside_nominal_optimistic_hz;long_relative_to_circular_transit;not_recovered_at_fixed_ephemeris;low_nominal_snr
7150628,3,6.76560955938292,4157.4467982297365,0.135,0.003500919478898506,0.7817898346333526,0.7041227217830838,5.93126467985691,-0.220519992337403,long_relative_to_circular_transit;not_recovered_at_fixed_ephemeris;low_nominal_snr
7150628,4,6.112135475763884,4159.120798229737,0.025,0.005491878044466088,0.9791729340019364,0.8062448834960886,5.11904721563095,-0.13715970914679448,not_recovered_at_fixed_ephemeris;low_nominal_snr
71678774,1,3.6377961183633003,2205.1539832104495,0.24375,0.003678461793419128,0.7483851408818573,1.325544020985788,15.997648050510094,2.5333543385920434,long_relative_to_circular_transit;not_recovered_at_fixed_ephemeris
71678774,2,3.6719142528252267,2202.37898321045,0.24375,0.003997412469266067,0.7801561073663926,1.3091475204409497,17.208491861111003,-5.026815418342396,long_relative_to_circular_transit;not_recovered_at_fixed_ephemeris
71678774,3,3.6598805352027757,2204.2164832104495,0.24375,0.0046168099543150674,0.8384227037116787,1.3148899805391325,18.38425387564113,7.522572559704267,long_relative_to_circular_transit
71678774,4,3.648617563088686,2203.3352332104496,0.24375,0.005280219550984534,0.8966398191301628,1.3203047010540074,20.573147170025724,-4.428837622868167,long_relative_to_circular_transit;not_recovered_at_fixed_ephemeris
7723060,1,7.540578469764971,2145.3365176325133,0.08775000000000001,0.002301124099019084,0.9952615105702667,1.6503168935908905,23.4097386559121,-64.44315793506065,outside_nominal_optimistic_hz;long_relative_to_circular_transit;not_recovered_at_fixed_ephemeris
7723060,2,7.539488615942597,2144.8437676325134,0.08775000000000001,0.002308975403376279,0.9969579525543288,1.6506349783836465,23.27026797707115,23.669670016286833,outside_nominal_optimistic_hz;long_relative_to_circular_transit
7723060,3,7.538211106985121,2145.836017632513,0.11475000000000002,0.0020075355680615583,0.9296057749121016,1.6510079688272914,23.17587007628897,32.94500195782784,outside_nominal_optimistic_hz;long_relative_to_circular_transit
7723060,4,7.538501255073481,2147.8475176325132,0.11475000000000002,0.0022485856259594913,0.9838341736466976,1.6509232422188478,22.705703151243377,16.440509290428597,outside_nominal_optimistic_hz;long_relative_to_circular_transit
78449800,1,12.461776984093387,1478.4768939794656,0.24375,0.003984624312430293,0.8478370468522657,0.2992608096891522,6.070133429157446,-2.635372891502154,fewer_than_three_discovery_events;dominated_by_one_event;long_relative_to_circular_transit;not_recovered_at_fixed_ephemeris;low_nominal_snr
78449800,2,13.82558052147883,1471.5462689794656,0.0325,0.0068115053061454265,1.1085116171007625,0.26056253964623777,5.148580250995758,-1.0431651145435672,not_recovered_at_fixed_ephemeris;low_nominal_snr
78449800,3,8.304663809672455,1468.8393939794655,0.24375,0.0020476868013403738,0.6077856817082226,0.514115153841418,4.8738196621627194,-1.5923229508023833,long_relative_to_circular_transit;not_recovered_at_fixed_ephemeris;low_nominal_snr
79611981,1,14.209307878906278,2127.3991725671244,0.08775000000000001,0.0003993489599695992,0.27713641046712273,0.2709169718659741,6.284744483026637,1.690859151144822,long_relative_to_circular_transit;outside_initial_small_planet_radius_range;not_recovered_at_fixed_ephemeris;low_nominal_snr
79611981,2,16.08286285549808,2125.1250475671245,0.025,0.0008558926015317548,0.4057204933077885,0.22967600943782698,5.916591541445626,-0.09140364152416826,fewer_than_three_discovery_events;outside_initial_small_planet_radius_range;not_recovered_at_fixed_ephemeris;low_nominal_snr
79611981,3,4.235593363438921,2120.1496725671245,0.08775000000000001,0.00019845639741447813,0.19536639393481228,1.360549769283123,5.818831896944381,-0.7325567884930644,long_relative_to_circular_transit;outside_initial_small_planet_radius_range;not_recovered_at_fixed_ephemeris;low_nominal_snr
79611981,4,5.088056789036275,2116.901645429428,0.24375,0.0001302598471110985,0.15827874234147005,1.06544453307397,5.784984447154256,2.4683091065211253,long_relative_to_circular_transit;outside_initial_small_planet_radius_range;not_recovered_at_fixed_ephemeris;low_nominal_snr
80859893,1,10.850512329476222,1846.9294507360241,0.17550000000000002,0.010182960336000775,1.2782288134560076,0.31745775891419376,11.89672260854132,-0.9463768159189961,long_relative_to_circular_transit;not_recovered_at_fixed_ephemeris
80859893,2,6.174887606388955,1848.5134507360242,0.0765,0.011939878403470388,1.3841129403088572,0.673153636522547,10.76615939439851,-1.7310322373277363,long_relative_to_circular_transit;not_recovered_at_fixed_ephemeris
80859893,3,2.910935677804292,1844.0899507360243,0.058499999999999996,0.008727646349337898,1.1833688878857627,1.8347467497138392,8.922929237979808,-6.790920625070505,outside_nominal_optimistic_hz;long_relative_to_circular_transit;not_recovered_at_fixed_ephemeris
80859893,4,3.3815850190485004,1843.8334507360241,0.058499999999999996,0.008342136537749907,1.156938367700721,1.5024240420639974,8.913812750045393,3.7248660162091354,outside_nominal_optimistic_hz;long_relative_to_circular_transit;not_recovered_at_fixed_ephemeris
8347680,1,14.403541169549651,1972.6251638034569,0.24375,0.005924024291330816,1.0001588092210683,0.23715840855741202,6.999804528384324,0.0,fewer_than_three_discovery_events;dominated_by_one_event;long_relative_to_circular_transit;insufficient_holdout_events;low_nominal_snr
8347680,2,14.993170311770687,1968.1439138034568,0.24375,0.004697661714212792,0.8906384060941203,0.2248051551185836,5.988419436580476,1.80367267399622,fewer_than_three_discovery_events;dominated_by_one_event;long_relative_to_circular_transit;not_recovered_at_fixed_ephemeris;low_nominal_snr
8347680,3,12.034885615625042,1960.9626638034567,0.24375,0.003137020010017793,0.7278119694391276,0.3013525998079363,5.718191401039491,-0.2575072340727798,long_relative_to_circular_transit;insufficient_holdout_events;low_nominal_snr
8347680,4,5.079242889528385,1958.9001638034567,0.24375,0.002088693607561979,0.5938789307738442,0.9519166504881281,5.463112464780668,0.6571649692016288,long_relative_to_circular_transit;not_recovered_at_fixed_ephemeris;low_nominal_snr
8527476,1,9.221526358389452,2395.7522143334304,0.039,0.00648675227154395,1.0553791015715674,0.4308550184831105,5.054150267604931,-0.45657108797296075,fewer_than_three_discovery_events;not_recovered_at_fixed_ephemeris;low_nominal_snr
8527476,2,5.662916191119412,2392.9352143334304,0.039,0.00385512676548389,0.8136060426450223,0.8254321735960992,4.6933492146266165,-0.038779564739249005,not_recovered_at_fixed_ephemeris;low_nominal_snr
85462495,1,5.926363546389162,1987.4455545149679,0.24375,0.0016179976972520607,0.5929748936183697,1.2513250186670948,6.343548559562448,6.359204322900164,long_relative_to_circular_transit;low_nominal_snr
85462495,2,5.895879542208956,1985.814304514968,0.24375,0.0014847562859042604,0.5680347993184701,1.2599588971227913,5.748480794859476,-0.32748716283894475,long_relative_to_circular_transit;not_recovered_at_fixed_ephemeris;low_nominal_snr
85462495,3,5.99168778227668,1989.283054514968,0.24375,0.0013485156838519779,0.5413465298379406,1.2331680962287155,5.286991410750821,1.0977791555872904,long_relative_to_circular_transit;not_recovered_at_fixed_ephemeris;low_nominal_snr
85462495,4,10.861218325638037,1989.7330545149678,0.24375,0.0019725289452015736,0.6547251874678925,0.5579343779502172,4.873717497422326,-0.623151651503672,long_relative_to_circular_transit;not_recovered_at_fixed_ephemeris;low_nominal_snr
85644939,1,11.764187495591262,2362.005433956191,0.24375,0.005731728786478307,1.0168608228432596,0.3938074069698785,7.588359135130798,-0.7482942635749062,long_relative_to_circular_transit;not_recovered_at_fixed_ephemeris
85644939,2,5.615451183820261,2365.679755042614,0.24375,0.004629603631263617,0.9138830116239349,1.055650737787045,6.99273133181384,-0.9281470166891203,long_relative_to_circular_transit;not_recovered_at_fixed_ephemeris;low_nominal_snr
85644939,3,3.925911897030553,2363.804755042614,0.24375,0.004054525952779799,0.8552414507356967,1.7012928033360306,6.905687209643169,-6.4139234677266685,outside_nominal_optimistic_hz;long_relative_to_circular_transit;not_recovered_at_fixed_ephemeris;low_nominal_snr
85644939,4,10.019225046771567,2368.173505042614,0.24375,0.0054107948098578214,0.9879824534419498,0.48781403162541154,5.841046704238099,-2.04795911922916,fewer_than_three_discovery_events;dominated_by_one_event;long_relative_to_circular_transit;not_recovered_at_fixed_ephemeris;low_nominal_snr
86265580,1,5.075740586442929,1844.5605239041806,0.12675,0.007837312018691247,1.517738003421087,1.7543788484175413,27.028605355429324,0.9233907843891245,outside_nominal_optimistic_hz;long_relative_to_circular_transit;not_recovered_at_fixed_ephemeris
86265580,2,5.078322079341105,1843.3477739041807,0.11475000000000002,0.008159894792959182,1.5486579982763422,1.7531898644127024,27.353421725044672,6.53599020431127,outside_nominal_optimistic_hz;long_relative_to_circular_transit
86265580,3,5.078587192904378,1844.2485239041807,0.12675,0.007572815049990652,1.491907562113616,1.753067838253205,26.186259575804243,20.82124746766171,outside_nominal_optimistic_hz;long_relative_to_circular_transit
86265580,4,5.077953079142207,1846.3301489041808,0.0975,0.008547906206219,1.585050539279462,1.75335973213526,26.247600319689262,-11.270902886494435,outside_nominal_optimistic_hz;long_relative_to_circular_transit;not_recovered_at_fixed_ephemeris
86339165,1,11.979320931891207,1844.7279705421677,0.058499999999999996,0.002327570607387439,0.9061361709213991,0.8363200564701665,6.025763742973351,0.4476827390221313,not_recovered_at_fixed_ephemeris;low_nominal_snr
86339165,2,7.931897120186676,1848.4937205421677,0.039,0.002526971634485992,0.9441526537321284,1.4491478004638592,5.92889768394427,-0.9787084415826631,not_recovered_at_fixed_ephemeris;low_nominal_snr
86339165,3,22.041245836272807,1863.5503455421676,0.08775000000000001,0.0026274538077485357,0.9627412484593763,0.37093737488402173,5.152626674788334,0.5066865288903138,fewer_than_three_discovery_events;dominated_by_one_event;not_recovered_at_fixed_ephemeris;low_nominal_snr
86339165,4,7.92164065929049,1844.7808455421678,0.24375,0.0009128769836008657,0.567476868280904,1.4516500319717645,4.959472713889893,0.5669149492210952,long_relative_to_circular_transit;not_recovered_at_fixed_ephemeris;low_nominal_snr
88722227,1,12.143730549582234,1873.2544967870635,0.24375,0.003131662749295527,0.7638552959283785,0.33326764106858375,6.273007491526671,0.49710486773657175,long_relative_to_circular_transit;insufficient_holdout_events;low_nominal_snr
88722227,2,6.6640387960378415,1876.4551217870637,0.025,0.007001292915524334,1.1421225982612846,0.7417871201499993,5.157775624832295,-0.9572963030249065,not_recovered_at_fixed_ephemeris;low_nominal_snr
88722227,3,8.430931600236821,1870.5886217870636,0.051000000000000004,0.005102100958173748,0.9749854278402508,0.5421197417010062,5.207347851969033,0.38908872978540165,not_recovered_at_fixed_ephemeris;low_nominal_snr
88722227,4,4.528219385004225,1874.5014331110194,0.039,0.004951583539558477,0.9604962111538267,1.2417267332412576,5.178357536566089,0.3147006178822763,not_recovered_at_fixed_ephemeris;low_nominal_snr
89032185,1,12.688522313905155,1985.232772183214,0.24375,0.0022346057122249567,0.9343134803637065,0.7229160539981431,6.574822460347565,-1.466069668325477,long_relative_to_circular_transit;not_recovered_at_fixed_ephemeris;low_nominal_snr
89032185,2,13.146573986430104,1995.414022183214,0.24375,0.001994902232236804,0.8827809867159719,0.6895289103455086,6.138537789948255,-0.7191844399164753,odd_even_discrepancy;long_relative_to_circular_transit;not_recovered_at_fixed_ephemeris;low_nominal_snr
89032185,3,6.5308822996323315,1986.864022183214,0.24375,0.0013346344961569355,0.7220600806740018,1.752562267498709,5.669482691073037,-2.5545140542588984,outside_nominal_optimistic_hz;long_relative_to_circular_transit;not_recovered_at_fixed_ephemeris;low_nominal_snr
89032185,4,6.311096157487271,1986.252772183214,0.12675,0.0016375259909428373,0.7998089572154244,1.8344091305315504,5.087526288005129,-1.7159666680224925,outside_nominal_optimistic_hz;long_relative_to_circular_transit;not_recovered_at_fixed_ephemeris;low_nominal_snr
9069250,1,13.617590474705473,1941.0924355488548,0.24375,0.004457492881148394,1.04254534710459,0.3647468200351402,4.583156465130212,0.3334034774105631,dominated_by_one_event;long_relative_to_circular_transit;not_recovered_at_fixed_ephemeris;low_nominal_snr
91924437,1,13.59669291336217,2485.98744009975,0.24375,0.006379637288639328,0.985575786259023,0.26193441877304874,9.08239580833186,-0.897890817512015,fewer_than_three_discovery_events;dominated_by_one_event;long_relative_to_circular_transit;insufficient_holdout_events
91924437,2,10.805553772897783,2476.56556509975,0.1875,0.0026200755607327948,0.6316099155873814,0.3558286526497845,7.437711230270629,3.94121853542986,long_relative_to_circular_transit;not_recovered_at_fixed_ephemeris
91924437,3,11.549022674333145,2479.90981509975,0.058499999999999996,0.004373444656384171,0.8160257227898986,0.3256191783158049,6.479099428994688,1.113559651080336,not_recovered_at_fixed_ephemeris;low_nominal_snr
91924437,4,7.168793848008817,2480.1404400997503,0.08775000000000001,0.0030369997133812316,0.6800086023420965,0.6149533417672098,6.255851594877089,-0.896161038203516,long_relative_to_circular_transit;not_recovered_at_fixed_ephemeris;low_nominal_snr
9200076,1,6.987216017016091,1823.1561240472222,0.025,0.014454216997053241,1.8248437027353175,0.8035406593621969,4.878177776127464,0.3929276367853336,not_recovered_at_fixed_ephemeris;low_nominal_snr
9378238,1,4.653148930104761,1902.7651657347992,0.12675,0.0029721264423357933,0.8155823068947977,1.4838706676371254,6.68733677083718,-9.137317265698858,long_relative_to_circular_transit;not_recovered_at_fixed_ephemeris;low_nominal_snr
9378238,2,4.648676430913751,1902.9991657347994,0.12675,0.002883367583130003,0.803311826316974,1.4857744853263288,6.323164529377322,-8.624446064794121,long_relative_to_circular_transit;not_recovered_at_fixed_ephemeris;low_nominal_snr
9378238,3,4.877038449102983,1901.4294157347992,0.12675,0.0027446399055352424,0.7837487147442321,1.39374636579562,6.061509845226615,8.31195198963023,long_relative_to_circular_transit;low_nominal_snr
9378238,4,7.0867185538985185,1903.6524157347992,0.12675,0.0031924362404718936,0.8452696411410213,0.8468342348524891,5.8215120931984705,1.5633630421175426,long_relative_to_circular_transit;not_recovered_at_fixed_ephemeris;low_nominal_snr
94933725,1,11.622228741360425,3071.085806425149,0.17550000000000002,0.0053727658892351845,1.1605946081524396,0.421771154712058,6.609689007347849,-0.9788547088332659,dominated_by_one_event;long_relative_to_circular_transit;not_recovered_at_fixed_ephemeris;low_nominal_snr
94933725,2,8.289546458522105,3070.7460564251487,0.039,0.008850779173029719,1.4896091887480296,0.6618431419990728,5.340710720215409,-3.3063727291961387,not_recovered_at_fixed_ephemeris;low_nominal_snr
94933725,3,7.336768465849025,3073.109056425149,0.025,0.010417222341251727,1.6160602824528012,0.7788545257661893,4.810390621765581,-0.40250049034439955,not_recovered_at_fixed_ephemeris;low_nominal_snr
9825486,1,14.061881549103894,1992.4669879434675,0.24375,0.001582154264550622,0.7383918971185112,0.6090143070628449,5.898861702291584,0.262357681725849,long_relative_to_circular_transit;not_recovered_at_fixed_ephemeris;low_nominal_snr
9825486,2,6.3910310489517,1989.6357379434676,0.24375,0.0011378503324527627,0.6261884884799053,1.7428399473131155,5.125802719672886,-3.8128383194068043,outside_nominal_optimistic_hz;long_relative_to_circular_transit;insufficient_holdout_events;low_nominal_snr
9825486,3,6.353800055603085,1988.3761129434674,0.17550000000000002,0.0011930281775443057,0.641191652465549,1.756469785488059,4.932292151648994,-1.5164145283882906,outside_nominal_optimistic_hz;long_relative_to_circular_transit;not_recovered_at_fixed_ephemeris;low_nominal_snr
9882031,1,3.094020354137042,1844.876447745332,0.24375,0.0033961721187210805,0.7572780961723728,1.8434584067663005,9.055375958547552,-1.1537542447309699,outside_nominal_optimistic_hz;long_relative_to_circular_transit;not_recovered_at_fixed_ephemeris
9882031,2,3.0948490301604163,1844.4264477453319,0.24375,0.0025910014063976303,0.6614459680978328,1.8428002975058837,6.823520020673632,-3.5107811413733567,outside_nominal_optimistic_hz;long_relative_to_circular_transit;not_recovered_at_fixed_ephemeris;low_nominal_snr
9882031,3,7.6365409397976185,1842.8803227453318,0.17550000000000002,0.004017610883965041,0.8236533802664162,0.5526735145061561,5.385078891509758,-0.07998856131333998,long_relative_to_circular_transit;not_recovered_at_fixed_ephemeris;low_nominal_snr
9882031,4,7.588252036336744,1845.3425727453318,0.039,0.006851494604055235,1.0756059826944964,0.5573678346922221,5.132090371234403,1.602628183076168,not_recovered_at_fixed_ephemeris;low_nominal_snr
99329966,1,13.45928571885156,1870.6652926017055,0.24375,0.0026572789028125013,0.7824326374132039,0.39351594105517784,5.865499634410126,-1.4803712262375375,dominated_by_one_event;long_relative_to_circular_transit;not_recovered_at_fixed_ephemeris;low_nominal_snr
99329966,2,17.18958071239881,1873.5146864599922,0.025,0.006036339431551958,1.1792753328316423,0.2839910382338257,4.772126863332006,-0.5699453027676178,not_recovered_at_fixed_ephemeris;low_nominal_snr
