tic,seed_iteration,period_days,epoch_btjd,duration_days,depth,radius_earth_estimate,irradiation_earth_estimate,nominal_training_snr,holdout_nominal_snr,holdout_events,flags,target_vetting_note
10149468,1,9.75191775252599,1905.7092232475984,0.03822,0.006151903885330831,1.1990751268963,0.5966504256895045,3.7777043946160016,-0.052759762682945535,1,low_nominal_training_snr;insufficient_holdout_events,
101717144,1,17.83042211497903,2001.2752213526196,0.22931999999999997,0.00299498567901985,0.9382328079772653,0.38445901540871646,6.607637404624786,-0.03319252836393547,2,fewer_than_three_discovery_events;dominated_by_one_discovery_event;long_relative_to_circular_transit;low_nominal_training_snr;not_recovered_in_final_holdout;inconsistent_holdout_depth_signs,
101717144,2,6.534274785319275,1988.8919413526196,0.22931999999999997,0.0016609270649064227,0.698696425099873,1.4660058067694095,6.739640937403346,1.399757725153871,4,long_relative_to_circular_transit;low_nominal_training_snr;not_recovered_in_final_holdout,
101717144,3,11.842514264160435,1996.8198613526197,0.22931999999999997,0.0018562388456987821,0.7386354863108002,0.663448159583434,5.0209244263695325,0.4223830687229122,2,dominated_by_one_discovery_event;long_relative_to_circular_transit;low_nominal_training_snr;not_recovered_in_final_holdout;inconsistent_holdout_depth_signs,
102678706,1,5.90762321784935,1818.754459789969,0.17198999999999998,0.004782645244436029,1.2611424460842326,1.654943986744877,11.478708843861956,-3.1510081047870955,6,outside_nominal_optimistic_hz;long_relative_to_circular_transit;not_recovered_in_final_holdout;inconsistent_holdout_depth_signs,
102678706,2,5.9452410163326785,1816.3506947899689,0.22931999999999997,0.004325510634778937,1.199357764291207,1.6409967855107517,11.807547777449745,8.992706704326578,8,outside_nominal_optimistic_hz;long_relative_to_circular_transit,
102678706,3,10.072549094151952,1821.696418112124,0.238875,0.0049289011884099815,1.280280452874578,0.8124833945160452,9.907749521620316,0.6017013972202426,4,dominated_by_one_discovery_event;odd_even_discrepancy;long_relative_to_circular_transit;not_recovered_in_final_holdout;inconsistent_holdout_depth_signs,
102678706,4,8.322795830173787,1816.918918112124,0.238875,0.004639656372372219,1.2421469209804088,1.0478715023703917,10.967246909287764,4.467321818748641,5,long_relative_to_circular_transit;not_recovered_in_final_holdout,
102903258,1,11.27035106764923,1684.3782870594098,0.29575,0.002433322351217541,1.3089398326826278,1.432258439162959,18.802065977967295,2.0577234589076165,7,dominated_by_one_discovery_event;long_relative_to_circular_transit;not_recovered_in_final_holdout,
102903258,2,12.99476084493545,1689.28091205941,0.29575,0.0027871589879436033,1.4008793477268937,1.184623273908495,17.098639440666528,0.29532207205207994,7,dominated_by_one_discovery_event;long_relative_to_circular_transit;not_recovered_in_final_holdout;inconsistent_holdout_depth_signs,
102903258,3,12.795574628588245,1687.4665995594098,0.170625,0.005988091724581263,2.0533552050866444,1.2092745795512707,16.335150902262455,1.021553367878151,6,outside_initial_small_planet_radius_range;long_relative_to_circular_transit;not_recovered_in_final_holdout,
102903258,4,12.852809206353163,1684.10665205941,0.07643999999999998,0.00676678187751861,2.1827849470261946,1.2020999196581823,10.63898697037567,2.1003267666163077,8,dominated_by_one_discovery_event;outside_initial_small_planet_radius_range;not_recovered_in_final_holdout,
103199821,1,12.806058303472822,1987.3438073773395,0.29575,0.0023200620731428905,0.9362318088300597,0.6972007914781545,7.441125419312593,-0.05955650064310466,4,long_relative_to_circular_transit;not_recovered_in_final_holdout;inconsistent_holdout_depth_signs,
103199821,2,20.995240298645186,1993.6626198773395,0.238875,0.0029190078382114117,1.0501497193906433,0.36064842360813815,6.2058059481768835,-1.1549254547594496,2,fewer_than_three_discovery_events;long_relative_to_circular_transit;low_nominal_training_snr;not_recovered_in_final_holdout;inconsistent_holdout_depth_signs,
103199821,3,9.092380966016604,1984.7503073773396,0.29575,0.002100405577249554,0.8908101801191898,1.1007153059925139,7.5886767073066475,3.5006775818950246,6,long_relative_to_circular_transit;not_recovered_in_final_holdout,
103199821,4,10.722893092370542,1985.0744948773395,0.238875,0.0019410277476737269,0.856346371713382,0.883410458268456,5.983818482459011,-0.2216117756454133,4,long_relative_to_circular_transit;low_nominal_training_snr;not_recovered_in_final_holdout;inconsistent_holdout_depth_signs,
103245015,1,9.453714134901999,1689.7093116171961,0.29575,0.003282166474825999,0.6318518539515628,0.30809383069692664,11.740364302007126,0.8932979498578411,3,dominated_by_one_discovery_event;long_relative_to_circular_transit;not_recovered_in_final_holdout,
103245015,2,4.897826337388171,1686.355506617196,0.22931999999999997,0.0026613144165783384,0.5689617291579779,0.7404262038189374,9.435904477701103,0.10918147353011216,6,long_relative_to_circular_transit;not_recovered_in_final_holdout;inconsistent_holdout_depth_signs,
103245015,3,13.177314285326595,1690.9491866171961,0.29575,0.003847063638066493,0.6840685855200084,0.1978717300052293,9.86948244080052,0.22927641268596405,2,odd_even_discrepancy;outside_nominal_optimistic_hz;long_relative_to_circular_transit;not_recovered_in_final_holdout;inconsistent_holdout_depth_signs,
103245015,4,3.838833298551372,1684.4313116171961,0.29575,0.002044771261485484,0.49872062349582,1.0245990575744903,8.680262447485935,1.809296948192362,6,outside_initial_small_planet_radius_range;long_relative_to_circular_transit;not_recovered_in_final_holdout,
103298945,1,16.42458537228742,1992.5650342768035,0.29575,0.0019993546207244285,1.0741901951136823,0.799402322906795,8.129816498418984,-0.037555255373092976,4,long_relative_to_circular_transit;not_recovered_in_final_holdout;inconsistent_holdout_depth_signs,
103298945,2,13.952537973742476,1993.8845342768036,0.29575,0.0015980042657520272,0.960340480505348,0.9936200387487685,7.557877877020832,0.8490081138020957,4,dominated_by_one_discovery_event;long_relative_to_circular_transit;not_recovered_in_final_holdout,
103298945,3,12.36428803281966,1989.3768492768036,0.17198999999999998,0.0016515306105539759,0.9762916668235327,1.1673447673435333,5.678643842284668,-0.41866743887493113,3,long_relative_to_circular_transit;low_nominal_training_snr;not_recovered_in_final_holdout;inconsistent_holdout_depth_signs,
103581155,1,18.460494454310258,1690.4775402988366,0.22931999999999997,0.0007592757339693756,0.5747073020245221,0.4838236847562007,8.320043635213084,0.7388208555652811,4,long_relative_to_circular_transit;not_recovered_in_final_holdout;inconsistent_holdout_depth_signs,
103581155,2,8.068691710759735,1687.3566952988367,0.16562,0.0005599872938937783,0.4935555518403104,1.458615196657271,7.2278943427192415,-2.770966957400344,12,outside_initial_small_planet_radius_range;long_relative_to_circular_transit;not_recovered_in_final_holdout;inconsistent_holdout_depth_signs,
103581155,3,10.16443325455476,1691.3037852988366,0.14994000000000002,0.0006166677276724925,0.5179317866420096,1.072096814869211,6.857740547041525,0.16179820979950754,9,long_relative_to_circular_transit;low_nominal_training_snr;not_recovered_in_final_holdout;inconsistent_holdout_depth_signs,
103581155,4,18.097949360556246,1692.3639702988366,0.05095999999999999,0.0009572915646346302,0.6453110042634657,0.4967894968047626,5.196953062885516,-0.12440262163335511,5,low_nominal_training_snr;not_recovered_in_final_holdout,
103632048,1,17.180756517154514,1698.6557039931392,0.29575,0.0007900842622641587,0.518724783323374,0.5017153441366607,6.920735683316915,0.15335985725337564,4,dominated_by_one_discovery_event;odd_even_discrepancy;long_relative_to_circular_transit;low_nominal_training_snr;not_recovered_in_final_holdout;inconsistent_holdout_depth_signs,
103632048,2,19.794044466513913,1702.1928039931393,0.0588,0.0015716473548746323,0.7316069885574583,0.4154011605237072,6.060374921903451,2.10913677939588,3,low_nominal_training_snr;not_recovered_in_final_holdout,
103632048,3,6.43954249846588,1687.3899039931393,0.22931999999999997,0.0003855669266869222,0.36236828388948056,1.8565518209169711,4.9202545535601026,-1.1952059366715302,15,outside_initial_small_planet_radius_range;outside_nominal_optimistic_hz;long_relative_to_circular_transit;low_nominal_training_snr;not_recovered_in_final_holdout;inconsistent_holdout_depth_signs,
105513234,1,7.0119424334004945,1870.631313627947,0.17198999999999998,0.0032099722669255027,0.8785218597851998,0.9442356414146191,5.665808934303912,2.2034700043573774,2,long_relative_to_circular_transit;low_nominal_training_snr;not_recovered_in_final_holdout;inconsistent_holdout_depth_signs,
105513234,2,7.676901796315031,1872.0350319766444,0.057329999999999985,0.0045312226611056465,1.0437815932968464,0.8367907392870302,5.204565616640272,-1.28767150206467,1,low_nominal_training_snr;insufficient_holdout_events,
105513234,3,7.80631137071799,1870.8530656059263,0.07643999999999998,0.0033263921546855036,0.894311171750706,0.8183461031212321,4.597035375437817,-1.3671682970724457,2,long_relative_to_circular_transit;low_nominal_training_snr;not_recovered_in_final_holdout;inconsistent_holdout_depth_signs,
105577069,1,5.931422706447771,1872.676253645436,0.116025,0.0020255824373421488,0.7519344455807448,1.1028228519134005,7.0242203245010035,-0.3645105620135471,1,long_relative_to_circular_transit;insufficient_holdout_events,
105577069,2,4.089513322855597,1874.4490561454359,0.22491000000000003,0.0012834435621615645,0.5985403131452872,1.810598212835688,6.555291400187025,0.19287109005076453,3,outside_nominal_optimistic_hz;long_relative_to_circular_transit;low_nominal_training_snr;not_recovered_in_final_holdout,
105577069,3,4.040661036701733,1872.7006886694712,0.21658000000000002,0.001116355162718961,0.5582210523930045,1.8398441267328167,5.826169139069059,1.6991286792096132,2,outside_nominal_optimistic_hz;long_relative_to_circular_transit;low_nominal_training_snr;not_recovered_in_final_holdout,
105577069,4,5.275347094880682,1874.9326911694711,0.08599499999999999,0.002078527072128325,0.7616980807340225,1.2893857645247992,5.518040841874818,-0.205872202830436,2,dominated_by_one_discovery_event;long_relative_to_circular_transit;low_nominal_training_snr;not_recovered_in_final_holdout;inconsistent_holdout_depth_signs,
106504397,1,9.365448902152117,1544.6613977243137,0.29575,0.0012020350489111368,0.46945485892431466,0.47669559647917065,7.290555932454428,-1.2559292810976812,2,dominated_by_one_discovery_event;odd_even_discrepancy;outside_initial_small_planet_radius_range;long_relative_to_circular_transit;not_recovered_in_final_holdout;inconsistent_holdout_depth_signs,
106504397,2,4.979825986377863,1549.1096492564773,0.042466666666666666,0.0019935961854988782,0.6045801303980938,1.1066077705537836,5.389001856906804,0.15125659675107295,4,low_nominal_training_snr;not_recovered_in_final_holdout;inconsistent_holdout_depth_signs,
106504397,3,7.608010536097556,1548.138375923144,0.03822,0.00281806440181012,0.7188044049672591,0.628904155778136,4.9411906068066,0.15323593695077062,3,low_nominal_training_snr;not_recovered_in_final_holdout;inconsistent_holdout_depth_signs,
113425376,1,7.481851255050783,1659.8071619592852,0.22931999999999997,0.004943443148931186,0.9289957562275442,0.6073367982375638,7.087884796166315,3.232987976830883,3,long_relative_to_circular_transit;not_recovered_in_final_holdout,
113425376,2,3.759184511509753,1660.8136219592852,0.29575,0.002739031722107981,0.6915084463472334,1.5204897560418815,5.943221447014057,-3.2921157241291317,6,outside_nominal_optimistic_hz;long_relative_to_circular_transit;low_nominal_training_snr;not_recovered_in_final_holdout;inconsistent_holdout_depth_signs,
113425376,3,3.310099200737725,1657.5919086719891,0.17198999999999998,0.0028228053515900425,0.7020037371781794,1.8015805155138687,4.349346700161349,-0.4104085543377568,6,outside_nominal_optimistic_hz;long_relative_to_circular_transit;low_nominal_training_snr;not_recovered_in_final_holdout;inconsistent_holdout_depth_signs,
113425376,4,3.791002154614835,1657.8430980800622,0.17198999999999998,0.00437689405318432,0.8741419755784883,1.503498435028015,5.544553109837659,-1.0521697342551284,5,outside_nominal_optimistic_hz;long_relative_to_circular_transit;low_nominal_training_snr;not_recovered_in_final_holdout;inconsistent_holdout_depth_signs,
114504403,1,6.294288404490371,1386.3801422544864,0.03822,0.008047856789043184,1.0971644574038792,0.7220119812622037,6.234332265303182,1.3684149671690002,2,low_nominal_training_snr;not_recovered_in_final_holdout,
114504403,2,5.002315689022453,1386.1658372544864,0.057329999999999985,0.0053835997380312405,0.8973626556093549,0.9807954919777299,5.422901719408286,-0.26699909352917145,1,long_relative_to_circular_transit;low_nominal_training_snr;insufficient_holdout_events,
115172395,1,7.577479546187158,1956.0636519659956,0.29575,0.0007358853086473328,0.5657857712690125,1.4598551294927231,6.229726224994168,0.6576416524080673,4,long_relative_to_circular_transit;low_nominal_training_snr;not_recovered_in_final_holdout,
115172395,2,8.010636334286607,1963.03093092172,0.238875,0.0010265034881253622,0.6682318471271884,1.3555642361462774,6.151979583546846,-0.546747868292113,3,long_relative_to_circular_transit;low_nominal_training_snr;not_recovered_in_final_holdout;inconsistent_holdout_depth_signs,
115172395,3,12.280494597135677,1957.94061842172,0.29575,0.0011777448977165767,0.7157684818232076,0.7668698190819982,5.961216408505266,1.6377040584944003,2,long_relative_to_circular_transit;low_nominal_training_snr;not_recovered_in_final_holdout,
115172395,4,35.03587947727749,1966.64249342172,0.29575,0.0011992452472338903,0.7222722975563173,0.18952161951904975,5.429753318196187,-0.03157843764018019,1,fewer_than_three_discovery_events;outside_nominal_optimistic_hz;long_relative_to_circular_transit;low_nominal_training_snr;insufficient_holdout_events,
115287939,1,13.479295560695059,1968.712897551384,0.29575,0.0022217972023415304,1.101487489571002,0.9809136565928687,8.481596238689999,-1.4062473831318145,2,fewer_than_three_discovery_events;long_relative_to_circular_transit;not_recovered_in_final_holdout;inconsistent_holdout_depth_signs,
115656691,1,13.137086638495749,1772.7074086495345,0.238875,0.005128000764691971,0.8367031540025428,0.22390682200039327,8.933420181670748,1.0301162203762866,1,fewer_than_three_discovery_events;dominated_by_one_discovery_event;long_relative_to_circular_transit;insufficient_holdout_events,
115656691,2,2.8033050656203984,1765.3373186495346,0.124215,0.0028313379309515578,0.6217176818668585,1.7559235178813921,7.531033241518437,0.6800642103182867,3,outside_nominal_optimistic_hz;long_relative_to_circular_transit;not_recovered_in_final_holdout,
115656691,3,3.601595818952722,1764.9476111495346,0.17198999999999998,0.00311123264845049,0.651723842219219,1.2572050398135424,8.230140864498816,1.6770071424054498,3,long_relative_to_circular_transit;not_recovered_in_final_holdout,
115656691,4,9.606708538203213,1773.8435726604398,0.024499999999999997,0.00923281146745602,1.1227016196227222,0.3398598998435314,6.099894015614741,0.643639566292423,1,low_nominal_training_snr;insufficient_holdout_events,
116244652,1,3.8042258974063072,1985.346117699143,0.29575,0.004062820299971408,0.9396392793890878,1.6970777678375806,34.36858632023168,2.0656115706964346,12,outside_nominal_optimistic_hz;long_relative_to_circular_transit;not_recovered_in_final_holdout;inconsistent_holdout_depth_signs,
116244652,2,3.755802740293144,1986.312992699143,0.29575,0.0022140555464041428,0.6936519514410004,1.7263139306123036,18.800225511129337,-2.9614356150391132,13,outside_nominal_optimistic_hz;long_relative_to_circular_transit;not_recovered_in_final_holdout;inconsistent_holdout_depth_signs,
116244652,3,3.862909090221608,1984.4361176991429,0.29575,0.002111764626349719,0.6774388696360599,1.6627903330678167,15.867255727054976,8.802847122582222,13,outside_nominal_optimistic_hz;long_relative_to_circular_transit,
116244652,4,3.749214863937568,1985.960367699143,0.29575,0.002081793883836505,0.6726144921680525,1.730359603253278,10.87560725218584,3.820558096045778,12,outside_nominal_optimistic_hz;long_relative_to_circular_transit;not_recovered_in_final_holdout;inconsistent_holdout_depth_signs,
116281239,1,9.822707973277552,1739.1332557165936,0.29575,0.002216611039771296,0.971673006231702,1.2093188531997032,6.677284679469938,2.397982357310865,2,dominated_by_one_discovery_event;long_relative_to_circular_transit;low_nominal_training_snr;not_recovered_in_final_holdout;inconsistent_holdout_depth_signs,
116281239,2,8.923632730016559,1742.8160257165935,0.17198999999999998,0.002179739225698999,0.9635575568208278,1.3744434741974396,5.243394541141642,-0.7692809275255945,3,long_relative_to_circular_transit;low_nominal_training_snr;not_recovered_in_final_holdout,
116281239,3,9.877215683386337,1740.0814640499268,0.024499999999999997,0.005101163471547606,1.474042524100337,1.2004288310998004,4.350474489168003,0.4742643131002781,1,fewer_than_three_discovery_events;low_nominal_training_snr;insufficient_holdout_events,
116306164,1,11.164765779827922,1739.673643274919,0.238875,0.0060572434768926256,1.5637557737863528,0.8968586392179205,11.674469656696317,1.1811659976463038,2,fewer_than_three_discovery_events;dominated_by_one_discovery_event;odd_even_discrepancy;long_relative_to_circular_transit;not_recovered_in_final_holdout,
116306164,2,8.532417707635064,1747.1363257749188,0.22931999999999997,0.00352895933044498,1.193588806850279,1.2835930009685754,5.876891824285461,-2.6448395774639812,2,fewer_than_three_discovery_events;dominated_by_one_discovery_event;long_relative_to_circular_transit;low_nominal_training_snr;not_recovered_in_final_holdout;inconsistent_holdout_depth_signs,
116306164,3,11.158183632407775,1740.0532282182908,0.124215,0.005959433907094746,1.5510789878291422,0.8975641107987784,6.82730695594433,0.819793905767288,2,fewer_than_three_discovery_events;long_relative_to_circular_transit;low_nominal_training_snr;not_recovered_in_final_holdout,
116306164,4,12.035046191326078,1739.7840957182907,0.16562,0.00491877625087341,1.4091588240778854,0.8114463346500518,5.960432839894988,-1.4453973106755988,1,fewer_than_three_discovery_events;long_relative_to_circular_transit;low_nominal_training_snr;insufficient_holdout_events,
117123283,1,19.08217676437969,1880.6498293686882,0.29575,0.0037930301107835067,0.8204772879181477,0.21972200673593315,8.258283700107192,0.0,0,long_relative_to_circular_transit;insufficient_holdout_events,
117123283,2,15.247398561047339,1877.1119768686883,0.16243500000000002,0.004130749009522086,0.8562248382453286,0.2963351071538368,7.18139344545959,-1.7161480974198664,1,dominated_by_one_discovery_event;long_relative_to_circular_transit;insufficient_holdout_events,
117123283,3,13.534124126538375,1875.4300693686882,0.22931999999999997,0.004730197886306654,0.9162480709273353,0.34737927348407444,6.866212920549404,-0.36412446004553434,1,long_relative_to_circular_transit;low_nominal_training_snr;insufficient_holdout_events,
117123283,4,15.411229369638061,1879.4113543686883,0.06615,0.004460865321165062,0.8897806854134465,0.2921422684849628,4.977625265331015,0.4957055051609074,1,low_nominal_training_snr;insufficient_holdout_events,
117489874,1,3.707529216682552,1792.0252202283752,0.12284999999999999,0.004788041453838847,0.9596133023453015,1.7685235724702124,8.51563938218099,2.148674776432774,2,outside_nominal_optimistic_hz;long_relative_to_circular_transit;not_recovered_in_final_holdout,
117489874,2,5.351208586706039,1795.3339802283754,0.17198999999999998,0.004491444587906827,0.929416400429262,1.0842292580054442,8.005913147637315,0.855921915273824,2,long_relative_to_circular_transit;not_recovered_in_final_holdout;inconsistent_holdout_depth_signs,
117489874,3,6.170054663115239,1794.4658402283753,0.17198999999999998,0.00448539748006636,0.9287905244890058,0.8967504710480739,7.120341608449621,3.039010262720291,2,long_relative_to_circular_transit;not_recovered_in_final_holdout,
117489874,4,3.725841900323876,1791.9310352283753,0.22931999999999997,0.0035600931451234144,0.8274618677632392,1.756943244441632,8.249996717976195,0.8267279842539333,2,outside_nominal_optimistic_hz;long_relative_to_circular_transit;not_recovered_in_final_holdout,
117817258,1,5.77147211306159,1472.6075299368974,0.08599499999999999,0.009666504401069018,1.7285191297614948,1.6449008974687793,25.679408090468325,8.338358620318402,2,outside_nominal_optimistic_hz;long_relative_to_circular_transit,
117817258,2,5.5359424497605785,1471.1374249368976,0.08599499999999999,0.0092086087054256,1.6870830938269454,1.7388673410351156,25.98436456869441,4.781531173045863,1,outside_nominal_optimistic_hz;long_relative_to_circular_transit;insufficient_holdout_events,
117817258,3,5.535915459296087,1469.2127749368976,0.08599499999999999,0.008986496111448389,1.6666125934154818,1.7388786448867746,25.19317409834662,0.0,0,outside_nominal_optimistic_hz;long_relative_to_circular_transit;insufficient_holdout_events,
117817258,4,6.012688335415367,1470.4330849368976,0.08599499999999999,0.009145728235923722,1.6813131507476555,1.5575079865154444,25.01592461403243,6.120381647558233,1,outside_nominal_optimistic_hz;long_relative_to_circular_transit;insufficient_holdout_events,
118539745,1,27.45536296395031,1530.536480755046,0.238875,0.0050392530142292355,1.3177881298719667,0.21137032207924472,5.9130229094273705,,0,fewer_than_three_discovery_events;dominated_by_one_discovery_event;long_relative_to_circular_transit;low_nominal_training_snr;insufficient_holdout_events,
118539745,2,6.9043608262697935,1519.1202099217126,0.024499999999999997,0.0058371177240724055,1.4182792051680442,1.3316260693597017,5.386761709061066,,0,low_nominal_training_snr;insufficient_holdout_events,
118539745,3,19.833530953228355,1518.4011757550459,0.08599499999999999,0.006515751464741632,1.4984586542344118,0.3260970555721778,5.28180871465102,,0,low_nominal_training_snr;insufficient_holdout_events,
118539745,4,5.946051468511128,1522.711793255046,0.029399999999999996,0.005393239067603482,1.3632871621403875,1.625207095426785,5.396328989423138,,0,outside_nominal_optimistic_hz;low_nominal_training_snr;insufficient_holdout_events,
11914170,1,17.459203633343506,1690.345545578086,0.29575,0.0027584552463159827,0.957773970591252,0.36992999570888857,6.964569275800259,0.9059655900063067,1,fewer_than_three_discovery_events;long_relative_to_circular_transit;low_nominal_training_snr;insufficient_holdout_events,
11914170,2,7.99223302341854,1687.089565578086,0.16562,0.0024205851843362553,0.8972020233054684,1.0485631815814187,7.177717568897804,0.532899805810276,4,dominated_by_one_discovery_event;long_relative_to_circular_transit;not_recovered_in_final_holdout,
11914170,3,15.125697133697688,1694.2230555780861,0.16562,0.003408590915215075,1.0646760875417651,0.4479177308701114,6.164331012979611,0.5283994248877946,2,fewer_than_three_discovery_events;long_relative_to_circular_transit;low_nominal_training_snr;not_recovered_in_final_holdout,
11914170,4,9.68124042770015,1689.1113580780861,0.170625,0.001894185310398111,0.7936724239482729,0.8120400456954587,5.294061987669112,-0.12386419146123899,3,long_relative_to_circular_transit;low_nominal_training_snr;not_recovered_in_final_holdout,
120609299,1,12.586044090849839,1354.342489244928,0.22931999999999997,0.0022306451973738797,0.6859310737944543,0.39729940491418647,7.443382537024458,-1.5013563426443712,3,long_relative_to_circular_transit;not_recovered_in_final_holdout;inconsistent_holdout_depth_signs,
120609299,2,4.283252967229221,1356.005740615992,0.29575,0.0011155455348307616,0.4850749860221268,1.6721373477220247,5.923708602002245,1.6105825618046594,10,outside_initial_small_planet_radius_range;outside_nominal_optimistic_hz;long_relative_to_circular_transit;low_nominal_training_snr;not_recovered_in_final_holdout;inconsistent_holdout_depth_signs,
120609299,3,5.87676020657125,1356.8991156159918,0.024499999999999997,0.00485195652680675,1.0116346105220955,1.0967802446737833,6.36995248649331,0.6198071198163091,8,low_nominal_training_snr;not_recovered_in_final_holdout;inconsistent_holdout_depth_signs,
120609299,4,11.699176354643825,1358.6629406159918,0.12284999999999999,0.0029854360644079145,0.7935405353911804,0.43795537704716186,5.28380737571836,-0.017086292578126012,3,fewer_than_three_discovery_events;long_relative_to_circular_transit;low_nominal_training_snr;not_recovered_in_final_holdout,
121305264,1,9.989671747343536,1603.7426011823422,0.057329999999999985,0.004655664632157538,0.9164516205792214,0.49168354047043644,6.7233763021023965,1.0206658999914038,3,fewer_than_three_discovery_events;low_nominal_training_snr;not_recovered_in_final_holdout,
121305264,2,7.754967044531889,1601.7900211823423,0.05354999999999999,0.004006596176464624,0.8501713887114379,0.6891504095272268,6.138947313426061,-0.03606311896223944,3,fewer_than_three_discovery_events;dominated_by_one_discovery_event;low_nominal_training_snr;not_recovered_in_final_holdout;inconsistent_holdout_depth_signs,
121593546,1,6.456788430716567,1438.2748660271188,0.08599499999999999,0.003976537265937922,0.9364940545039437,0.882907469064804,5.8125884323887815,1.2485709644918976,1,dominated_by_one_discovery_event;long_relative_to_circular_transit;low_nominal_training_snr;insufficient_holdout_events,
121593546,2,7.399347101661694,1438.4572508051938,0.049980000000000004,0.004889130226739113,1.0384086538384814,0.7362286803408578,5.1105704083482255,0.4951319484028069,2,fewer_than_three_discovery_events;dominated_by_one_discovery_event;low_nominal_training_snr;not_recovered_in_final_holdout,
122136861,1,14.63319939441636,1688.582269620258,0.29575,0.002571248999724303,0.708754167033781,0.269350963674041,8.322888418735715,-1.3648166364408922,4,long_relative_to_circular_transit;not_recovered_in_final_holdout;inconsistent_holdout_depth_signs,
122136861,2,4.042128378227839,1684.6180821202581,0.238875,0.001280448782910914,0.500155055837193,1.4972378037327143,6.243042854579382,-1.5771278783957587,12,outside_nominal_optimistic_hz;long_relative_to_circular_transit;low_nominal_training_snr;not_recovered_in_final_holdout;inconsistent_holdout_depth_signs,
122136861,3,5.0843491178397,1687.028217120258,0.08599499999999999,0.0022394656536117246,0.6614480804786659,1.1026993091011457,5.24894250675966,-2.5779374421040346,10,long_relative_to_circular_transit;low_nominal_training_snr;not_recovered_in_final_holdout;inconsistent_holdout_depth_signs,
122136861,4,10.54639856779583,1693.825917120258,0.061424999999999993,0.0031916489550955097,0.7896435937324412,0.41683612259335645,5.030984580620344,0.8067999429355706,5,low_nominal_training_snr;not_recovered_in_final_holdout,
122669742,1,6.128605843473392,1390.899132240938,0.238875,0.003790209144264113,1.0084083528102956,1.2995602943870133,14.811854943746315,3.7596299786900507,15,long_relative_to_circular_transit;not_recovered_in_final_holdout,
122669742,2,5.352391471789041,1390.028944740938,0.29575,0.0034428293483308526,0.9610867613796271,1.5567356163000732,14.980187516345152,-2.1195953807113925,18,outside_nominal_optimistic_hz;long_relative_to_circular_transit;not_recovered_in_final_holdout;inconsistent_holdout_depth_signs,
122669742,3,6.0972515306696415,1387.896132240938,0.238875,0.0033142305714341045,0.942966374421164,1.3084783459551583,12.543108219286712,3.4071781383353783,14,long_relative_to_circular_transit;not_recovered_in_final_holdout,
122669742,4,9.14685056493778,1390.108569740938,0.29575,0.0037131505497415384,0.9981047579102512,0.7619326365498744,12.55715059039049,3.39878507409412,12,long_relative_to_circular_transit;not_recovered_in_final_holdout,
122832965,1,11.882371456990647,1689.9055925058267,0.17198999999999998,0.0036350477009011754,1.0863070276036206,0.5753435099329836,11.746350867337314,-1.9921734423146544,2,long_relative_to_circular_transit;not_recovered_in_final_holdout;inconsistent_holdout_depth_signs,
122832965,2,16.98991361615288,1695.0325325058268,0.29575,0.0047533207745357065,1.242213067910746,0.35717124742670686,12.377375599374012,0.5665724904011188,2,fewer_than_three_discovery_events;dominated_by_one_discovery_event;odd_even_discrepancy;long_relative_to_circular_transit;not_recovered_in_final_holdout;inconsistent_holdout_depth_signs,
122832965,3,18.536565466488696,1686.2396575058267,0.29575,0.0025432415899473678,0.9086389312081748,0.3179989547197548,8.85829491869991,-2.202132509551965,1,dominated_by_one_discovery_event;long_relative_to_circular_transit;insufficient_holdout_events,
122832965,4,23.57754046983283,1697.3189075058267,0.29575,0.005025541762617709,1.2772884209239856,0.23074557761804385,9.260420221365054,0.5568773367376435,1,fewer_than_three_discovery_events;dominated_by_one_discovery_event;long_relative_to_circular_transit;insufficient_holdout_events,
123013596,1,26.788347940581325,1697.4954091544278,0.170625,0.0005082311145430169,0.6745199130785914,0.5948354316416902,7.201002902354045,-0.19050311870335154,3,fewer_than_three_discovery_events;dominated_by_one_discovery_event;long_relative_to_circular_transit;not_recovered_in_final_holdout,
123013596,2,20.27234669616762,1687.6821966544278,0.22931999999999997,0.00043120212079683775,0.6213046366770549,0.8625534923750853,6.9068982014961975,-1.11884744952634,4,dominated_by_one_discovery_event;long_relative_to_circular_transit;low_nominal_training_snr;not_recovered_in_final_holdout;inconsistent_holdout_depth_signs,
123013596,3,22.777910507754438,1693.1274091544278,0.170625,0.0003905562438929127,0.5912973644570566,0.7384247217011326,5.952147645419049,-0.3535195116841444,6,long_relative_to_circular_transit;low_nominal_training_snr;not_recovered_in_final_holdout;inconsistent_holdout_depth_signs,
123013596,4,20.93489295281154,1692.4774416544278,0.12284999999999999,0.0003995780765657549,0.5980878454118074,0.8263494550611457,5.3164358631050375,0.4828120084436842,5,low_nominal_training_snr;not_recovered_in_final_holdout,
123096698,1,5.134923511211197,1687.2852996842819,0.17198999999999998,0.006277995844711549,1.2978226782348645,1.6996666454994653,10.001999350894815,2.435489495690019,2,odd_even_discrepancy;outside_nominal_optimistic_hz;long_relative_to_circular_transit;not_recovered_in_final_holdout,
123096698,2,5.123306011296755,1686.041102184282,0.238875,0.005247938380611346,1.1865859736940874,1.7048074239638664,9.127930044813084,2.777873325056501,3,outside_nominal_optimistic_hz;long_relative_to_circular_transit;not_recovered_in_final_holdout,
123096698,3,7.032322073872674,1687.9521021842818,0.238875,0.005666093909293822,1.2329535940742613,1.1175768229670202,8.329458435974484,2.3375533755024365,2,long_relative_to_circular_transit;not_recovered_in_final_holdout,
123096698,4,6.407448498146898,1686.6751446842818,0.22931999999999997,0.005070370786778157,1.16633875521142,1.265208860800681,8.047986648838766,1.3174327297635797,2,long_relative_to_circular_transit;not_recovered_in_final_holdout,
123480394,1,5.522666822779108,1493.814288711972,0.124215,0.0032200440765287977,0.9914355300303629,1.5308418320372572,60.260741696682565,25.284084569663506,12,odd_even_discrepancy;outside_nominal_optimistic_hz;long_relative_to_circular_transit,
123480394,2,5.516031303742865,1494.435363711972,0.124215,0.0030294049880409176,0.9616393771882351,1.5332976958271214,52.47894856042032,-21.047226238705438,12,odd_even_discrepancy;outside_nominal_optimistic_hz;long_relative_to_circular_transit;not_recovered_in_final_holdout;inconsistent_holdout_depth_signs,
123480394,3,5.5158472777931085,1492.609221211972,0.11465999999999998,0.0028778865519071993,0.937282277535837,1.5333659036942615,48.36053466951994,1.9907046682186615,12,outside_nominal_optimistic_hz;long_relative_to_circular_transit;not_recovered_in_final_holdout;inconsistent_holdout_depth_signs,
123480394,4,6.445673199227912,1495.670006211972,0.09554999999999998,0.0030573779182346337,0.9660689696819412,1.2457696199006438,45.19545134403077,25.82506778425069,11,long_relative_to_circular_transit,
126319133,1,5.201049883579539,1871.7659001070567,0.29575,0.0017716813670755947,0.574534892942176,1.1502949337954584,10.046864774695111,2.8517554784898453,3,long_relative_to_circular_transit;not_recovered_in_final_holdout,
126319133,2,12.78079522641171,1874.3764626070567,0.238875,0.0035376795816435824,0.8118631851282547,0.3468859663735226,8.129756194198254,4.481681647532686,1,dominated_by_one_discovery_event;long_relative_to_circular_transit;insufficient_holdout_events,
126319133,3,7.790362147516937,1876.1671151070568,0.22931999999999997,0.0019374561383663515,0.6008133035130232,0.6712027129460826,7.066592328444186,4.499474862618523,2,long_relative_to_circular_transit;not_recovered_in_final_holdout,
126319133,4,10.821327416009796,1877.8255901070568,0.11465999999999998,0.003105021809749745,0.7605993120850805,0.43306842043519395,6.626983415807214,-4.043887727801701,1,long_relative_to_circular_transit;low_nominal_training_snr;insufficient_holdout_events,
129365196,1,5.014741741883083,1492.1518273983245,0.29575,0.00772268793085128,1.4874059989805506,1.794308471176803,33.71518098371498,19.196727559858832,4,outside_nominal_optimistic_hz;long_relative_to_circular_transit,
129365196,2,5.02601230848591,1493.7670773983245,0.29575,0.00818744877942292,1.531509108133301,1.788945621532647,34.95811893518765,17.87098497932526,4,outside_nominal_optimistic_hz;long_relative_to_circular_transit,
129365196,3,5.037190051406293,1495.4278273983246,0.29575,0.00908136622199249,1.6129499106220915,1.783654582962412,39.169745440644775,15.10617418386852,4,outside_nominal_optimistic_hz;long_relative_to_circular_transit,
129365196,4,6.701199955166071,1493.3571223983245,0.16562,0.0045486254360097116,1.1415248594681766,1.219060054455333,12.41524456356107,-4.2917297696723535,4,long_relative_to_circular_transit;not_recovered_in_final_holdout;inconsistent_holdout_depth_signs,
129810476,1,22.380269210756033,1388.8221167293043,0.17198999999999998,0.002253951169059851,1.0627710124382355,0.4224868039361044,5.804028699725602,2.529745514759648,2,fewer_than_three_discovery_events;long_relative_to_circular_transit;low_nominal_training_snr;not_recovered_in_final_holdout,
129810476,2,22.681236119130144,1396.1787842293045,0.08599499999999999,0.0027206388483544345,1.167623686080034,0.41502850954316106,5.25665735345289,0.0,0,low_nominal_training_snr;insufficient_holdout_events,
129810476,3,19.42863336936723,1392.1436167293043,0.29575,0.0015267930433960413,0.8746967946887052,0.51016487398682,5.357559420507322,0.3397750641603258,2,dominated_by_one_discovery_event;long_relative_to_circular_transit;low_nominal_training_snr;not_recovered_in_final_holdout;inconsistent_holdout_depth_signs,
130093212,1,15.000508890426737,1496.6334236061796,0.29575,0.0011536015855761134,0.808533471632507,0.7264287920121754,6.647492936580847,0.03947927062075496,2,dominated_by_one_discovery_event;long_relative_to_circular_transit;low_nominal_training_snr;not_recovered_in_final_holdout;inconsistent_holdout_depth_signs,
130093212,2,14.19347258765412,1501.6384236061797,0.29575,0.0017491380352323191,0.9955936620113811,0.7820169293991232,7.917626387354768,1.5709414198662877,1,fewer_than_three_discovery_events;dominated_by_one_discovery_event;long_relative_to_circular_transit;insufficient_holdout_events,
130093212,3,12.811633076804524,1497.6335136061796,0.07643999999999998,0.0018037489656438407,1.0110162333878858,0.896454771845358,5.147887387536614,-1.347756028614397,2,low_nominal_training_snr;not_recovered_in_final_holdout;inconsistent_holdout_depth_signs,
130093212,4,7.584940161637369,1499.1619986061796,0.06615,0.0018444950391110475,1.0223717181994456,1.8032868987167283,5.482451965235632,1.7911014187595582,3,outside_nominal_optimistic_hz;low_nominal_training_snr;not_recovered_in_final_holdout,
131799991,1,12.775045528000396,1500.4547166966768,0.29575,0.00269283281819831,0.78198310470719,0.3665463309206694,18.2400035529752,-0.15885163074291211,6,fewer_than_three_discovery_events;dominated_by_one_discovery_event;odd_even_discrepancy;long_relative_to_circular_transit;not_recovered_in_final_holdout;inconsistent_holdout_depth_signs,
131799991,2,4.691862969610629,1492.0165141966768,0.124215,0.0027132988080042692,0.7849490825345558,1.3936436036099322,22.074292229774958,11.368756976385244,14,long_relative_to_circular_transit,
131799991,3,4.267821115366727,1493.0693841966768,0.124215,0.0022906601107406674,0.7212287006251851,1.5812621480105589,20.558896382265083,12.128883684867628,17,outside_nominal_optimistic_hz;long_relative_to_circular_transit,
131799991,4,4.267784422308362,1493.4977666966768,0.12739999999999999,0.002159013043983069,0.7001970992663203,1.5812802749578414,19.574161083905924,14.795172748499908,18,outside_nominal_optimistic_hz;long_relative_to_circular_transit,
132157954,1,22.37809919238482,1557.3922484443956,0.16562,0.007837697693681235,1.2760913745385691,0.17179930306566712,8.190060401909204,0.9269895611462311,2,dominated_by_one_discovery_event;outside_nominal_optimistic_hz;long_relative_to_circular_transit;not_recovered_in_final_holdout,
132157954,2,12.78898229242462,1544.128701151971,0.22931999999999997,0.005906763438899442,1.1078024161055593,0.3622466203994677,7.387382662473777,-1.4368846831933888,3,long_relative_to_circular_transit;not_recovered_in_final_holdout;inconsistent_holdout_depth_signs,
132157954,3,5.569060266438728,1548.660592133553,0.124215,0.004259652088739806,0.9407507723258103,1.0975132367934186,7.020350385549246,0.528784532505913,6,long_relative_to_circular_transit;not_recovered_in_final_holdout;inconsistent_holdout_depth_signs,
132157954,4,12.316792869667454,1549.160637133553,0.08599499999999999,0.006194849479070204,1.1344958150804765,0.38088055951857525,6.113606977238976,-0.47164921811525756,4,long_relative_to_circular_transit;low_nominal_training_snr;not_recovered_in_final_holdout;inconsistent_holdout_depth_signs,
13238985,1,23.110545321185178,1687.7523267528175,0.29575,0.01319503427765814,2.1198520612969656,0.306321559370172,11.177524304415359,0.41845704512281023,1,fewer_than_three_discovery_events;outside_initial_small_planet_radius_range;long_relative_to_circular_transit;insufficient_holdout_events,
13238985,2,17.22452693223875,1690.5278267528174,0.17198999999999998,0.023151210321795884,2.8079355971710456,0.453309427631349,9.010065884962712,0.0,0,fewer_than_three_discovery_events;dominated_by_one_discovery_event;outside_initial_small_planet_radius_range;long_relative_to_circular_transit;insufficient_holdout_events,
13238985,3,21.889138948685037,1697.8647017528174,0.29575,0.009742970401799578,1.8215704984847043,0.32932112053291046,8.817809038336794,0.16490395569627608,1,fewer_than_three_discovery_events;dominated_by_one_discovery_event;long_relative_to_circular_transit;insufficient_holdout_events,
13238985,4,7.6853576820969876,1687.7777017528174,0.24499999999999997,0.00536900531151788,1.352219545746313,1.3295531674534722,7.401081941393173,-0.25527834916923114,1,long_relative_to_circular_transit;insufficient_holdout_events,
132767357,1,13.142026544315138,1504.6520994359512,0.29575,0.0026472250306817974,1.101197177137717,0.8607499725089255,9.223829404837879,0.0,0,dominated_by_one_discovery_event;long_relative_to_circular_transit;insufficient_holdout_events,
132767357,2,10.373233485481041,1497.0073081769165,0.11465999999999998,0.0018861974897194003,0.9295296350107565,1.1799798736773797,5.835589334477683,0.3835377750888104,4,dominated_by_one_discovery_event;long_relative_to_circular_transit;low_nominal_training_snr;not_recovered_in_final_holdout;inconsistent_holdout_depth_signs,
132767357,3,8.874715359002519,1498.1170531769164,0.17198999999999998,0.0012522530518591388,0.7573832714729796,1.4528503887899724,5.487679766237388,0.8925571781641952,3,long_relative_to_circular_transit;low_nominal_training_snr;not_recovered_in_final_holdout,
132767357,4,18.708474681565278,1509.5243581769164,0.03822,0.0036224967706492447,1.2881714293621038,0.5374964870995406,5.3504944107111125,1.1332783469146066,3,low_nominal_training_snr;not_recovered_in_final_holdout,
13385270,1,19.176947337190235,1776.952322026558,0.17198999999999998,0.00921393147748585,2.2850334945739696,0.7621661806380657,53.75724804115441,1.8456185538347791,1,dominated_by_one_discovery_event;odd_even_discrepancy;outside_initial_small_planet_radius_range;long_relative_to_circular_transit;insufficient_holdout_events,
13385270,2,25.873440937580778,1765.085012026558,0.17198999999999998,0.004277207562497249,1.556862451336949,0.5112304597356633,21.065294394841697,-1.5027778107900387,2,fewer_than_three_discovery_events;dominated_by_one_discovery_event;long_relative_to_circular_transit;not_recovered_in_final_holdout;inconsistent_holdout_depth_signs,
13385270,3,15.596256819605355,1774.690517026558,0.29575,0.0010013520551574269,0.7532922131565064,1.0039878817992587,6.941187255123559,0.17421195537699405,3,long_relative_to_circular_transit;low_nominal_training_snr;not_recovered_in_final_holdout,
13385270,4,18.65807052986741,1780.9410795265578,0.238875,0.0008832773048260359,0.7074872493506259,0.7905572654050966,5.990434747387534,-0.5713478973068795,3,long_relative_to_circular_transit;low_nominal_training_snr;not_recovered_in_final_holdout;inconsistent_holdout_depth_signs,
135140399,1,10.402910997866016,1900.1516232667161,0.238875,0.00274191082491334,0.6918717866076141,0.4359042337882144,6.0560261787129415,1.4971393380962812,1,dominated_by_one_discovery_event;long_relative_to_circular_transit;low_nominal_training_snr;insufficient_holdout_events,
135140399,2,8.307659083224358,1906.4731794588104,0.06824999999999999,0.004414674688447698,0.8779065945871535,0.5883368387484315,5.142344176305147,1.7320499835666858,1,fewer_than_three_discovery_events;long_relative_to_circular_transit;low_nominal_training_snr;insufficient_holdout_events,
136403599,1,12.93064189659837,1695.384549300071,0.17198999999999998,0.002924974339094997,1.068939665333903,0.7257258126183564,7.138719178857022,0.5042915514318249,1,dominated_by_one_discovery_event;long_relative_to_circular_transit;insufficient_holdout_events,
136403599,2,17.340270798910435,1690.4766918000712,0.170625,0.0030539881465200995,1.092259513776287,0.49074759769400234,6.2759809999756575,0.9656503057260735,2,fewer_than_three_discovery_events;dominated_by_one_discovery_event;long_relative_to_circular_transit;low_nominal_training_snr;not_recovered_in_final_holdout;inconsistent_holdout_depth_signs,
136403599,3,6.4094916851036885,1688.8878318000711,0.08599499999999999,0.0024482534304195325,0.9779583260221614,1.8499836847253808,5.474929288103397,0.8733410511992405,4,outside_nominal_optimistic_hz;long_relative_to_circular_transit;low_nominal_training_snr;not_recovered_in_final_holdout,
136403599,4,7.969368389069246,1685.660289300071,0.057329999999999985,0.0028125991159125875,1.048204646676831,1.383675164370551,5.617864184909833,0.9604760485524734,2,low_nominal_training_snr;not_recovered_in_final_holdout,
136945631,1,15.726940446474131,1885.4684183698039,0.29575,0.005538699536922613,1.2759014860993967,0.38145101248202606,6.615277425453913,,0,long_relative_to_circular_transit;low_nominal_training_snr;insufficient_holdout_events,
136945631,2,11.172995277995943,1870.732105869804,0.238875,0.002864321454813238,0.9175381236152501,0.6017345404246046,4.806032950926615,,0,dominated_by_one_discovery_event;long_relative_to_circular_transit;low_nominal_training_snr;insufficient_holdout_events,
136995130,1,8.835809169623927,1716.6129591117328,0.124215,0.008679819788810156,1.821050430651922,1.1527473145393712,21.573636718662456,8.37638715262459,1,long_relative_to_circular_transit;insufficient_holdout_events,
136995130,2,6.637301213465478,1715.4713641117328,0.124215,0.009183208704376208,1.8731124306624296,1.6881350477202899,22.678308385774738,9.292767206245594,1,outside_nominal_optimistic_hz;long_relative_to_circular_transit;insufficient_holdout_events,
136995130,3,7.4675419257341,1714.9094391117328,0.124215,0.00948548483125035,1.9036906886355096,1.4426434112528872,22.3411186075297,15.640354963878071,2,long_relative_to_circular_transit,
136995130,4,6.914477805814388,1711.869129111733,0.124215,0.007165454077484629,1.6545826928937952,1.5985149663365281,18.93690927305912,16.02074968082026,3,outside_nominal_optimistic_hz;long_relative_to_circular_transit,
137025855,1,22.52809799110706,1715.451248515797,0.29575,0.0016956792915865766,0.7194579710714804,0.25404867743954207,15.476647175452507,0.5801751391523486,1,fewer_than_three_discovery_events;dominated_by_one_discovery_event;long_relative_to_circular_transit;insufficient_holdout_events,
137025855,2,12.266664281230563,1721.775748515797,0.29575,0.0010051817246439123,0.5539312447654454,0.5713659222738694,11.72711589535336,2.5106987347277503,1,odd_even_discrepancy;long_relative_to_circular_transit;insufficient_holdout_events,
137025855,3,5.406948368549889,1714.359248515797,0.29575,0.0006539669550545136,0.44679825925054323,1.7032563252241124,11.617952780136449,1.8794060261531889,3,outside_initial_small_planet_radius_range;outside_nominal_optimistic_hz;long_relative_to_circular_transit;not_recovered_in_final_holdout,
137025855,4,7.164564413991181,1714.270978515797,0.22931999999999997,0.0011032597887658182,0.5803265835541074,1.1702983289172735,11.904549262277555,-0.3857979545414572,2,long_relative_to_circular_transit;not_recovered_in_final_holdout;inconsistent_holdout_depth_signs,
137158728,1,14.741039240972658,1790.9141798017001,0.29575,0.0017506814992103434,1.0554292811189783,0.9977230039932664,8.583026095876303,0.9179514233573185,7,fewer_than_three_discovery_events;long_relative_to_circular_transit;not_recovered_in_final_holdout;inconsistent_holdout_depth_signs,
137158728,2,13.048566968963119,1800.6318191796013,0.29575,0.0011722549744922755,0.8636476782353235,1.1738980024220569,7.162875964923225,-0.46192030822741964,4,long_relative_to_circular_transit;not_recovered_in_final_holdout;inconsistent_holdout_depth_signs,
137158728,3,17.124146841082894,1801.8762441796011,0.057329999999999985,0.0026432874599343005,1.2968739461156242,0.8170253486852544,5.65346562281659,0.10372714625320177,6,low_nominal_training_snr;not_recovered_in_final_holdout,
137158728,4,11.527307607766668,1791.3889025129345,0.03266666666666666,0.0032216515975135736,1.4317422922737244,1.3848740538688769,6.764213011329587,-0.3327135384926871,9,low_nominal_training_snr;not_recovered_in_final_holdout;inconsistent_holdout_depth_signs,
137499354,1,7.695642306369938,1850.097257257837,0.16562,0.0015439788361464432,0.8023721864243043,1.522693290113217,5.280658244056468,-0.16471639721969364,12,outside_nominal_optimistic_hz;long_relative_to_circular_transit;low_nominal_training_snr;not_recovered_in_final_holdout;inconsistent_holdout_depth_signs,
137605535,1,11.686041989185604,1694.139874878205,0.21658000000000002,0.002499121145470829,0.7369550697331507,0.47865998633212603,6.615664031136289,0.22423278986744188,8,long_relative_to_circular_transit;low_nominal_training_snr;not_recovered_in_final_holdout,
137605535,2,13.040837040000461,1690.8959232115383,0.017499999999999998,0.00771416112700074,1.2947672601149796,0.4135326045519817,4.609156013830047,0.6360010578414848,4,fewer_than_three_discovery_events;dominated_by_one_discovery_event;low_nominal_training_snr;not_recovered_in_final_holdout,
137649696,1,19.70970243135715,1842.6830482383514,0.02275,0.0025462105258151524,0.8099870530092657,0.26242533146277264,6.0346161145877,-0.99773977359365,1,dominated_by_one_discovery_event;low_nominal_training_snr;insufficient_holdout_events,
137649696,2,17.9456942307427,1843.0414365716847,0.22931999999999997,0.0007201253595557259,0.4307596099634599,0.2973711457685307,5.4674037131689825,0.0,0,dominated_by_one_discovery_event;outside_initial_small_planet_radius_range;long_relative_to_circular_transit;low_nominal_training_snr;insufficient_holdout_events,
137649696,3,9.870087918980595,1848.2834565716846,0.029399999999999996,0.001667701998185529,0.6555263401700367,0.6599096555594756,5.7891039864512575,-0.7888070810794128,2,low_nominal_training_snr;not_recovered_in_final_holdout;inconsistent_holdout_depth_signs,
137649696,4,25.778368408457364,1845.1617365716847,0.05095999999999999,0.002032076172841712,0.7236039256265017,0.18347290739809183,5.6950050131133105,0.0,0,outside_nominal_optimistic_hz;low_nominal_training_snr;insufficient_holdout_events,
137726810,1,11.10976132849495,1686.12057102236,0.29575,0.002631383273962829,0.8738366204763492,0.6191445410835051,9.664574807770862,-5.8681504519029515,4,long_relative_to_circular_transit;not_recovered_in_final_holdout;inconsistent_holdout_depth_signs,
137726810,2,21.87757793327063,1699.78194602236,0.29575,0.005026864060418622,1.2077770044798877,0.25084148749423135,11.837119805089987,3.3547648549781472,3,fewer_than_three_discovery_events;dominated_by_one_discovery_event;long_relative_to_circular_transit;not_recovered_in_final_holdout,
137726810,3,7.971338194034837,1685.2446960223601,0.29575,0.002429797656481053,0.8396982354316622,0.9638808979607361,9.275515515069008,-2.642935840902658,5,long_relative_to_circular_transit;not_recovered_in_final_holdout;inconsistent_holdout_depth_signs,
137726810,4,13.263209935752226,1685.49949602236,0.16562,0.003626828767736264,1.0258921627348112,0.48887762597544476,7.09428216071869,0.29965379239274936,4,dominated_by_one_discovery_event;long_relative_to_circular_transit;not_recovered_in_final_holdout;inconsistent_holdout_depth_signs,
137729107,1,6.440986810548377,1688.0580445622736,0.29575,0.0034081059681708367,1.039100938515855,1.4595547287681436,42.52036010631301,-46.27725414206941,9,long_relative_to_circular_transit;not_recovered_in_final_holdout;inconsistent_holdout_depth_signs,
137729107,2,6.4376593836932825,1686.8181695622736,0.29575,0.0036019933842616316,1.0682493754512299,1.4605606802858577,45.74827253054429,25.551817976491463,11,long_relative_to_circular_transit;inconsistent_holdout_depth_signs,
137729107,3,6.438329708958694,1689.4116695622736,0.29575,0.0040840323909243584,1.1374852691771589,1.4603579292038054,48.455734240330266,-32.9344306618875,9,odd_even_discrepancy;long_relative_to_circular_transit;not_recovered_in_final_holdout;inconsistent_holdout_depth_signs,
137729107,4,6.443353945763392,1684.0995445622736,0.29575,0.0043144601648852764,1.1691343590323335,1.4588398315550326,51.111232281345806,-66.18436859706908,11,long_relative_to_circular_transit;not_recovered_in_final_holdout;inconsistent_holdout_depth_signs,
137833304,1,6.61064049342009,1740.4484654634864,0.027299999999999998,0.004312577610645043,1.2764448399005406,1.7619038342511646,4.058187126621531,-0.09860515682308615,2,dominated_by_one_discovery_event;outside_nominal_optimistic_hz;low_nominal_training_snr;not_recovered_in_final_holdout;inconsistent_holdout_depth_signs,
138073313,1,5.287389673048617,1820.332192182864,0.027299999999999998,0.004798807002805189,1.1800620068493195,1.6489051464804652,5.168595893846601,0.16947868994371987,14,outside_nominal_optimistic_hz;low_nominal_training_snr;not_recovered_in_final_holdout;inconsistent_holdout_depth_signs,
138471034,1,14.209438612833814,1826.2494469480448,0.29575,0.00083818057363757,0.7208040701345603,1.048896509923596,7.1614954712193235,0.6190231460908436,6,long_relative_to_circular_transit;not_recovered_in_final_holdout;inconsistent_holdout_depth_signs,
138471034,2,20.181089244109963,1816.2096252039348,0.124215,0.001245763978528868,0.8787519854604211,0.6570156733932839,6.435033709247237,-0.6523776597486072,6,dominated_by_one_discovery_event;long_relative_to_circular_transit;low_nominal_training_snr;not_recovered_in_final_holdout;inconsistent_holdout_depth_signs,
138471034,3,12.392353894533898,1827.194813107936,0.017499999999999998,0.0024928371501231577,1.2430694374820466,1.2588194874357277,5.314505315365089,0.10831455517135287,4,fewer_than_three_discovery_events;dominated_by_one_discovery_event;low_nominal_training_snr;not_recovered_in_final_holdout;inconsistent_holdout_depth_signs,
138471034,4,11.8669450277643,1823.507563107936,0.0588,0.001328167451543113,0.9073500161849576,1.3336748448879059,5.379510754974238,1.5821051384443052,8,low_nominal_training_snr;not_recovered_in_final_holdout,
138560336,1,14.998551961913796,1693.497569591695,0.238875,0.0037385496996660576,0.8212403481530837,0.27667010992319785,6.540455205698501,-0.6046756637288234,2,fewer_than_three_discovery_events;dominated_by_one_discovery_event;long_relative_to_circular_transit;low_nominal_training_snr;not_recovered_in_final_holdout;inconsistent_holdout_depth_signs,
138560336,2,12.547093406475607,1687.085937091695,0.057329999999999985,0.0051483726353251736,0.9637262441743265,0.35099735508783975,5.682137765181684,-0.8327417036480649,4,low_nominal_training_snr;not_recovered_in_final_holdout;inconsistent_holdout_depth_signs,
138560336,3,10.073175119300965,1688.782632091695,0.22931999999999997,0.0025291394636941552,0.675468480544927,0.47040598632696723,5.578904951105827,-0.3688312882768323,6,long_relative_to_circular_transit;low_nominal_training_snr;not_recovered_in_final_holdout,
138560336,4,7.764199786337155,1684.608007091695,0.29575,0.0016955160531533068,0.5530566927072591,0.6656292774850345,5.093902431249105,1.1293721075427539,5,dominated_by_one_discovery_event;long_relative_to_circular_transit;low_nominal_training_snr;not_recovered_in_final_holdout,
138579249,1,5.173287533008786,1687.142514318404,0.08599499999999999,0.006528848406964568,1.3764374442638998,1.7042580324070034,12.453252639166337,-7.585903888247942,9,outside_nominal_optimistic_hz;long_relative_to_circular_transit;not_recovered_in_final_holdout;inconsistent_holdout_depth_signs,
138579249,2,13.183225609877516,1684.550379318404,0.088725,0.00727095854985957,1.4525597992209658,0.489623131020884,8.7661035985069,5.16694567541756,4,dominated_by_one_discovery_event;long_relative_to_circular_transit,
138579249,3,6.121545496610691,1686.8988618184042,0.11465999999999998,0.005664772308206517,1.2821221859078218,1.3616831514645933,10.998381857075236,-7.231543166153131,8,long_relative_to_circular_transit;not_recovered_in_final_holdout;inconsistent_holdout_depth_signs,
138579249,4,7.053312159974013,1684.578886818404,0.06615,0.007478979767379558,1.473192045757577,1.1272840600555014,11.05508468082254,10.142221409040157,6,,
138618648,1,18.458570661238053,1693.20203913402,0.1323,0.003909029811132845,1.1401567169910722,0.4542907919005122,4.678239377296765,0.16362043196958706,3,dominated_by_one_discovery_event;long_relative_to_circular_transit;low_nominal_training_snr;not_recovered_in_final_holdout,
138618648,2,6.728909814297979,1684.9480766340198,0.16243500000000002,0.0024788762866696404,0.907940701810314,1.7445031119820122,4.925613339720229,-0.1647334423385345,8,outside_nominal_optimistic_hz;long_relative_to_circular_transit;low_nominal_training_snr;not_recovered_in_final_holdout;inconsistent_holdout_depth_signs,
138649216,1,11.899659587850492,1693.0242353685646,0.03822,0.0034269542211364918,1.1953892495261447,0.8125983720468772,5.665592107042677,-2.117071770109972,4,low_nominal_training_snr;not_recovered_in_final_holdout;inconsistent_holdout_depth_signs,
138649216,2,18.338600295004262,1683.5786628685646,0.238875,0.0021222345220346644,0.9407015978978212,0.4564926106142729,6.630065335728432,3.8103602512096,2,dominated_by_one_discovery_event;long_relative_to_circular_transit;low_nominal_training_snr;not_recovered_in_final_holdout,
138649216,3,6.6240647458456445,1689.195969183871,0.03822,0.002874044770835901,1.094717243292167,1.7745540834074638,5.551067015021461,-1.2460242030348025,6,outside_nominal_optimistic_hz;low_nominal_training_snr;not_recovered_in_final_holdout;inconsistent_holdout_depth_signs,
138649216,4,12.107608050286819,1693.1463958505378,0.017499999999999998,0.0053789811748760396,1.497632328948104,0.7940433147633246,5.814444127804646,-0.7711865159929505,1,dominated_by_one_discovery_event;low_nominal_training_snr;insufficient_holdout_events,
13955081,1,5.3253360989021505,1413.5136695461285,0.16562,0.0068461564021070455,1.463699790084028,1.7442455593604638,31.510507412859347,16.691969095379633,4,outside_nominal_optimistic_hz;long_relative_to_circular_transit,
13955081,2,5.322704567165363,1412.3779895461287,0.16562,0.006552648898994008,1.431980326926881,1.7453954549104687,29.582705285511594,16.412337395472292,5,outside_nominal_optimistic_hz;long_relative_to_circular_transit,
13955081,3,5.3253496283290405,1416.1783770461286,0.124215,0.007177808383059213,1.4987339059034452,1.7442396508575664,29.380807919013822,12.05914191525658,4,outside_nominal_optimistic_hz;long_relative_to_circular_transit,
13955081,4,5.327923173222586,1415.4153420461287,0.124215,0.007296297759657992,1.5110536242933328,1.7431163820002893,29.808931464009817,11.921379803880642,5,outside_nominal_optimistic_hz;long_relative_to_circular_transit,
139693738,1,7.881994010220876,1520.6013000552323,0.17198999999999998,0.004268566046527372,1.3341240005202857,1.5855711874641338,15.294591675858495,8.733501357521016,9,outside_nominal_optimistic_hz;long_relative_to_circular_transit,
139693738,2,7.002135573645376,1521.8882675552325,0.124215,0.004762572792021105,1.4092109450161299,1.8566349679424832,16.003244871621487,9.142428817697695,9,outside_nominal_optimistic_hz;long_relative_to_circular_transit,
139693738,3,7.439706254394117,1524.9583800552323,0.17198999999999998,0.004261638864036482,1.3330410287669114,1.7124825762791913,14.33612135905765,9.9380508762193,8,outside_nominal_optimistic_hz;long_relative_to_circular_transit,
139693738,4,7.006448804952033,1520.5562550552324,0.22931999999999997,0.0037202699846419288,1.2454962476545661,1.8551111766397594,13.966759084037587,5.770890281234626,7,outside_nominal_optimistic_hz;long_relative_to_circular_transit,
140689204,1,14.4004586031351,1325.5528301496286,0.29575,0.001622488537895656,0.6817672019833506,0.40350391574248606,7.405199258820223,1.8401616145987232,12,long_relative_to_circular_transit;not_recovered_in_final_holdout,
140689204,2,23.794983950580697,1344.5375738147334,0.11465999999999998,0.0027776497941782237,0.8920393867401631,0.20655496059902337,6.1973072454517135,0.9086898708389325,4,long_relative_to_circular_transit;low_nominal_training_snr;not_recovered_in_final_holdout;inconsistent_holdout_depth_signs,
140689204,3,27.154440380503225,1341.2367763147333,0.124215,0.0040195610786875795,1.0730861808734602,0.17320551190379335,6.2747818404755495,0.665377684758187,5,dominated_by_one_discovery_event;outside_nominal_optimistic_hz;long_relative_to_circular_transit;low_nominal_training_snr;not_recovered_in_final_holdout,
140689204,4,11.490098321395038,1336.8912988147333,0.29575,0.0012486878276370126,0.5980978276671703,0.5452360016717273,6.342199716228905,-1.799807424736746,11,long_relative_to_circular_transit;low_nominal_training_snr;not_recovered_in_final_holdout;inconsistent_holdout_depth_signs,
141029712,1,29.12854593686668,1325.5927891862136,0.238875,0.0006116363005748553,0.7048565202643321,0.6424039804904799,9.108159969455562,-0.5900149766528799,6,long_relative_to_circular_transit;not_recovered_in_final_holdout;inconsistent_holdout_depth_signs,
141029712,2,40.87092667610376,1354.539949177851,0.04094999999999999,0.0015269579068354253,1.1136984819469116,0.4089598296933227,5.514858388002347,0.0719537667713511,4,dominated_by_one_discovery_event;low_nominal_training_snr;not_recovered_in_final_holdout;inconsistent_holdout_depth_signs,
141029712,3,52.43434549358054,1333.467534177851,0.05095999999999999,0.001398433706352204,1.0657983331621386,0.29336760976439574,6.646932679149693,-0.750517762088664,2,fewer_than_three_discovery_events;low_nominal_training_snr;not_recovered_in_final_holdout;inconsistent_holdout_depth_signs,
141029712,4,44.3318238564827,1339.855961677851,0.08599499999999999,0.0008188593739786973,0.8155653340269235,0.36695473744478546,6.204748185753954,1.34057599005079,4,low_nominal_training_snr;not_recovered_in_final_holdout,
141154638,1,13.390204196249785,1337.2191397188244,0.17198999999999998,0.002292466352343544,0.6274026068175774,0.2620305762400925,7.080796546730796,-0.30451130678703087,12,long_relative_to_circular_transit;not_recovered_in_final_holdout;inconsistent_holdout_depth_signs,
141154638,2,12.483458404541153,1335.9724397188245,0.29575,0.0014800857458280295,0.5041250427797636,0.28771003760372577,7.1414235517728,-0.1847259920676001,11,dominated_by_one_discovery_event;odd_even_discrepancy;long_relative_to_circular_transit;not_recovered_in_final_holdout;inconsistent_holdout_depth_signs,
141154638,3,12.14427165686683,1337.4853147188244,0.22931999999999997,0.001450097325156588,0.4989918007769206,0.2984738405856141,6.236930487383661,0.026413285657142217,9,outside_initial_small_planet_radius_range;long_relative_to_circular_transit;low_nominal_training_snr;not_recovered_in_final_holdout;inconsistent_holdout_depth_signs,
141154638,4,10.591605708254397,1333.4602330224982,0.29575,0.001300949253811315,0.4726340561630438,0.3581947079061156,6.5386018994712805,-1.4149145786509982,14,outside_initial_small_planet_radius_range;long_relative_to_circular_transit;low_nominal_training_snr;not_recovered_in_final_holdout;inconsistent_holdout_depth_signs,
141209440,1,15.330546352003735,1721.286224092904,0.29575,0.007937905573169268,1.3815127466724375,0.3471058125049752,9.768332589999316,0.19064736269121185,2,fewer_than_three_discovery_events;dominated_by_one_discovery_event;long_relative_to_circular_transit;not_recovered_in_final_holdout;inconsistent_holdout_depth_signs,
141209440,2,20.29922845503416,1728.179474092904,0.29575,0.004096599565611286,0.9924615480700579,0.23872579847744874,6.989387753872858,0.5378133978741957,1,long_relative_to_circular_transit;low_nominal_training_snr;insufficient_holdout_events,
141209440,3,22.56870765929496,1733.066314092904,0.14994000000000002,0.004725515783290642,1.065924737352646,0.2072668314971955,5.82791332191609,0.0,0,long_relative_to_circular_transit;low_nominal_training_snr;insufficient_holdout_events,
141209440,4,9.9482737717261,1720.253374092904,0.17198999999999998,0.003752408989158441,0.9498543500079505,0.6178386770739944,5.626073051695401,0.5205971458248418,2,long_relative_to_circular_transit;low_nominal_training_snr;not_recovered_in_final_holdout,
141247467,1,20.074457487136886,1720.3831869469782,0.12739999999999999,0.0014064270098620203,1.0606496450879834,0.7862550232361504,7.718897739902245,-0.6320109261612726,4,fewer_than_three_discovery_events;not_recovered_in_final_holdout;inconsistent_holdout_depth_signs,
141247467,2,11.758816894911773,1717.5262419469782,0.057329999999999985,0.0010545812447038947,0.9184454637729145,1.6042437372195506,5.847174790535845,0.07723101215972351,5,outside_nominal_optimistic_hz;low_nominal_training_snr;not_recovered_in_final_holdout,
141247467,3,12.43824307758989,1712.7978819469781,0.057329999999999985,0.0010509358513073057,0.9168566846176828,1.4884804547891313,5.905805717416662,1.1889446289044847,6,low_nominal_training_snr;not_recovered_in_final_holdout,
141247467,4,22.896343860110026,1725.386611946978,0.18374999999999997,0.0007746420271010128,0.7871615631999865,0.659781809701749,5.5973327849045456,0.22049092724165104,2,dominated_by_one_discovery_event;long_relative_to_circular_transit;low_nominal_training_snr;not_recovered_in_final_holdout;inconsistent_holdout_depth_signs,
141433914,1,12.91916800743614,1816.399300954581,0.29575,0.0017019828513839988,0.8559428701742012,0.7573908073590553,5.791214251207821,1.6599259393583687,7,long_relative_to_circular_transit;low_nominal_training_snr;not_recovered_in_final_holdout,
141433914,2,7.877306209331106,1820.82296345382,0.08599499999999999,0.0019351123462526727,0.9126836711327313,1.4648588772628854,5.5071352896856745,1.692045076920904,11,long_relative_to_circular_transit;low_nominal_training_snr;not_recovered_in_final_holdout,
141433914,3,7.57994955637374,1818.3065859538199,0.29575,0.0011682789767203698,0.7091538573366294,1.5419761997183594,5.728312560891766,-1.6741041852695975,14,outside_nominal_optimistic_hz;long_relative_to_circular_transit;low_nominal_training_snr;not_recovered_in_final_holdout;inconsistent_holdout_depth_signs,
141433914,4,8.317384085402301,1823.84621095382,0.024499999999999997,0.004628398711940072,1.4115054870283408,1.362439046392466,5.342749631656697,-0.9353614105567972,11,low_nominal_training_snr;not_recovered_in_final_holdout;inconsistent_holdout_depth_signs,
141676416,1,14.769852088158256,1827.074200831494,0.170625,0.002259545619291922,1.0121823409590314,0.6880257104101686,9.002268787727465,-0.9970203041602314,5,fewer_than_three_discovery_events;long_relative_to_circular_transit;not_recovered_in_final_holdout,
141676416,2,18.046968418226907,1821.488848331494,0.12284999999999999,0.0020523019163182134,0.9646479028037659,0.5267046887340291,7.453033283260763,0.05788523052098947,5,long_relative_to_circular_transit;not_recovered_in_final_holdout,
141676416,3,7.040989667514467,1820.584763331494,0.29575,0.0008197479179565158,0.6096609244395004,1.847543132817152,6.2162680502354055,-0.6481806246338713,12,dominated_by_one_discovery_event;outside_nominal_optimistic_hz;long_relative_to_circular_transit;low_nominal_training_snr;not_recovered_in_final_holdout;inconsistent_holdout_depth_signs,
141676416,4,12.017944053661559,1820.676148331494,0.22491000000000003,0.002135951364138995,0.9841105302374392,0.905731123633889,9.333727729799708,-0.7385674242160635,8,long_relative_to_circular_transit;not_recovered_in_final_holdout;inconsistent_holdout_depth_signs,
141821609,1,7.005698573401874,1714.343970466674,0.09554999999999998,0.00269899974271224,1.0608564369250109,1.7128517568812582,12.136423446825669,4.352771610759679,4,outside_nominal_optimistic_hz;long_relative_to_circular_transit;not_recovered_in_final_holdout,
141821609,2,7.004453095935053,1713.4546729666738,0.08032500000000001,0.0027562485326698785,1.0720483731455037,1.713257856916415,11.568651089791718,-1.90559138390193,5,outside_nominal_optimistic_hz;long_relative_to_circular_transit;not_recovered_in_final_holdout,
141821609,3,7.006341563715896,1716.462450466674,0.11465999999999998,0.0028990359655907015,1.0994664865752377,1.7126421695651415,11.33773610890237,-1.3639833288155463,6,outside_nominal_optimistic_hz;long_relative_to_circular_transit;not_recovered_in_final_holdout;inconsistent_holdout_depth_signs,
141821609,4,7.002565317502756,1715.3608954666738,0.11465999999999998,0.0026477833534663737,1.0507427885089458,1.7138737067548422,11.46867515122168,8.235069724278471,4,outside_nominal_optimistic_hz;long_relative_to_circular_transit,
142086812,1,55.509135700339904,1366.240975868207,0.29575,0.001055692229497282,1.4866073414438818,0.4950477124815373,28.381856760589287,-3.336471280839439,4,fewer_than_three_discovery_events;dominated_by_one_discovery_event;odd_even_discrepancy;long_relative_to_circular_transit;not_recovered_in_final_holdout;inconsistent_holdout_depth_signs,
142086812,2,88.90233862598656,1348.9579758682069,0.017499999999999998,0.0073058612801763425,3.9107794248232497,0.26418942587318117,25.772875057555375,-0.560396635050619,1,fewer_than_three_discovery_events;outside_initial_small_planet_radius_range;insufficient_holdout_events,
142086812,3,89.79995019262623,1406.3505908682068,0.12284999999999999,0.0010858601173557437,1.50769867034674,0.2606743008128541,16.986816190023905,0.0,0,fewer_than_three_discovery_events;dominated_by_one_discovery_event;insufficient_holdout_events,
142086812,4,58.6243085563805,1348.185210868207,0.057329999999999985,0.001240653156212061,1.6115834659576729,0.46028769728687335,12.163385404355274,-0.4250636065722903,2,fewer_than_three_discovery_events;dominated_by_one_discovery_event;odd_even_discrepancy;not_recovered_in_final_holdout;inconsistent_holdout_depth_signs,
142086813,1,64.67008726927682,1349.0874840683884,0.29575,0.005532425630344781,2.5422351410252735,0.23366975328820327,37.1707967949148,-3.8739383587164364,1,odd_even_discrepancy;outside_initial_small_planet_radius_range;long_relative_to_circular_transit;insufficient_holdout_events,
142086813,2,45.97143617962576,1339.8964840683884,0.29575,0.002894004592726361,1.8386858476032515,0.368318048204488,23.067727349864356,5.779860847845787,2,dominated_by_one_discovery_event;long_relative_to_circular_transit;inconsistent_holdout_depth_signs,
142086813,3,58.435813381396486,1348.5436890683884,0.22491000000000003,0.007481772589415042,2.9563794655656443,0.26748635830831563,19.525983752340107,-2.8019801141321916,3,fewer_than_three_discovery_events;outside_initial_small_planet_radius_range;not_recovered_in_final_holdout;inconsistent_holdout_depth_signs,
142086813,4,58.52825652963398,1348.2116090683885,0.29575,0.004054736555003164,2.1764026524318467,0.2669231939850145,14.976646247430155,4.811991295278233,4,fewer_than_three_discovery_events;dominated_by_one_discovery_event;outside_initial_small_planet_radius_range;long_relative_to_circular_transit;not_recovered_in_final_holdout,
142319503,1,14.502723540102483,1694.5618080245563,0.29575,0.0025912425931045382,1.0005530720019689,0.5543053309036073,7.312266366084534,3.35707331861862,1,long_relative_to_circular_transit;insufficient_holdout_events,
142319503,2,15.15433201512947,1689.6944455245562,0.08599499999999999,0.0027113215905311826,1.0234735159765236,0.5227564689251221,5.0954145895780085,-0.8751739114464459,7,low_nominal_training_snr;not_recovered_in_final_holdout;inconsistent_holdout_depth_signs,
142319503,3,11.10622430602339,1691.1461230245561,0.12284999999999999,0.002083570108284308,0.8972018326050325,0.791151931067216,4.8388360432617885,2.8142917647505348,9,long_relative_to_circular_transit;low_nominal_training_snr;not_recovered_in_final_holdout,
142319503,4,11.959014235109809,1689.959938024556,0.07643999999999998,0.002457675834343113,0.9744249432595464,0.7168384672811065,4.511117936580022,-0.6980004963774168,8,low_nominal_training_snr;not_recovered_in_final_holdout;inconsistent_holdout_depth_signs,
142439770,1,20.56805980188123,1698.7370539787787,0.17198999999999998,0.003701326844510588,1.1293829516592038,0.34569348953800466,6.926552037070884,-1.8273938888108725,5,dominated_by_one_discovery_event;long_relative_to_circular_transit;low_nominal_training_snr;not_recovered_in_final_holdout,
142439770,2,23.7792245354055,1692.961692312112,0.017499999999999998,0.008815973103926678,1.7430010045915383,0.2848953660872228,4.723624368876634,-0.6367383033328656,1,fewer_than_three_discovery_events;dominated_by_one_discovery_event;low_nominal_training_snr;insufficient_holdout_events,
142439770,3,13.314353827809398,1688.9561464787787,0.061424999999999993,0.0031641050340177066,1.0442102573146919,0.6173368148343766,4.294388616109227,0.6697876310773536,6,low_nominal_training_snr;not_recovered_in_final_holdout;inconsistent_holdout_depth_signs,
142439883,1,20.79639490865022,1683.6051330444718,0.29575,0.00048570106259322656,1.0227913457228275,1.7202528234830474,22.110310970548902,1.000863387265172,4,dominated_by_one_discovery_event;outside_nominal_optimistic_hz;long_relative_to_circular_transit;not_recovered_in_final_holdout;inconsistent_holdout_depth_signs,
142439883,2,25.218557676328793,1684.728841389694,0.29575,0.0007530325812152133,1.2735306493821865,1.330299295910837,26.827817403831887,-5.028984169104082,4,fewer_than_three_discovery_events;dominated_by_one_discovery_event;long_relative_to_circular_transit;not_recovered_in_final_holdout;inconsistent_holdout_depth_signs,
142439883,3,23.930217061391268,1693.459153889694,0.170625,0.0008971225832214896,1.3900435678159704,1.4266392550461433,14.418967779577558,-7.367661522890004,4,fewer_than_three_discovery_events;dominated_by_one_discovery_event;not_recovered_in_final_holdout;inconsistent_holdout_depth_signs,
142439883,4,19.990898747755004,1698.566301389694,0.21658000000000002,0.0004000782094440205,0.9282713928964548,1.8132871937311135,12.136859988971468,-0.455327824434244,5,fewer_than_three_discovery_events;dominated_by_one_discovery_event;outside_nominal_optimistic_hz;long_relative_to_circular_transit;not_recovered_in_final_holdout,
142442450,1,7.112582585783534,1686.1516647243297,0.124215,0.004496184899440376,1.7280156526950332,1.808493439119221,24.80165378634635,19.290265421123593,10,odd_even_discrepancy;outside_nominal_optimistic_hz;long_relative_to_circular_transit,
142442450,2,7.1120896710926464,1687.1394697243297,0.124215,0.0041971193852273925,1.6695570049460926,1.808660561736738,23.942322730768634,13.576217713573213,13,odd_even_discrepancy;outside_nominal_optimistic_hz;long_relative_to_circular_transit,
142442450,3,8.082014063860772,1685.5151197243297,0.08599499999999999,0.005218018060048634,1.8615657487021646,1.5252015265061365,22.462890364851702,11.579263801987404,12,outside_nominal_optimistic_hz,
142442450,4,7.113806314439976,1688.7128597243297,0.088725,0.004698162696139903,1.7664022808946815,1.8080786509929847,23.015090154233658,-9.400305511009382,13,outside_nominal_optimistic_hz;not_recovered_in_final_holdout;inconsistent_holdout_depth_signs,
142563406,1,21.698997220220086,1702.7317584533841,0.057329999999999985,0.0018602690099724223,1.1162200247630518,0.7358211087602643,6.29440574295011,0.8993482575107795,5,fewer_than_three_discovery_events;dominated_by_one_discovery_event;low_nominal_training_snr;not_recovered_in_final_holdout,
142563406,2,24.80662296915908,1684.3214901200506,0.03266666666666666,0.002531037090964312,1.3020006125458716,0.6155569891661989,6.413661438005373,-0.27762931478438385,4,fewer_than_three_discovery_events;dominated_by_one_discovery_event;low_nominal_training_snr;not_recovered_in_final_holdout;inconsistent_holdout_depth_signs,
142563406,3,15.324232096827048,1689.744308453384,0.05354999999999999,0.001137651631944427,0.8729041954418575,1.1700026172448899,4.92577162726538,0.5111904559725234,6,low_nominal_training_snr;not_recovered_in_final_holdout;inconsistent_holdout_depth_signs,
142563406,4,24.027682724099538,1698.662693453384,0.03822,0.0019299358463874515,1.1369290676214932,0.642306933093086,5.516177417690868,0.7233285707604805,4,low_nominal_training_snr;not_recovered_in_final_holdout,
142738700,1,23.200119921053364,1703.6098702208105,0.16562,0.00044965734860722957,0.6969809868816385,0.8532032339974954,6.211631573849853,3.3736547416509572,5,long_relative_to_circular_transit;low_nominal_training_snr;not_recovered_in_final_holdout,
142738700,2,18.43919619743171,1694.4185552208105,0.049980000000000004,0.0007451398102618421,0.8972200431564356,1.158911179057471,5.652845880243206,0.05838293731912975,5,low_nominal_training_snr;not_recovered_in_final_holdout;inconsistent_holdout_depth_signs,
142738700,3,24.749563641956843,1689.0046152208106,0.0441,0.0008536603751946408,0.9603347514206367,0.7827373738757059,5.250221941073659,-1.3173530480563862,3,fewer_than_three_discovery_events;dominated_by_one_discovery_event;low_nominal_training_snr;not_recovered_in_final_holdout;inconsistent_holdout_depth_signs,
142738700,4,14.745792169762161,1687.5620202208104,0.057329999999999985,0.0005608696796952785,0.7784147645876824,1.5612842831300724,5.540613732142919,0.7807243502932589,8,outside_nominal_optimistic_hz;low_nominal_training_snr;not_recovered_in_final_holdout;inconsistent_holdout_depth_signs,
142808731,1,13.819487165220954,1696.1778553604029,0.22931999999999997,0.003999916316031234,1.4779264233038454,0.980901894443101,12.662649757104397,-1.01245085942986,3,fewer_than_three_discovery_events;dominated_by_one_discovery_event;long_relative_to_circular_transit;not_recovered_in_final_holdout;inconsistent_holdout_depth_signs,
142808731,2,11.606070731469586,1693.2358253604027,0.21658000000000002,0.0014815708629541198,0.8994739194295766,1.2379445489009209,7.104440313429681,1.3082148241706142,4,long_relative_to_circular_transit;not_recovered_in_final_holdout;inconsistent_holdout_depth_signs,
142808731,3,8.998890479035506,1688.9357020270695,0.024499999999999997,0.0027907522261732044,1.2344912074016625,1.7379189581777241,5.694605654244747,0.3480703476930529,5,outside_nominal_optimistic_hz;low_nominal_training_snr;not_recovered_in_final_holdout,
142808731,4,17.601581009061366,1686.6608478604028,0.238875,0.0011752710827865444,0.8011178092184498,0.7104702614063275,6.214343293023454,0.7908357284816706,3,dominated_by_one_discovery_event;long_relative_to_circular_transit;low_nominal_training_snr;not_recovered_in_final_holdout,
142940412,1,5.4470328663342045,1687.6794306716452,0.29575,0.0025365303252117017,0.9239381481630332,1.852798929904664,36.570121726067455,46.72335369570528,9,outside_nominal_optimistic_hz;long_relative_to_circular_transit,
142940412,2,5.445998466591229,1684.0621806716451,0.29575,0.0027621463557063013,0.9641535679228639,1.8532681662724684,38.636523787277504,34.965400117621115,9,outside_nominal_optimistic_hz;long_relative_to_circular_transit,
142940412,3,5.444586734173839,1685.995930671645,0.29575,0.0028800269265065776,0.9845122936796372,1.853908908336548,38.85008013569252,24.517428806246393,9,outside_nominal_optimistic_hz;long_relative_to_circular_transit,
142940412,4,5.413887164747558,1685.688805671645,0.29575,0.0018827546927726647,0.7960122273294983,1.8679389819277536,23.195743980454186,-21.589158390833546,8,outside_nominal_optimistic_hz;long_relative_to_circular_transit;not_recovered_in_final_holdout;inconsistent_holdout_depth_signs,
142963210,1,23.1509400791221,1685.0688627354962,0.024499999999999997,0.00107407219361571,1.0593074716537887,0.7412983820124148,6.034446103160305,0.05645787489308485,4,low_nominal_training_snr;not_recovered_in_final_holdout;inconsistent_holdout_depth_signs,
142963210,2,17.806965616172842,1697.5871960688296,0.22931999999999997,0.0002913268049844752,0.5516905206063163,1.0518762916136724,5.690973964303087,3.102090833428509,5,long_relative_to_circular_transit;low_nominal_training_snr;not_recovered_in_final_holdout,
142963210,3,14.528217621398339,1695.9207585688296,0.238875,0.0005504341918028162,0.7583295866944941,1.3797533099560702,5.473641421822256,-1.596177431822877,8,fewer_than_three_discovery_events;long_relative_to_circular_transit;low_nominal_training_snr;not_recovered_in_final_holdout;inconsistent_holdout_depth_signs,
142963210,4,20.586307960561722,1687.7250710688295,0.29575,0.00027153703219842814,0.5326228968526019,0.8669218311735095,5.371153006635843,-0.35279001557402045,4,long_relative_to_circular_transit;low_nominal_training_snr;not_recovered_in_final_holdout;inconsistent_holdout_depth_signs,
142979644,1,12.537109996686647,1695.9046933887048,0.049980000000000004,0.5541438262698242,20.0780619817409,1.195940246823074,1097.1274182382783,1103.7652475993398,7,odd_even_discrepancy;outside_initial_small_planet_radius_range,
142979644,2,12.537102913742787,1687.546133388705,0.049980000000000004,0.5559249877410318,20.11030413397781,1.1959411476987636,1066.9101195629219,1141.2863243765826,7,odd_even_discrepancy;outside_initial_small_planet_radius_range,
142979644,3,12.537126081608408,1691.725413388705,0.049980000000000004,0.5539991730856091,20.075441231474326,1.195938200995233,1060.3457053969512,1119.8138993768334,7,odd_even_discrepancy;outside_initial_small_planet_radius_range,
142979644,4,16.716158061251285,1689.7095533887048,0.049980000000000004,0.4799731184058615,18.686114187098656,0.8149371279041577,854.9381857730008,724.1502186691147,4,outside_initial_small_planet_radius_range,
142980026,1,9.236029713104717,1715.3819514501715,0.29575,0.008570329974218917,1.7690919575566062,0.9996172235959652,32.911979977547794,12.218895585479022,3,long_relative_to_circular_transit,
142980026,2,9.216821491459136,1719.2153264501715,0.29575,0.007955232981760492,1.7044257549502426,1.002395843875889,27.323001572411524,15.219279185354624,3,long_relative_to_circular_transit,
142980026,3,7.372584346517428,1711.7760764501716,0.29575,0.006936951159600792,1.5916074189651792,1.3499608049368084,26.011283062492886,6.961740939161854,4,long_relative_to_circular_transit,
142980026,4,7.432581517528528,1713.5145100989432,0.29575,0.006836435281019704,1.5800342088852912,1.335450876945931,27.9141943494166,-11.406669870537927,2,odd_even_discrepancy;long_relative_to_circular_transit;not_recovered_in_final_holdout;inconsistent_holdout_depth_signs,
143394037,1,13.892959211582127,1502.0477382181443,0.124215,0.003580884002803359,1.2023379003505377,0.6888881759536373,6.561080033575834,-0.7525366255126328,3,fewer_than_three_discovery_events;dominated_by_one_discovery_event;long_relative_to_circular_transit;low_nominal_training_snr;not_recovered_in_final_holdout;inconsistent_holdout_depth_signs,
143394037,2,22.749859334028315,1514.3578507181444,0.0588,0.004636773514531208,1.3681677599449675,0.3569193750697923,5.585641083904164,-1.3488883943607306,2,fewer_than_three_discovery_events;dominated_by_one_discovery_event;low_nominal_training_snr;not_recovered_in_final_holdout;inconsistent_holdout_depth_signs,
143394037,3,21.715501389811042,1498.3065007181444,0.03822,0.005456420988742249,1.4841758006705108,0.37976528548325633,5.465977574081472,-0.036142254607006846,4,fewer_than_three_discovery_events;dominated_by_one_discovery_event;low_nominal_training_snr;not_recovered_in_final_holdout;inconsistent_holdout_depth_signs,
143394037,4,7.394683930231175,1493.7142673848111,0.024499999999999997,0.004007245333844325,1.2719041276221426,1.5970392525226618,5.324340437670294,0.38608975337109713,7,outside_nominal_optimistic_hz;low_nominal_training_snr;not_recovered_in_final_holdout;inconsistent_holdout_depth_signs,
144143255,1,15.74814073794307,1420.3309592781677,0.24499999999999997,0.0025251399914941906,1.1248903180945267,0.6433745614881361,8.496388615555716,-0.4220013043993238,1,fewer_than_three_discovery_events;long_relative_to_circular_transit;insufficient_holdout_events,
144143255,2,20.669770149527203,1417.6932017781678,0.124215,0.003025840972632441,1.2313754718177903,0.44770169508460694,6.701883341901157,-0.5406151175384442,1,long_relative_to_circular_transit;low_nominal_training_snr;insufficient_holdout_events,
144143255,3,10.688251859510626,1414.4987926115011,0.024499999999999997,0.004695966213051747,1.5340161455580232,1.0786834851726654,6.277464139301137,-0.36863205024060525,1,low_nominal_training_snr;insufficient_holdout_events,
144143255,4,12.555889932683773,1413.5374592781677,0.29575,0.0013303409628428004,0.8164863539281096,0.8702411227597541,5.567496016824511,0.25825694834101465,1,long_relative_to_circular_transit;low_nominal_training_snr;insufficient_holdout_events,
144654557,1,17.903979681318667,1528.7740196361817,0.238875,0.001084671702503907,0.7300603810676549,0.5491489920544496,11.350855494085494,1.4177981005002,4,dominated_by_one_discovery_event;long_relative_to_circular_transit;not_recovered_in_final_holdout;inconsistent_holdout_depth_signs,
144654557,2,20.55775491801011,1517.9375121361818,0.16562,0.0010422908594816796,0.7156556268402445,0.45672562652346765,10.10545420739253,2.2716598934167616,4,long_relative_to_circular_transit;not_recovered_in_final_holdout,
144654557,3,11.27734926947623,1526.5310173910548,0.16562,0.0007518914256122991,0.6078370826752112,1.0170608043508715,8.595102181536582,1.1376658841493454,5,long_relative_to_circular_transit;not_recovered_in_final_holdout,
144654557,4,23.997422011953198,1526.196137391055,0.12284999999999999,0.001075721039238506,0.7270419280273328,0.37159526716503766,7.877440058034489,1.0212113284333946,1,long_relative_to_circular_transit;insufficient_holdout_events,
145284936,1,12.707599936830928,1491.8898366937904,0.29575,0.008610428940513235,1.7630930340083604,0.6655448271061252,10.976290969603172,-0.19723995443882594,2,fewer_than_three_discovery_events;long_relative_to_circular_transit;not_recovered_in_final_holdout;inconsistent_holdout_depth_signs,
145284936,2,13.407306712968897,1505.3269965255638,0.238875,0.005384734636625291,1.3942639196395985,0.6196407408170486,7.662296534229074,0.953773218163629,3,dominated_by_one_discovery_event;long_relative_to_circular_transit;not_recovered_in_final_holdout,
145284936,3,18.437726190170995,1497.8820590255639,0.29575,0.003677685171551741,1.152259003768966,0.4051839268645336,6.130506821553636,-0.5089474477104311,1,long_relative_to_circular_transit;low_nominal_training_snr;insufficient_holdout_events,
145284936,4,6.847710434160304,1495.477559025564,0.024499999999999997,0.007864443452049582,1.6849880806246733,1.5177544248768453,4.637926435432376,-0.7818535637195906,5,outside_nominal_optimistic_hz;low_nominal_training_snr;not_recovered_in_final_holdout;inconsistent_holdout_depth_signs,
146428154,1,12.718418621332797,1544.6402088286911,0.29575,0.004394250025566347,0.8975892753938537,0.36967865645736214,8.272082231079077,0.7770971282492756,2,fewer_than_three_discovery_events;dominated_by_one_discovery_event;long_relative_to_circular_transit;not_recovered_in_final_holdout,
146428154,2,9.257282667264535,1547.3021768896665,0.0588,0.0038812600965371733,0.843571010240264,0.5646211790132054,5.581308053424255,-0.22539932672851698,3,low_nominal_training_snr;not_recovered_in_final_holdout;inconsistent_holdout_depth_signs,
146428154,3,7.9119094685837155,1548.9289068896665,0.16562,0.0019509407534573971,0.5980772920972348,0.6961349720415357,5.431500726455045,-0.9543973752821481,3,long_relative_to_circular_transit;low_nominal_training_snr;not_recovered_in_final_holdout;inconsistent_holdout_depth_signs,
146428154,4,14.355883700705649,1557.7995868896664,0.03822,0.005206711019469956,0.97705049724199,0.3145540558135572,5.01509431475882,-0.9840330371850791,2,fewer_than_three_discovery_events;dominated_by_one_discovery_event;low_nominal_training_snr;not_recovered_in_final_holdout;inconsistent_holdout_depth_signs,
146730512,1,14.615077820596335,1396.500684051467,0.29575,0.006068336399397997,1.437590242464608,0.6301291990778688,10.016782576605246,-1.8290879763109262,2,odd_even_discrepancy;long_relative_to_circular_transit;not_recovered_in_final_holdout;inconsistent_holdout_depth_signs,
146730512,2,18.027547536689234,1387.770826551467,0.088725,0.0035135526798233422,1.0938896849829352,0.47633838681355606,4.935369389039127,0.0,0,low_nominal_training_snr;insufficient_holdout_events,
146730512,3,16.342987227703656,1397.033034051467,0.22931999999999997,0.002218546598960685,0.8692297260560604,0.5429033552575409,5.523122203936488,1.716847802278403,2,long_relative_to_circular_transit;low_nominal_training_snr;not_recovered_in_final_holdout,
146837940,1,13.91308846430525,1557.8889886721051,0.29575,0.005745246275295588,1.4567350860505794,0.6672917020353486,10.737965841104774,0.7847224124430362,2,fewer_than_three_discovery_events;dominated_by_one_discovery_event;long_relative_to_circular_transit;not_recovered_in_final_holdout,
146837940,2,19.186463766089144,1555.361918672105,0.11465999999999998,0.0022710031329993556,0.9158727175876102,0.43473092568487137,6.071743088647407,0.6830462110916864,1,long_relative_to_circular_transit;low_nominal_training_snr;insufficient_holdout_events,
146837940,3,23.88759602873969,1563.495953672105,0.03822,0.00484229532417636,1.3373709705466035,0.32457658889408525,5.735636782330324,1.0438907935532638,1,fewer_than_three_discovery_events;low_nominal_training_snr;insufficient_holdout_events,
146837940,4,19.70948942172768,1552.154168672105,0.057329999999999985,0.0034024801196170986,1.1210476012808497,0.41941757132939345,5.097001548390447,-0.6945908402807427,1,fewer_than_three_discovery_events;dominated_by_one_discovery_event;low_nominal_training_snr;insufficient_holdout_events,
147207061,1,4.331939614711638,1326.3271206949491,0.061424999999999993,0.0018199876556531818,0.6568510849386412,1.5305349102321755,6.379472599988702,-1.4260526645117586,8,outside_nominal_optimistic_hz;long_relative_to_circular_transit;low_nominal_training_snr;not_recovered_in_final_holdout;inconsistent_holdout_depth_signs,
147207061,2,4.428243066480113,1328.5209031949491,0.027299999999999998,0.002473304702064181,0.7657226823038412,1.4863160368275252,5.780518057346299,0.5023280247712208,8,low_nominal_training_snr;not_recovered_in_final_holdout;inconsistent_holdout_depth_signs,
147207061,3,4.310880425784191,1326.1777931949491,0.03266666666666666,0.0020927724839591693,0.704358416911816,1.5405121569396454,5.206920423068922,-0.41348143190232467,8,outside_nominal_optimistic_hz;low_nominal_training_snr;not_recovered_in_final_holdout;inconsistent_holdout_depth_signs,
147671245,1,26.781830793895974,1710.1110680252018,0.29575,0.0035501900110232435,0.9889696741683861,0.21218795740982385,5.900969639868841,-1.1185896816103604,2,dominated_by_one_discovery_event;long_relative_to_circular_transit;low_nominal_training_snr;not_recovered_in_final_holdout;inconsistent_holdout_depth_signs,
147671245,2,25.852693045502573,1690.40487014051,0.16243500000000002,0.0034977027178412323,0.9816318090840074,0.2224163426138894,5.06202086299539,-0.6825020141933911,3,long_relative_to_circular_transit;low_nominal_training_snr;not_recovered_in_final_holdout;inconsistent_holdout_depth_signs,
147680159,1,11.958841583550791,1692.2183796951238,0.29575,0.0011090144747485688,1.0545816080406643,1.6863308958191752,15.530045918580765,0.18812436658688875,5,odd_even_discrepancy;outside_nominal_optimistic_hz;long_relative_to_circular_transit;not_recovered_in_final_holdout,
147680159,2,12.124221009395674,1686.1441296951239,0.29575,0.0011086746886484272,1.0544200413383356,1.6557311582487018,14.096422925820407,4.862660601294838,6,outside_nominal_optimistic_hz;long_relative_to_circular_transit;not_recovered_in_final_holdout,
147680159,3,11.951865878847368,1683.4742638162763,0.29575,0.0010336281556278452,1.0181077680490065,1.68764332581815,12.49867516318634,-3.347072224446619,6,outside_nominal_optimistic_hz;long_relative_to_circular_transit;not_recovered_in_final_holdout;inconsistent_holdout_depth_signs,
147680159,4,12.15479943606455,1689.0013813945288,0.29575,0.0012153595173829516,1.1039870239165865,1.6501796158469588,11.495549912040646,1.4463592305640045,5,outside_nominal_optimistic_hz;long_relative_to_circular_transit;not_recovered_in_final_holdout;inconsistent_holdout_depth_signs,
147948928,1,6.813314509464539,1473.906807315839,0.29575,0.008730035053655771,1.8161076334134427,1.4308831679504226,21.997192015947086,,0,long_relative_to_circular_transit;insufficient_holdout_events,
147948928,2,13.54177325011228,1470.710432315839,0.29575,0.011656891120274581,2.09857724795984,0.5725956452604598,22.18340857830397,,0,odd_even_discrepancy;outside_initial_small_planet_radius_range;long_relative_to_circular_transit;insufficient_holdout_events,
147948928,3,11.146930036699798,1469.6753073158388,0.29575,0.010059985083218637,1.9495404853960923,0.7422355026189822,16.370748921047106,,0,dominated_by_one_discovery_event;long_relative_to_circular_transit;insufficient_holdout_events,
147948928,4,5.975810306837502,1468.7084323158388,0.29575,0.006712725763098582,1.5925132068730403,1.7043273765020777,15.430107770436905,,0,outside_nominal_optimistic_hz;long_relative_to_circular_transit;insufficient_holdout_events,
148359442,1,9.497366980095938,1606.6660937849674,0.29575,0.002364839454336271,0.6106779785490004,0.3993892053909167,7.07308845001645,-0.7712984907462079,3,dominated_by_one_discovery_event;long_relative_to_circular_transit;not_recovered_in_final_holdout;inconsistent_holdout_depth_signs,
148359442,2,5.016766342558718,1601.5184512849673,0.124215,0.00235932632634059,0.6099657292755797,0.9353384403818252,5.930366280785954,0.025264887911037526,4,long_relative_to_circular_transit;low_nominal_training_snr;not_recovered_in_final_holdout,
148359442,3,8.574593545550528,1603.8543820408029,0.03822,0.004796417364401261,0.8697008838001302,0.4577017347644358,5.4236222078454075,-0.9631189383171471,3,low_nominal_training_snr;not_recovered_in_final_holdout;inconsistent_holdout_depth_signs,
148497173,1,5.056489302871761,1548.0420996151404,0.17198999999999998,0.003641088607456879,0.8631782871277749,1.2231593436517216,9.775558026253872,-3.6376839870724917,4,long_relative_to_circular_transit;not_recovered_in_final_holdout;inconsistent_holdout_depth_signs,
148497173,2,4.150286170934113,1547.1166296151405,0.17198999999999998,0.003767064799319373,0.8779836507406568,1.591638503353586,11.42252135444644,0.37352496899456344,4,outside_nominal_optimistic_hz;long_relative_to_circular_transit;not_recovered_in_final_holdout,
148497173,3,6.884016763382824,1545.3148296151405,0.12284999999999999,0.004528789219215404,0.9626666739009123,0.810636090875854,9.703081771273679,3.451279161674441,3,long_relative_to_circular_transit;not_recovered_in_final_holdout,
148497173,4,3.6867830843893064,1547.5834596151406,0.17198999999999998,0.004073059586246919,0.9129463680373638,1.8638818502711487,10.435393509467767,-1.0142860541635603,6,outside_nominal_optimistic_hz;long_relative_to_circular_transit;not_recovered_in_final_holdout;inconsistent_holdout_depth_signs,
148781504,1,22.67127572315959,1748.6541663674366,0.29575,0.004703748171094903,1.2881429646502396,0.2956298725465348,6.546052254563002,0.9512213316811264,2,fewer_than_three_discovery_events;dominated_by_one_discovery_event;long_relative_to_circular_transit;low_nominal_training_snr;not_recovered_in_final_holdout;inconsistent_holdout_depth_signs,
148781504,2,9.05204445031195,1743.0817813674366,0.16562,0.0028330983399409964,0.9997072909879416,1.0055122300613675,5.569129655302036,-0.1475016582553912,2,dominated_by_one_discovery_event;long_relative_to_circular_transit;low_nominal_training_snr;not_recovered_in_final_holdout;inconsistent_holdout_depth_signs,
148781504,3,20.721313731278794,1758.6755413674366,0.29575,0.00287379037341497,1.0068611353612569,0.33329327147501525,5.641223387290718,-0.5564540436773621,1,long_relative_to_circular_transit;low_nominal_training_snr;insufficient_holdout_events,
148781504,4,6.762200195101451,1741.8370413674365,0.16065000000000002,0.0031338259488660715,1.051427836658533,1.4834248932680982,6.118175798365114,0.32207547232592004,4,long_relative_to_circular_transit;low_nominal_training_snr;not_recovered_in_final_holdout;inconsistent_holdout_depth_signs,
148909368,1,19.81533671381015,1684.581574298164,0.22931999999999997,0.00034502778000872913,0.7099187783534795,1.4864563889951692,5.889836403707348,0.2248767033628874,4,fewer_than_three_discovery_events;long_relative_to_circular_transit;low_nominal_training_snr;not_recovered_in_final_holdout;inconsistent_holdout_depth_signs,
148909368,2,16.578054935082776,1698.781669298164,0.29575,0.0002492854231953741,0.6034344136350098,1.8855700939421345,5.810795763956049,1.2823737733213163,4,dominated_by_one_discovery_event;outside_nominal_optimistic_hz;long_relative_to_circular_transit;low_nominal_training_snr;not_recovered_in_final_holdout;inconsistent_holdout_depth_signs,
148909368,3,18.06933897782682,1688.247736798164,0.124215,0.0004882187978613907,0.8444790512582804,1.6809872794652638,5.966716190056194,0.720007076148158,3,fewer_than_three_discovery_events;dominated_by_one_discovery_event;outside_nominal_optimistic_hz;low_nominal_training_snr;not_recovered_in_final_holdout,
148909368,4,16.82846484605565,1690.371221798164,0.124215,0.00039022102626646324,0.7549826397928955,1.848253118124691,5.566454758380669,-1.1159183541170463,5,fewer_than_three_discovery_events;dominated_by_one_discovery_event;outside_nominal_optimistic_hz;low_nominal_training_snr;not_recovered_in_final_holdout;inconsistent_holdout_depth_signs,
148968978,1,15.699050911906843,1692.19577053509,0.29575,0.0007166796319362434,0.5115807183878079,0.6554160276758453,5.519456806154057,0.6747792738351372,7,dominated_by_one_discovery_event;long_relative_to_circular_transit;low_nominal_training_snr;not_recovered_in_final_holdout;inconsistent_holdout_depth_signs,
148969057,1,12.68069004018892,1692.254675657509,0.024499999999999997,0.0075935923688250214,1.5986246656347323,0.5896973502373933,5.926500916573846,-0.03783630880703516,6,dominated_by_one_discovery_event;low_nominal_training_snr;not_recovered_in_final_holdout;inconsistent_holdout_depth_signs,
149415767,1,12.744705061698026,1871.093297105856,0.17198999999999998,0.0016425081050267006,0.5354916691369039,0.41072019793933445,7.751287935043681,1.1429976265272541,2,long_relative_to_circular_transit;not_recovered_in_final_holdout;inconsistent_holdout_depth_signs,
149415767,2,8.053565972889114,1873.996652105856,0.03822,0.0021557323730485778,0.6134743087125829,0.7574165997811318,6.016817351809607,0.867274545511465,1,low_nominal_training_snr;insufficient_holdout_events,
149415767,3,14.233378115359905,1870.730662105856,0.29575,0.0013737911575441991,0.48973294032129827,0.35446644605589284,6.946746522480526,0.0,0,outside_initial_small_planet_radius_range;long_relative_to_circular_transit;low_nominal_training_snr;insufficient_holdout_events,
149415767,4,14.342241324066936,1881.506185348334,0.29575,0.001097224981626104,0.43767002278312483,0.35088360713563155,6.4047952364181775,1.7588433928378169,1,outside_initial_small_planet_radius_range;long_relative_to_circular_transit;low_nominal_training_snr;insufficient_holdout_events,
149423103,1,27.046859076885177,1353.2797734127626,0.238875,0.0008923393580569154,0.5675810150708711,0.2477822667609805,7.060530383085694,0.9130772979627529,4,fewer_than_three_discovery_events;dominated_by_one_discovery_event;odd_even_discrepancy;long_relative_to_circular_transit;not_recovered_in_final_holdout,
149423103,2,33.14092043545154,1336.7575859127626,0.29575,0.0005905772553535502,0.46174392960793587,0.18897597054992765,6.842393848319389,1.8472238842729607,6,outside_initial_small_planet_radius_range;outside_nominal_optimistic_hz;long_relative_to_circular_transit;low_nominal_training_snr;not_recovered_in_final_holdout;inconsistent_holdout_depth_signs,
149423103,3,21.627871724263773,1343.6594809127625,0.17198999999999998,0.0005400857745418578,0.44156455557790186,0.3338419889475377,6.881031350295005,-1.4413499367740463,7,outside_initial_small_planet_radius_range;long_relative_to_circular_transit;low_nominal_training_snr;not_recovered_in_final_holdout;inconsistent_holdout_depth_signs,
149423103,4,9.05222886309686,1334.8938359127626,0.24499999999999997,0.0002540110691402647,0.3028232089583911,1.0663144764229828,5.871085909468395,0.8687187314506853,17,outside_initial_small_planet_radius_range;long_relative_to_circular_transit;low_nominal_training_snr;not_recovered_in_final_holdout;inconsistent_holdout_depth_signs,
149470658,1,5.768697940362965,1903.340610415732,0.29575,0.0026781569962096674,0.8137557980527445,1.1487134014590858,8.373868765036779,0.30357385820577026,2,long_relative_to_circular_transit;not_recovered_in_final_holdout;inconsistent_holdout_depth_signs,
149470658,2,5.715088487132423,1905.331235415732,0.29575,0.0029206938555333,0.8498046406323537,1.1631029072003098,8.852929109266654,2.4621678257963904,2,long_relative_to_circular_transit;not_recovered_in_final_holdout,
149470658,3,7.693999917591863,1900.790790415732,0.22931999999999997,0.003356079513385398,0.9109450929216694,0.7824306419208239,7.12680564400724,0.75239443151429,1,long_relative_to_circular_transit;insufficient_holdout_events,
149470658,4,7.376081875178293,1901.440985415732,0.29575,0.0033646304023720736,0.9121048442078951,0.8277155512677339,7.234573716722411,-0.609524067187131,1,long_relative_to_circular_transit;insufficient_holdout_events,
149927512,1,12.516572879480579,1690.1040352787384,0.124215,0.0015695069035704138,1.0555651157786978,1.2540799838793302,7.924181947035796,3.1882991724470466,6,long_relative_to_circular_transit;not_recovered_in_final_holdout;inconsistent_holdout_depth_signs,
149927512,2,16.79108485322244,1687.9630327787384,0.29575,0.0010623918506781724,0.8684519195800771,0.8476192365486398,8.152357226405961,-5.031220801422223,6,long_relative_to_circular_transit;not_recovered_in_final_holdout;inconsistent_holdout_depth_signs,
149927512,3,9.400655866792636,1691.0456577787384,0.29575,0.0009279168045392316,0.8116297060211851,1.8369398682120415,7.661339855027257,3.294795327817982,7,outside_nominal_optimistic_hz;long_relative_to_circular_transit;not_recovered_in_final_holdout;inconsistent_holdout_depth_signs,
149927512,4,13.942259353704278,1695.8459077787384,0.17198999999999998,0.0022928336702607785,1.2758208328635134,1.0860794670538725,7.299699210140776,-4.297989870802105,6,dominated_by_one_discovery_event;long_relative_to_circular_transit;not_recovered_in_final_holdout;inconsistent_holdout_depth_signs,
149988104,1,51.44155532791603,1329.8384176616973,0.29575,0.0006810333080376845,0.740919648821882,0.2256781152582232,10.109595780681582,-2.8351185016374782,3,odd_even_discrepancy;long_relative_to_circular_transit;not_recovered_in_final_holdout;inconsistent_holdout_depth_signs,
149988104,2,40.911442944990846,1354.3344801616975,0.238875,0.000716846659465558,0.7601513455927497,0.30627755466370904,9.036443109227308,-0.319390000558359,4,dominated_by_one_discovery_event;long_relative_to_circular_transit;not_recovered_in_final_holdout,
149988104,3,30.952399659374052,1325.4088780023233,0.16562,0.000606532077297737,0.6992199689554549,0.44427219639210697,7.933714763336724,-1.4303421717265377,4,long_relative_to_circular_transit;not_recovered_in_final_holdout;inconsistent_holdout_depth_signs,
149988104,4,40.9955330691995,1338.8579448720457,0.29575,0.0005648181794426938,0.674747476569955,0.30544019160119285,6.992468639637231,2.6163161662152143,4,dominated_by_one_discovery_event;long_relative_to_circular_transit;low_nominal_training_snr;not_recovered_in_final_holdout,
150100106,1,5.59447067503403,1415.3361179066412,0.08599499999999999,0.003039160618450251,1.0354255113823085,1.753214628590391,16.955083137078923,6.003953457501314,21,outside_nominal_optimistic_hz;long_relative_to_circular_transit,
150100106,2,5.923134701158973,1415.0126129066412,0.08599499999999999,0.0032259730981194367,1.0667739584873386,1.6247190610930033,17.075021992133724,3.8146385115740333,19,outside_nominal_optimistic_hz;long_relative_to_circular_transit;not_recovered_in_final_holdout,
150100106,3,5.4291631904249815,1413.706307906641,0.08599499999999999,0.0029245928770163837,1.0157217298446632,1.8247493883353552,16.078431165498714,6.210368846624746,23,outside_nominal_optimistic_hz;long_relative_to_circular_transit,
150100106,4,6.910308103699789,1414.529402906641,0.08599499999999999,0.0029554667531306797,1.02106895936087,1.3228701175457858,14.953942496692255,6.701659424520805,19,long_relative_to_circular_transit,
150342546,1,16.912215146903332,1725.0745726616683,0.29575,0.00410705112237117,1.329634401656727,0.552074645456141,11.289438350676544,-3.8179888578358914,1,fewer_than_three_discovery_events;dominated_by_one_discovery_event;long_relative_to_circular_transit;insufficient_holdout_events,
150342546,2,24.7023675458627,1711.6236351616683,0.238875,0.004109585002141474,1.3300445029822618,0.3331299576555228,12.183438573216868,-0.08186723261457586,1,fewer_than_three_discovery_events;long_relative_to_circular_transit;insufficient_holdout_events,
150342546,3,9.82677369975444,1712.022579818283,0.17198999999999998,0.0025725939373078066,1.052332079286669,1.138633233669967,9.377583822905127,-0.6158919065907119,2,long_relative_to_circular_transit;not_recovered_in_final_holdout;inconsistent_holdout_depth_signs,
150342546,4,8.006874718528474,1720.1010223560029,0.29575,0.0012013670590397248,0.7191260953268137,1.4961704889511667,6.225594915524348,-2.1623346181173653,3,long_relative_to_circular_transit;low_nominal_training_snr;not_recovered_in_final_holdout;inconsistent_holdout_depth_signs,
150359500,1,14.467844370659796,1325.778714452393,0.29575,0.009374367845896313,3.7110063693733273,1.876615548936742,326.0168304386268,150.46291559667273,8,odd_even_discrepancy;outside_initial_small_planet_radius_range;outside_nominal_optimistic_hz;long_relative_to_circular_transit,
150359500,2,14.46762433713413,1336.147026952393,0.238875,0.010196389345542574,3.870293579368178,1.876653603503507,309.6457451938683,232.49262681024067,8,odd_even_discrepancy;outside_initial_small_planet_radius_range;outside_nominal_optimistic_hz;long_relative_to_circular_transit,
150359500,3,14.467731596547011,1331.995151952393,0.238875,0.009541742047600032,3.743988792672478,1.8766350529322007,299.9272105604879,257.72729010493816,9,odd_even_discrepancy;outside_initial_small_planet_radius_range;outside_nominal_optimistic_hz;long_relative_to_circular_transit,
150359500,4,14.467658451101475,1327.8774019523928,0.238875,0.010364224143826085,3.9020165099033806,1.8766477034402915,300.4378511261423,278.47245385499383,9,odd_even_discrepancy;outside_initial_small_planet_radius_range;outside_nominal_optimistic_hz;long_relative_to_circular_transit,
150362418,1,14.453569146507375,1725.19390757334,0.238875,0.0008023196164350431,0.8227519679044194,1.5989138282314015,8.720407140877914,0.0,0,outside_nominal_optimistic_hz;long_relative_to_circular_transit;insufficient_holdout_events,
150362418,2,22.26558474777901,1719.8701800733402,0.21658000000000002,0.0006221630894479831,0.7245149404991706,0.8986965149141305,5.37037797865073,-1.3985170766901744,1,fewer_than_three_discovery_events;long_relative_to_circular_transit;low_nominal_training_snr;insufficient_holdout_events,
150362418,3,13.274398858196909,1721.5994075733402,0.238875,0.0006964937889665075,0.7665735820584046,1.7910403939033188,5.127560547169505,1.3336955634062069,2,fewer_than_three_discovery_events;outside_nominal_optimistic_hz;long_relative_to_circular_transit;low_nominal_training_snr;not_recovered_in_final_holdout,
150362418,4,13.861962390315412,1716.5197117400069,0.02275,0.0012366499751641626,1.0214535472252757,1.6905404871091172,5.180263717654026,1.0987803574298076,2,outside_nominal_optimistic_hz;low_nominal_training_snr;not_recovered_in_final_holdout,
150387899,1,6.658980770771507,1717.5840739219577,0.170625,0.0016793672433923434,0.657814983457357,1.0413856618400907,6.424328070802915,-0.5225989390320145,6,long_relative_to_circular_transit;low_nominal_training_snr;not_recovered_in_final_holdout;inconsistent_holdout_depth_signs,
150387899,2,12.414667582585562,1719.9273239219576,0.238875,0.0017828234264197877,0.677774286629605,0.45384596765824764,5.98868483237165,-0.651784647454116,4,dominated_by_one_discovery_event;long_relative_to_circular_transit;low_nominal_training_snr;not_recovered_in_final_holdout;inconsistent_holdout_depth_signs,
150387899,3,8.163380794792634,1715.3648114219577,0.05095999999999999,0.002901570726219887,0.8646642496282587,0.7937100286682355,5.449430062158619,0.7161707694783068,6,low_nominal_training_snr;not_recovered_in_final_holdout;inconsistent_holdout_depth_signs,
150387899,4,5.592062124072424,1715.3998464219576,0.057329999999999985,0.0025411855699582395,0.8091874020687172,1.314395181258896,5.55441715413065,-0.2051969378556343,7,low_nominal_training_snr;not_recovered_in_final_holdout;inconsistent_holdout_depth_signs,
151827657,1,13.626763622402327,1558.150326997594,0.29575,0.0030825374266299664,1.2428583315303343,0.9992536488068755,9.01034965377886,1.4754892497567054,2,fewer_than_three_discovery_events;long_relative_to_circular_transit;not_recovered_in_final_holdout,
151827657,2,18.43493365875122,1563.2575554342534,0.11465999999999998,0.0019979283003217926,1.0005928567921296,0.6678474426800025,5.924050563998204,0.3889473092581123,2,long_relative_to_circular_transit;low_nominal_training_snr;not_recovered_in_final_holdout,
151827657,3,13.74269045771732,1550.8806718980768,0.029399999999999996,0.003117712507680019,1.249929394533434,0.9880305049041654,5.272133260676717,-0.14341351907400168,1,low_nominal_training_snr;insufficient_holdout_events,
151827657,4,15.089402944335285,1551.2618918980768,0.22931999999999997,0.001196870672299691,0.7744458582177152,0.8722412699407427,6.26866139117035,2.2889445620967765,2,long_relative_to_circular_transit;low_nominal_training_snr;not_recovered_in_final_holdout;inconsistent_holdout_depth_signs,
15231995,1,5.066690246411636,2013.25088445554,0.238875,0.004540381795285658,0.9933299796883395,1.2724721166477773,11.809714116028838,11.392450880826317,5,odd_even_discrepancy;long_relative_to_circular_transit,
15231995,2,5.869940256812495,2010.46150695554,0.16562,0.005358444831120031,1.0791125369198267,1.0457691809014562,10.410488912111704,-9.143796574945931,4,long_relative_to_circular_transit;not_recovered_in_final_holdout;inconsistent_holdout_depth_signs,
15231995,3,6.299507109261285,2015.124367667212,0.16562,0.0055323659970442736,1.0964852855265708,0.9517845553124723,9.200202655001018,9.646269770924057,4,odd_even_discrepancy;long_relative_to_circular_transit,
15231995,4,5.862884583058191,2011.272810167212,0.11245500000000001,0.006622626288631337,1.1996718838736231,1.0474475551154803,9.962672943472533,-9.26501624436844,4,long_relative_to_circular_transit;not_recovered_in_final_holdout;inconsistent_holdout_depth_signs,
152475404,1,12.40738216156284,1413.5222849159636,0.12284999999999999,0.005615657090246991,1.669337100162298,0.8286413037189486,41.99186759319947,25.683892659922186,2,long_relative_to_circular_transit;inconsistent_holdout_depth_signs,
152475404,2,9.428581409509512,1419.4846049159637,0.12284999999999999,0.007549309304683798,1.9355186699032885,1.194936926773683,56.14565806849398,48.63885063348,2,long_relative_to_circular_transit,
152475404,3,9.444783058936094,1419.4140449159636,0.16065000000000002,0.02099948760630112,3.2281083572378586,1.19220463715456,98.16415227744298,42.710619984759525,2,outside_initial_small_planet_radius_range;long_relative_to_circular_transit,
152475404,4,7.2953341504575535,1413.5643724159636,0.124215,0.00772870021032804,1.9583800938056695,1.682208684877114,62.80125267665064,55.48790153429159,3,dominated_by_one_discovery_event;outside_nominal_optimistic_hz;long_relative_to_circular_transit,
152851749,1,17.59847150073923,1582.609139173697,0.057329999999999985,0.04620105634412309,2.8165715391439203,0.19182112262666268,43.14130890909374,-0.1443465492618332,4,fewer_than_three_discovery_events;dominated_by_one_discovery_event;outside_initial_small_planet_radius_range;outside_nominal_optimistic_hz;not_recovered_in_final_holdout;inconsistent_holdout_depth_signs,
152851749,2,13.850262246220359,1573.0386691736971,0.29575,0.001709503038668192,0.541788487400625,0.2639889195373447,7.3380987510286095,-0.17549202865825794,3,long_relative_to_circular_transit;not_recovered_in_final_holdout,
152851749,3,13.525787591460455,1577.710626673697,0.11245500000000001,0.0022008548476403515,0.6147386713211391,0.2724663935305818,6.1639173872277695,0.5498494374856718,3,long_relative_to_circular_transit;low_nominal_training_snr;not_recovered_in_final_holdout,
152851749,4,10.269286620451272,1572.595044173697,0.12739999999999999,0.0022348712783022678,0.6194711580850895,0.393377328636483,7.033040844819301,0.7097954117279615,6,long_relative_to_circular_transit;not_recovered_in_final_holdout,
153949589,1,15.63723561785881,1692.4055214904563,0.238875,0.0022923445447249704,0.9410789076458941,0.5730396926655241,5.885444197013391,1.5907093228006592,4,dominated_by_one_discovery_event;long_relative_to_circular_transit;low_nominal_training_snr;not_recovered_in_final_holdout,
153949589,2,22.312155763413386,1689.3128864904563,0.08599499999999999,0.0032773659062570685,1.125248800430206,0.35673246473561276,4.730569168997783,0.5164169705558831,3,low_nominal_training_snr;not_recovered_in_final_holdout,
153977439,1,14.239407485218184,1696.1318898755876,0.29575,0.0007311404910933423,0.9389471018908481,1.7367149058899394,9.941415190867318,-0.8689947312857093,6,fewer_than_three_discovery_events;dominated_by_one_discovery_event;outside_nominal_optimistic_hz;long_relative_to_circular_transit;not_recovered_in_final_holdout;inconsistent_holdout_depth_signs,
153977439,2,22.583368526957546,1700.1636448755876,0.04094999999999999,0.0007660468958390692,0.961099577395846,0.9390011568439869,5.492006684118539,0.8234350392616852,5,dominated_by_one_discovery_event;low_nominal_training_snr;not_recovered_in_final_holdout,
153977439,3,20.065509562838276,1686.810223208921,0.024499999999999997,0.0010835688017207436,1.143059806487461,1.0993032164699519,5.923640617852619,-0.44648687278260996,4,dominated_by_one_discovery_event;odd_even_discrepancy;low_nominal_training_snr;not_recovered_in_final_holdout;inconsistent_holdout_depth_signs,
153977439,4,32.89089061132109,1705.3233448755877,0.17198999999999998,0.0004510675053874834,0.7374990729178316,0.5687877638766645,5.366050258788365,-2.10384766165579,2,fewer_than_three_discovery_events;dominated_by_one_discovery_event;low_nominal_training_snr;not_recovered_in_final_holdout;inconsistent_holdout_depth_signs,
154070383,1,14.109851535666438,1695.910287145314,0.238875,0.0010285347243967288,0.48328370639555585,0.34489164915516446,6.238856583646613,-1.3599924542246793,6,dominated_by_one_discovery_event;outside_initial_small_planet_radius_range;long_relative_to_circular_transit;low_nominal_training_snr;not_recovered_in_final_holdout;inconsistent_holdout_depth_signs,
154070383,2,12.991313045539536,1684.6205996453139,0.29575,0.0011439006411246555,0.5096673651368349,0.3850423866246553,6.723394844866225,0.13436301572410436,8,long_relative_to_circular_transit;low_nominal_training_snr;not_recovered_in_final_holdout;inconsistent_holdout_depth_signs,
154070383,3,5.90704781802401,1687.813334645314,0.17198999999999998,0.000595491627585773,0.3677312212649963,1.1012483965429927,5.37515651235962,-0.02182909425450401,15,outside_initial_small_planet_radius_range;long_relative_to_circular_transit;low_nominal_training_snr;not_recovered_in_final_holdout;inconsistent_holdout_depth_signs,
154070383,4,7.9235146815940825,1685.713474645314,0.18374999999999997,0.0006471389322423828,0.3833464432629968,0.7444269978495037,4.980890479757019,1.269393076894911,11,outside_initial_small_planet_radius_range;long_relative_to_circular_transit;low_nominal_training_snr;not_recovered_in_final_holdout,
154090326,1,13.497200591766017,1685.556832120803,0.11245500000000001,0.0019455610950247417,0.8669789028926053,0.8437633752020429,6.2042682103944795,0.8937665839318676,6,long_relative_to_circular_transit;low_nominal_training_snr;not_recovered_in_final_holdout,
154090326,2,39.378424410554636,1690.6891621208028,0.170625,0.002638811955003339,1.0096952527347682,0.20239564315801314,6.32003858571696,0.16255419642861618,3,fewer_than_three_discovery_events;dominated_by_one_discovery_event;outside_nominal_optimistic_hz;long_relative_to_circular_transit;low_nominal_training_snr;not_recovered_in_final_holdout;inconsistent_holdout_depth_signs,
154090326,3,21.698643414095947,1691.031549620803,0.12739999999999999,0.002965536509148906,1.0703793707131999,0.44802491161848906,6.484551887454017,-0.5480612024475078,5,long_relative_to_circular_transit;low_nominal_training_snr;not_recovered_in_final_holdout;inconsistent_holdout_depth_signs,
154090326,4,27.226397179992684,1695.8363496208028,0.29575,0.002156824988840141,0.9128376540044562,0.3310488160393268,6.160115082157135,2.4314877149032226,2,fewer_than_three_discovery_events;dominated_by_one_discovery_event;long_relative_to_circular_transit;low_nominal_training_snr;not_recovered_in_final_holdout,
15420746,1,6.764766305169619,1714.638653925283,0.29575,0.016893728702185237,1.7173614732597668,0.651636039010777,16.764282127562968,1.0726612431818354,1,dominated_by_one_discovery_event;odd_even_discrepancy;long_relative_to_circular_transit;insufficient_holdout_events,
15420746,2,7.639250457261979,1717.323153925283,0.29575,0.014327704803618304,1.5815658198882852,0.5541251061144081,12.209219799808455,2.0090282661170047,1,dominated_by_one_discovery_event;odd_even_discrepancy;long_relative_to_circular_transit;insufficient_holdout_events,
15420746,3,3.5450413462729182,1712.591153925283,0.29575,0.007699533884698424,1.1593943386801975,1.5423410568247642,12.069313411394724,3.4193012679117465,2,outside_nominal_optimistic_hz;long_relative_to_circular_transit;not_recovered_in_final_holdout,
15420746,4,6.017728043356216,1711.635653925283,0.29575,0.011565810094251568,1.4209767976491987,0.7616674856662808,10.395983428436836,-1.6538649217172228,1,long_relative_to_circular_transit;insufficient_holdout_events,
154341239,1,14.03771040250514,1826.5682950372245,0.29575,0.00032980717413978695,0.6187258072968869,1.840031495662127,7.349968361056172,-1.4807244415396945,8,outside_nominal_optimistic_hz;long_relative_to_circular_transit;not_recovered_in_final_holdout;inconsistent_holdout_depth_signs,
154341239,2,18.772134765220034,1829.2243575372245,0.170625,0.000345100334137557,0.6329084174631866,1.2489222725642517,6.092922011183051,-0.14426055803118362,5,long_relative_to_circular_transit;low_nominal_training_snr;not_recovered_in_final_holdout,
154341239,3,20.66690858894897,1819.3656450372246,0.03822,0.0005949308883701112,0.8310007976769179,1.0986337515552742,5.194544907983118,-0.35633932779267913,7,low_nominal_training_snr;not_recovered_in_final_holdout;inconsistent_holdout_depth_signs,
154567574,1,24.731663507246537,1684.141686717681,0.08599499999999999,0.001943772955722143,0.6980786530761188,0.21489794468307935,5.270112645220746,-1.0323116782848845,4,fewer_than_three_discovery_events;low_nominal_training_snr;not_recovered_in_final_holdout;inconsistent_holdout_depth_signs,
154567574,2,17.00310253155246,1689.966369217681,0.29575,0.0010456300140823252,0.5120007656659198,0.3541596954786504,5.661548022447123,1.7459322159139956,8,long_relative_to_circular_transit;low_nominal_training_snr;not_recovered_in_final_holdout;inconsistent_holdout_depth_signs,
154998483,1,20.881715914852073,1884.080040329131,0.17198999999999998,0.004561625226517536,0.9587750874474456,0.17031058661148193,12.85231042611456,0.0,0,outside_nominal_optimistic_hz;long_relative_to_circular_transit;insufficient_holdout_events,
154998483,2,4.618244252508119,1874.8458153291308,0.29575,0.0014331726319645282,0.5374105565565642,1.2733878187256356,10.506949425122528,0.6606741141106991,2,long_relative_to_circular_transit;not_recovered_in_final_holdout;inconsistent_holdout_depth_signs,
154998483,3,17.233557139995064,1887.2546207168189,0.29575,0.0029685051495566333,0.7734386013956561,0.22000369977391604,9.971388459270917,-5.436904489733135,1,long_relative_to_circular_transit;insufficient_holdout_events,
154998483,4,17.078778698116068,1878.746120716819,0.29575,0.0024636202401372067,0.7046019192071643,0.2226661196411287,9.78876395742354,3.0915529227189027,1,long_relative_to_circular_transit;insufficient_holdout_events,
155441032,1,8.702790824184325,1492.310866213378,0.29575,0.0014374860740211737,0.6375821232071572,0.9964563564019533,6.108088432368826,-1.507023802041567,2,long_relative_to_circular_transit;low_nominal_training_snr;not_recovered_in_final_holdout;inconsistent_holdout_depth_signs,
155441032,2,15.8252052094936,1492.761771213378,0.057329999999999985,0.0034074300053668237,0.9816299044775092,0.4489560982001023,5.375046083132273,-1.4510500091147305,2,low_nominal_training_snr;not_recovered_in_final_holdout;inconsistent_holdout_depth_signs,
155441032,3,20.180338885283085,1502.798616213378,0.29575,0.0030501410882328786,0.9287402615609852,0.32466220613351937,7.722684087875494,0.0,0,fewer_than_three_discovery_events;long_relative_to_circular_transit;insufficient_holdout_events,
155441032,4,8.307959973689591,1493.143341213378,0.05354999999999999,0.0037642410864452748,1.0317465466890785,1.0600926288761012,4.556489272521927,0.3921067013490176,2,low_nominal_training_snr;not_recovered_in_final_holdout;inconsistent_holdout_depth_signs,
155894324,1,19.852060650023077,1696.097093156932,0.29575,0.0029259896450770846,0.886015336222632,0.31742672022363994,8.962585236809165,-2.879601191802241,4,dominated_by_one_discovery_event;long_relative_to_circular_transit;not_recovered_in_final_holdout;inconsistent_holdout_depth_signs,
155894324,2,19.413160180256046,1694.561468156932,0.29575,0.0022008141199712284,0.7684162291331678,0.3270312760802313,6.187101456975624,-0.927622526095676,3,dominated_by_one_discovery_event;long_relative_to_circular_transit;low_nominal_training_snr;not_recovered_in_final_holdout;inconsistent_holdout_depth_signs,
155894324,3,6.3577280531988904,1684.830155656932,0.238875,0.0014543115879388743,0.6246454474839911,1.448710728943424,6.350549740604915,-0.3103423607462916,15,long_relative_to_circular_transit;low_nominal_training_snr;not_recovered_in_final_holdout;inconsistent_holdout_depth_signs,
155894324,4,12.819460655490943,1684.036968156932,0.24499999999999997,0.0019394065811096537,0.7213387772299868,0.5687105278554049,6.233766090647521,-0.37529698689239394,7,long_relative_to_circular_transit;low_nominal_training_snr;not_recovered_in_final_holdout;inconsistent_holdout_depth_signs,
156004616,1,9.537665205634397,1931.165497751822,0.088725,0.0056323599847562566,1.3358152413413573,0.8020817045815539,6.6759732105631,0.1317940856840445,2,long_relative_to_circular_transit;low_nominal_training_snr;not_recovered_in_final_holdout;inconsistent_holdout_depth_signs,
156152778,1,14.466627366761607,1695.470241565756,0.29575,0.003065198056252321,0.955212386555546,0.44932570909430836,10.142996208981284,0.02003068768019453,8,fewer_than_three_discovery_events;dominated_by_one_discovery_event;long_relative_to_circular_transit;not_recovered_in_final_holdout;inconsistent_holdout_depth_signs,
156152778,2,20.492447846693622,1688.144741565756,0.29575,0.0017885107591171408,0.7296531357943978,0.282439788130556,7.2191554244533,-0.519836285176177,6,dominated_by_one_discovery_event;odd_even_discrepancy;long_relative_to_circular_transit;not_recovered_in_final_holdout;inconsistent_holdout_depth_signs,
156152778,3,16.253931742537063,1690.075236565756,0.05354999999999999,0.0028254845687786237,0.9171009527106301,0.38468603395741,5.407277956466504,-1.271998416678104,7,fewer_than_three_discovery_events;dominated_by_one_discovery_event;low_nominal_training_snr;not_recovered_in_final_holdout;inconsistent_holdout_depth_signs,
156152778,4,10.195883207503746,1689.384616565756,0.29575,0.0011407734198825758,0.5827340180557994,0.716392766857827,5.733460195626201,1.5769983568506454,11,long_relative_to_circular_transit;low_nominal_training_snr;not_recovered_in_final_holdout,
156152779,1,14.112768040478125,1684.4933693431747,0.29575,0.0021023680214794093,0.7860815645517709,0.4607743075201761,8.25750387192306,-0.4222810528392719,7,long_relative_to_circular_transit;not_recovered_in_final_holdout;inconsistent_holdout_depth_signs,
156152779,2,15.09288116588449,1695.9448093431745,0.16562,0.0025289369743753815,0.862148830102496,0.42131635949640717,6.440579945359972,-2.8771664413735336,8,fewer_than_three_discovery_events;dominated_by_one_discovery_event;long_relative_to_circular_transit;low_nominal_training_snr;not_recovered_in_final_holdout;inconsistent_holdout_depth_signs,
156152779,3,6.259296386695066,1685.3646943431745,0.03822,0.0019732447735467777,0.7615592908135606,1.3622929351694073,4.954093787969873,-0.1665225491323722,15,low_nominal_training_snr;not_recovered_in_final_holdout;inconsistent_holdout_depth_signs,
156152779,4,6.096845272304903,1685.6511168431746,0.08599499999999999,0.0015349537940581907,0.6716776439190136,1.4109045317475173,5.285468135256792,-0.7905506976739878,16,long_relative_to_circular_transit;low_nominal_training_snr;not_recovered_in_final_holdout;inconsistent_holdout_depth_signs,
156171605,1,15.102516287433092,1696.2210857673922,0.29575,0.0029928567973298128,0.6869962978417693,0.210750117186354,7.054728163167105,-0.7242014028817154,12,long_relative_to_circular_transit;not_recovered_in_final_holdout;inconsistent_holdout_depth_signs,
156171605,2,17.08676206186812,1690.772005767392,0.11465999999999998,0.0032258625030814497,0.713237804214091,0.17876694266388604,5.660393026117839,0.09827833907662326,11,dominated_by_one_discovery_event;outside_nominal_optimistic_hz;long_relative_to_circular_transit;low_nominal_training_snr;not_recovered_in_final_holdout;inconsistent_holdout_depth_signs,
156171605,3,8.316684190153097,1691.514565767392,0.03822,0.004194645891618168,0.813315558090282,0.46691012819300115,5.474445304153854,0.8292612527460003,17,low_nominal_training_snr;not_recovered_in_final_holdout;inconsistent_holdout_depth_signs,
156171605,4,11.136609040931134,1692.3526757673922,0.22931999999999997,0.0020154834321735146,0.5637688088462727,0.31634643421460784,5.49845531026984,-0.696717940602713,12,dominated_by_one_discovery_event;long_relative_to_circular_transit;low_nominal_training_snr;not_recovered_in_final_holdout;inconsistent_holdout_depth_signs,
156462029,1,30.590226523105805,1695.581731499259,0.22931999999999997,0.009091269475286321,1.7075353417890347,0.2306873334726968,12.504349884126997,3.29995848424945,5,dominated_by_one_discovery_event;long_relative_to_circular_transit;not_recovered_in_final_holdout,
156462029,2,28.369850227602342,1685.180431499259,0.22931999999999997,0.007436639672269166,1.5443502593883753,0.25506915824844917,8.842007947909677,1.3096884719394206,4,fewer_than_three_discovery_events;dominated_by_one_discovery_event;long_relative_to_circular_transit;not_recovered_in_final_holdout,
156462029,3,30.861943432393677,1712.4322014992588,0.16562,0.01305647877207378,2.0463054894825063,0.22798326997870144,9.669429284049254,-0.8490795321391996,3,fewer_than_three_discovery_events;dominated_by_one_discovery_event;outside_initial_small_planet_radius_range;long_relative_to_circular_transit;not_recovered_in_final_holdout,
156462029,4,15.60466895927494,1698.987406499259,0.29575,0.0054122387669380614,1.3174856988035288,0.5659715400229649,8.20957780607079,-2.4799510463397967,9,long_relative_to_circular_transit;not_recovered_in_final_holdout;inconsistent_holdout_depth_signs,
156491690,1,6.946541511021331,1711.7968346613543,0.22491000000000003,0.0034022970192108,1.0700620989123188,1.5871001917909273,76.45301409872232,26.307366435206518,17,odd_even_discrepancy;outside_nominal_optimistic_hz;long_relative_to_circular_transit,
156491690,2,6.946484775017903,1714.3196171613542,0.238875,0.003531600035459375,1.0902061453143608,1.5871174755149808,77.16783439342944,18.7703429079201,16,outside_nominal_optimistic_hz;long_relative_to_circular_transit,
156491690,3,6.946795065302588,1715.5708671613543,0.238875,0.0035242172451224506,1.089066014185351,1.5870229545236474,74.59173051929021,26.986605123053625,19,odd_even_discrepancy;outside_nominal_optimistic_hz;long_relative_to_circular_transit,
156491690,4,6.946639424655961,1712.4199921613542,0.238875,0.003254638873092648,1.046584438860431,1.587070364728998,73.2314716361871,27.2990738650152,17,outside_nominal_optimistic_hz;long_relative_to_circular_transit,
156495054,1,30.130356860640514,1720.0924660368341,0.29575,0.0006216159403571323,0.9392771433299328,0.9549167601726473,12.639805428540015,-0.5419116744910911,3,dominated_by_one_discovery_event;long_relative_to_circular_transit;not_recovered_in_final_holdout;inconsistent_holdout_depth_signs,
156495054,2,45.83312182588189,1747.8815910368342,0.29575,0.0013960708122306097,1.407623168856582,0.5458399235253943,16.43814979133272,0.022429439390137897,2,fewer_than_three_discovery_events;dominated_by_one_discovery_event;long_relative_to_circular_transit;not_recovered_in_final_holdout;inconsistent_holdout_depth_signs,
156495054,3,60.358625535873145,1736.4492610368343,0.16562,0.0007443771477135869,1.027848718566811,0.3781395424132916,10.138939448533797,-0.4652648263396565,3,fewer_than_three_discovery_events;dominated_by_one_discovery_event;not_recovered_in_final_holdout;inconsistent_holdout_depth_signs,
156495054,4,33.53851638629389,1742.1258410368343,0.29575,0.0006358199743208398,0.9499478549776024,0.8277758531818156,11.774307752778839,2.5977169322910845,5,dominated_by_one_discovery_event;long_relative_to_circular_transit;not_recovered_in_final_holdout;inconsistent_holdout_depth_signs,
156495056,1,28.68107060923209,1711.6863391759234,0.29575,0.002109694780360267,1.4344632787314422,0.7162689959214261,16.404690873512138,-4.8785395936550024,7,dominated_by_one_discovery_event;odd_even_discrepancy;long_relative_to_circular_transit;not_recovered_in_final_holdout;inconsistent_holdout_depth_signs,
156495056,2,58.54986215025541,1730.6681751095355,0.22931999999999997,0.0014997943489142003,1.209471049511645,0.2765893552393077,10.601544283959964,-1.8275942728863126,1,long_relative_to_circular_transit;insufficient_holdout_events,
156495056,3,39.26254391301115,1719.3291201095353,0.29575,0.0014253100943221982,1.1790556434731159,0.47122904485716455,11.105382169298265,1.206698462070373,2,long_relative_to_circular_transit;not_recovered_in_final_holdout,
156495056,4,51.739444491629065,1761.9387326095355,0.124215,0.0020699076613299064,1.420872493528164,0.3261676984381337,9.423998380452003,1.3871886068517825,4,not_recovered_in_final_holdout,
157246219,1,15.34862374317359,1476.8310197236679,0.16562,0.0013374840154823197,0.7268240276270075,0.6111368417323416,6.834305413829498,0.7662645874329167,6,long_relative_to_circular_transit;low_nominal_training_snr;not_recovered_in_final_holdout,
157246219,2,7.415621353529333,1471.3531872236679,0.11245500000000001,0.0010686281939567728,0.6496781934002989,1.6120097227812542,6.291931785718835,-2.160111706186635,12,outside_nominal_optimistic_hz;long_relative_to_circular_transit;low_nominal_training_snr;not_recovered_in_final_holdout;inconsistent_holdout_depth_signs,
157246219,3,11.907556025602435,1469.447734723668,0.017499999999999998,0.0035119121463806345,1.177759991637363,0.8573027311482394,5.882723199884476,-1.306537427598269,5,low_nominal_training_snr;not_recovered_in_final_holdout;inconsistent_holdout_depth_signs,
157246219,4,9.515761610678226,1474.4989347236678,0.0441,0.0019217757894171143,0.8712370476544448,1.1560403176618301,5.698101736937627,0.9262918950570463,10,low_nominal_training_snr;not_recovered_in_final_holdout,
157631248,1,13.671384376942214,1476.966722030926,0.29575,0.00810138892767135,1.3760092851668237,0.31970793069148895,8.648589066944622,0.9608269037261082,2,fewer_than_three_discovery_events;dominated_by_one_discovery_event;long_relative_to_circular_transit;not_recovered_in_final_holdout,
157631248,2,5.457594098687579,1473.656597030926,0.29575,0.0020857749323067044,0.6981927667972168,1.0876815406491112,7.345001177791411,3.070607216075476,8,long_relative_to_circular_transit;not_recovered_in_final_holdout,
157631248,3,10.858654821963016,1475.699410247627,0.124215,0.0037831329509310286,0.940302142039375,0.4346456767051865,6.146189727032228,-1.9259020687476567,4,dominated_by_one_discovery_event;long_relative_to_circular_transit;low_nominal_training_snr;not_recovered_in_final_holdout;inconsistent_holdout_depth_signs,
157631248,4,3.981379864577919,1470.583617747627,0.05095999999999999,0.0030839121551064505,0.8489705452574382,1.656247543114521,4.763067971601235,-0.41086353638884116,11,outside_nominal_optimistic_hz;low_nominal_training_snr;not_recovered_in_final_holdout;inconsistent_holdout_depth_signs,
157853745,1,7.3954860410734105,1684.759388843614,0.09554999999999998,0.0023062855627867737,0.9911329904196611,1.739600648710895,29.933242097647383,2.9191635052512823,3,outside_nominal_optimistic_hz;long_relative_to_circular_transit;not_recovered_in_final_holdout,
157853745,2,7.397367310736725,1684.175396343614,0.08599499999999999,0.0024113268471398983,1.0134525801481193,1.7390107957598009,28.242880437926505,-9.34182597591336,3,outside_nominal_optimistic_hz;long_relative_to_circular_transit;not_recovered_in_final_holdout;inconsistent_holdout_depth_signs,
157853745,3,7.097693184574449,1688.013986343614,0.11245500000000001,0.0020034165810328608,0.9237639798038767,1.8375911640003644,28.114265842862125,10.025919920267492,3,outside_nominal_optimistic_hz;long_relative_to_circular_transit,
157853745,4,7.69118399215792,1685.068106343614,0.08599499999999999,0.002322214600878112,0.994549876079854,1.6510019593762386,26.952381559779578,0.24703059713620487,3,outside_nominal_optimistic_hz;long_relative_to_circular_transit;not_recovered_in_final_holdout,
157912382,1,13.165717547614118,1942.6168364722212,0.238875,0.019593340741306118,2.3997582079894486,0.5817712860578161,5.903183832268309,0.0,0,fewer_than_three_discovery_events;dominated_by_one_discovery_event;outside_initial_small_planet_radius_range;long_relative_to_circular_transit;low_nominal_training_snr;insufficient_holdout_events,
157912382,2,14.267124390879337,1942.9637739722214,0.29575,0.003700413130733969,1.042889624702654,0.5226725958305668,5.000889439402246,0.0,0,fewer_than_three_discovery_events;dominated_by_one_discovery_event;long_relative_to_circular_transit;low_nominal_training_snr;insufficient_holdout_events,
158014412,1,29.851966515926158,1705.4653997683595,0.11465999999999998,0.0015803075161599683,1.0027585426636108,0.33559099448665547,5.498497952740982,1.9151370000927341,6,fewer_than_three_discovery_events;low_nominal_training_snr;not_recovered_in_final_holdout,
158014412,2,13.868948404511583,1689.5956822683593,0.238875,0.0011433067633704129,0.8529173599635294,0.9326446054311125,5.520866655383235,1.7293919209644775,7,fewer_than_three_discovery_events;dominated_by_one_discovery_event;long_relative_to_circular_transit;low_nominal_training_snr;not_recovered_in_final_holdout,
158014412,3,18.064732370091896,1697.5251947683594,0.057329999999999985,0.0014277645136591625,0.9531337751970617,0.6556401133795094,4.818246401144754,-0.4209403638234434,8,dominated_by_one_discovery_event;low_nominal_training_snr;not_recovered_in_final_holdout;inconsistent_holdout_depth_signs,
158014412,4,21.5652588224661,1684.6226197683593,0.017499999999999998,0.0030502756424690795,1.39314111990983,0.5177276098806664,4.959028367389594,0.5458067554710138,3,fewer_than_three_discovery_events;dominated_by_one_discovery_event;low_nominal_training_snr;not_recovered_in_final_holdout,
158032985,1,5.148762045344039,1738.9227163794797,0.238875,0.0013186573538416548,0.4956665154530642,0.9997563939086966,6.178221665825474,1.2659497269363449,4,outside_initial_small_planet_radius_range;long_relative_to_circular_transit;low_nominal_training_snr;not_recovered_in_final_holdout;inconsistent_holdout_depth_signs,
158032985,2,8.972948772744916,1739.8998617148882,0.238875,0.0016455233299258536,0.5537014015099386,0.47670645629830577,5.7162592738357265,0.2534154290148875,2,long_relative_to_circular_transit;low_nominal_training_snr;not_recovered_in_final_holdout,
158035258,1,7.1851450701461665,1744.0699519257116,0.29575,0.003906784220286222,1.0169733414296966,1.089560770357744,15.599223860390511,1.2900444891365264,4,long_relative_to_circular_transit;not_recovered_in_final_holdout,
158035258,2,7.072054100494569,1740.8394519257117,0.29575,0.0038223402602289096,1.0059225144501223,1.1128537162720773,14.084515214215152,-1.3400656271856322,4,long_relative_to_circular_transit;not_recovered_in_final_holdout;inconsistent_holdout_depth_signs,
158035258,3,7.1822550588179865,1744.8718894257117,0.238875,0.003507302079469353,0.9635770386873865,1.0901453693167888,11.522443143332119,-1.5808274909546154,4,odd_even_discrepancy;long_relative_to_circular_transit;not_recovered_in_final_holdout;inconsistent_holdout_depth_signs,
158035258,4,7.22377724430729,1745.7648269257118,0.29575,0.002732942486123566,0.8505798736903557,1.0817985267175374,11.181348960919204,-0.808500171571677,3,odd_even_discrepancy;long_relative_to_circular_transit;not_recovered_in_final_holdout;inconsistent_holdout_depth_signs,
158213116,1,27.26794052425795,1706.0325372373343,0.29575,0.0007532111579483107,0.6952803333509926,0.4695768040180244,8.70609872837012,2.3358668974176706,3,fewer_than_three_discovery_events;dominated_by_one_discovery_event;long_relative_to_circular_transit;not_recovered_in_final_holdout,
158213116,2,37.5420673325058,1697.5636222373344,0.11465999999999998,0.0011852807007782513,0.8721921613203646,0.30658589746995935,7.721663237347273,0.5308945850753446,2,fewer_than_three_discovery_events;dominated_by_one_discovery_event;not_recovered_in_final_holdout;inconsistent_holdout_depth_signs,
158213116,3,13.39364098179981,1693.8956397373342,0.124215,0.0005221947455022539,0.5789190241928022,1.2116528694505817,5.775044670412219,0.9797284364516751,8,long_relative_to_circular_transit;low_nominal_training_snr;not_recovered_in_final_holdout;inconsistent_holdout_depth_signs,
158213116,4,13.89538111635699,1687.3752622373343,0.057329999999999985,0.0006736001340248178,0.6575104432266006,1.153672310520283,5.570155017833708,0.6827417876960107,7,low_nominal_training_snr;not_recovered_in_final_holdout;inconsistent_holdout_depth_signs,
158319116,1,19.854156205165907,1697.6663073138845,0.238875,0.0011284327603574135,0.6969554711981633,0.4099932470085815,6.701963588913407,2.739102435219904,3,dominated_by_one_discovery_event;long_relative_to_circular_transit;low_nominal_training_snr;not_recovered_in_final_holdout,
158319116,2,22.059717024082264,1690.4998298138846,0.22931999999999997,0.0010799613249619017,0.6818224395191395,0.3562695456438953,6.4455410185212685,0.611481891758066,3,dominated_by_one_discovery_event;long_relative_to_circular_transit;low_nominal_training_snr;not_recovered_in_final_holdout,
158319116,3,8.342374928721311,1684.6153148138847,0.17198999999999998,0.0007046510384586889,0.5507496589225086,1.302743786170291,5.564788796323826,-0.9123288775267611,8,long_relative_to_circular_transit;low_nominal_training_snr;not_recovered_in_final_holdout;inconsistent_holdout_depth_signs,
158319116,4,7.383236834165071,1690.6024323138847,0.238875,0.0007204339178366726,0.5568833896929664,1.5331437723833836,6.222017721431136,-0.7605394453534504,9,outside_nominal_optimistic_hz;long_relative_to_circular_transit;low_nominal_training_snr;not_recovered_in_final_holdout;inconsistent_holdout_depth_signs,
158534472,1,18.31493425735982,1711.590874349272,0.238875,0.0013932050844379779,0.5502434501678037,0.259521643460299,5.928260735570027,-2.350445569745567,2,fewer_than_three_discovery_events;dominated_by_one_discovery_event;long_relative_to_circular_transit;low_nominal_training_snr;not_recovered_in_final_holdout;inconsistent_holdout_depth_signs,
158534472,2,16.714375116886853,1713.1971251902348,0.238875,0.0016029329756553285,0.5902079266953673,0.2931751854860132,4.8112611426477,-1.6724722145438733,2,fewer_than_three_discovery_events;dominated_by_one_discovery_event;long_relative_to_circular_transit;low_nominal_training_snr;not_recovered_in_final_holdout;inconsistent_holdout_depth_signs,
158534472,3,13.457428833240934,1725.3171876902347,0.29575,0.0014464494247006976,0.5606592384800586,0.3914094250106447,6.659379273786971,-4.263638132999009,3,long_relative_to_circular_transit;low_nominal_training_snr;not_recovered_in_final_holdout;inconsistent_holdout_depth_signs,
158534472,4,5.796695032137909,1713.3194016802297,0.0357,0.0016056508452420143,0.5907080813519993,1.2032063952310783,3.744182979119857,-0.2564560194158915,9,low_nominal_training_snr;not_recovered_in_final_holdout;inconsistent_holdout_depth_signs,
158710279,1,12.057064673638058,2018.47307506239,0.124215,0.007706042495271149,1.294085753366111,0.3829913437128716,6.610774498230554,-2.00107724211985,2,long_relative_to_circular_transit;low_nominal_training_snr;not_recovered_in_final_holdout;inconsistent_holdout_depth_signs,
158710279,2,3.907885677392874,2011.75431756239,0.22931999999999997,0.003612607377881448,0.8860489974729808,1.7202382966491427,6.95926455678735,-2.9346649843513437,5,outside_nominal_optimistic_hz;long_relative_to_circular_transit;low_nominal_training_snr;not_recovered_in_final_holdout;inconsistent_holdout_depth_signs,
158710279,3,4.55299723780427,2011.93859256239,0.12284999999999999,0.004886834417197828,1.0305312553860462,1.403183803352076,6.124331119330669,-0.04457294799792769,5,long_relative_to_circular_transit;low_nominal_training_snr;not_recovered_in_final_holdout;inconsistent_holdout_depth_signs,
158710279,4,10.26904878574008,2011.32252256239,0.29575,0.004447049755201915,0.9830675268547405,0.4743921086468795,6.311313195592695,0.3621046520779852,2,long_relative_to_circular_transit;low_nominal_training_snr;not_recovered_in_final_holdout;inconsistent_holdout_depth_signs,
159183511,1,13.345938718374688,1721.4725994824687,0.16562,0.0018788568457072886,0.8283206381038222,0.7242986892845092,6.427862920595475,-0.851136020711231,2,long_relative_to_circular_transit;low_nominal_training_snr;not_recovered_in_final_holdout;inconsistent_holdout_depth_signs,
159183511,2,10.90709226196006,1721.0139594824686,0.29575,0.0011791978706922465,0.6562132263678714,0.9479189789365732,6.085604572084662,-1.2449554967938747,2,long_relative_to_circular_transit;low_nominal_training_snr;not_recovered_in_final_holdout;inconsistent_holdout_depth_signs,
159183511,3,10.106456699308582,1717.6242094824686,0.29575,0.0011348831786402317,0.6437647843046453,1.0493442205450967,5.705166163425762,0.0094398631821124,2,long_relative_to_circular_transit;low_nominal_training_snr;not_recovered_in_final_holdout;inconsistent_holdout_depth_signs,
159183511,4,6.645653577107369,1712.8503494824686,0.12284999999999999,0.001162582508854808,0.6515736738668997,1.8351276102610863,5.586361929325605,-1.0389096320281526,4,outside_nominal_optimistic_hz;long_relative_to_circular_transit;low_nominal_training_snr;not_recovered_in_final_holdout;inconsistent_holdout_depth_signs,
159190480,1,13.47765063657781,1738.871122901777,0.22931999999999997,0.0006615466459020995,0.6965391065771372,1.374119614739486,6.741238871057241,-2.5107646290448633,2,long_relative_to_circular_transit;low_nominal_training_snr;not_recovered_in_final_holdout;inconsistent_holdout_depth_signs,
159190480,2,19.728079069351093,1742.6968697340499,0.29575,0.0006393344555429271,0.6847457159400315,0.8267935218400617,6.614778556979598,2.820212945856496,5,dominated_by_one_discovery_event;long_relative_to_circular_transit;low_nominal_training_snr;not_recovered_in_final_holdout,
159190480,3,20.07793512694617,1758.0740497340498,0.057329999999999985,0.0012210283869629906,0.9462984940497334,0.8076404636753897,5.4274554067103535,-2.030745500944942,2,low_nominal_training_snr;not_recovered_in_final_holdout;inconsistent_holdout_depth_signs,
159190480,4,19.780119387335144,1745.1226614007167,0.017499999999999998,0.0026542050832963422,1.3951872760454795,0.823894468222155,5.329367334386307,0.0,0,fewer_than_three_discovery_events;dominated_by_one_discovery_event;low_nominal_training_snr;insufficient_holdout_events,
159210154,1,7.656912101811117,1713.6026310666537,0.03822,0.005804032635748478,1.4808071849484497,1.295017276864184,4.63333744773542,-0.18247977738352883,3,fewer_than_three_discovery_events;dominated_by_one_discovery_event;low_nominal_training_snr;not_recovered_in_final_holdout,
159302845,1,25.893497585353053,1696.2145246590323,0.29575,0.002247914266524845,1.118297131011247,0.3913197996413212,9.415248879957648,0.12843838515730385,2,fewer_than_three_discovery_events;dominated_by_one_discovery_event;long_relative_to_circular_transit;not_recovered_in_final_holdout;inconsistent_holdout_depth_signs,
159302845,2,15.087328597162733,1688.9231496590323,0.29575,0.0009444107463699441,0.7248494255049954,0.8040868867925344,5.82800542710706,0.07765717171545383,6,long_relative_to_circular_transit;low_nominal_training_snr;not_recovered_in_final_holdout;inconsistent_holdout_depth_signs,
159302845,3,10.427944091996698,1688.8398846590324,0.04094999999999999,0.002555747540092195,1.1924119359774237,1.3157938529129347,5.917006182688591,0.8296435865321776,6,low_nominal_training_snr;not_recovered_in_final_holdout,
159302845,4,19.83151466344917,1693.6251196590324,0.03822,0.002914415295745957,1.2733361172314013,0.558442245501237,5.46481099329074,1.5440619109354325,4,low_nominal_training_snr;not_recovered_in_final_holdout,
159505118,1,7.698706163434204,1687.024457873367,0.238875,0.003680675084584391,1.258725207012754,1.5161000449154138,17.316631697976593,-13.285181558867622,11,odd_even_discrepancy;outside_nominal_optimistic_hz;long_relative_to_circular_transit;not_recovered_in_final_holdout;inconsistent_holdout_depth_signs,
159505118,2,7.72120782838242,1688.389457873367,0.238875,0.003500119310917714,1.2274635743585234,1.510211813380917,17.22734775444176,1.8119037981880743,14,outside_nominal_optimistic_hz;long_relative_to_circular_transit;not_recovered_in_final_holdout;inconsistent_holdout_depth_signs,
159505118,3,7.71384536038921,1683.4738625129778,0.238875,0.003509691097753542,1.2291408026305042,1.5121340115373365,16.872817646830576,14.89470622467904,11,outside_nominal_optimistic_hz;long_relative_to_circular_transit,
159505118,4,7.713819731594628,1684.8755304486704,0.170625,0.0041790666001717955,1.341241043639766,1.5121407101976236,16.65906279532128,19.98232417138359,10,outside_nominal_optimistic_hz;long_relative_to_circular_transit,
159584661,1,12.697277173500296,1711.5903398625553,0.238875,0.002227106957640295,0.7317664085555297,0.4849550548484168,6.549466474623749,0.42057969254168986,5,fewer_than_three_discovery_events;long_relative_to_circular_transit;low_nominal_training_snr;not_recovered_in_final_holdout,
159584661,2,8.191847590585699,1717.0356589771222,0.29575,0.001082829421933658,0.5102487576372245,0.869907627916865,5.957170136419114,-0.09693911038000877,9,long_relative_to_circular_transit;low_nominal_training_snr;not_recovered_in_final_holdout;inconsistent_holdout_depth_signs,
159584661,3,14.578334664593005,1720.6451739771223,0.17198999999999998,0.001674422412898216,0.6345041200303358,0.40337136940543405,4.882448915746202,-1.3103549197780773,2,fewer_than_three_discovery_events;dominated_by_one_discovery_event;long_relative_to_circular_transit;low_nominal_training_snr;not_recovered_in_final_holdout;inconsistent_holdout_depth_signs,
159584661,4,7.589684029220083,1714.2483289771224,0.03822,0.0022586501246601304,0.7369302992215873,0.9631280455908124,4.794444840479144,-0.6315037742665076,7,low_nominal_training_snr;not_recovered_in_final_holdout;inconsistent_holdout_depth_signs,
159818290,1,12.802909649148763,1995.8053240424447,0.238875,0.002578151994520457,1.0423791017575197,0.7159904100051618,6.8706639128798725,-0.23620505653797602,4,dominated_by_one_discovery_event;long_relative_to_circular_transit;low_nominal_training_snr;not_recovered_in_final_holdout;inconsistent_holdout_depth_signs,
159818290,2,23.515445179416663,1995.2650115424449,0.29575,0.0027307689592828187,1.0727880219335668,0.3183082095066615,5.908266272717068,-0.3490580847327032,2,fewer_than_three_discovery_events;dominated_by_one_discovery_event;long_relative_to_circular_transit;low_nominal_training_snr;not_recovered_in_final_holdout;inconsistent_holdout_depth_signs,
160083748,1,64.65810864328638,1725.2961858431383,0.29575,0.000891670555644091,0.9032242096601806,0.18696413517309973,7.431848184744675,0.7244603118694845,2,fewer_than_three_discovery_events;dominated_by_one_discovery_event;outside_nominal_optimistic_hz;long_relative_to_circular_transit;not_recovered_in_final_holdout;inconsistent_holdout_depth_signs,
160083748,2,44.678528770105906,1683.6068108431384,0.29575,0.0006077226597277271,0.7456689715094789,0.30604865993163766,6.728864967698482,-0.9430346432426846,6,fewer_than_three_discovery_events;dominated_by_one_discovery_event;long_relative_to_circular_transit;low_nominal_training_snr;not_recovered_in_final_holdout;inconsistent_holdout_depth_signs,
160083748,3,41.421803636297255,1696.1168988470536,0.29575,0.0005859644958819887,0.7321987920919272,0.3385454332171761,6.52089110837607,-1.4032298572366706,5,long_relative_to_circular_transit;low_nominal_training_snr;not_recovered_in_final_holdout;inconsistent_holdout_depth_signs,
160083748,4,21.41982070809826,1703.345332180387,0.02275,0.0015816448666031606,1.20295074346867,0.8156450259733286,6.083713512017544,0.29342434652486693,6,low_nominal_training_snr;not_recovered_in_final_holdout;inconsistent_holdout_depth_signs,
160115906,1,13.180186546479526,1829.2176600853552,0.29575,0.0024275186475053354,1.0114693436421225,0.7716578247575008,7.762447323274499,-0.2413574243003076,10,long_relative_to_circular_transit;not_recovered_in_final_holdout;inconsistent_holdout_depth_signs,
160222231,1,24.11273922608025,1816.2068219387509,0.29575,0.0014442941950281443,0.7303887721864525,0.3322538708598531,8.481673338439565,0.7615080437999148,3,long_relative_to_circular_transit;not_recovered_in_final_holdout,
160222231,2,13.96339497555732,1826.8025189142204,0.238875,0.0014543971236789077,0.7329388780990089,0.6883522737762315,7.86914369933192,1.4947353140463044,8,long_relative_to_circular_transit;not_recovered_in_final_holdout,
160222231,3,14.11550682052657,1828.5827064142204,0.29575,0.0017378048883103215,0.8011738448187122,0.6784796302612367,7.617580390566628,-2.1614582998269687,9,fewer_than_three_discovery_events;dominated_by_one_discovery_event;long_relative_to_circular_transit;not_recovered_in_final_holdout;inconsistent_holdout_depth_signs,
160222231,4,8.893883937557838,1822.9772814142204,0.03919999999999999,0.0020280289977580666,0.8654925538073035,1.2560593811543488,5.409925636904113,0.49320785427090885,13,low_nominal_training_snr;not_recovered_in_final_holdout;inconsistent_holdout_depth_signs,
160227297,1,12.67440597224286,1696.129491244349,0.29988000000000004,0.0017410007481833596,0.6834461882727347,0.6191111026712448,8.87758999753793,-3.9503703449441794,8,long_relative_to_circular_transit;not_recovered_in_final_holdout;inconsistent_holdout_depth_signs,
160227297,2,10.145065720945817,1691.6465602007065,0.03919999999999999,0.00217841176186426,0.7644953240281294,0.8330394931207765,4.862666396362362,0.8359378318848526,9,low_nominal_training_snr;not_recovered_in_final_holdout,
160227297,3,26.207549670391227,1697.3025602007067,0.29575,0.00406332187715782,1.044108088199967,0.23501929586112164,7.035116929991068,0.7558441218427738,4,fewer_than_three_discovery_events;dominated_by_one_discovery_event;long_relative_to_circular_transit;not_recovered_in_final_holdout;inconsistent_holdout_depth_signs,
160227297,4,25.77908272112063,1694.9813777007066,0.088725,0.002263852696042792,0.7793435209143587,0.24024192404982272,5.144241651484635,2.2295191692603207,3,low_nominal_training_snr;not_recovered_in_final_holdout,
160228580,1,25.206749608716063,1688.4510411242074,0.03822,0.0011630827141012893,1.0352939695212187,0.6889291755315253,5.954776593671299,-0.6225549599239552,5,fewer_than_three_discovery_events;dominated_by_one_discovery_event;low_nominal_training_snr;not_recovered_in_final_holdout;inconsistent_holdout_depth_signs,
160228580,2,15.256738877171788,1698.3495661242075,0.29575,0.0003768278285548035,0.5892910803448672,1.345596212180209,6.549791441482013,-1.9742669132915038,10,long_relative_to_circular_transit;low_nominal_training_snr;not_recovered_in_final_holdout;inconsistent_holdout_depth_signs,
160228580,3,22.315008947968753,1694.3122966193885,0.06664,0.000990562782565143,0.9554311290685743,0.8104650409392669,5.693176029916025,1.6231727732905377,6,fewer_than_three_discovery_events;dominated_by_one_discovery_event;low_nominal_training_snr;not_recovered_in_final_holdout,
160228580,4,14.672421678775978,1693.0198866193884,0.024499999999999997,0.0011116048904064458,1.012123731681186,1.4175160131925388,6.097140516998037,0.4057250803786456,8,low_nominal_training_snr;not_recovered_in_final_holdout,
160264738,1,13.42292703849251,1477.1048194217317,0.29575,0.00801224187894822,1.2804478911953445,0.2765734264688578,14.389152216889222,-0.901516660445913,4,dominated_by_one_discovery_event;odd_even_discrepancy;long_relative_to_circular_transit;not_recovered_in_final_holdout;inconsistent_holdout_depth_signs,
160264738,2,14.977417768996558,1478.4584444217317,0.29575,0.002561799697781577,0.7240315121154877,0.238977766463663,6.157302312067575,-0.026944700374843634,4,long_relative_to_circular_transit;low_nominal_training_snr;not_recovered_in_final_holdout;inconsistent_holdout_depth_signs,
160264738,3,12.558291725469598,1473.2486944217317,0.29575,0.002264403361172634,0.680709448556697,0.3022497844183159,5.599621724132478,-3.8663586451009553,3,dominated_by_one_discovery_event;long_relative_to_circular_transit;low_nominal_training_snr;not_recovered_in_final_holdout;inconsistent_holdout_depth_signs,
160264738,4,5.75602125178245,1468.5931344217315,0.07643999999999998,0.002994988827124411,0.7828570856121471,0.8552837839876215,5.445257638330603,-0.28289563662507006,6,long_relative_to_circular_transit;low_nominal_training_snr;not_recovered_in_final_holdout;inconsistent_holdout_depth_signs,
160270470,1,15.09838857192799,1694.675378568134,0.29575,0.000781958345952655,0.8336198443112613,1.327594086020337,9.740534333980673,-1.061900413026663,10,fewer_than_three_discovery_events;long_relative_to_circular_transit;not_recovered_in_final_holdout;inconsistent_holdout_depth_signs,
160270470,2,14.788423010170394,1696.2123685681338,0.16562,0.0005966122527266024,0.728152456441766,1.364824951961497,6.430850932946732,-1.443219481799662,10,long_relative_to_circular_transit;low_nominal_training_snr;not_recovered_in_final_holdout;inconsistent_holdout_depth_signs,
160270470,3,13.361238506125622,1687.916353568134,0.057329999999999985,0.0009274325542131366,0.9078569087812296,1.5625856010080148,5.564367976218216,-2.2181233179939746,9,dominated_by_one_discovery_event;outside_nominal_optimistic_hz;low_nominal_training_snr;not_recovered_in_final_holdout;inconsistent_holdout_depth_signs,
160270470,4,13.951267434902402,1690.0685035681338,0.09554999999999998,0.0006236368106872766,0.7444612646653449,1.4750991797053232,5.682817538839104,0.24184843492823638,10,low_nominal_training_snr;not_recovered_in_final_holdout;inconsistent_holdout_depth_signs,
160491312,1,29.300981061759668,1709.697532978755,0.238875,0.0022369752461129525,0.8470089999319939,0.19334507407154516,5.931502713651592,-3.32813195575975,4,outside_nominal_optimistic_hz;long_relative_to_circular_transit;low_nominal_training_snr;not_recovered_in_final_holdout;inconsistent_holdout_depth_signs,
160491312,2,20.544364054072332,1690.3657204787548,0.29575,0.002042506337049447,0.8093551641971822,0.31039810253252054,7.915043381815642,-1.307018483103725,7,dominated_by_one_discovery_event;odd_even_discrepancy;long_relative_to_circular_transit;not_recovered_in_final_holdout;inconsistent_holdout_depth_signs,
160491312,3,29.688887673562586,1691.622657978755,0.238875,0.002359272160224069,0.8698541850875062,0.18998417417246238,6.028000246674647,-1.1109992617328321,5,dominated_by_one_discovery_event;outside_nominal_optimistic_hz;long_relative_to_circular_transit;low_nominal_training_snr;not_recovered_in_final_holdout;inconsistent_holdout_depth_signs,
160491312,4,16.01104290832869,1688.3342621454217,0.03266666666666666,0.003292605670475027,1.027607574297269,0.4327959276273299,5.188818962422193,-0.6826020072544458,6,low_nominal_training_snr;not_recovered_in_final_holdout;inconsistent_holdout_depth_signs,
160602790,1,44.97641124966206,1800.9153114511091,0.17198999999999998,0.0019115750248595432,1.0216991568495795,0.18313270697126108,8.798743108044203,-0.9653263622214848,3,outside_nominal_optimistic_hz;long_relative_to_circular_transit;not_recovered_in_final_holdout;inconsistent_holdout_depth_signs,
160602790,2,18.419630961185142,1802.900931451109,0.29575,0.0007953925064960243,0.6590496119833021,0.6021496167969376,8.685331334828485,2.0050237230680135,5,long_relative_to_circular_transit;not_recovered_in_final_holdout,
160602790,3,15.099046786477466,1791.690868951109,0.238875,0.0008533062595407439,0.6826212863226503,0.7848974888238595,7.902079175958787,0.7038139194002035,6,long_relative_to_circular_transit;not_recovered_in_final_holdout,
160602790,4,14.341395834991323,1790.883243951109,0.238875,0.0008668045388094542,0.6879992257250276,0.8406665170754782,7.5340823857299855,-0.8000624516274207,8,long_relative_to_circular_transit;not_recovered_in_final_holdout;inconsistent_holdout_depth_signs,
161028382,1,16.045814127802824,1751.8680240695633,0.170625,0.006630439358414517,1.271512924296636,0.42708760023998954,7.289694299755322,0.0,0,fewer_than_three_discovery_events;dominated_by_one_discovery_event;long_relative_to_circular_transit;insufficient_holdout_events,
161174284,1,5.982988267737904,1325.5663382947516,0.29575,0.00778408952222314,1.3006225133841853,1.0167591495762012,94.37818128671753,-29.889779145233298,3,odd_even_discrepancy;long_relative_to_circular_transit;not_recovered_in_final_holdout;inconsistent_holdout_depth_signs,
161174284,2,5.978946546456534,1328.6035715977532,0.29575,0.008134681944950845,1.3295897086284667,1.017675681161356,97.1673667803214,38.261283524803886,4,odd_even_discrepancy;long_relative_to_circular_transit,
161174284,3,5.954302651608611,1329.6159465977532,0.29575,0.007549616008497283,1.2808839615943293,1.0232955447688796,87.43912935849131,-35.698544820167676,4,odd_even_discrepancy;long_relative_to_circular_transit;not_recovered_in_final_holdout;inconsistent_holdout_depth_signs,
161174284,4,5.991117639245627,1326.5674465977531,0.29575,0.00794977502450051,1.3143916016452712,1.0149200396314353,93.63415330488358,-42.613994636004016,3,odd_even_discrepancy;long_relative_to_circular_transit;not_recovered_in_final_holdout;inconsistent_holdout_depth_signs,
161174286,1,5.982999445308073,1325.554962964769,0.29575,0.006609125980680305,1.207325883077541,1.090098528714068,93.33961137592955,-39.25924617378882,7,long_relative_to_circular_transit;not_recovered_in_final_holdout;inconsistent_holdout_depth_signs,
161174286,2,5.978980751035473,1328.5896841710185,0.29575,0.006903198091703875,1.2338934649820616,1.0910755655635807,95.69968580922347,23.498280551099263,8,odd_even_discrepancy;long_relative_to_circular_transit,
161174286,3,5.95442662454158,1329.6134341710185,0.29575,0.006675311476300466,1.2133560604530047,1.0970786743522802,89.27140139573791,-14.634483603425286,7,long_relative_to_circular_transit;not_recovered_in_final_holdout;inconsistent_holdout_depth_signs,
161174286,4,5.99110235507345,1326.5535591710184,0.29575,0.006843015126239619,1.228503070062414,1.0881331745813256,93.90363001225168,-18.743167594255638,7,odd_even_discrepancy;long_relative_to_circular_transit;not_recovered_in_final_holdout;inconsistent_holdout_depth_signs,
161554904,1,13.64327295738551,1691.0340803643007,0.238875,0.0029248851413198776,0.9980555189294109,0.6534550295275183,7.223562657361911,2.9392755458443225,1,long_relative_to_circular_transit;insufficient_holdout_events,
161554904,2,7.228391173302725,1687.9230178643008,0.29575,0.0018265974132064386,0.7887179258589084,1.5242338418604662,6.696780201320781,-0.9276595900123038,1,outside_nominal_optimistic_hz;long_relative_to_circular_transit;low_nominal_training_snr;insufficient_holdout_events,
161554904,3,6.525320121368024,1684.8290178643008,0.29575,0.00206733386653202,0.8390843132116337,1.7470474447113638,7.105486631771916,-0.029580018032704204,2,outside_nominal_optimistic_hz;long_relative_to_circular_transit;not_recovered_in_final_holdout;inconsistent_holdout_depth_signs,
161554904,4,12.159855203831974,1689.3321528643007,0.17198999999999998,0.002587030062272884,0.9386442630031757,0.7618496242721556,6.2430408964644695,-0.11412107110498203,1,long_relative_to_circular_transit;low_nominal_training_snr;insufficient_holdout_events,
161614517,1,14.6821603270676,1422.1133277216359,0.29575,0.006790454080198328,1.3317561514922964,0.3449832007857695,9.981590087628568,-1.9472038030853107,1,fewer_than_three_discovery_events;dominated_by_one_discovery_event;long_relative_to_circular_transit;insufficient_holdout_events,
161614517,2,20.021102061677983,1418.3482027216357,0.29575,0.0037348918452765733,0.9876755847782434,0.2281395553857947,8.639239667550406,1.1557860707309613,2,long_relative_to_circular_transit;not_recovered_in_final_holdout,
161614517,3,21.944270345253027,1424.7352652216357,0.238875,0.0034853950017231074,0.9541162776900304,0.20187833005918693,6.881161385391612,1.2838446364200422,1,odd_even_discrepancy;outside_nominal_optimistic_hz;long_relative_to_circular_transit;low_nominal_training_snr;insufficient_holdout_events,
161614517,4,8.200239951021478,1413.1667152216357,0.08032500000000001,0.0033026830435640775,0.9287712245826643,0.7500366452927046,6.264468297817361,-0.284561113899396,3,long_relative_to_circular_transit;low_nominal_training_snr;not_recovered_in_final_holdout,
161725589,1,5.580907675710992,1900.8373382720442,0.22491000000000003,0.004794087433686547,1.2702109276649134,1.8430394364306733,11.630586345363302,12.381251640753044,8,outside_nominal_optimistic_hz;long_relative_to_circular_transit,
161725589,2,5.566699225512835,1905.5704232720443,0.29575,0.004507480712488059,1.2316570809846787,1.849314338071035,11.868772455031905,10.396203968668933,6,outside_nominal_optimistic_hz;long_relative_to_circular_transit,
161725589,3,5.5671125969273865,1903.6446964727431,0.29575,0.004364726916598021,1.2119966178544463,1.8491312523247596,11.993412049278783,9.386509345451579,7,outside_nominal_optimistic_hz;long_relative_to_circular_transit,
161725589,4,5.566895055175351,1901.801946472743,0.29575,0.004866529162558139,1.2797717953410501,1.8492275994789726,12.601219563971405,9.085648897467973,6,outside_nominal_optimistic_hz;long_relative_to_circular_transit,
161746333,1,7.176865385025026,1711.9045991796204,0.29575,0.010076896989997964,1.89637010535838,1.3430841672472276,49.452262611249026,13.576056004407542,7,long_relative_to_circular_transit;inconsistent_holdout_depth_signs,
161746333,2,5.981784676030454,1714.2705991796204,0.29575,0.011154607414225142,1.9952018363613417,1.7122818852441166,50.39712599012191,9.830355254628925,7,outside_nominal_optimistic_hz;long_relative_to_circular_transit;inconsistent_holdout_depth_signs,
161746333,3,5.981855847877354,1716.6593491796202,0.29575,0.010770959826240068,1.9605904999042925,1.7122547217627215,52.333667848871656,24.1075091070693,11,outside_nominal_optimistic_hz;long_relative_to_circular_transit;inconsistent_holdout_depth_signs,
161746333,4,5.981829578868293,1715.4649741796204,0.29575,0.010421996630480886,1.9285688823820653,1.712264747517579,50.99904381520518,18.619862489092043,8,odd_even_discrepancy;outside_nominal_optimistic_hz;long_relative_to_circular_transit;inconsistent_holdout_depth_signs,
162239797,1,12.089016257624744,1713.073862636991,0.238875,0.0026150859097857204,0.8599580949726708,0.586081970606455,8.108494199381322,-0.5647533416149976,1,dominated_by_one_discovery_event;odd_even_discrepancy;long_relative_to_circular_transit;insufficient_holdout_events,
162239797,2,17.103785594255253,1717.7262376369908,0.238875,0.0028909972383408737,0.9041867675606408,0.36899741074068443,6.96552307644133,-0.8853846421944552,1,fewer_than_three_discovery_events;dominated_by_one_discovery_event;long_relative_to_circular_transit;low_nominal_training_snr;insufficient_holdout_events,
162239797,3,10.065745238317378,1714.2398001369909,0.17198999999999998,0.0017425918164393607,0.7019919689816421,0.7482011958610632,5.201605408634021,-2.459383162505655,1,long_relative_to_circular_transit;low_nominal_training_snr;insufficient_holdout_events,
162239797,4,8.078905158862359,1712.607487636991,0.238875,0.0013762637797689015,0.6238571383631744,1.0030970748980155,5.4498178757378355,0.02857774189882241,1,long_relative_to_circular_transit;low_nominal_training_snr;insufficient_holdout_events,
162337456,1,9.724933542159894,1719.6248001794038,0.22931999999999997,0.003208163275438502,1.045270091199091,0.9604839253562096,9.596967991228912,4.508826074477115,1,long_relative_to_circular_transit;insufficient_holdout_events,
162337456,2,7.474622029591588,1715.1896876794037,0.170625,0.002896936758380898,0.9932756743751932,1.3642270036654962,8.084852663518404,5.0658084129093455,2,long_relative_to_circular_transit,
162337456,3,19.789799196354416,1725.2185701794037,0.22931999999999997,0.004021507879254089,1.1702933961333037,0.37246354612202975,7.017279222169943,0.0,0,fewer_than_three_discovery_events;dominated_by_one_discovery_event;long_relative_to_circular_transit;insufficient_holdout_events,
162337456,4,5.971419223991127,1715.9720601794038,0.22931999999999997,0.0021178045510001934,0.8492650092585223,1.840357552813453,7.336859181909582,2.8437172603350107,2,dominated_by_one_discovery_event;outside_nominal_optimistic_hz;long_relative_to_circular_transit;not_recovered_in_final_holdout,
162462099,1,22.138970224706906,1725.4331632518217,0.29575,0.0029137035151580236,1.0727725559381378,0.39692465352569367,8.52244583318339,0.0,0,fewer_than_three_discovery_events;dominated_by_one_discovery_event;long_relative_to_circular_transit;insufficient_holdout_events,
162462099,2,12.366336135752427,1711.6352882518217,0.29575,0.0026354093642586003,1.0202556726247316,0.8628392641712129,7.785734081534368,0.9295852284769525,1,fewer_than_three_discovery_events;dominated_by_one_discovery_event;long_relative_to_circular_transit;insufficient_holdout_events,
162462099,3,9.22990338167384,1716.7077393449615,0.17198999999999998,0.0024642300314995425,0.9865647606988561,1.2744469318630438,7.624891649264217,-0.21716139755755492,2,long_relative_to_circular_transit;not_recovered_in_final_holdout;inconsistent_holdout_depth_signs,
162462099,4,16.94360349812855,1714.6500018449615,0.061424999999999993,0.004330981760557522,1.307910881832778,0.5669919889965281,6.007617329691014,0.9768983358760056,1,fewer_than_three_discovery_events;low_nominal_training_snr;insufficient_holdout_events,
1630433,1,4.663161332799538,1571.8357085353339,0.057329999999999985,0.005400673355571483,1.0673065734942795,1.3155701808177156,12.987128584108087,1.474490310000148,15,long_relative_to_circular_transit;not_recovered_in_final_holdout,
1630433,2,6.479759422029259,1573.6504760353337,0.088725,0.004323615370524628,0.954967858649613,0.8484171394653877,11.046053104231328,-2.9811485361548384,11,long_relative_to_circular_transit;not_recovered_in_final_holdout;inconsistent_holdout_depth_signs,
1630433,3,4.657114632306214,1571.5875964030276,0.08032500000000001,0.004069653577870741,0.9264968558794564,1.3178481520214749,10.62713802606939,-1.2286368095103453,15,long_relative_to_circular_transit;not_recovered_in_final_holdout;inconsistent_holdout_depth_signs,
1630433,4,3.624790332992051,1573.4052208939336,0.08032500000000001,0.003785169180628532,0.8935274035581476,1.8406763033484062,11.220174186040758,-4.5136557761389815,18,outside_nominal_optimistic_hz;long_relative_to_circular_transit;not_recovered_in_final_holdout;inconsistent_holdout_depth_signs,
164644375,1,13.112230477562942,1695.974916388784,0.17198999999999998,0.012222195743424842,2.740400653292092,1.015745028650294,110.42567198302078,33.5958334694323,8,odd_even_discrepancy;outside_initial_small_planet_radius_range;long_relative_to_circular_transit,
164644375,2,9.279844036226716,1688.388018888784,0.16243500000000002,0.009989939902424118,2.4775411856796064,1.6105191812581316,118.58250025636593,-28.430495907167106,9,outside_initial_small_planet_radius_range;outside_nominal_optimistic_hz;long_relative_to_circular_transit;not_recovered_in_final_holdout;inconsistent_holdout_depth_signs,
164644375,3,8.734044979612442,1689.4709188887841,0.16243500000000002,0.010138700276001241,2.49591957530396,1.746088447713242,115.82318111762106,-18.605830323001964,12,odd_even_discrepancy;outside_initial_small_planet_radius_range;outside_nominal_optimistic_hz;long_relative_to_circular_transit;not_recovered_in_final_holdout;inconsistent_holdout_depth_signs,
164644375,4,8.755191183879246,1691.024061388784,0.16562,0.009078029115064872,2.3617571053102884,1.7404676648035042,113.46262971547232,57.46966363178575,13,odd_even_discrepancy;outside_initial_small_planet_radius_range;outside_nominal_optimistic_hz;long_relative_to_circular_transit,
164829562,1,27.86093966523936,1710.0252964292038,0.29575,0.003306343004582,1.0611438107098514,0.22096077405914627,11.690553403180017,-0.18468469265192364,3,fewer_than_three_discovery_events;dominated_by_one_discovery_event;long_relative_to_circular_transit;not_recovered_in_final_holdout;inconsistent_holdout_depth_signs,
164829562,2,22.59371332979208,1697.6151714292037,0.29575,0.001603128917947788,0.7388980432656271,0.2921859824073713,8.440780740013292,-0.3098498380580746,4,dominated_by_one_discovery_event;long_relative_to_circular_transit;not_recovered_in_final_holdout;inconsistent_holdout_depth_signs,
164829562,3,12.978920216156666,1685.5462964292037,0.29575,0.000960458713855002,0.5719257401873374,0.6118685231407333,7.419384597587621,1.5997086207118552,4,long_relative_to_circular_transit;not_recovered_in_final_holdout,
164829562,4,20.273188055823418,1691.3589214292037,0.29575,0.0013115326324044975,0.6683282866109784,0.3376085710321939,7.207450592037627,0.6881334972841476,4,long_relative_to_circular_transit;not_recovered_in_final_holdout;inconsistent_holdout_depth_signs,
165122755,1,8.379473234509858,1325.8761366975893,0.057329999999999985,0.006897136539948499,1.1154577134973924,0.6256468622879588,6.899454458419442,-1.1744897650878425,3,low_nominal_training_snr;not_recovered_in_final_holdout;inconsistent_holdout_depth_signs,
165122755,2,9.228131583221893,1327.8986116975893,0.21658000000000002,0.003606053154726929,0.8065564364066702,0.5501315136070831,6.4447483136658095,1.616689297555228,3,long_relative_to_circular_transit;low_nominal_training_snr;not_recovered_in_final_holdout,
165122755,3,4.141780229157637,1326.1916791975893,0.088725,0.003650844906671426,0.8115502037814613,1.600917040687421,5.508286651186183,-1.3883905423632013,6,outside_nominal_optimistic_hz;long_relative_to_circular_transit;low_nominal_training_snr;not_recovered_in_final_holdout;inconsistent_holdout_depth_signs,
165122755,4,3.7418954396529585,1325.5920416975894,0.020999999999999998,0.005422730471604006,0.9890715474513456,1.833000983304725,4.719006803432192,-0.6200942092568918,6,outside_nominal_optimistic_hz;low_nominal_training_snr;not_recovered_in_final_holdout;inconsistent_holdout_depth_signs,
165162636,1,4.887912562256116,1411.6898870072475,0.238875,0.0038311894907612715,0.8786658679817636,1.2585636331681536,24.547183076547093,-9.372497609510889,13,long_relative_to_circular_transit;not_recovered_in_final_holdout;inconsistent_holdout_depth_signs,
165162636,2,4.876857715993741,1412.5364145072474,0.22931999999999997,0.003449302963234627,0.8337245899857155,1.262368947177464,19.103969155542135,-13.49782032872468,12,long_relative_to_circular_transit;not_recovered_in_final_holdout;inconsistent_holdout_depth_signs,
165162636,3,4.887748122034439,1414.9606545072475,0.22931999999999997,0.003640686485475684,0.8565418377211592,1.2586200898807667,19.45860338292779,-6.440776256717939,13,long_relative_to_circular_transit;not_recovered_in_final_holdout;inconsistent_holdout_depth_signs,
165162636,4,4.899335323545355,1415.7254745072473,0.29988000000000004,0.0027408735723857642,0.7431927113289043,1.2546527128106708,18.146316649471427,5.623554690469565,13,long_relative_to_circular_transit,
165528645,1,5.215095921285272,1686.606037200976,0.08599499999999999,0.0056218719782535325,1.3018207449316883,1.6396953394240368,25.460288203028863,9.44633290861112,23,outside_nominal_optimistic_hz;long_relative_to_circular_transit,
165528645,2,5.215114456768035,1687.652309700976,0.11465999999999998,0.004960836581757211,1.2228921932238175,1.6396875690540353,25.87756693494507,10.991404673598334,20,outside_nominal_optimistic_hz;long_relative_to_circular_transit,
165528645,3,7.822778631206847,1684.510027200976,0.11245500000000001,0.005815123611044356,1.3240067143774084,0.9549152791196613,23.758343828859402,1.6832235675716423,18,odd_even_discrepancy;long_relative_to_circular_transit;not_recovered_in_final_holdout;inconsistent_holdout_depth_signs,
165528645,4,5.215175541012483,1688.678107200976,0.08599499999999999,0.005512423289551632,1.2890862960146943,1.6396619620206185,25.12129034643828,10.245767660362418,23,outside_nominal_optimistic_hz;long_relative_to_circular_transit,
165530589,1,9.817567283104202,1687.1597318485922,0.29575,0.0025000013679215938,1.3103730503304736,1.5479828791102783,36.65583954266165,32.60936706494626,11,outside_nominal_optimistic_hz;long_relative_to_circular_transit,
165530589,2,9.81841855422718,1691.0613568485921,0.29575,0.0024766355589518965,1.304235092911949,1.5478039318831047,36.456397611896946,33.77070092063013,13,outside_nominal_optimistic_hz;long_relative_to_circular_transit,
165530589,3,9.81746868370949,1685.2032318485922,0.29575,0.002650077689078888,1.349131033751561,1.5480036082052289,37.55523698536625,29.565736951056447,15,outside_nominal_optimistic_hz;long_relative_to_circular_transit,
165530589,4,9.81723429010829,1689.082106848592,0.29575,0.002965088180226968,1.4270646104513676,1.5480528880157503,40.041060646360826,31.43536051514077,16,outside_nominal_optimistic_hz;long_relative_to_circular_transit,
165597292,1,16.264448715739352,1718.160231380237,0.29575,0.002169221275170754,0.9663158794170491,0.549425907680758,5.521852674704587,1.4123098070856879,3,fewer_than_three_discovery_events;dominated_by_one_discovery_event;long_relative_to_circular_transit;low_nominal_training_snr;not_recovered_in_final_holdout,
165599289,1,7.906121952834127,1712.8481174380897,0.29575,0.01712514940047366,2.3864219964232256,1.126505025055253,37.56385997339926,-10.301284813191934,4,odd_even_discrepancy;outside_initial_small_planet_radius_range;long_relative_to_circular_transit;not_recovered_in_final_holdout;inconsistent_holdout_depth_signs,
165599289,2,7.9165081905092585,1716.6587424380896,0.29575,0.01624348006148395,2.324179138779579,1.1245348652277904,30.198423976468593,15.880681385393759,4,outside_initial_small_planet_radius_range;long_relative_to_circular_transit,
165599289,3,22.50901893461032,1719.6446799380897,0.238875,0.02626561109604871,2.9554513426267683,0.2791744848848232,20.400823293564727,0.7797132219710782,2,fewer_than_three_discovery_events;dominated_by_one_discovery_event;outside_initial_small_planet_radius_range;long_relative_to_circular_transit;not_recovered_in_final_holdout;inconsistent_holdout_depth_signs,
165599289,4,8.069728211222763,1711.9949924380896,0.29575,0.00986937915374788,1.8116528258072262,1.0961565961823259,17.61349453568445,-4.068541933922095,5,odd_even_discrepancy;long_relative_to_circular_transit;not_recovered_in_final_holdout;inconsistent_holdout_depth_signs,
165688799,1,11.467620982275292,1741.2044477849465,0.29575,0.0015102623383979848,0.7256645280290804,0.7209006706153706,6.105849453587016,0.5574258904635518,5,long_relative_to_circular_transit;low_nominal_training_snr;not_recovered_in_final_holdout,
165688799,2,9.977085096615657,1742.7173227849464,0.29575,0.001487970190310804,0.7202890515611713,0.8679638451048727,6.121828301952116,-0.44075093667724496,6,long_relative_to_circular_transit;low_nominal_training_snr;not_recovered_in_final_holdout;inconsistent_holdout_depth_signs,
165688799,3,21.349111450099077,1750.2862477849465,0.17198999999999998,0.003635689184012971,1.1259084336854897,0.3147749264382395,5.8302355088382285,-0.601004312627409,2,dominated_by_one_discovery_event;odd_even_discrepancy;long_relative_to_circular_transit;low_nominal_training_snr;not_recovered_in_final_holdout;inconsistent_holdout_depth_signs,
165688799,4,28.613337641088798,1758.3431602849464,0.08599499999999999,0.0031788299194731827,1.0527938617557795,0.21301744802817968,5.876398066402326,0.033198078497952685,2,low_nominal_training_snr;not_recovered_in_final_holdout;inconsistent_holdout_depth_signs,
165715382,1,13.975881853122528,1748.7746855542523,0.170625,0.006184029781191504,1.2451376811047352,0.4042181367205176,6.049071697862886,2.697626514699673,4,long_relative_to_circular_transit;low_nominal_training_snr;not_recovered_in_final_holdout,
165721554,1,15.681463611942423,1712.2909310867917,0.29575,0.008855435300171507,2.620346509519597,1.0022313902113693,99.67920936594753,35.39633018100487,3,odd_even_discrepancy;outside_initial_small_planet_radius_range;long_relative_to_circular_transit,
165721554,2,13.440830895034635,1720.1283060867918,0.29575,0.008619567710948435,2.585214070621722,1.2309733127009783,94.87296022812185,47.60277312974177,6,outside_initial_small_planet_radius_range;long_relative_to_circular_transit,
165721554,3,10.080734282656424,1721.2771810867916,0.29575,0.009013792069418077,2.643671784872958,1.8064553733453044,96.72011213537144,36.652949337276496,5,outside_initial_small_planet_radius_range;outside_nominal_optimistic_hz;long_relative_to_circular_transit,
165721554,4,13.43926111445684,1715.6467718215683,0.29575,0.010585235766422611,2.864864170799975,1.2311650291551286,97.93343018758844,51.252140470728705,4,outside_initial_small_planet_radius_range;long_relative_to_circular_transit,
165830128,1,8.75284902713535,1606.108750968626,0.29575,0.002146171880909033,0.5868185409343474,0.5298977100458784,6.727849242279528,-1.5395507535094075,3,dominated_by_one_discovery_event;long_relative_to_circular_transit;low_nominal_training_snr;not_recovered_in_final_holdout;inconsistent_holdout_depth_signs,
165830128,2,4.278129720263674,1602.446000968626,0.29575,0.0011558473728884994,0.4306473926323594,1.3763198099551919,4.76005983328504,2.2384939224327347,4,outside_initial_small_planet_radius_range;long_relative_to_circular_transit;low_nominal_training_snr;not_recovered_in_final_holdout,
165830128,3,3.551923315495364,1603.827625968626,0.024499999999999997,0.003824558006333053,0.7833614633572401,1.7637614722005583,5.092743410366383,1.5972309230989754,6,outside_nominal_optimistic_hz;low_nominal_training_snr;not_recovered_in_final_holdout,
165945176,1,4.53884441939226,1932.6693329349093,0.29575,0.0034561095389276488,0.6483786575404558,0.8276463023573983,5.4020092915022735,2.0335493517489067,3,long_relative_to_circular_transit;low_nominal_training_snr;not_recovered_in_final_holdout,
165993932,1,11.435513939582446,1934.8378134760756,0.29575,0.0014278123880321957,0.5735403286626116,0.44903604063783426,7.081537222396852,0.0,0,fewer_than_three_discovery_events;dominated_by_one_discovery_event;long_relative_to_circular_transit;insufficient_holdout_events,
165993932,2,6.028853546005975,1931.5447509760756,0.238875,0.0007584904322935394,0.4180261414984789,1.0543281561445552,4.668854704168795,-1.1768990365330483,1,outside_initial_small_planet_radius_range;long_relative_to_circular_transit;low_nominal_training_snr;insufficient_holdout_events,
166004965,1,30.546593192321588,1690.6836397791017,0.29575,0.0010554591747256265,0.8727089192781438,0.44296322423368456,7.474632580609384,1.7965736084265274,2,long_relative_to_circular_transit;not_recovered_in_final_holdout,
166004965,2,28.878287342672433,1710.0154522791017,0.238875,0.0008971493167510314,0.8046019119355113,0.4774077542725542,5.155911768341337,1.1940458978174617,4,fewer_than_three_discovery_events;long_relative_to_circular_transit;low_nominal_training_snr;not_recovered_in_final_holdout,
166004965,3,21.403542712517655,1689.6455397791017,0.07496999999999998,0.0015873896358074699,1.0702628850876674,0.7117658739431905,6.17318079149024,1.5745340293234105,4,low_nominal_training_snr;not_recovered_in_final_holdout,
166004965,4,35.25409503835051,1691.3820647791017,0.03822,0.00231554640247512,1.2926335957285813,0.36590803977149383,5.502347854014589,0.008072413121739216,3,low_nominal_training_snr;not_recovered_in_final_holdout;inconsistent_holdout_depth_signs,
166006493,1,5.813127736060958,1931.6054370730815,0.29575,0.0018890826381342887,0.5647887370199268,0.8986882676280784,6.332211667298329,-0.07255672372416078,2,dominated_by_one_discovery_event;odd_even_discrepancy;long_relative_to_circular_transit;low_nominal_training_snr;not_recovered_in_final_holdout;inconsistent_holdout_depth_signs,
166006493,2,6.5420145943173,1935.4929424764764,0.124215,0.002577018578577336,0.6596587445971894,0.7677271193742021,4.855894535313253,0.5664896654534084,1,long_relative_to_circular_transit;low_nominal_training_snr;insufficient_holdout_events,
166012664,1,13.949523380183335,1695.9787292757735,0.238875,0.0029875110039797657,0.9788410914622893,0.5787396481222102,6.950966653078952,1.542530639423388,8,long_relative_to_circular_transit;low_nominal_training_snr;not_recovered_in_final_holdout,
166012664,2,21.810364785234693,1690.8335892757734,0.124215,0.0033826155460992455,1.0415587124521548,0.3189176012899959,5.84905227356131,-0.04404799954398996,3,long_relative_to_circular_transit;low_nominal_training_snr;not_recovered_in_final_holdout;inconsistent_holdout_depth_signs,
166012664,3,32.77616861689869,1697.5484792757734,0.238875,0.0032300636008325005,1.0178012331232722,0.1852755656394442,6.31634476193218,-0.1828462693082013,2,fewer_than_three_discovery_events;dominated_by_one_discovery_event;outside_nominal_optimistic_hz;long_relative_to_circular_transit;low_nominal_training_snr;not_recovered_in_final_holdout;inconsistent_holdout_depth_signs,
166012664,4,27.67169741603736,1683.6084167757735,0.29575,0.00345642798032744,1.0528613709509225,0.23219239681209336,5.671938038245644,-0.6114127481368904,2,fewer_than_three_discovery_events;long_relative_to_circular_transit;low_nominal_training_snr;not_recovered_in_final_holdout;inconsistent_holdout_depth_signs,
166073877,1,25.54190517357419,1685.6502991659477,0.238875,0.008863335121464363,1.4392631580521658,0.1744326867522082,11.129707412732747,-1.575148416378836,4,fewer_than_three_discovery_events;dominated_by_one_discovery_event;odd_even_discrepancy;outside_nominal_optimistic_hz;long_relative_to_circular_transit;not_recovered_in_final_holdout;inconsistent_holdout_depth_signs,
166073877,2,9.368917943872344,1688.5006116659476,0.0882,0.006325898797760033,1.2159136762880483,0.6643235895229441,9.143079327485772,-3.8082004869031536,9,long_relative_to_circular_transit;not_recovered_in_final_holdout;inconsistent_holdout_depth_signs,
166073877,3,12.260587387522923,1695.3729666659476,0.17198999999999998,0.004502510732437716,1.0258148973446208,0.464106037686516,7.7037639556106505,0.8922194658353632,7,odd_even_discrepancy;long_relative_to_circular_transit;not_recovered_in_final_holdout,
166073877,4,24.04422638773382,1697.4234241659476,0.170625,0.00872889995800265,1.4283063976310644,0.18906791863413266,7.415408016819572,2.6243121604974684,4,outside_nominal_optimistic_hz;long_relative_to_circular_transit;not_recovered_in_final_holdout,
166088525,1,4.718516085062157,1713.0534537376786,0.124215,0.006792192549967142,1.3499256248333174,1.5146269728591975,19.420732969148055,3.727460795502947,4,outside_nominal_optimistic_hz;long_relative_to_circular_transit;not_recovered_in_final_holdout,
166088525,2,4.718225694832588,1714.3417862376787,0.12284999999999999,0.006601636730320463,1.3308547473823336,1.5147512674321832,19.077066711871083,-0.5555418840295842,5,outside_nominal_optimistic_hz;long_relative_to_circular_transit;not_recovered_in_final_holdout;inconsistent_holdout_depth_signs,
166088525,3,5.157289763127074,1713.4349712376786,0.16562,0.005136961617219928,1.1739727254319674,1.345295106355486,16.34775344421624,-1.5018749107264349,5,odd_even_discrepancy;long_relative_to_circular_transit;not_recovered_in_final_holdout;inconsistent_holdout_depth_signs,
166088525,4,4.718223216413333,1715.6383087376785,0.124215,0.0057878595205724664,1.2461313946618804,1.5147523283369249,16.11481411290241,-4.187710822898134,6,outside_nominal_optimistic_hz;long_relative_to_circular_transit;not_recovered_in_final_holdout;inconsistent_holdout_depth_signs,
166174962,1,13.239731885749002,1711.6646310224542,0.29575,0.0016576490448840062,0.5201705294692792,0.2617633367195621,7.041365728593942,-0.9381222711902011,4,dominated_by_one_discovery_event;long_relative_to_circular_transit;not_recovered_in_final_holdout;inconsistent_holdout_depth_signs,
166174962,2,16.015469887616444,1724.5529650409424,0.08599499999999999,0.004098345908491663,0.8179066796292168,0.20309293925066044,6.738877719420603,-0.9064134375245063,6,fewer_than_three_discovery_events;long_relative_to_circular_transit;low_nominal_training_snr;not_recovered_in_final_holdout;inconsistent_holdout_depth_signs,
166174962,3,7.543339658494015,1715.8342550409423,0.238875,0.0010001517135168054,0.4040474695073907,0.5541953200665635,6.279742942773285,-0.9242002105813395,8,outside_initial_small_planet_radius_range;long_relative_to_circular_transit;low_nominal_training_snr;not_recovered_in_final_holdout;inconsistent_holdout_depth_signs,
166174962,4,6.572169628042838,1715.9500525409424,0.05095999999999999,0.001962164796311426,0.5659358285547919,0.6659925736552567,5.607902704387976,0.34597035389972675,8,low_nominal_training_snr;not_recovered_in_final_holdout;inconsistent_holdout_depth_signs,
166650364,1,3.4454973397919644,1901.7489122971951,0.29575,0.0023305465795262193,0.6273204464384703,1.7130882567128538,9.060162816339144,4.567568912309017,3,outside_nominal_optimistic_hz;long_relative_to_circular_transit;not_recovered_in_final_holdout,
166650364,2,3.462352754001632,1903.0684122971952,0.29575,0.0022439539323653337,0.6155559272550035,1.7019777544026848,8.309311026863526,4.777767398970195,3,outside_nominal_optimistic_hz;long_relative_to_circular_transit;not_recovered_in_final_holdout,
166650364,3,3.431609778576803,1903.8930997971952,0.238875,0.002326301781877245,0.6267488933968003,1.7223382012944697,7.692444578778225,4.58953560743743,4,outside_nominal_optimistic_hz;long_relative_to_circular_transit;not_recovered_in_final_holdout,
166650364,4,3.441745194726987,1901.1243027566336,0.238875,0.002543279323375651,0.6553262723930372,1.7155788239147702,8.34538723322292,3.795821455821681,3,outside_nominal_optimistic_hz;long_relative_to_circular_transit;not_recovered_in_final_holdout,
166832907,1,3.824858536369656,1414.570632241245,0.017499999999999998,0.008385955765914048,1.1399734132679167,1.3196561954962667,6.184240810080062,-0.5007819927526344,1,low_nominal_training_snr;insufficient_holdout_events,
166832907,2,3.3015883028774797,1411.945632241245,0.03822,0.004331762895789603,0.819314757778596,1.6056494975910875,5.336991843857641,0.19059825885981063,3,outside_nominal_optimistic_hz;low_nominal_training_snr;not_recovered_in_final_holdout,
167010837,1,42.23639792686257,1366.979657340604,0.29575,0.002300978726973285,1.0580867087307082,0.23056887332363304,12.495283366842369,-0.17707892584675816,3,dominated_by_one_discovery_event;long_relative_to_circular_transit;not_recovered_in_final_holdout,
167010837,2,42.11784008551704,1328.816532340604,0.29575,0.0014193904333296304,0.8310284540566216,0.23143465258918985,10.408269088286936,0.31586600315536983,2,long_relative_to_circular_transit;not_recovered_in_final_holdout,
167010837,3,15.485612581830749,1337.313657340604,0.29575,0.0008782885090821288,0.6537076353778347,0.8786420584445355,9.485914551944589,1.778602438283263,9,long_relative_to_circular_transit;not_recovered_in_final_holdout,
167010837,4,47.311014885337016,1361.3774698406041,0.170625,0.002610467530953338,1.1270004906523583,0.19819840512143255,10.59925283768399,-0.04656919061878175,2,dominated_by_one_discovery_event;outside_nominal_optimistic_hz;long_relative_to_circular_transit;not_recovered_in_final_holdout;inconsistent_holdout_depth_signs,
167042097,1,8.387732228720722,1329.2491313172304,0.29575,0.0025149525580203287,1.1445236530432046,1.5160626842234677,49.32148081811704,35.282810532639644,16,outside_nominal_optimistic_hz;long_relative_to_circular_transit,
167042097,2,8.38771118775736,1328.3050063172304,0.29575,0.0025350101939671755,1.1490785797117002,1.5160677550438646,47.86057602777206,36.160454844839656,14,outside_nominal_optimistic_hz;long_relative_to_circular_transit,
167042097,3,8.384577318308514,1326.4622563172304,0.29575,0.00253437005980639,1.148933489389062,1.5168233414314514,47.81928275490445,41.691332495042886,16,outside_nominal_optimistic_hz;long_relative_to_circular_transit,
167042097,4,8.384468889434615,1333.0028813172305,0.29575,0.002583183016401008,1.1599451736678568,1.516849495789541,49.475300121095586,40.19580441140729,14,outside_nominal_optimistic_hz;long_relative_to_circular_transit,
167460835,1,23.947843192098684,1733.4346434069635,0.238875,0.008630081681874768,1.4810642419015145,0.23890948845013704,8.072229032980015,0.7461191328531925,1,fewer_than_three_discovery_events;dominated_by_one_discovery_event;long_relative_to_circular_transit;insufficient_holdout_events,
167460835,2,8.013428212051082,1711.6230809069637,0.29575,0.0032171820614208296,0.9042827841881647,1.0284049030187912,6.353008592402057,-1.2513752678491488,3,long_relative_to_circular_transit;low_nominal_training_snr;not_recovered_in_final_holdout;inconsistent_holdout_depth_signs,
167460835,3,18.32138289286348,1718.7425610585103,0.061424999999999993,0.009391896589512923,1.5450519788192782,0.3414372800468264,5.472631649807452,0.06464232962319902,1,low_nominal_training_snr;insufficient_holdout_events,
167460835,4,24.23724269128332,1712.7290535585103,0.17198999999999998,0.005670347601256694,1.2005252115838734,0.23511354912602966,5.628144133864383,1.0423761092661885,1,long_relative_to_circular_transit;low_nominal_training_snr;insufficient_holdout_events,
167525513,1,6.430346955385922,1326.1997409725043,0.29575,0.003295370293014558,0.9026682997796732,1.0142405832021528,39.06905312889181,36.75114955480338,19,odd_even_discrepancy;long_relative_to_circular_transit,
167525513,2,6.43494070123386,1329.2709909725043,0.29575,0.0032007994888275104,0.8896215904503537,1.0132753095495475,37.74076396551463,35.58419111465539,20,odd_even_discrepancy;long_relative_to_circular_transit,
167525513,3,6.439288503034358,1330.7269909725042,0.29575,0.0033109497211765374,0.9047995433849305,1.01236319545049,40.21213469493568,41.759771855436746,17,long_relative_to_circular_transit,
167525513,4,6.434880750843919,1327.6557409725042,0.29575,0.003879566701522426,0.9794171206605743,1.0132878964379142,41.6059999788496,43.41878681307498,21,odd_even_discrepancy;long_relative_to_circular_transit,
167812509,1,4.371427057632613,1327.5711775749212,0.124215,0.005298640445283193,1.049227691457444,1.383686209877387,40.97221111258737,13.453044723127604,28,long_relative_to_circular_transit,
167812509,2,4.035724948074626,1328.2277425749212,0.124215,0.005113555079151041,1.0307396629691188,1.5392406164728922,37.62167884722194,8.250105938788662,30,outside_nominal_optimistic_hz;long_relative_to_circular_transit,
167812509,3,4.035712742564839,1327.234022574921,0.124215,0.005034654609148506,1.0227567631923096,1.5392468234643466,37.82316948042223,11.7592563052983,28,odd_even_discrepancy;outside_nominal_optimistic_hz;long_relative_to_circular_transit,
167812509,4,4.035123032523433,1326.590652574921,0.116025,0.00524459667406163,1.0438631499813147,1.5395467668727236,37.44596548405717,10.424001952023016,31,outside_nominal_optimistic_hz;long_relative_to_circular_transit,
168726017,1,19.19898588967617,1413.4243795712807,0.29575,0.0013407524426410228,0.895644997444913,0.553029225454732,13.112503193055307,-1.4374546101865762,1,odd_even_discrepancy;long_relative_to_circular_transit;insufficient_holdout_events,
168726017,2,25.315312649086426,1422.0807545712807,0.29575,0.0014044605597222986,0.916677095459924,0.38247942232651216,11.125256918248477,-0.2609933378196565,1,fewer_than_three_discovery_events;long_relative_to_circular_transit;insufficient_holdout_events,
168726017,3,9.750500193140564,1418.9753795712809,0.29575,0.0005999116284921382,0.5991081757170825,1.3648448172600518,7.765526684854683,-1.2584079560708796,3,long_relative_to_circular_transit;not_recovered_in_final_holdout;inconsistent_holdout_depth_signs,
168726017,4,17.480262794652205,1421.4100845712808,0.17198999999999998,0.0009437429855029373,0.7514299042404041,0.6266935025112774,6.939326693877282,2.436403270507961,1,long_relative_to_circular_transit;low_nominal_training_snr;insufficient_holdout_events,
168767379,1,17.33778255503684,1748.653936261032,0.29575,0.0013535928317576424,0.6990477769559024,0.4409397207134952,6.778560894734376,-0.4847888027339457,1,fewer_than_three_discovery_events;dominated_by_one_discovery_event;long_relative_to_circular_transit;low_nominal_training_snr;insufficient_holdout_events,
168767379,2,11.27111028246696,1742.659311261032,0.29575,0.0007211194702074594,0.510230536477471,0.7829758367850262,6.2462047593526595,1.5791862753855093,2,long_relative_to_circular_transit;low_nominal_training_snr;not_recovered_in_final_holdout,
168767379,3,15.956100624763705,1747.071218761032,0.124215,0.0010874767909792539,0.6265746707055289,0.49257035422023615,5.349167000531182,2.12595502631124,2,long_relative_to_circular_transit;low_nominal_training_snr;not_recovered_in_final_holdout,
168767379,4,7.481024202050127,1743.392998761032,0.238875,0.0007197768467030664,0.5097553262646851,1.3523503326361344,6.183313934599799,-1.8899471913380097,4,long_relative_to_circular_transit;low_nominal_training_snr;not_recovered_in_final_holdout;inconsistent_holdout_depth_signs,
168873515,1,14.681655794306705,1422.398830762123,0.29575,0.08007916975883154,6.427420352528656,0.6772312313522504,33.01967601878052,-13.981430302369182,1,fewer_than_three_discovery_events;dominated_by_one_discovery_event;outside_initial_small_planet_radius_range;long_relative_to_circular_transit;insufficient_holdout_events,
168873515,2,14.924992713236241,1413.190768262123,0.170625,0.04046922540517549,4.569191589219784,0.6625492879205555,22.385056647365786,0.2636378040818628,2,dominated_by_one_discovery_event;odd_even_discrepancy;outside_initial_small_planet_radius_range;long_relative_to_circular_transit;not_recovered_in_final_holdout;inconsistent_holdout_depth_signs,
168873515,3,20.19415759984789,1412.1777107621228,0.16562,0.031201805198142717,4.012054124991827,0.4427270323073819,16.626770546952226,2.0649041128739634,1,outside_initial_small_planet_radius_range;long_relative_to_circular_transit;insufficient_holdout_events,
168873515,4,7.000376546430575,1416.768205762123,0.29575,0.021147704448080253,3.302999735037948,1.818061180389734,17.684256427655566,-7.072785412634616,3,outside_initial_small_planet_radius_range;outside_nominal_optimistic_hz;long_relative_to_circular_transit;not_recovered_in_final_holdout;inconsistent_holdout_depth_signs,
169228466,1,9.932290472929848,1550.4816231579669,0.16065000000000002,0.010746528041416677,1.2565236137811693,0.3886486562987208,16.283291203006822,-2.2632591321679842,8,fewer_than_three_discovery_events;dominated_by_one_discovery_event;long_relative_to_circular_transit;not_recovered_in_final_holdout;inconsistent_holdout_depth_signs,
169228466,2,6.3865957762526016,1547.3377656579669,0.124215,0.004895035684126738,0.8480364075347724,0.7002672473275431,11.035171597098957,-1.5216578402826038,11,long_relative_to_circular_transit;not_recovered_in_final_holdout;inconsistent_holdout_depth_signs,
169747618,1,7.892053845888145,1356.394665899228,0.03822,0.0035443162366653987,0.7931213678644791,0.5475392600611294,5.630582597722769,1.4587540335475675,5,low_nominal_training_snr;not_recovered_in_final_holdout,
169747618,2,12.87956331028775,1354.414050899228,0.29575,0.0024443869325876558,0.6586556098632306,0.2849708689427427,6.608303908656558,1.9396630239158317,6,fewer_than_three_discovery_events;long_relative_to_circular_transit;low_nominal_training_snr;not_recovered_in_final_holdout,
170636897,1,6.946274709789609,1411.9909274447348,0.29575,0.005688750323711449,1.647221567750438,1.7874522948136995,124.37615569004068,-38.799906513364235,10,odd_even_discrepancy;outside_nominal_optimistic_hz;long_relative_to_circular_transit;not_recovered_in_final_holdout;inconsistent_holdout_depth_signs,
170636897,2,6.9858301080312115,1413.264927444735,0.29575,0.00572495409180266,1.6524547950160509,1.7739704171774278,124.48002487582895,33.99149161256212,8,odd_even_discrepancy;outside_nominal_optimistic_hz;long_relative_to_circular_transit,
170636897,3,6.958850805110705,1414.7778024447348,0.29575,0.006245049886928758,1.7258837489503385,1.7831465269810254,127.58719762939698,149.4032780259969,12,outside_nominal_optimistic_hz;long_relative_to_circular_transit,
170636897,4,6.972090948459257,1417.5078024447348,0.29575,0.0072012868133054485,1.853312426127452,1.7786329809431232,135.5158380981494,19.564564384220624,7,odd_even_discrepancy;outside_nominal_optimistic_hz;long_relative_to_circular_transit;inconsistent_holdout_depth_signs,
171648455,1,11.924873580667438,1906.3644888205988,0.29575,0.0025655330171782008,0.6139392094594256,0.25603696886482824,6.300897408164149,-0.06253171658428655,1,long_relative_to_circular_transit;low_nominal_training_snr;insufficient_holdout_events,
171648455,2,11.067227606333383,1908.229078820599,0.057329999999999985,0.004517526557860065,0.8146797543115504,0.2828281284876107,5.149246619031466,-0.25896438781612946,1,low_nominal_training_snr;insufficient_holdout_events,
171648455,3,4.003308170379498,1904.415041320599,0.124215,0.0016642251129015166,0.4944730223037358,1.0973597450416277,4.949590038745457,-0.15357248264493717,3,outside_initial_small_planet_radius_range;long_relative_to_circular_transit;low_nominal_training_snr;not_recovered_in_final_holdout;inconsistent_holdout_depth_signs,
171648455,4,7.419929758807794,1903.3474729679951,0.03266666666666666,0.004781333697486897,0.8381294363845389,0.48199366468063903,5.0673640179631345,-0.3468647719690279,2,low_nominal_training_snr;not_recovered_in_final_holdout;inconsistent_holdout_depth_signs,
172405494,1,14.177154891605229,1476.6949029848486,0.29575,0.0019185397461438905,0.8944181318065172,0.6742487546372498,7.124314455462629,0.012765013987962166,2,fewer_than_three_discovery_events;dominated_by_one_discovery_event;long_relative_to_circular_transit;not_recovered_in_final_holdout;inconsistent_holdout_depth_signs,
172405494,2,10.504162745337403,1478.8256679848485,0.03822,0.0025690482879081045,1.0350023311942795,1.0056735071908725,5.922835346279269,-1.2180056554205547,2,low_nominal_training_snr;not_recovered_in_final_holdout;inconsistent_holdout_depth_signs,
172405494,3,22.407428582473894,1489.8984779848486,0.0588,0.002616735153233219,1.0445640589472371,0.36622633495543394,5.346629814909996,-0.276774602683073,1,fewer_than_three_discovery_events;low_nominal_training_snr;insufficient_holdout_events,
172405494,4,9.807335768017396,1469.9913879848484,0.03822,0.0020416409541635064,0.9226667679054984,1.1020573777463425,5.308110126306232,-0.0673679173865973,2,low_nominal_training_snr;not_recovered_in_final_holdout;inconsistent_holdout_depth_signs,
172994232,1,5.223927117019731,1471.516478969189,0.03822,0.007117484612535841,1.4279353804359642,1.8600947584064775,5.844304978636682,,0,outside_nominal_optimistic_hz;low_nominal_training_snr;insufficient_holdout_events,
172994232,2,16.798330678164362,1476.816773969189,0.057329999999999985,0.009453599115126114,1.6456742618239353,0.3919010071432754,5.4213760526169255,,0,low_nominal_training_snr;insufficient_holdout_events,
172994232,3,8.937525795060369,1469.3693339691888,0.057329999999999985,0.0066545850623335925,1.3807205105953022,0.9090228569024261,4.957387689960974,,0,low_nominal_training_snr;insufficient_holdout_events,
173614751,1,23.256791947216577,1746.3838675124834,0.17198999999999998,0.006221989034956774,1.4556766412613729,0.30223190050660975,5.457224914620052,,0,fewer_than_three_discovery_events;dominated_by_one_discovery_event;long_relative_to_circular_transit;low_nominal_training_snr;insufficient_holdout_events,
173614751,2,15.008666870122124,1742.3860100124834,0.238875,0.0034014954925199216,1.0763047136859232,0.541939186206628,5.224120400191898,,0,long_relative_to_circular_transit;low_nominal_training_snr;insufficient_holdout_events,
173614751,3,8.860759591094444,1744.43598917915,0.024499999999999997,0.009923050661876077,1.838327553898133,1.094238794050611,4.9727144000766215,,0,low_nominal_training_snr;insufficient_holdout_events,
17470294,1,5.03933155724254,1959.336902066143,0.22931999999999997,0.005349381909944215,1.0622262536186635,1.2174144135095606,9.07229751237031,3.6366364108500777,3,long_relative_to_circular_transit;not_recovered_in_final_holdout,
17470294,2,6.444775341199916,1962.516897066143,0.29575,0.0056697715546580405,1.0935735791848595,0.8769846119621884,9.596778566401149,-0.8974420844305501,2,long_relative_to_circular_transit;not_recovered_in_final_holdout;inconsistent_holdout_depth_signs,
17470294,3,11.228243277923085,1961.335262066143,0.22931999999999997,0.0063794181773697235,1.1599940577673349,0.41833088744189284,8.140252760788623,0.0,0,long_relative_to_circular_transit;insufficient_holdout_events,
17470294,4,6.704897614954017,1964.046834566143,0.238875,0.006045633086393456,1.1292396577902515,0.8319160112417261,7.952379873283576,1.089790963054928,2,long_relative_to_circular_transit;not_recovered_in_final_holdout;inconsistent_holdout_depth_signs,
175456846,1,5.680614537193589,1356.5405181562833,0.29575,0.01104653245541708,1.6297272174309658,1.0969739182753568,38.27014203324151,-18.914699136415067,11,long_relative_to_circular_transit;not_recovered_in_final_holdout;inconsistent_holdout_depth_signs,
175456846,2,5.698369190062474,1354.6636431562833,0.29575,0.010589969798296016,1.5956928274602624,1.0924191016111993,36.37235076476412,26.922171788535895,11,long_relative_to_circular_transit,
175456846,3,5.6803908565430765,1358.4856431562832,0.29575,0.011436770165428524,1.6582638334757773,1.0970315137134599,39.15347982002725,-12.740084934293268,12,long_relative_to_circular_transit;not_recovered_in_final_holdout;inconsistent_holdout_depth_signs,
175456846,4,5.706422231500398,1357.3822681562833,0.29575,0.00605229744548047,1.206318710549825,1.0903640541279438,18.28430555069892,14.409895488339984,11,long_relative_to_circular_transit,
175516858,1,14.604681455370736,1396.8989581682447,0.29575,0.0014514639816197066,0.4701053166309362,0.24463052302841184,8.123397546192797,-1.7506974505743633,10,outside_initial_small_planet_radius_range;long_relative_to_circular_transit;not_recovered_in_final_holdout;inconsistent_holdout_depth_signs,
175516858,2,9.506388128776114,1389.8341731682447,0.11465999999999998,0.0010326998334009895,0.39653277083420063,0.43365667948167386,5.286919834105283,-1.608093517558875,12,outside_initial_small_planet_radius_range;long_relative_to_circular_transit;low_nominal_training_snr;not_recovered_in_final_holdout;inconsistent_holdout_depth_signs,
175516858,3,10.776285235224774,1392.6432498349113,0.03266666666666666,0.002311248481542678,0.593219407361035,0.36689460436971316,5.521827044670948,-1.1515040731951047,11,low_nominal_training_snr;not_recovered_in_final_holdout;inconsistent_holdout_depth_signs,
175516858,4,7.401937784309867,1393.0719531682446,0.07643999999999998,0.001155632687977709,0.41947099876071253,0.605395964880827,5.14490810338028,-0.3412347308260191,10,outside_initial_small_planet_radius_range;long_relative_to_circular_transit;low_nominal_training_snr;not_recovered_in_final_holdout;inconsistent_holdout_depth_signs,
17562763,1,16.147947612379852,1970.283210377925,0.29575,0.0027331453806318977,0.8848642566995812,0.3889041042709672,11.080460066757208,0.7632701394139617,1,fewer_than_three_discovery_events;dominated_by_one_discovery_event;long_relative_to_circular_transit;insufficient_holdout_events,
17562763,2,16.001380661024776,1971.471897877925,0.238875,0.003106382048753501,0.9433497090809899,0.39366097128202693,9.437621138242873,0.8748579419241246,1,fewer_than_three_discovery_events;long_relative_to_circular_transit;insufficient_holdout_events,
17562763,3,16.129191948365442,1973.2407103779249,0.29575,0.00157626587397785,0.6719856864972373,0.38950719858816596,9.072956982772288,0.0,0,long_relative_to_circular_transit;insufficient_holdout_events,
17562763,4,14.998555875912086,1969.418710377925,0.29575,0.0018390983557291505,0.725851475493779,0.4291407030522154,9.025080906974459,1.3487916397188902,1,fewer_than_three_discovery_events;long_relative_to_circular_transit;insufficient_holdout_events,
176935123,1,13.49261166122859,1331.5520972204101,0.238875,0.0006213750838332616,0.30214365875864085,0.24212772054706758,6.386356843619744,-0.5673908269735214,11,outside_initial_small_planet_radius_range;long_relative_to_circular_transit;low_nominal_training_snr;not_recovered_in_final_holdout,
176935123,2,17.164528644934496,1341.4720072204102,0.124215,0.0007554994861846644,0.33316061354716653,0.17565615237665605,5.953342505371703,-1.8008850232341298,9,outside_initial_small_planet_radius_range;outside_nominal_optimistic_hz;long_relative_to_circular_transit;low_nominal_training_snr;not_recovered_in_final_holdout;inconsistent_holdout_depth_signs,
176935123,3,13.96686799654181,1328.7994930537436,0.024499999999999997,0.0013316092957706672,0.4423081845159858,0.23122804281946524,6.360983751638363,-0.5429223082572932,12,outside_initial_small_planet_radius_range;low_nominal_training_snr;not_recovered_in_final_holdout;inconsistent_holdout_depth_signs,
176935123,4,11.165024097781139,1333.0460897204102,0.16562,0.00046415691356618225,0.26113734142598105,0.31166855559317425,5.843520538889451,2.0275706530417272,11,outside_initial_small_planet_radius_range;long_relative_to_circular_transit;low_nominal_training_snr;not_recovered_in_final_holdout,
176948652,1,9.45801289047154,1743.1540944749222,0.29575,0.010770974325213546,1.9039273160424288,0.9204049431879601,31.256283585675913,14.54854570560061,1,long_relative_to_circular_transit;insufficient_holdout_events,
176948652,2,8.211237608221952,1745.673656974922,0.238875,0.011045099010217961,1.9280028704356784,1.1113068345523076,30.444411400021075,12.247539915920632,2,long_relative_to_circular_transit,
176948652,3,5.688003224350303,1740.6004069749222,0.238875,0.00786853067358303,1.6273077417957462,1.8131442875054415,25.931250855011523,5.129430715304468,2,outside_nominal_optimistic_hz;long_relative_to_circular_transit;inconsistent_holdout_depth_signs,
176948652,4,5.671608282672704,1739.4003444749221,0.29575,0.00815964783306015,1.6571376215188705,1.8201360038764787,26.467809213349724,7.401651688345086,2,odd_even_discrepancy;outside_nominal_optimistic_hz;long_relative_to_circular_transit;inconsistent_holdout_depth_signs,
176955267,1,62.640209004896334,1325.5519983402032,0.29575,0.001202882419302865,1.094518279957072,0.19123681638068207,18.83855573841575,2.8243937329019113,2,dominated_by_one_discovery_event;outside_nominal_optimistic_hz;long_relative_to_circular_transit;not_recovered_in_final_holdout,
176955267,2,26.97521359098002,1333.5803313906085,0.29575,0.0009663972608748168,0.9810457838491405,0.5880612731183709,14.386390973382614,1.4202145613814685,6,long_relative_to_circular_transit;not_recovered_in_final_holdout,
176955267,3,25.24914538071251,1341.3892688906085,0.238875,0.0005777685457991346,0.7585572751397787,0.6422639196168575,11.552150500134957,0.3315158254912319,3,long_relative_to_circular_transit;not_recovered_in_final_holdout,
176955267,4,52.0252697539577,1364.8729563906086,0.29575,0.0008462054828554332,0.9180140922000818,0.24495707169373993,12.957497689328823,-2.185310449725371,2,odd_even_discrepancy;long_relative_to_circular_transit;not_recovered_in_final_holdout;inconsistent_holdout_depth_signs,
177036977,1,15.842434369345847,1332.8999651621448,0.29575,0.0014556041204520653,0.6415875778802689,0.323074256754844,8.834151963056968,-0.02998326621034113,9,long_relative_to_circular_transit;not_recovered_in_final_holdout;inconsistent_holdout_depth_signs,
177036977,2,19.34202093193554,1328.094255162145,0.17198999999999998,0.0018690056018074754,0.7270087035233226,0.24758772588544833,6.94071018071908,0.5956779186565477,7,long_relative_to_circular_transit;low_nominal_training_snr;not_recovered_in_final_holdout;inconsistent_holdout_depth_signs,
177036977,3,6.5690505772474435,1325.4175020848975,0.08599499999999999,0.0013899190690093112,0.6269444544452466,1.0448680155756194,6.732847071512716,0.31233686493725765,17,long_relative_to_circular_transit;low_nominal_training_snr;not_recovered_in_final_holdout;inconsistent_holdout_depth_signs,
177036977,4,20.178926684594824,1327.4166286694272,0.12284999999999999,0.0021583051695980952,0.7812512659374723,0.23399190123612826,6.712171122150538,-1.0290912977501712,4,long_relative_to_circular_transit;low_nominal_training_snr;not_recovered_in_final_holdout;inconsistent_holdout_depth_signs,
177313167,1,7.789924699307016,1328.3263041193184,0.08599499999999999,0.0027260201298746427,1.220090063913347,1.8663154445411296,21.762150499137157,9.97012430982379,16,outside_nominal_optimistic_hz,
177313167,2,9.88614730979258,1333.1023341193184,0.11245500000000001,0.0026109675597838916,1.1940653586091026,1.3582924695974683,21.31537326236766,18.91660333594194,13,long_relative_to_circular_transit,
177313167,3,8.687844469469946,1326.2112366193182,0.11465999999999998,0.0023221045044785906,1.1260773978288416,1.61366487661425,20.7803993509155,22.145068178353963,13,outside_nominal_optimistic_hz;long_relative_to_circular_transit,
177313167,4,8.986249064424168,1326.8295816193183,0.11465999999999998,0.002443383560304718,1.155109577718112,1.5426170518106774,20.72274320979047,22.221894782176985,13,outside_nominal_optimistic_hz;long_relative_to_circular_transit,
177385959,1,54.38451235019265,1368.0947681901755,0.29575,0.001149225723580894,1.0365118899855015,0.22935639162776844,9.313840450050845,0.0,0,fewer_than_three_discovery_events;dominated_by_one_discovery_event;long_relative_to_circular_transit;insufficient_holdout_events,
177385959,2,50.10629342126364,1368.2255806901755,0.238875,0.0007717138048768721,0.8493755469294638,0.2558319587341088,7.742229318230687,-1.031805118122753,3,fewer_than_three_discovery_events;long_relative_to_circular_transit;not_recovered_in_final_holdout;inconsistent_holdout_depth_signs,
177385959,3,41.972044644471666,1335.0685931901755,0.22931999999999997,0.0005179852037224987,0.6958734969227669,0.323989546155226,7.89525530193655,0.9315650100018121,3,dominated_by_one_discovery_event;long_relative_to_circular_transit;not_recovered_in_final_holdout,
177385959,4,48.86480475113248,1332.1504506901756,0.124215,0.000662759564936253,0.787135720349816,0.26453487896254235,6.403532992635588,1.4913733899131274,2,low_nominal_training_snr;not_recovered_in_final_holdout;inconsistent_holdout_depth_signs,
178241984,1,11.290990203440076,1418.3390985276324,0.29575,0.007932609242719074,1.7603547377484838,0.7404818438588969,20.980119423616625,1.773862676985725,1,long_relative_to_circular_transit;insufficient_holdout_events,
178241984,2,9.612467982399593,1411.2183485276325,0.29575,0.008315502902060855,1.8023387595361533,0.9177208108278793,22.7722099364871,3.6385195306075224,1,odd_even_discrepancy;long_relative_to_circular_transit;insufficient_holdout_events,
178241984,3,6.991014763169883,1412.056386331239,0.29575,0.006197613126122539,1.5559813743234698,1.4031480471271986,19.490592014118086,6.063317436707556,2,odd_even_discrepancy;long_relative_to_circular_transit,
178241984,4,6.124630900230615,1412.8981363312391,0.29575,0.0063395920023931185,1.5737031606500629,1.673852660615378,19.85061212608082,5.692290396583588,2,outside_nominal_optimistic_hz;long_relative_to_circular_transit,
179048228,1,4.352421459314819,1412.8783913774562,0.29575,0.006210192870816391,1.25637413710072,1.7270337605868313,24.05831013243562,8.99487579906473,6,outside_nominal_optimistic_hz;long_relative_to_circular_transit,
179048228,2,4.357891521551861,1414.095516377456,0.29575,0.00582010326332793,1.216275023941853,1.7241439822813804,22.72947283622711,12.550643897230113,6,outside_nominal_optimistic_hz;long_relative_to_circular_transit,
179048228,3,4.3513329553402125,1411.991141377456,0.29575,0.006186344131582564,1.2539594165342574,1.7276098174731158,23.436503263656405,12.000270960112536,4,outside_nominal_optimistic_hz;long_relative_to_circular_transit,
179048228,4,4.345622517884205,1415.142016377456,0.29575,0.007679703254282288,1.3971359351492174,1.730637406047963,27.378925599854625,7.778412035988881,6,outside_nominal_optimistic_hz;long_relative_to_circular_transit,
179232002,1,3.4300563649199374,1546.1040095872388,0.049980000000000004,0.00912421162002415,1.2516776816997808,1.5358467653593326,15.161651612723432,-6.161588004877062,13,outside_nominal_optimistic_hz;long_relative_to_circular_transit;not_recovered_in_final_holdout;inconsistent_holdout_depth_signs,
179232002,2,3.1665748662366098,1546.2414895872387,0.03822,0.010163783978263176,1.3210600118903781,1.7085586147092413,15.50467943599486,-3.5098765799980445,13,outside_nominal_optimistic_hz;not_recovered_in_final_holdout;inconsistent_holdout_depth_signs,
179232002,3,3.0364976454613215,1545.6922695872388,0.049980000000000004,0.00789063946005576,1.1639945149717492,1.8068369557786155,14.400916159723684,-2.943457484092426,16,outside_nominal_optimistic_hz;long_relative_to_circular_transit;not_recovered_in_final_holdout;inconsistent_holdout_depth_signs,
179232002,4,3.037026052369284,1545.7045895872386,0.03822,0.013534770018058617,1.5244748856367103,1.8064178100196961,15.320324588078334,-3.842604599532223,15,outside_nominal_optimistic_hz;not_recovered_in_final_holdout;inconsistent_holdout_depth_signs,
179279545,1,11.641384247038673,1545.5462331228564,0.238875,0.004200928245218577,0.87762281482415,0.3966698525323511,7.646709184708293,-2.104949344664197,4,fewer_than_three_discovery_events;dominated_by_one_discovery_event;long_relative_to_circular_transit;not_recovered_in_final_holdout;inconsistent_holdout_depth_signs,
179279545,2,6.317463846379711,1548.4297956228563,0.29575,0.0019154761323215723,0.592616371926956,0.8961451115752598,5.550635639636371,0.5898562888718548,6,dominated_by_one_discovery_event;long_relative_to_circular_transit;low_nominal_training_snr;not_recovered_in_final_holdout,
179279545,3,3.8750392799550637,1547.3448481228563,0.08599499999999999,0.003110227742948688,0.7551467687250126,1.7194935384253782,6.127744885385589,-0.08521194196714416,11,outside_nominal_optimistic_hz;long_relative_to_circular_transit;low_nominal_training_snr;not_recovered_in_final_holdout;inconsistent_holdout_depth_signs,
179279545,4,4.943253569037799,1547.1503356228563,0.17198999999999998,0.0024227686864062305,0.6664863340707821,1.2428484515672513,6.149213353834564,3.010199169924557,9,long_relative_to_circular_transit;low_nominal_training_snr;not_recovered_in_final_holdout,
17970570,1,3.9121550964998004,1900.3957622341422,0.18374999999999997,0.0041483093563270835,0.8017777630538934,1.2100984986254553,12.707740713676962,2.20390050952117,3,long_relative_to_circular_transit;not_recovered_in_final_holdout,
17970570,2,3.363962685081666,1902.0368743141655,0.22931999999999997,0.003241859299750321,0.7087866355033131,1.4799279797504243,11.017024851092879,1.916280639942555,3,long_relative_to_circular_transit;not_recovered_in_final_holdout,
17970570,3,3.3505211680236484,1900.9762693141656,0.22491000000000003,0.003451687733121991,0.7313650263353871,1.4878494403308469,10.990558776071476,7.8225963555395825,4,long_relative_to_circular_transit,
17970570,4,3.353258626452276,1903.1705068141655,0.170625,0.003934780752351475,0.7808699462846519,1.4862301709640138,10.513746760967111,4.6839215373339975,3,long_relative_to_circular_transit;not_recovered_in_final_holdout,
180628643,1,16.141188488100006,1914.574952179141,0.29575,0.0032863233835641096,1.4147417675039204,0.734095180623153,8.145491801539142,2.087257371402176,1,fewer_than_three_discovery_events;dominated_by_one_discovery_event;long_relative_to_circular_transit;insufficient_holdout_events,
180628643,2,15.724572411045694,1900.5736922680956,0.170625,0.002658637585157944,1.2724818513015663,0.7601417596747465,7.076636481539801,0.0,0,long_relative_to_circular_transit;insufficient_holdout_events,
180628643,3,17.319755180330418,1915.6168177687578,0.170625,0.002223604536989593,1.1637261747384489,0.668257825402464,6.057466401334795,-0.9668818170218567,1,long_relative_to_circular_transit;low_nominal_training_snr;insufficient_holdout_events,
180628643,4,10.325662559989624,1909.0261427687576,0.124215,0.002208106853099014,1.159663717932799,1.3318106409052166,5.41696596839697,-0.45411503363648936,1,dominated_by_one_discovery_event;long_relative_to_circular_transit;low_nominal_training_snr;insufficient_holdout_events,
180671104,1,9.227085755792464,1902.2386488425568,0.29575,0.010197604679879001,2.481105274171052,1.5649359812729,50.217788950056935,8.780215500241518,1,odd_even_discrepancy;outside_initial_small_planet_radius_range;outside_nominal_optimistic_hz;long_relative_to_circular_transit;insufficient_holdout_events,
180671104,2,8.166227803012701,1901.317273842557,0.29575,0.008399555120719411,2.2517711370316134,1.8417075323301142,51.76792753582646,8.76862108574039,1,odd_even_discrepancy;outside_initial_small_planet_radius_range;outside_nominal_optimistic_hz;long_relative_to_circular_transit;insufficient_holdout_events,
180671104,3,8.176283417175584,1908.4152738425569,0.29575,0.010742916922920656,2.5465793582640317,1.8386881159157262,52.891950170800925,3.9544089737733397,1,outside_initial_small_planet_radius_range;outside_nominal_optimistic_hz;long_relative_to_circular_transit;insufficient_holdout_events,
180671104,4,15.348255898448746,1907.3825455745377,0.29575,0.0123470042313622,2.7300896238409713,0.7940306680471672,54.474482268638,-4.756397119145431,1,odd_even_discrepancy;outside_initial_small_planet_radius_range;long_relative_to_circular_transit;insufficient_holdout_events,
180672231,1,7.92405797049654,1900.849234843014,0.057329999999999985,0.0039295119943608976,0.787192118999321,0.49086119605839496,4.819073040464962,1.0016635548491137,1,long_relative_to_circular_transit;low_nominal_training_snr;insufficient_holdout_events,
180695497,1,17.776697294655673,1912.286049384859,0.29575,0.004499364181848154,0.9961576385608143,0.30497263496062343,7.747498878588279,0.9012303892089955,1,fewer_than_three_discovery_events;dominated_by_one_discovery_event;long_relative_to_circular_transit;insufficient_holdout_events,
180695497,2,16.068965362634742,1900.5176318848592,0.11245500000000001,0.00443786644614502,0.989326427371782,0.34893544611829663,4.548684364864523,0.0,0,long_relative_to_circular_transit;low_nominal_training_snr;insufficient_holdout_events,
180696669,1,4.513902894059997,1901.452462717051,0.29575,0.0049596146798149806,1.1304591955611647,1.7091150074912689,11.53292311662473,2.6406969531508255,2,outside_nominal_optimistic_hz;long_relative_to_circular_transit;not_recovered_in_final_holdout,
180696669,2,4.508988551435332,1903.238337717051,0.29575,0.004289010589342175,1.0512584066392672,1.7115991424514096,10.588293211627539,4.3266338887485345,2,outside_nominal_optimistic_hz;long_relative_to_circular_transit;not_recovered_in_final_holdout,
180696669,3,4.520012296927334,1902.3624627170511,0.29575,0.004745259578410067,1.1057600869027397,1.7060355706772012,11.138648828988414,4.299308722310612,2,outside_nominal_optimistic_hz;long_relative_to_circular_transit;not_recovered_in_final_holdout,
180696669,4,4.513720076261184,1904.1597127170512,0.29575,0.004598858976333276,1.0885690154742385,1.7092073064516264,10.435413687448877,1.340000763270011,2,outside_nominal_optimistic_hz;long_relative_to_circular_transit;not_recovered_in_final_holdout,
180972066,1,9.429983303132294,1443.9512906104442,0.29575,0.004894048889827967,1.7646546277973205,1.662818699283655,61.256720077010186,52.71227888697188,3,outside_nominal_optimistic_hz;long_relative_to_circular_transit,
180972066,2,9.430075156214974,1439.2079156104442,0.29575,0.005044815597632197,1.7916295455896705,1.6627971038706837,64.52904929771898,51.46601101337213,3,odd_even_discrepancy;outside_nominal_optimistic_hz;long_relative_to_circular_transit,
180972066,3,9.428873546672873,1445.5324156104443,0.29575,0.005633250625373558,1.8932375276852136,1.6630796509205859,68.029061502562,43.16153840161254,2,outside_nominal_optimistic_hz;long_relative_to_circular_transit,
180972066,4,9.430031600660874,1442.3360406104441,0.29575,0.0056807703362920505,1.9012060322903828,1.6628073440774374,71.97822180376244,43.08585095493953,3,outside_nominal_optimistic_hz;long_relative_to_circular_transit,
183306102,1,8.58277428059699,1327.1956110997874,0.16243500000000002,0.010665476950227603,2.041184695364974,1.1028115943610208,25.76755437664435,3.151438254644341,1,outside_initial_small_planet_radius_range;long_relative_to_circular_transit;insufficient_holdout_events,
183306102,2,7.159892589895344,1329.5777635997872,0.17198999999999998,0.009849006709106425,1.961500301767241,1.4043097201844554,26.250032774521067,7.494381301662678,2,long_relative_to_circular_transit,
183306102,3,6.205401568234204,1327.6918585997873,0.1764,0.00915960405322804,1.8916052597785822,1.6994630377832118,25.57254206305725,8.044982765352565,2,outside_nominal_optimistic_hz;long_relative_to_circular_transit,
183306102,4,6.204432296536938,1326.7276435997874,0.17198999999999998,0.010999797487471394,2.0729293825225734,1.699817039402744,25.55134709863383,5.4989561454405,2,outside_initial_small_planet_radius_range;outside_nominal_optimistic_hz;long_relative_to_circular_transit,
183494855,1,19.04723255282443,1338.1349555297475,0.29575,0.0012976219480748566,0.7316453609953031,0.38037619922448673,6.412250530720973,-2.295095113727093,2,long_relative_to_circular_transit;low_nominal_training_snr;not_recovered_in_final_holdout;inconsistent_holdout_depth_signs,
183494855,2,10.910365380878352,1335.4063205297475,0.22931999999999997,0.000891265740584133,0.606359433402752,0.7995950928249836,5.113950318423236,-0.6420136418905285,2,long_relative_to_circular_transit;low_nominal_training_snr;not_recovered_in_final_holdout;inconsistent_holdout_depth_signs,
183494855,3,23.242214395181886,1326.3993680297474,0.08599499999999999,0.001852823168007555,0.8742658574010926,0.29171080089128193,5.240933779261354,-2.526368957709559,1,fewer_than_three_discovery_events;low_nominal_training_snr;insufficient_holdout_events,
183494855,4,6.367189142306094,1328.527163863081,0.03266666666666666,0.002077888067114853,0.9258435524390373,1.639553195972036,5.5500354898457545,0.5585342279902111,4,outside_nominal_optimistic_hz;low_nominal_training_snr;not_recovered_in_final_holdout;inconsistent_holdout_depth_signs,
183588144,1,6.846885006882773,1358.744076259701,0.17198999999999998,0.0016444630219452233,0.6465148423769247,1.0752653497991673,8.389331406318618,-1.1829792551095726,6,long_relative_to_circular_transit;not_recovered_in_final_holdout;inconsistent_holdout_depth_signs,
183588144,2,20.04788020207524,1354.2496885576256,0.124215,0.002380678409438781,0.7778875311848465,0.25669362610900354,5.640914103067965,-0.5002063232117835,3,dominated_by_one_discovery_event;long_relative_to_circular_transit;low_nominal_training_snr;not_recovered_in_final_holdout,
183588144,3,4.778649137395347,1355.0503931436149,0.0357,0.0019440040943517435,0.7029347787043477,1.736865426312114,5.157580423606692,0.16061850002195943,8,outside_nominal_optimistic_hz;low_nominal_training_snr;not_recovered_in_final_holdout,
183588144,4,12.471078965177067,1363.7883531436148,0.017499999999999998,0.004832268114723979,1.1082607559797195,0.4833937052997349,4.960363295367043,1.4556069858938139,2,fewer_than_three_discovery_events;low_nominal_training_snr;not_recovered_in_final_holdout;inconsistent_holdout_depth_signs,
183641863,1,7.388205212781852,1330.6387689776209,0.29575,0.0021301561756261857,0.9424556385408709,1.7780984068218222,12.55548877346978,8.258440091696729,9,odd_even_discrepancy;outside_nominal_optimistic_hz;long_relative_to_circular_transit,
183641863,2,8.698961556172895,1332.0777064776207,0.238875,0.002362536113802237,0.9925317819442107,1.4301596158400145,11.412870332832874,0.34755961147244546,8,long_relative_to_circular_transit;not_recovered_in_final_holdout;inconsistent_holdout_depth_signs,
183641863,3,7.360450020488528,1332.7545189776208,0.29575,0.0020996426570471694,0.9356811664939998,1.7870439564943366,10.861151294655457,-0.5018084931301893,10,outside_nominal_optimistic_hz;long_relative_to_circular_transit;not_recovered_in_final_holdout;inconsistent_holdout_depth_signs,
183641863,4,7.347647020548125,1328.036690830195,0.170625,0.002453183526454019,1.011393630279892,1.7911969713730345,10.117900972542667,7.999352032414333,11,outside_nominal_optimistic_hz;long_relative_to_circular_transit,
186130100,1,14.433929567279636,1696.2828458989911,0.29575,0.0035912480831227995,0.9750402856467809,0.4433369936107092,7.893207478463571,-1.1020817997464771,2,fewer_than_three_discovery_events;dominated_by_one_discovery_event;long_relative_to_circular_transit;not_recovered_in_final_holdout;inconsistent_holdout_depth_signs,
186130100,2,9.312720239355091,1683.548970898991,0.024499999999999997,0.004454920137252519,1.0859749751539611,0.7952029918510027,5.652359450592147,-1.5914600209763246,3,low_nominal_training_snr;not_recovered_in_final_holdout;inconsistent_holdout_depth_signs,
186130100,3,13.879124243378545,1693.490283398991,0.238875,0.0016329553875893124,0.6574867666897839,0.46712236697782733,5.142611668068272,1.5210993868923337,2,long_relative_to_circular_transit;low_nominal_training_snr;not_recovered_in_final_holdout,
186236329,1,5.861602047007505,1685.6642571154791,0.238875,0.006165494606926935,1.3890329993094954,1.64041195142806,22.903901850942052,6.8832611344442824,8,outside_nominal_optimistic_hz;long_relative_to_circular_transit,
186236329,2,5.865048494108149,1683.685007115479,0.238875,0.0056618624506715644,1.331092570758936,1.6391268153094007,21.517312630842238,-6.586488895692044,8,outside_nominal_optimistic_hz;long_relative_to_circular_transit;not_recovered_in_final_holdout;inconsistent_holdout_depth_signs,
186236329,3,5.8785595273281,1686.2936161374487,0.22931999999999997,0.005812520789850792,1.3486860391043607,1.6341056738634285,21.45550936581638,9.253660443327675,8,outside_nominal_optimistic_hz;long_relative_to_circular_transit,
186236329,4,5.878399785842734,1688.9150986374486,0.238875,0.00593306202361887,1.3625989392759146,1.6341648817338985,21.667723687756173,15.79050378261024,7,outside_nominal_optimistic_hz;long_relative_to_circular_transit,
188691615,1,21.34840498223407,1975.43460883536,0.29575,0.0014848408061102236,0.7195312246966582,0.3713120511391212,11.491702260537076,0.7254812127644419,4,fewer_than_three_discovery_events;dominated_by_one_discovery_event;long_relative_to_circular_transit;not_recovered_in_final_holdout;inconsistent_holdout_depth_signs,
188691615,2,27.34338156237655,1972.15269383536,0.22931999999999997,0.001629025604267257,0.753656854419374,0.26694594287299156,7.849587313276535,1.8376969151946967,3,long_relative_to_circular_transit;not_recovered_in_final_holdout,
188691615,3,11.097460970111175,1965.39048383536,0.29575,0.000669262032958493,0.4830674693783208,0.8883718464630599,8.019838924214197,-2.561828328079267,7,outside_initial_small_planet_radius_range;long_relative_to_circular_transit;not_recovered_in_final_holdout;inconsistent_holdout_depth_signs,
188691615,4,25.54370680652871,1956.2231438353601,0.22931999999999997,0.001462857942080784,0.7141850832526565,0.29231272907878064,7.685370763435045,0.46647408747174934,3,fewer_than_three_discovery_events;long_relative_to_circular_transit;not_recovered_in_final_holdout,
188694544,1,7.544785423481123,1769.5466209464848,0.29575,0.0009192383054277472,0.5363430520886132,1.3029273954905585,7.6648895494188185,-0.9751229758220363,18,long_relative_to_circular_transit;not_recovered_in_final_holdout;inconsistent_holdout_depth_signs,
188694544,2,7.650073415981882,1767.8631209464847,0.29575,0.0008847866449308628,0.5261964110950077,1.2790728152287336,7.284382247651233,-2.178868671513403,17,long_relative_to_circular_transit;not_recovered_in_final_holdout;inconsistent_holdout_depth_signs,
188694544,3,12.434777515494565,1773.9259959464848,0.29575,0.001282522950688503,0.6335212328027954,0.6692659248191625,7.432344966527366,3.498796076237553,9,long_relative_to_circular_transit;not_recovered_in_final_holdout,
188694544,4,31.60020982128244,1791.2216834464848,0.238875,0.001832026236747106,0.7571718279084707,0.19298762034497444,6.352432400753993,0.9734423673727249,5,outside_nominal_optimistic_hz;long_relative_to_circular_transit;low_nominal_training_snr;not_recovered_in_final_holdout;inconsistent_holdout_depth_signs,
188777430,1,6.9523599836337375,1958.696686197473,0.238875,0.009750254792574395,2.210423205312377,1.8184041716098645,77.34311236405946,37.195929107276314,11,outside_initial_small_planet_radius_range;outside_nominal_optimistic_hz;long_relative_to_circular_transit,
188777430,2,6.952487556635377,1960.078748697473,0.29575,0.009069964851697886,2.1319167946444457,1.818359683251411,77.96954434850619,42.75588851342468,9,odd_even_discrepancy;outside_initial_small_planet_radius_range;outside_nominal_optimistic_hz;long_relative_to_circular_transit,
188777430,3,6.952429248765824,1961.477873697473,0.29575,0.009150360893075254,2.1413445890774923,1.8183800166387047,72.87440005465173,35.98964418885479,9,odd_even_discrepancy;outside_initial_small_planet_radius_range;outside_nominal_optimistic_hz;long_relative_to_circular_transit,
188777430,4,6.9524146600090475,1959.3905611974728,0.238875,0.009197697922324935,2.146876290742644,1.8183851041590107,72.00552657525976,24.67149540651318,11,odd_even_discrepancy;outside_initial_small_planet_radius_range;outside_nominal_optimistic_hz;long_relative_to_circular_transit,
188777432,1,9.038039544666823,1967.051624506628,0.29575,0.006740994540702611,2.0531045138594335,1.6389261685529197,68.8351070137421,37.177005734138376,8,odd_even_discrepancy;outside_initial_small_planet_radius_range;outside_nominal_optimistic_hz;long_relative_to_circular_transit,
188777432,2,9.038292733994385,1962.8572415015706,0.29575,0.0068502313154775755,2.0696727827223453,1.6388649539423925,68.53625709842895,31.354449822553317,9,odd_even_discrepancy;outside_initial_small_planet_radius_range;outside_nominal_optimistic_hz;long_relative_to_circular_transit,
188777432,3,9.038098769025812,1963.5681790015706,0.238875,0.0070357063344864195,2.0975046008061864,1.638911849280953,64.38297341168835,19.006319528044738,8,odd_even_discrepancy;outside_initial_small_planet_radius_range;outside_nominal_optimistic_hz;long_relative_to_circular_transit,
188777432,4,9.108069631953505,1962.9368665015704,0.29575,0.00741353135516724,2.1530872761960613,1.6221459116299923,65.32075822169887,1.7951361069195269,9,odd_even_discrepancy;outside_initial_small_planet_radius_range;outside_nominal_optimistic_hz;long_relative_to_circular_transit;not_recovered_in_final_holdout;inconsistent_holdout_depth_signs,
188819782,1,4.9682871309954955,1767.8518629544933,0.29575,0.011037696757047159,1.892939619431374,1.8597956702460614,140.85464586334493,100.47121118018077,22,outside_nominal_optimistic_hz;long_relative_to_circular_transit,
188819782,2,4.968259871609465,1769.5239879544934,0.29575,0.012965028646099105,2.051560233532875,1.8598092757969746,158.23334401106843,108.44595216203052,23,odd_even_discrepancy;outside_initial_small_planet_radius_range;outside_nominal_optimistic_hz;long_relative_to_circular_transit,
188819782,3,4.96829364196451,1766.1934900351428,0.29575,0.014336852682047542,2.157369046748122,1.8597924205537233,180.9081200701967,103.54128694669599,23,odd_even_discrepancy;outside_initial_small_planet_radius_range;outside_nominal_optimistic_hz;long_relative_to_circular_transit,
188819782,4,4.9644310366880955,1767.3651150351427,0.29575,0.005256280958236712,1.3062816240198365,1.8617220341989422,50.87670321749567,-13.92174939215856,23,odd_even_discrepancy;outside_nominal_optimistic_hz;long_relative_to_circular_transit;not_recovered_in_final_holdout;inconsistent_holdout_depth_signs,
189565557,1,8.35372868491019,1519.817944392768,0.238875,0.0032922847986061893,1.2155253374197574,1.4474375986434627,50.27505610614405,3.4861155242391875,8,odd_even_discrepancy;long_relative_to_circular_transit;not_recovered_in_final_holdout;inconsistent_holdout_depth_signs,
189565557,2,6.942098279801614,1519.2036943927678,0.238875,0.0029880086622536012,1.157993825684852,1.852618489362982,51.156717770289525,24.92519155679465,10,odd_even_discrepancy;outside_nominal_optimistic_hz;long_relative_to_circular_transit;inconsistent_holdout_depth_signs,
189565557,3,6.949847006852987,1518.4643193927677,0.238875,0.0035941114726859703,1.2700215466880704,1.8498649003545788,50.92173568135583,-32.49086968014261,11,outside_nominal_optimistic_hz;long_relative_to_circular_transit;not_recovered_in_final_holdout;inconsistent_holdout_depth_signs,
189565557,4,6.954191392089116,1524.721281766216,0.238875,0.0034153562791985298,1.2380361470466326,1.8483242105390356,48.99296910456574,-10.775255418190588,10,odd_even_discrepancy;outside_nominal_optimistic_hz;long_relative_to_circular_transit;not_recovered_in_final_holdout,
190138951,1,13.208421254798964,1628.6853206061137,0.238875,0.002652063037599971,0.5904658815972539,0.20585674728013045,14.166333116378087,1.5772650651577123,3,fewer_than_three_discovery_events;dominated_by_one_discovery_event;long_relative_to_circular_transit;not_recovered_in_final_holdout,
190138951,2,12.685796209252501,1641.012872375933,0.29575,0.002930169678673442,0.6206535900446074,0.21724144401013465,13.311224874086443,1.5410686865376926,4,dominated_by_one_discovery_event;long_relative_to_circular_transit;not_recovered_in_final_holdout,
190138951,3,13.692657544961968,1631.647152375933,0.17198999999999998,0.0012239956032766596,0.40113708638283446,0.19620767552881063,8.176635146997338,-1.7887440896993978,4,fewer_than_three_discovery_events;outside_initial_small_planet_radius_range;outside_nominal_optimistic_hz;long_relative_to_circular_transit;not_recovered_in_final_holdout;inconsistent_holdout_depth_signs,
190138951,4,2.9262042366674077,1631.514747375933,0.29575,0.00039651618616848847,0.22831442275968053,1.5356543527591717,7.231109984911058,-0.6735993667915466,17,outside_initial_small_planet_radius_range;outside_nominal_optimistic_hz;long_relative_to_circular_transit;not_recovered_in_final_holdout,
192642951,1,3.03254241725896,1629.7436693481966,0.29575,0.003390965374294832,0.6549565504748656,1.4156185533691117,16.984074127086092,14.944670744826604,23,long_relative_to_circular_transit,
192642951,2,3.0321077579593783,1631.3020443481967,0.29575,0.003214079581488233,0.6376452448965914,1.4158891358675283,16.889022836053815,13.363143374984658,23,long_relative_to_circular_transit,
192642951,3,4.3488015854642175,1630.6707318481965,0.238875,0.003962312315851365,0.7079868065933436,0.8753786839632423,9.94698373838539,2.2859070730664803,15,long_relative_to_circular_transit;not_recovered_in_final_holdout,
192642951,4,3.0318372159152362,1628.8166068481967,0.238875,0.0019512691164296915,0.49683181437944246,1.416057598402791,8.15646761091235,10.60081886401185,22,outside_initial_small_planet_radius_range;long_relative_to_circular_transit,
192847535,1,12.711996586978795,1449.7898126344917,0.29575,0.0009354793112769118,0.6011781484105064,0.7879555495499172,7.563796388820063,1.7216451782701738,4,long_relative_to_circular_transit;not_recovered_in_final_holdout,
192847535,2,6.897824325312504,1444.9276826344917,0.03822,0.0013099634608251056,0.7114029861609874,1.7803439075556302,5.38091764666872,2.7121218609545767,7,outside_nominal_optimistic_hz;low_nominal_training_snr;not_recovered_in_final_holdout,
192847535,3,8.437947698656798,1443.329395967825,0.024499999999999997,0.0023399569832561204,0.950801875387757,1.3608313420563727,6.514726944474976,0.0019804147044958924,5,low_nominal_training_snr;not_recovered_in_final_holdout;inconsistent_holdout_depth_signs,
192847535,4,23.73297346849727,1452.4656676344916,0.057329999999999985,0.002065477861702739,0.8932980070972552,0.34275505647880644,5.451530307556283,1.4425475575295559,2,fewer_than_three_discovery_events;low_nominal_training_snr;not_recovered_in_final_holdout,
192850384,1,12.93960927564052,1449.8826281437775,0.29575,0.001136661987039861,0.8504352160937645,1.0386021100862384,7.0135296718824485,0.9900437776346618,2,dominated_by_one_discovery_event;long_relative_to_circular_transit;not_recovered_in_final_holdout,
192850384,2,18.10472631315007,1451.8163781437777,0.29575,0.0010587770574751203,0.8207820094918338,0.6636739916697808,5.459610748579568,-0.5470874582348242,2,dominated_by_one_discovery_event;long_relative_to_circular_transit;low_nominal_training_snr;not_recovered_in_final_holdout;inconsistent_holdout_depth_signs,
193948885,1,6.760792565450397,1740.9539232237191,0.29575,0.002522915615170008,0.9927582961761748,1.7889838432014626,18.643054909240263,-0.22467494745665229,4,outside_nominal_optimistic_hz;long_relative_to_circular_transit;not_recovered_in_final_holdout,
193948885,2,6.759822789964445,1741.704673223719,0.29575,0.0024209951576482334,0.9724989095503866,1.7893260522032333,18.283418416490544,-3.7217476349534726,4,outside_nominal_optimistic_hz;long_relative_to_circular_transit;not_recovered_in_final_holdout;inconsistent_holdout_depth_signs,
193948885,3,6.760944843262982,1742.421298223719,0.29575,0.0024296394720331174,0.9742335465638626,1.7889301186545605,16.938426509623184,1.4514549121066296,4,outside_nominal_optimistic_hz;long_relative_to_circular_transit;not_recovered_in_final_holdout;inconsistent_holdout_depth_signs,
193948885,4,6.736950199740474,1745.4584232237191,0.29575,0.002330799616536819,0.9542114677438392,1.7974305428406994,16.830647946957704,-2.413971606295278,4,outside_nominal_optimistic_hz;long_relative_to_circular_transit;not_recovered_in_final_holdout;inconsistent_holdout_depth_signs,
196947528,1,14.742843016413397,1777.0397189366204,0.22931999999999997,0.005784442488637999,1.3952551147576482,0.6941235142613499,6.858227225777454,0.007408633174216697,1,fewer_than_three_discovery_events;dominated_by_one_discovery_event;odd_even_discrepancy;long_relative_to_circular_transit;low_nominal_training_snr;insufficient_holdout_events,
196947528,2,9.67026312413982,1765.0470564366203,0.124215,0.004276692133287394,1.199711614689603,1.2179441023630522,6.074511707592504,1.2287562779071972,1,long_relative_to_circular_transit;low_nominal_training_snr;insufficient_holdout_events,
196947528,3,9.769469424501315,1764.837137012119,0.238875,0.0037111839164622124,1.1175812533432554,1.2014815543537356,5.204420543758036,0.02865476017071561,2,long_relative_to_circular_transit;low_nominal_training_snr;not_recovered_in_final_holdout;inconsistent_holdout_depth_signs,
196947528,4,16.13090401538938,1781.043501742809,0.057329999999999985,0.0077302025916097215,1.6129403534705307,0.6156494120946724,5.751420053430477,0.0,0,dominated_by_one_discovery_event;low_nominal_training_snr;insufficient_holdout_events,
197866266,1,23.562726772570084,1355.2516211013342,0.29575,0.013598378417217808,3.2343786806240375,0.5260557482687689,59.42053766189365,41.68152333742091,3,outside_initial_small_planet_radius_range;long_relative_to_circular_transit,
197866266,2,13.55439999386952,1361.974246101334,0.29575,0.010914650903356957,2.897692049726422,1.0995764675682553,60.39863327547415,80.85115906776954,9,outside_initial_small_planet_radius_range;long_relative_to_circular_transit,
197866266,3,15.145442240991542,1365.523246101334,0.29575,0.011619867987641367,2.9898396803672993,0.948323591908447,60.17398789763417,-25.411569374979017,8,odd_even_discrepancy;outside_initial_small_planet_radius_range;long_relative_to_circular_transit;not_recovered_in_final_holdout;inconsistent_holdout_depth_signs,
197866266,4,15.250277633267693,1356.878246101334,0.29575,0.012062664041889395,3.046273697072378,0.9396414508585886,63.065597239101834,51.41657496436932,8,outside_initial_small_planet_radius_range;long_relative_to_circular_transit,
197987557,1,4.946582556053677,1325.4785023991208,0.08599499999999999,0.004266429559953654,0.9842942861281517,1.4102150289627846,12.48585774556419,1.8869729583073644,13,long_relative_to_circular_transit;not_recovered_in_final_holdout,
197987557,2,4.95336844690475,1326.4500788001797,0.07643999999999998,0.007185439934625651,1.2773777755938835,1.4076397095018456,12.518086819217737,-0.40701183051223255,13,long_relative_to_circular_transit;not_recovered_in_final_holdout;inconsistent_holdout_depth_signs,
197987557,3,10.220590872169323,1328.1168488001797,0.0882,0.0052856561346748595,1.0955750346230482,0.5358678259508574,10.47266372908604,-2.117558418268447,6,long_relative_to_circular_transit;not_recovered_in_final_holdout;inconsistent_holdout_depth_signs,
197987557,4,5.279992660335445,1326.1197488001797,0.0882,0.004516430482343062,1.0127222205374802,1.292750146965688,11.68503495128853,-1.4014481768340294,13,long_relative_to_circular_transit;not_recovered_in_final_holdout;inconsistent_holdout_depth_signs,
198080032,1,27.285137637279586,1354.3020187136563,0.17198999999999998,0.0038727260879402583,1.073690388169771,0.21644337224535118,9.15031087081765,-2.4243042728297373,3,long_relative_to_circular_transit;not_recovered_in_final_holdout;inconsistent_holdout_depth_signs,
198080032,2,27.303754071564946,1381.2435139055503,0.08599499999999999,0.003982803601370644,1.0888426410822427,0.2162466253880856,7.220458190546177,1.4218786777955166,3,not_recovered_in_final_holdout,
198080032,3,27.340113810665567,1358.8216564055504,0.22491000000000003,0.0016650211649216393,0.7040127977197358,0.2158632606051019,6.434163707713915,-0.08486854792881328,4,dominated_by_one_discovery_event;long_relative_to_circular_transit;low_nominal_training_snr;not_recovered_in_final_holdout;inconsistent_holdout_depth_signs,
198080032,4,27.253920263132898,1369.5536539055504,0.170625,0.002636636931333675,0.8859227212860252,0.21677399542380424,6.399371352882604,-0.7286901651055858,2,fewer_than_three_discovery_events;long_relative_to_circular_transit;low_nominal_training_snr;not_recovered_in_final_holdout;inconsistent_holdout_depth_signs,
198104202,1,13.270631306822903,1722.078251638932,0.16065000000000002,0.005266011758376537,0.9825986999091215,0.2978885911256867,8.460011496266532,0.0,0,long_relative_to_circular_transit;insufficient_holdout_events,
198104202,2,9.540444585836834,1715.577281638932,0.17198999999999998,0.003751152993458488,0.8293114502309715,0.4625419893911662,7.837144479234628,1.7498780706309551,1,long_relative_to_circular_transit;insufficient_holdout_events,
198104202,3,4.360842654137469,1712.291044138932,0.08599499999999999,0.003963595412888949,0.8524716236718483,1.3136573270762677,8.612958712982396,-2.492469513835767,4,odd_even_discrepancy;long_relative_to_circular_transit;not_recovered_in_final_holdout;inconsistent_holdout_depth_signs,
198104202,4,4.113469987806279,1714.696629138932,0.124215,0.0031144589768606324,0.755660254699336,1.4200322394185032,7.377470755334748,0.6261212301799164,4,long_relative_to_circular_transit;not_recovered_in_final_holdout;inconsistent_holdout_depth_signs,
198150180,1,19.644444303662745,1748.425621414196,0.11465999999999998,0.003874458458730173,1.4273759891129316,0.49830272485517224,8.185362267652065,0.0,0,fewer_than_three_discovery_events;insufficient_holdout_events,
198150180,2,20.94157948313841,1740.8157464141962,0.16562,0.0021562364879557667,1.0648319608081005,0.45757997844954384,6.884910421470742,-1.6728499143242892,1,fewer_than_three_discovery_events;long_relative_to_circular_transit;low_nominal_training_snr;insufficient_holdout_events,
198150180,3,10.537355288148632,1746.6154097475294,0.017499999999999998,0.004278884924283109,1.5000239246417764,1.1433277951376737,4.946037077975447,0.0,0,fewer_than_three_discovery_events;dominated_by_one_discovery_event;low_nominal_training_snr;insufficient_holdout_events,
198150180,4,17.046388061991205,1753.6349164141961,0.03822,0.0034269719525385186,1.3424192076537607,0.6020553660654127,5.185379784231495,0.0,0,low_nominal_training_snr;insufficient_holdout_events,
198313420,1,31.493893237323583,1708.3727174174667,0.29575,0.0011767216865533783,0.9814128900762692,0.5128681501510479,8.657467915387207,1.6244529082252732,2,fewer_than_three_discovery_events;dominated_by_one_discovery_event;long_relative_to_circular_transit;not_recovered_in_final_holdout,
198313420,2,14.957701829153267,1697.9168174174665,0.22931999999999997,0.0006425542213354524,0.7252199952161625,1.3840582508107817,6.747835811994626,-0.1869486225807899,10,long_relative_to_circular_transit;low_nominal_training_snr;not_recovered_in_final_holdout;inconsistent_holdout_depth_signs,
198313420,3,20.830658634203807,1692.1235299174666,0.238875,0.0005070001352963812,0.6441973244070331,0.8899594007897262,5.449311045238061,-2.306625610723071,6,long_relative_to_circular_transit;low_nominal_training_snr;not_recovered_in_final_holdout;inconsistent_holdout_depth_signs,
198313420,4,14.368551401079438,1692.8458424174667,0.29575,0.0004388026076259123,0.5993071774691355,1.4602376758979965,6.022015586456087,-0.6724870278528533,6,long_relative_to_circular_transit;low_nominal_training_snr;not_recovered_in_final_holdout;inconsistent_holdout_depth_signs,
198614833,1,34.90292305907725,1989.3476608110168,0.17198999999999998,0.001676379985928811,0.8360676660245197,0.22212006064673362,6.424631019673132,0.4312178505377969,2,long_relative_to_circular_transit;low_nominal_training_snr;not_recovered_in_final_holdout;inconsistent_holdout_depth_signs,
198614833,2,8.288195649349248,1988.9911683110167,0.238875,0.0008384461598100269,0.591279448609206,1.5105097192599901,6.234782959632141,-1.7950784018526802,6,outside_nominal_optimistic_hz;long_relative_to_circular_transit;low_nominal_training_snr;not_recovered_in_final_holdout;inconsistent_holdout_depth_signs,
198614833,3,19.35421039872506,1989.2798658110169,0.21658000000000002,0.0014178618000171767,0.7689040443731573,0.4875691731832887,5.865110470595088,-0.3049065038169304,3,long_relative_to_circular_transit;low_nominal_training_snr;not_recovered_in_final_holdout;inconsistent_holdout_depth_signs,
198614833,4,9.05696122322206,1986.1587933110168,0.238875,0.0008869074512017226,0.6081270842508947,1.342023658622425,5.702536589417658,-2.004673303108612,5,long_relative_to_circular_transit;low_nominal_training_snr;not_recovered_in_final_holdout,
19913469,1,8.334940083494288,1518.3435032160203,0.16562,0.00327351040728521,0.9184124988880987,0.8788862929858379,5.326423213109126,-1.2893612703051838,1,long_relative_to_circular_transit;low_nominal_training_snr;insufficient_holdout_events,
19913469,2,8.795451661139214,1524.0003082160204,0.05354999999999999,0.005381073484771804,1.1775121145386886,0.8180725231185761,5.2201983900634055,0.0,0,low_nominal_training_snr;insufficient_holdout_events,
199573123,1,7.331843014025992,1684.0872479464872,0.29575,0.003984614230501884,1.3027723506761189,1.6018759795793893,38.57690904877049,22.01491807150777,19,outside_nominal_optimistic_hz;long_relative_to_circular_transit,
199573123,2,7.331352216709455,1690.5823729464873,0.29575,0.004035636405635001,1.3110866870365974,1.6020189646078562,39.43610854054736,22.513551080526412,18,outside_nominal_optimistic_hz;long_relative_to_circular_transit,
199573123,3,7.338134133088451,1688.5922089353708,0.29575,0.004611098059633685,1.4014498807607487,1.6000451504517377,42.54505305902501,13.43744411704351,17,outside_nominal_optimistic_hz;long_relative_to_circular_transit,
199573123,4,7.323692918904448,1688.034833935371,0.29575,0.0045429583709698015,1.3910565020002827,1.604253261566829,41.39781754756225,19.726154666056683,17,outside_nominal_optimistic_hz;long_relative_to_circular_transit,
199574208,1,11.415507214096165,1746.271365753848,0.024499999999999997,0.3464234914769432,19.088583600037538,1.8488820803249575,4138.371956354712,3215.314991045417,11,odd_even_discrepancy;outside_initial_small_planet_radius_range;outside_nominal_optimistic_hz,
199574208,2,11.41552118139417,1739.2923074205146,0.031849999999999996,0.29616216491355696,17.649598287929194,1.8488790640945325,4148.142665846521,3148.7130649812616,12,odd_even_discrepancy;outside_initial_small_planet_radius_range;outside_nominal_optimistic_hz,
199574208,3,11.415515885117157,1741.1987574205145,0.031849999999999996,0.30945392703241537,18.041308641213128,1.8488802078216664,4111.574132062147,3262.214075410608,13,odd_even_discrepancy;outside_initial_small_planet_radius_range;outside_nominal_optimistic_hz,
199574208,4,11.415500952734291,1742.4666907538478,0.031849999999999996,0.3090975765579805,18.030917949369805,1.8488834324654515,4093.6768847438,3584.9598952551432,15,odd_even_discrepancy;outside_initial_small_planet_radius_range;outside_nominal_optimistic_hz,
199659329,1,35.80533465970199,1762.283445025848,0.29575,0.0032199068453369973,1.177304604043567,0.22179114941267686,9.979371657449926,-0.13333897980888204,2,dominated_by_one_discovery_event;odd_even_discrepancy;long_relative_to_circular_transit;not_recovered_in_final_holdout;inconsistent_holdout_depth_signs,
199659329,2,36.53771355963734,1771.9637975258481,0.124215,0.003063374814129386,1.148331445192591,0.2158834611496389,7.033632600957305,-1.4631987368308184,3,not_recovered_in_final_holdout;inconsistent_holdout_depth_signs,
199659329,3,16.034859033280924,1742.773045025848,0.22931999999999997,0.0011493105349396065,0.7033733064983666,0.6473229424971393,6.391969162478157,1.345669261608637,6,long_relative_to_circular_transit;low_nominal_training_snr;not_recovered_in_final_holdout;inconsistent_holdout_depth_signs,
199659329,4,37.109635270378185,1762.0104450258482,0.29575,0.0015531752876425543,0.817668796427032,0.2114587270081704,6.411000888724131,0.4138147732262674,3,outside_nominal_optimistic_hz;long_relative_to_circular_transit;low_nominal_training_snr;not_recovered_in_final_holdout,
200368010,1,16.92477774812177,1418.1653211005835,0.057329999999999985,0.003543987489038386,1.7291844222311235,0.9363310119876563,21.701724038056806,18.63850116907067,1,insufficient_holdout_events,
200368010,2,18.418297126054444,1415.1821136005835,0.08599499999999999,0.003068682998551239,1.609056292258985,0.8364899751211654,23.028952763247645,0.0,0,odd_even_discrepancy;insufficient_holdout_events,
200368010,3,10.943619067678968,1421.6767836005836,0.08599499999999999,0.003018549506687815,1.5958584808364362,1.6746038435092232,22.797828856377873,20.853256351618423,1,outside_nominal_optimistic_hz;insufficient_holdout_events,
200368010,4,10.453460631035378,1413.1912611005835,0.057329999999999985,0.0035575628192478235,1.7324930982462297,1.780108974116282,24.31449794030547,20.217175575328433,1,outside_nominal_optimistic_hz;insufficient_holdout_events,
200784259,1,18.824010546872866,1387.1578559500654,0.16562,0.0022273334523471694,0.8812564690711017,0.3283871515309887,6.289600047170503,3.603684018704405,1,fewer_than_three_discovery_events;dominated_by_one_discovery_event;long_relative_to_circular_transit;low_nominal_training_snr;insufficient_holdout_events,
200784259,2,11.943607479984909,1388.1720509500653,0.057329999999999985,0.0024231668528276167,0.9191816757269153,0.602312214459487,5.586302981962547,-0.9477305262029248,4,low_nominal_training_snr;not_recovered_in_final_holdout;inconsistent_holdout_depth_signs,
200784259,3,18.53090279094254,1399.5029159500652,0.12739999999999999,0.0020414369890470055,0.8436798716715352,0.3353309166520281,4.976054121573721,-0.09274999055466421,2,fewer_than_three_discovery_events;long_relative_to_circular_transit;low_nominal_training_snr;not_recovered_in_final_holdout;inconsistent_holdout_depth_signs,
200805651,1,25.814898138694634,1407.7271174270563,0.29575,0.003060261085376346,1.057136033302395,0.2545479972354762,7.983891864702126,4.206745689157509,1,fewer_than_three_discovery_events;long_relative_to_circular_transit;insufficient_holdout_events,
200805651,2,17.001459935581725,1393.9918049270564,0.170625,0.0026905251805519983,0.9912202525316155,0.4442375686595684,6.453945589204469,0.696347489965578,2,fewer_than_three_discovery_events;long_relative_to_circular_transit;low_nominal_training_snr;not_recovered_in_final_holdout,
200805651,3,12.94625523612837,1392.5319374270564,0.12284999999999999,0.002150310386256884,0.886139738592715,0.6388585118350506,5.121367289685705,0.5147634084566958,2,long_relative_to_circular_transit;low_nominal_training_snr;not_recovered_in_final_holdout;inconsistent_holdout_depth_signs,
200805651,4,10.379805406453027,1387.5633374270565,0.057329999999999985,0.0023590096153115634,0.9281464159739101,0.8577181951624925,5.269281821476056,-0.1500538777099449,1,low_nominal_training_snr;insufficient_holdout_events,
200924141,1,12.784750920713671,1799.0245939170377,0.017499999999999998,0.020128195375941037,1.9985072022468648,0.33747413505083435,7.274371170560731,-0.7097230481555603,1,fewer_than_three_discovery_events;dominated_by_one_discovery_event;insufficient_holdout_events,
200924141,2,5.553549561163015,1791.614522250371,0.16562,0.004606880628502891,0.9561076160057795,1.0258156458364849,7.301281689585713,-0.634670037635983,1,long_relative_to_circular_transit;insufficient_holdout_events,
200924141,3,5.3110370046845246,1793.303482250371,0.17198999999999998,0.003509918499833088,0.8345489483573727,1.088740599300614,5.826422802782928,-0.3952398402434209,1,long_relative_to_circular_transit;low_nominal_training_snr;insufficient_holdout_events,
200924141,4,5.024307073870668,1794.828869750371,0.08599499999999999,0.005157290968730272,1.0116123328827755,1.172362599400635,6.0013729616011,-1.298920947655043,2,long_relative_to_circular_transit;low_nominal_training_snr;not_recovered_in_final_holdout;inconsistent_holdout_depth_signs,
201251167,1,13.091866229380987,1326.8165464535712,0.29575,0.0011800081223782952,0.6826961820806338,0.7470636733080718,8.106615532532087,0.26696157898255124,11,long_relative_to_circular_transit;not_recovered_in_final_holdout;inconsistent_holdout_depth_signs,
201251167,2,12.35330103382916,1329.8422964535712,0.29575,0.0012860563907786057,0.7127134943239279,0.8072021898527375,9.204997964370785,-0.7840352312390674,11,long_relative_to_circular_transit;not_recovered_in_final_holdout;inconsistent_holdout_depth_signs,
201251167,3,7.319554994263971,1327.6501064535712,0.22931999999999997,0.0008294150004233759,0.5723621660118782,1.621984850591087,6.978553218562471,-2.286859086104709,18,outside_nominal_optimistic_hz;long_relative_to_circular_transit;low_nominal_training_snr;not_recovered_in_final_holdout;inconsistent_holdout_depth_signs,
201251167,4,10.85610662473185,1327.4703814535712,0.16562,0.0010718713261617632,0.650663286298222,0.9589461742711837,6.283445583212539,-2.1379524956126774,13,long_relative_to_circular_transit;low_nominal_training_snr;not_recovered_in_final_holdout;inconsistent_holdout_depth_signs,
201289286,1,13.772667369008282,1338.5782328613257,0.29575,0.002017656044605022,1.334154293635913,1.2539046601200348,31.47197609402533,14.941087773130414,12,long_relative_to_circular_transit,
201289286,2,13.772251390231048,1335.9961078613255,0.29575,0.0017984602237064446,1.2596007493046628,1.2539551578286248,29.10615457310632,18.489779630301616,8,odd_even_discrepancy;long_relative_to_circular_transit,
201289286,3,13.732645378789028,1327.6923578613255,0.29575,0.0016872284616056246,1.2200269893745592,1.258779479069393,24.65305288259178,0.3002457060983276,6,odd_even_discrepancy;long_relative_to_circular_transit;not_recovered_in_final_holdout;inconsistent_holdout_depth_signs,
201289286,4,35.81160342176633,1343.9472328613256,0.29575,0.0022306937216387862,1.4028216644249774,0.35069015401895165,19.44345744578012,16.728761041369378,5,odd_even_discrepancy;long_relative_to_circular_transit,
201292812,1,14.36171793115504,1338.248255162643,0.29575,0.002435082911397558,1.0507637350949803,0.6756091571744127,7.153296577038717,-2.6374068354487394,4,long_relative_to_circular_transit;not_recovered_in_final_holdout;inconsistent_holdout_depth_signs,
201292812,2,25.486399304065653,1328.8252051626432,0.17198999999999998,0.0025132414276440463,1.0674936592975344,0.3144556533556066,6.144821864805976,2.217907728817996,3,long_relative_to_circular_transit;low_nominal_training_snr;not_recovered_in_final_holdout,
201292812,3,21.364341358360683,1343.00679682931,0.017499999999999998,0.008151666925814914,1.9225224160536067,0.39784878834429604,5.363489582289296,1.7902804563886776,1,fewer_than_three_discovery_events;dominated_by_one_discovery_event;low_nominal_training_snr;insufficient_holdout_events,
201688405,1,2.772284339680756,1658.174314368929,0.238875,0.0034875173055044224,0.6706641820325018,1.6205410727741634,14.777428318668745,9.002469070324446,16,odd_even_discrepancy;outside_nominal_optimistic_hz;long_relative_to_circular_transit,
201688405,2,2.7747346586019406,1657.287064368929,0.238875,0.0033727423581085244,0.6595360069134473,1.6186332589243815,13.765521216592397,-8.71137981574375,16,outside_nominal_optimistic_hz;long_relative_to_circular_transit;not_recovered_in_final_holdout;inconsistent_holdout_depth_signs,
201688405,3,2.7730637220960337,1659.5142903059668,0.22491000000000003,0.003102561820661436,0.6325678990818179,1.6199338204471425,12.065280980301294,-2.3143086088102978,15,outside_nominal_optimistic_hz;long_relative_to_circular_transit;not_recovered_in_final_holdout;inconsistent_holdout_depth_signs,
201688405,4,2.7722527102700028,1658.8885953059669,0.29575,0.003099006607569964,0.6322053666923342,1.6205657250994536,12.720355834451189,7.737702960909739,15,outside_nominal_optimistic_hz;long_relative_to_circular_transit,
201792346,1,15.108851405983327,1360.3436346379565,0.22931999999999997,0.003578310225657986,0.8557046227629761,0.2841724970520705,17.842008776927976,-1.6243116864753686,6,dominated_by_one_discovery_event;odd_even_discrepancy;long_relative_to_circular_transit;not_recovered_in_final_holdout;inconsistent_holdout_depth_signs,
201792346,2,14.979743504124913,1366.4911396379566,0.29575,0.006500656497759281,1.1533563005607832,0.2874428260242189,24.876718613482037,0.7895464693383724,4,odd_even_discrepancy;long_relative_to_circular_transit;not_recovered_in_final_holdout,
201792346,3,5.227805464700271,1355.4346396379565,0.29575,0.0014899162745652822,0.552161110557302,1.169853338911884,18.02349931968414,-4.363666788173581,13,odd_even_discrepancy;long_relative_to_circular_transit;not_recovered_in_final_holdout;inconsistent_holdout_depth_signs,
201792346,4,5.243500882028539,1359.2907646379565,0.29575,0.0014738102089343753,0.5491685572675149,1.165186693353866,18.096176853939376,-2.2733251948837383,12,long_relative_to_circular_transit;not_recovered_in_final_holdout;inconsistent_holdout_depth_signs,
201794109,1,13.343874165204133,1354.3938903413773,0.238875,0.0022759239758514426,0.9585401004055795,0.6815701103030988,6.947123840597188,2.518114945702058,7,fewer_than_three_discovery_events;dominated_by_one_discovery_event;long_relative_to_circular_transit;low_nominal_training_snr;not_recovered_in_final_holdout,
201794109,2,14.100570269678414,1364.5304391235752,0.124215,0.0017621588309651593,0.8434395001091773,0.6332437091946155,5.501107476676618,-0.19406489172212346,7,long_relative_to_circular_transit;low_nominal_training_snr;not_recovered_in_final_holdout;inconsistent_holdout_depth_signs,
201794109,3,8.872809486539087,1358.3822516235753,0.22931999999999997,0.0010174903940149268,0.6409092943318527,1.174369900288992,4.976976169462792,-1.1546411337198097,8,long_relative_to_circular_transit;low_nominal_training_snr;not_recovered_in_final_holdout;inconsistent_holdout_depth_signs,
201794109,4,12.12135202556489,1360.1970016235753,0.017499999999999998,0.0051977746425086666,1.448572158461495,0.7747323690035618,5.2491185227089145,-0.08793604380054282,4,fewer_than_three_discovery_events;dominated_by_one_discovery_event;low_nominal_training_snr;not_recovered_in_final_holdout;inconsistent_holdout_depth_signs,
201878287,1,4.6910793499339745,1356.4240559396671,0.116025,0.0029243316502641217,0.915289748729129,1.7787022778674777,52.64785497727549,21.174414230419387,18,odd_even_discrepancy;outside_nominal_optimistic_hz;long_relative_to_circular_transit;inconsistent_holdout_depth_signs,
201878287,2,4.692776002368064,1355.9554059396671,0.124215,0.0028127189500919167,0.8976529356347598,1.7778448869371426,52.557363404189395,20.633604438229014,18,outside_nominal_optimistic_hz;long_relative_to_circular_transit;inconsistent_holdout_depth_signs,
201878287,3,4.689384473631003,1355.4940359396671,0.124215,0.0031153516960692536,0.9447106837971276,1.7795594939738097,53.849445277481315,1.1570975031836506,16,outside_nominal_optimistic_hz;long_relative_to_circular_transit;not_recovered_in_final_holdout;inconsistent_holdout_depth_signs,
201878287,4,4.689355942447734,1355.024020939667,0.116025,0.0031507012157271984,0.9500553243642536,1.7795739303527551,53.71601857651829,14.598479060118683,14,outside_nominal_optimistic_hz;long_relative_to_circular_transit;inconsistent_holdout_depth_signs,
202280283,1,4.942067991009855,1684.9304664218287,0.238875,0.0005221441741476392,0.33934989135660065,1.6574129321904638,5.482168410305941,-0.9911737137650339,18,outside_initial_small_planet_radius_range;outside_nominal_optimistic_hz;long_relative_to_circular_transit;low_nominal_training_snr;not_recovered_in_final_holdout;inconsistent_holdout_depth_signs,
202280283,2,6.278537566258226,1686.579987255162,0.017499999999999998,0.0020575262912980842,0.6736358517818731,1.2045671491940517,4.998487961641997,0.33885249949740753,5,fewer_than_three_discovery_events;low_nominal_training_snr;not_recovered_in_final_holdout,
202280283,3,10.468721418312231,1684.9909814218288,0.08599499999999999,0.0015648142126531727,0.587467556353664,0.6092340300332472,5.068664538833356,0.461408841326937,9,dominated_by_one_discovery_event;long_relative_to_circular_transit;low_nominal_training_snr;not_recovered_in_final_holdout;inconsistent_holdout_depth_signs,
20305594,1,3.493408556434481,1932.2531966881797,0.16562,0.008101643865177678,1.3563733505901665,1.7753948453306851,33.391669064353565,-0.07811268310145414,10,odd_even_discrepancy;outside_nominal_optimistic_hz;long_relative_to_circular_transit;not_recovered_in_final_holdout,
20305594,2,3.4849542498275556,1931.1737091881796,0.124215,0.008883539056370994,1.4203182982726212,1.781139845818675,33.00669471833599,-8.873628140632091,8,outside_nominal_optimistic_hz;long_relative_to_circular_transit;not_recovered_in_final_holdout;inconsistent_holdout_depth_signs,
20305594,3,3.4850198563276518,1931.7533791881797,0.124215,0.008404369886060522,1.381482071542353,1.7810951386664842,31.907065491293565,-8.013701997735962,9,outside_nominal_optimistic_hz;long_relative_to_circular_transit;not_recovered_in_final_holdout;inconsistent_holdout_depth_signs,
20305594,4,3.4849884863069587,1932.9186341881796,0.124215,0.009287151957071615,1.452225137435099,1.7811165153321074,32.347795568917746,-3.8417369106443098,9,outside_nominal_optimistic_hz;long_relative_to_circular_transit;not_recovered_in_final_holdout;inconsistent_holdout_depth_signs,
203476189,1,5.6005319449666535,1606.3367561204532,0.29575,0.0025394934345679275,0.7483866698712979,1.120815023122666,8.38639198847739,-3.00432884937616,3,long_relative_to_circular_transit;not_recovered_in_final_holdout;inconsistent_holdout_depth_signs,
203476189,2,5.09038768157358,1603.844266120453,0.17198999999999998,0.003461858730674075,0.8737901945924533,1.2730296029061656,8.326131944051081,3.776126602251923,2,long_relative_to_circular_transit;not_recovered_in_final_holdout,
203476189,3,8.622868897234596,1604.7246911204531,0.07643999999999998,0.005993595362048682,1.1497309063498888,0.6304305798756127,7.533451387961536,-1.4091146856739334,2,fewer_than_three_discovery_events;dominated_by_one_discovery_event;long_relative_to_circular_transit;not_recovered_in_final_holdout;inconsistent_holdout_depth_signs,
203476189,4,6.807596791794029,1606.9851311204532,0.29575,0.003146063735981014,0.832983223138283,0.8640016036721666,8.769462095141344,-0.04775277597536322,2,long_relative_to_circular_transit;not_recovered_in_final_holdout;inconsistent_holdout_depth_signs,
206361339,1,13.596891612814995,1335.9919325696876,0.17198999999999998,0.0009549369284810446,0.664763488295168,0.7877172184758504,8.683751281646465,-0.35909215718422255,12,dominated_by_one_discovery_event;long_relative_to_circular_transit;not_recovered_in_final_holdout;inconsistent_holdout_depth_signs,
206361339,2,27.547161923268828,1339.8753575696876,0.29575,0.0009592514920650398,0.666263551723772,0.3072703843938236,7.480374212926077,0.014804732592576782,5,fewer_than_three_discovery_events;dominated_by_one_discovery_event;long_relative_to_circular_transit;not_recovered_in_final_holdout;inconsistent_holdout_depth_signs,
206361339,3,27.455324782150264,1348.9184825696875,0.29575,0.0006962784135895425,0.5676377625117338,0.3086415600056785,6.093593620378826,0.009255718514640746,6,dominated_by_one_discovery_event;odd_even_discrepancy;long_relative_to_circular_transit;low_nominal_training_snr;not_recovered_in_final_holdout;inconsistent_holdout_depth_signs,
206361339,4,16.34913374731063,1330.4341075696875,0.03822,0.0013654750070091967,0.7949168293942886,0.6160701838109914,6.042527708268316,-0.7898008154220993,7,low_nominal_training_snr;not_recovered_in_final_holdout;inconsistent_holdout_depth_signs,
206402318,1,15.91400017619419,1394.918606284521,0.29575,0.0011100402865379297,0.5566399713039059,0.4070061133184861,6.732740712630291,-1.9758571737331139,4,fewer_than_three_discovery_events;dominated_by_one_discovery_event;long_relative_to_circular_transit;low_nominal_training_snr;not_recovered_in_final_holdout;inconsistent_holdout_depth_signs,
206402318,2,15.649330404929065,1390.3287937845212,0.238875,0.0005904846156028464,0.40598436824545797,0.41620989149360543,6.646210565622917,2.30764719601309,5,fewer_than_three_discovery_events;dominated_by_one_discovery_event;outside_initial_small_planet_radius_range;long_relative_to_circular_transit;low_nominal_training_snr;not_recovered_in_final_holdout;inconsistent_holdout_depth_signs,
206402318,3,5.93676330458856,1387.8879812845212,0.029399999999999996,0.0008870775235599773,0.49760622681786715,1.5155622000913342,5.638381933760533,-0.33468275198779385,11,outside_initial_small_planet_radius_range;outside_nominal_optimistic_hz;low_nominal_training_snr;not_recovered_in_final_holdout;inconsistent_holdout_depth_signs,
206402318,4,19.989398501239304,1390.7467812845211,0.0588,0.0011934685104686143,0.5771789727900095,0.30031275342510017,5.884842890125178,-1.0289658764781913,2,fewer_than_three_discovery_events;dominated_by_one_discovery_event;low_nominal_training_snr;not_recovered_in_final_holdout;inconsistent_holdout_depth_signs,
206496404,1,14.661330295547238,1393.8718618392195,0.29575,0.013810588808180538,2.194400005165777,0.6707650147636435,10.906350429977962,0.0,0,fewer_than_three_discovery_events;dominated_by_one_discovery_event;outside_initial_small_planet_radius_range;long_relative_to_circular_transit;insufficient_holdout_events,
206496404,2,14.049214310204867,1387.3609868392195,0.024499999999999997,0.0151831175607487,2.300859901895332,0.7100117296434497,5.725827484193216,-1.5403899251053275,2,outside_initial_small_planet_radius_range;low_nominal_training_snr;not_recovered_in_final_holdout;inconsistent_holdout_depth_signs,
206496404,3,20.707304922235092,1392.4306493392196,0.124215,0.009489456984670698,1.8189902822803206,0.4232888237120069,5.352091847502266,-1.2993516913908894,2,fewer_than_three_discovery_events;dominated_by_one_discovery_event;long_relative_to_circular_transit;low_nominal_training_snr;not_recovered_in_final_holdout;inconsistent_holdout_depth_signs,
206496404,4,16.863189187673093,1395.9884868392196,0.017499999999999998,0.026024764484825033,3.012333850697167,0.5566069483286803,5.325813436241601,0.7778885733834187,2,fewer_than_three_discovery_events;dominated_by_one_discovery_event;outside_initial_small_planet_radius_range;low_nominal_training_snr;not_recovered_in_final_holdout,
207148580,1,7.030869908228284,1358.5945895831908,0.17198999999999998,0.003013415725325777,1.1329347999776889,1.7025613207708663,36.188628185977166,21.976648434068288,13,outside_nominal_optimistic_hz;long_relative_to_circular_transit,
207148580,2,7.026721050233034,1357.6035995831908,0.17198999999999998,0.003178084245321223,1.1634777828207892,1.703901799992065,35.38463029402284,26.097541073519757,13,outside_nominal_optimistic_hz;long_relative_to_circular_transit,
207148580,3,7.028138942241182,1358.0994095831907,0.16065000000000002,0.0030524337992667056,1.1402458987533652,1.7034434771412466,34.706688907823356,-2.894540411650861,13,outside_nominal_optimistic_hz;long_relative_to_circular_transit;not_recovered_in_final_holdout;inconsistent_holdout_depth_signs,
207148580,4,7.017241473760398,1357.1140895831907,0.16065000000000002,0.003450359946599937,1.2122929896753756,1.7069715538379173,34.62717236264401,15.502091326530435,9,outside_nominal_optimistic_hz;long_relative_to_circular_transit,
207211020,1,6.185401794407798,1355.3654753021128,0.08599499999999999,0.008288784539569858,1.719907602524098,1.673841320756175,15.992301681052917,,0,outside_nominal_optimistic_hz;long_relative_to_circular_transit;insufficient_holdout_events,
207211020,2,7.222678338021826,1354.5568703021129,0.11245500000000001,0.007018898884516517,1.5826838977460933,1.3612580908806335,14.780869484613202,,0,long_relative_to_circular_transit;insufficient_holdout_events,
207211020,3,6.1903102731277855,1354.3085103021128,0.124215,0.006291423584287897,1.498422045312463,1.6720719041112977,14.397667917925157,,0,outside_nominal_optimistic_hz;long_relative_to_circular_transit;insufficient_holdout_events,
207211020,4,7.990833900318125,1360.7621295710267,0.11245500000000001,0.00839097547943239,1.730477340597204,1.1896394792389406,14.379277718230377,,0,long_relative_to_circular_transit;insufficient_holdout_events,
207238086,1,7.369359741913681,1358.8539279307647,0.16243500000000002,0.006905293207322936,1.5426008670793676,1.3775276142254602,63.82001123637727,-1.3894940587416806,14,odd_even_discrepancy;long_relative_to_circular_transit;not_recovered_in_final_holdout;inconsistent_holdout_depth_signs,
207238086,2,7.369297557823259,1357.0054904307647,0.17198999999999998,0.006817327104320697,1.5327438258928832,1.377543112839183,60.55258466475709,4.665251626173203,14,long_relative_to_circular_transit;not_recovered_in_final_holdout;inconsistent_holdout_depth_signs,
207238086,3,7.369304974107061,1359.3071954307648,0.1764,0.006527788392663072,1.4998421106531457,1.3775412644063483,60.12241841515932,8.505246985943709,12,long_relative_to_circular_transit;inconsistent_holdout_depth_signs,
207238086,4,7.364856532815056,1357.9391504307648,0.17198999999999998,0.006811603554710789,1.532100276208858,1.3786507729157191,60.374505416780266,21.021884934692288,14,long_relative_to_circular_transit,
207339173,1,8.239934528339347,1686.4855443922752,0.0588,0.000725993378423201,0.4854716368465528,1.1256451820295128,5.804500235239997,-0.1378597351414895,13,dominated_by_one_discovery_event;outside_initial_small_planet_radius_range;low_nominal_training_snr;not_recovered_in_final_holdout;inconsistent_holdout_depth_signs,
207339173,2,10.752998753940513,1692.5923793922752,0.21658000000000002,0.0005024922627744806,0.4038891825123736,0.7893332620961714,6.275849300459936,-1.556696092175406,12,fewer_than_three_discovery_events;dominated_by_one_discovery_event;outside_initial_small_planet_radius_range;long_relative_to_circular_transit;low_nominal_training_snr;not_recovered_in_final_holdout;inconsistent_holdout_depth_signs,
207339173,3,7.095660653084248,1687.7693793922751,0.11465999999999998,0.0005409841431655577,0.4190731145952493,1.3739663029251001,5.879002634110196,1.0190449819016096,15,outside_initial_small_planet_radius_range;long_relative_to_circular_transit;low_nominal_training_snr;not_recovered_in_final_holdout,
207339173,4,6.729655121252377,1684.6776543922751,0.11465999999999998,0.00045863666781870827,0.3858619179921873,1.4744932444313992,5.236427428218352,1.6881114004084388,17,dominated_by_one_discovery_event;outside_initial_small_planet_radius_range;long_relative_to_circular_transit;low_nominal_training_snr;not_recovered_in_final_holdout,
207339690,1,6.226026254450868,1689.5659055852582,0.29575,0.0004743730578297189,0.3995608028257601,1.689240292134761,6.3742471061644785,-0.7484122692227495,16,outside_initial_small_planet_radius_range;outside_nominal_optimistic_hz;long_relative_to_circular_transit;low_nominal_training_snr;not_recovered_in_final_holdout;inconsistent_holdout_depth_signs,
207339690,2,11.65711612123537,1691.4335551524762,0.16562,0.0008228449859293058,0.5262376091649983,0.7320114346405997,6.009721093670869,2.940721717453889,9,long_relative_to_circular_transit;low_nominal_training_snr;not_recovered_in_final_holdout,
207398617,1,5.03914809704356,1741.4155294908526,0.170625,0.001357741388486266,0.6115975037843826,1.8163823817284772,3.9743125303733415,-0.958775020504823,15,outside_nominal_optimistic_hz;long_relative_to_circular_transit;low_nominal_training_snr;not_recovered_in_final_holdout;inconsistent_holdout_depth_signs,
207491443,1,39.20451359858848,1773.294219529487,0.29575,0.0015793275599274479,1.1369751849955962,0.4049268851774703,9.131968403930022,2.989307037558312,7,dominated_by_one_discovery_event;odd_even_discrepancy;long_relative_to_circular_transit;not_recovered_in_final_holdout,
207491443,2,30.081879885123914,1761.896469529487,0.29575,0.0006389170815084788,0.7231645501537665,0.5764364156987004,7.311451939445464,-0.9233902559593563,3,long_relative_to_circular_transit;not_recovered_in_final_holdout;inconsistent_holdout_depth_signs,
207491443,3,51.789420088567454,1774.977719529487,0.29575,0.0008464621043819303,0.8323742545697543,0.2793637009030525,7.645405621854822,-0.014170328227062165,1,dominated_by_one_discovery_event;long_relative_to_circular_transit;insufficient_holdout_events,
207491443,4,16.104989069864338,1744.758894529487,0.17198999999999998,0.00047467079541567284,0.6233201050082857,1.3260018406903036,6.35889791990162,1.720556480940425,8,long_relative_to_circular_transit;low_nominal_training_snr;not_recovered_in_final_holdout,
207492082,1,77.22207099650186,1771.9824115773788,0.17198999999999998,0.00041565841946715525,0.7124130348187966,0.23948707677419084,11.16568092609205,-0.9778428722818052,3,fewer_than_three_discovery_events;dominated_by_one_discovery_event;not_recovered_in_final_holdout;inconsistent_holdout_depth_signs,
207492082,2,40.2268664218315,1739.0326765773787,0.29575,0.00025610575725834394,0.5592078211102578,0.5713677688937585,12.462531838879045,-0.2658677001978246,2,fewer_than_three_discovery_events;dominated_by_one_discovery_event;long_relative_to_circular_transit;not_recovered_in_final_holdout;inconsistent_holdout_depth_signs,
207492082,3,56.49166891506542,1746.408855674193,0.16562,0.0002380263719707654,0.5391084073022016,0.3633218098891245,9.25547682716051,1.6634441396069575,1,fewer_than_three_discovery_events;dominated_by_one_discovery_event;insufficient_holdout_events,
207492082,4,19.711807411116272,1751.9179956741932,0.29575,0.0001201683373931524,0.383052756844555,1.4790019480613303,9.979719900418667,-1.6046371278570788,5,outside_initial_small_planet_radius_range;long_relative_to_circular_transit;not_recovered_in_final_holdout;inconsistent_holdout_depth_signs,
209394625,1,7.351456037804369,1325.4909539266714,0.16562,0.0021134860713598624,0.6977953692447765,0.8686494597381,6.8166165475502565,2.0915889521171547,4,long_relative_to_circular_transit;low_nominal_training_snr;not_recovered_in_final_holdout,
209394625,2,10.950018598367627,1325.721987558284,0.03266666666666666,0.004447989306833905,1.0123023738624777,0.5106490920751385,4.9679234305951825,-0.5381161361907456,2,dominated_by_one_discovery_event;low_nominal_training_snr;not_recovered_in_final_holdout;inconsistent_holdout_depth_signs,
209394625,3,8.019205682584596,1326.995716514069,0.061424999999999993,0.0030068362448677894,0.8323064808869441,0.7735716932241046,5.804814247317137,-1.270943738466945,2,low_nominal_training_snr;not_recovered_in_final_holdout;inconsistent_holdout_depth_signs,
214972970,1,4.226982084366207,1630.393412044711,0.29575,0.012302735662615583,1.6593385440252726,1.5401542240245147,55.954231757147504,-53.844391780228854,6,outside_nominal_optimistic_hz;long_relative_to_circular_transit;not_recovered_in_final_holdout;inconsistent_holdout_depth_signs,
214972970,2,4.212229557924469,1629.5971620447112,0.29575,0.011399611305483512,1.59727309606182,1.5473505454496947,53.43784238420222,-46.972524099951286,5,outside_nominal_optimistic_hz;long_relative_to_circular_transit;not_recovered_in_final_holdout;inconsistent_holdout_depth_signs,
214972970,3,4.22213481148939,1631.255497612822,0.29575,0.01229675540610783,1.6589351997367994,1.5425122652369148,52.809945063127316,-56.353468324405775,6,outside_nominal_optimistic_hz;long_relative_to_circular_transit;not_recovered_in_final_holdout;inconsistent_holdout_depth_signs,
214972970,4,4.2147415089985465,1632.097247612822,0.29575,0.01278460609144412,1.6915227012201677,1.5461210567721126,53.94625037703533,37.89331307588275,6,odd_even_discrepancy;outside_nominal_optimistic_hz;long_relative_to_circular_transit,
215402573,1,15.35570779302732,1394.00975838633,0.29575,0.003070843670205929,1.3796765691278385,0.8617282190995831,9.041980197430227,-0.5431781662732593,1,fewer_than_three_discovery_events;long_relative_to_circular_transit;insufficient_holdout_events,
215402573,2,10.43355459656901,1390.22757088633,0.238875,0.0010839791448181788,0.8197074799603399,1.442625850618346,6.118722068438569,-1.278580854097501,2,dominated_by_one_discovery_event;long_relative_to_circular_transit;low_nominal_training_snr;not_recovered_in_final_holdout;inconsistent_holdout_depth_signs,
215402573,3,20.586773109921516,1386.0719852764084,0.29575,0.0015652032614287225,0.9849945030771323,0.5829246177103915,6.509077047772621,0.0,0,fewer_than_three_discovery_events;dominated_by_one_discovery_event;long_relative_to_circular_transit;low_nominal_training_snr;insufficient_holdout_events,
215402573,4,12.078705456925064,1392.55759049838,0.22491000000000003,0.0009930702609898074,0.7845821494842299,1.1867782526537096,5.083596528532167,-0.5135044744744971,1,long_relative_to_circular_transit;low_nominal_training_snr;insufficient_holdout_events,
21650187,1,13.786902577424605,1441.6151870224508,0.16562,0.0034857525329307745,0.8381180924782944,0.35419070156752913,7.284153572584675,-1.615270865968732,2,dominated_by_one_discovery_event;long_relative_to_circular_transit;not_recovered_in_final_holdout;inconsistent_holdout_depth_signs,
21650187,2,6.485495902801626,1439.6659670224508,0.057329999999999985,0.002778373108950249,0.7482594726469289,0.9681333456345869,5.940823414822612,-0.8192346811327126,3,long_relative_to_circular_transit;low_nominal_training_snr;not_recovered_in_final_holdout;inconsistent_holdout_depth_signs,
21650187,3,16.168188470823736,1447.059944522451,0.124215,0.0022423369075792367,0.6722137206703723,0.28640303369205267,4.940757716290858,-0.047053380368141655,1,dominated_by_one_discovery_event;long_relative_to_circular_transit;low_nominal_training_snr;insufficient_holdout_events,
21650187,4,6.208297800179934,1441.6330836891175,0.02275,0.004292959644041149,0.930112204515869,1.026193776742424,5.11256029152046,-1.1288007812972913,3,low_nominal_training_snr;not_recovered_in_final_holdout;inconsistent_holdout_depth_signs,
21898604,1,13.109981930917806,1993.853254697891,0.16562,0.005050472869701609,1.156287624281612,0.4602830031846039,5.959782077348903,,0,long_relative_to_circular_transit;low_nominal_training_snr;insufficient_holdout_events,
21898604,2,7.812170466060895,1990.266769697891,0.16065000000000002,0.004879973982251744,1.1366025065374812,0.9179072085766464,6.17257471823558,,0,long_relative_to_circular_transit;low_nominal_training_snr;insufficient_holdout_events,
21898604,3,6.771852603957361,1992.1172021978912,0.124215,0.0046072421015358606,1.1043846794419439,1.1105831158211332,5.411797779508027,,0,long_relative_to_circular_transit;low_nominal_training_snr;insufficient_holdout_events,
21898604,4,5.421972123041123,1991.5941796978911,0.17198999999999998,0.0035135235712493275,0.9644312893778566,1.4937732859634125,5.479753045811494,,0,long_relative_to_circular_transit;low_nominal_training_snr;insufficient_holdout_events,
219004642,1,28.60133263956327,1697.4179496407817,0.29575,0.00024626814465847764,0.6734575985692764,1.2063221635782657,10.74563642304593,1.4937378419369427,5,dominated_by_one_discovery_event;long_relative_to_circular_transit;not_recovered_in_final_holdout,
219004642,2,27.669460149786982,1691.4801996407818,0.29575,0.00016860728725825812,0.5572425984050786,1.2607938583967957,7.695630473509699,-2.7348612165461006,5,fewer_than_three_discovery_events;dominated_by_one_discovery_event;long_relative_to_circular_transit;not_recovered_in_final_holdout;inconsistent_holdout_depth_signs,
219004642,3,38.21789453317536,1708.4580696407818,0.057329999999999985,0.00032621204789199786,0.7750971436939719,0.8196390769957563,5.951493676143469,0.6399452020286412,4,fewer_than_three_discovery_events;dominated_by_one_discovery_event;low_nominal_training_snr;not_recovered_in_final_holdout;inconsistent_holdout_depth_signs,
219004642,4,32.65986008921615,1704.8344496407817,0.29575,0.0001541492794385845,0.5328155458074632,1.010708471368362,7.201969281825654,0.77049136866238,2,fewer_than_three_discovery_events;dominated_by_one_discovery_event;long_relative_to_circular_transit;not_recovered_in_final_holdout;inconsistent_holdout_depth_signs,
219037593,1,18.908396013396725,1739.1015080055263,0.22931999999999997,0.0019170546577745096,0.8606039608532079,0.43161176811537655,6.879251973440712,-2.2755665404026693,1,fewer_than_three_discovery_events;dominated_by_one_discovery_event;long_relative_to_circular_transit;low_nominal_training_snr;insufficient_holdout_events,
219037593,2,11.778074512303728,1741.0896305055262,0.16243500000000002,0.00211897296578964,0.9047921017869976,0.811335477232829,7.124058223117015,-3.698320046663492,2,long_relative_to_circular_transit;not_recovered_in_final_holdout;inconsistent_holdout_depth_signs,
219037593,3,7.822992466033033,1745.6780780055262,0.16562,0.0017216458463971938,0.8155639158788589,1.4000245376128566,6.876274755995254,4.616911389921736,2,long_relative_to_circular_transit;low_nominal_training_snr;not_recovered_in_final_holdout,
219037593,4,18.52255822310709,1744.9746830055262,0.22491000000000003,0.002036414341993878,0.8869909043379256,0.4436408941768506,6.2526166096358065,0.0,0,long_relative_to_circular_transit;low_nominal_training_snr;insufficient_holdout_events,
219223683,1,32.83548517577709,1386.1764659433036,0.238875,0.004100070425481947,1.6081889808134753,0.30735260211789234,19.55819877243396,-2.362611873467711,1,fewer_than_three_discovery_events;dominated_by_one_discovery_event;long_relative_to_circular_transit;insufficient_holdout_events,
219223683,2,27.522692507434922,1410.8800205269886,0.29575,0.0021471920583537325,1.1637960260124767,0.38890206924827236,10.712595010308867,2.7539497339514494,3,fewer_than_three_discovery_events;dominated_by_one_discovery_event;long_relative_to_circular_transit;not_recovered_in_final_holdout,
219223683,3,27.834269948032194,1393.6714655269886,0.22931999999999997,0.0014451750243273409,0.9547763381160382,0.38310842098569314,9.512854563234079,-2.292100190509339,3,long_relative_to_circular_transit;not_recovered_in_final_holdout;inconsistent_holdout_depth_signs,
219223683,4,25.498627016779068,1400.7189605269887,0.17198999999999998,0.001821069057569331,1.0717774896002696,0.43059840448181885,8.998011028857713,0.7337195499795132,2,long_relative_to_circular_transit;not_recovered_in_final_holdout;inconsistent_holdout_depth_signs,
219223742,1,13.828339183247214,1394.6735975478612,0.170625,0.0009515591863632389,0.45474220092090395,0.39148576968587595,8.467142906825309,1.0780819287795906,6,fewer_than_three_discovery_events;dominated_by_one_discovery_event;outside_initial_small_planet_radius_range;long_relative_to_circular_transit;not_recovered_in_final_holdout;inconsistent_holdout_depth_signs,
219223742,2,25.32364608109816,1387.7851250478611,0.22931999999999997,0.00036469640804394983,0.2815224926788303,0.17473277111403024,6.446892503164367,-0.7165516133264336,3,outside_initial_small_planet_radius_range;outside_nominal_optimistic_hz;long_relative_to_circular_transit;low_nominal_training_snr;not_recovered_in_final_holdout;inconsistent_holdout_depth_signs,
219223742,3,19.970143548955487,1405.912097547861,0.238875,0.00032733116549536686,0.26671106568377584,0.2398286683163638,5.994114672063061,0.8850558482514567,4,outside_initial_small_planet_radius_range;long_relative_to_circular_transit;low_nominal_training_snr;not_recovered_in_final_holdout,
219223742,4,5.854574973467169,1391.922026264387,0.027299999999999998,0.0005344855352545458,0.34081235830649625,1.2314464061290677,5.90267336101739,1.1447422702933394,11,outside_initial_small_planet_radius_range;low_nominal_training_snr;not_recovered_in_final_holdout,
219244444,1,10.325861669572623,1394.3442079544661,0.017499999999999998,0.140207267934899,6.623901499961563,1.9096502940656084,221.16655147179137,89.33090433425286,4,fewer_than_three_discovery_events;outside_initial_small_planet_radius_range;outside_nominal_optimistic_hz,
219244444,2,10.325906575326934,1387.358207954466,0.017499999999999998,0.13184382339567394,6.42330429694282,1.9096392210459638,221.3159223384504,96.47625319275808,3,fewer_than_three_discovery_events;dominated_by_one_discovery_event;outside_initial_small_planet_radius_range;outside_nominal_optimistic_hz,
219244444,3,10.325926863113,1391.0040412877995,0.017499999999999998,0.12010789821557322,6.130760998649623,1.909634218448804,218.31351848261386,99.31178992806909,3,odd_even_discrepancy;outside_initial_small_planet_radius_range;outside_nominal_optimistic_hz,
219244444,4,10.629617920026428,1391.9140412877994,0.017499999999999998,0.14034087632068062,6.6270568215846755,1.8372378140700867,209.37226115486786,120.12742430224081,4,fewer_than_three_discovery_events;dominated_by_one_discovery_event;outside_initial_small_planet_radius_range;outside_nominal_optimistic_hz,
219369255,1,43.225524742337086,1422.6155508167672,0.29575,0.0022541461575024766,1.1924288083981964,0.20619694054682847,15.061596070979455,-0.9785002975101023,3,fewer_than_three_discovery_events;dominated_by_one_discovery_event;outside_nominal_optimistic_hz;long_relative_to_circular_transit;not_recovered_in_final_holdout;inconsistent_holdout_depth_signs,
219369255,2,45.26367446846121,1418.2475508167672,0.29575,0.0018413762861929502,1.0777367611696966,0.19391117607912678,13.765912065789918,-2.15637027670788,3,fewer_than_three_discovery_events;dominated_by_one_discovery_event;odd_even_discrepancy;outside_nominal_optimistic_hz;long_relative_to_circular_transit;not_recovered_in_final_holdout;inconsistent_holdout_depth_signs,
219369255,3,39.11499607663124,1411.923050816767,0.29575,0.0012489894300371813,0.8876071772382721,0.23558349545980464,10.029925177461621,-3.625455675647703,5,fewer_than_three_discovery_events;dominated_by_one_discovery_event;long_relative_to_circular_transit;not_recovered_in_final_holdout;inconsistent_holdout_depth_signs,
219369255,4,43.824463164158736,1413.470050816767,0.29575,0.0009503621426844095,0.7742585106075531,0.20244813310911305,8.816530797920143,-0.9190625570037028,2,dominated_by_one_discovery_event;outside_nominal_optimistic_hz;long_relative_to_circular_transit;not_recovered_in_final_holdout;inconsistent_holdout_depth_signs,
219376911,1,28.499116170858677,1389.4878814093022,0.22931999999999997,0.0006298166807640921,0.6577061591554291,0.5188774847128275,7.322982224278635,-1.0300530307139661,8,odd_even_discrepancy;long_relative_to_circular_transit;not_recovered_in_final_holdout;inconsistent_holdout_depth_signs,
219376911,2,28.951879691116655,1388.991021409302,0.29575,0.0006089339124965258,0.6467104968745966,0.5080865062384449,6.1562349941974235,-2.302049965397352,7,fewer_than_three_discovery_events;dominated_by_one_discovery_event;long_relative_to_circular_transit;low_nominal_training_snr;not_recovered_in_final_holdout;inconsistent_holdout_depth_signs,
219376911,3,33.53289063899659,1398.533736409302,0.11465999999999998,0.0008193504564119018,0.7501699777893805,0.41771367326534775,5.738692746114749,0.044522275993777796,5,low_nominal_training_snr;not_recovered_in_final_holdout,
219376911,4,17.114569889866136,1387.1230189093021,0.08599499999999999,0.0006011893370786876,0.6425848232749908,1.0241227866482416,5.377754732251921,-1.647144352277991,14,low_nominal_training_snr;not_recovered_in_final_holdout;inconsistent_holdout_depth_signs,
219432571,1,25.651174703384882,1696.869224836564,0.024499999999999997,0.0018660595764160275,1.297206254981071,0.7253637652352988,6.071756183122048,0.5389560372082685,4,low_nominal_training_snr;not_recovered_in_final_holdout,
219432571,2,23.31055781601873,1700.4263915032307,0.017499999999999998,0.0017623025345588706,1.2606267385845422,0.8240659699685284,5.3575888401650005,-2.2759121754666345,2,fewer_than_three_discovery_events;low_nominal_training_snr;not_recovered_in_final_holdout;inconsistent_holdout_depth_signs,
219463771,1,14.76806068242605,1694.3688485284465,0.29575,0.00574659374198677,2.1936367310509923,1.1985658128409757,119.00968785939331,88.8791095158552,4,fewer_than_three_discovery_events;outside_initial_small_planet_radius_range;long_relative_to_circular_transit,
219463771,2,11.075427335050264,1684.5522235284466,0.29575,0.004876866321310938,2.0208304973168185,1.7590540637760146,132.50719380745394,88.50507182584725,13,fewer_than_three_discovery_events;outside_initial_small_planet_radius_range;outside_nominal_optimistic_hz;long_relative_to_circular_transit,
219463771,3,10.998533870696148,1689.5003485284465,0.29575,0.006211290469852904,2.2806066241102543,1.7754704484956991,130.30049671765775,97.9874163511824,14,dominated_by_one_discovery_event;outside_initial_small_planet_radius_range;outside_nominal_optimistic_hz;long_relative_to_circular_transit,
219463771,4,14.717561115824035,1687.0092235284465,0.29575,0.00671571980169667,2.3714050787536136,1.2040523778250336,133.62507091376338,-16.836564186770936,10,fewer_than_three_discovery_events;odd_even_discrepancy;outside_initial_small_planet_radius_range;long_relative_to_circular_transit;not_recovered_in_final_holdout;inconsistent_holdout_depth_signs,
219480910,1,14.113935365662384,1957.3268859912612,0.29575,0.0041050895520265765,1.1544067295803677,0.6004341972895652,6.7173294824904275,0.0,0,long_relative_to_circular_transit;low_nominal_training_snr;insufficient_holdout_events,
219480910,2,23.811867467729858,1958.2255109912612,0.29575,0.00427867092576255,1.1785607539053322,0.29895441805979256,6.379762757698969,-1.6036150249074945,1,long_relative_to_circular_transit;low_nominal_training_snr;insufficient_holdout_events,
219480910,3,13.637345295532393,1956.240573491261,0.238875,0.0049981212678848735,1.2737990671973036,0.6285740808731762,5.703448335277861,0.0,0,long_relative_to_circular_transit;low_nominal_training_snr;insufficient_holdout_events,
219480910,4,13.169162549988979,1958.932160991261,0.1323,0.006125769253153025,1.4101907083647465,0.6585448742958334,5.696895643653781,0.0,0,long_relative_to_circular_transit;low_nominal_training_snr;insufficient_holdout_events,
219502530,1,24.6180751923209,1970.7604382443265,0.29575,0.0031344347330919363,1.0331893192883637,0.3559051324804987,6.5837665760480055,-1.5390564184543678,1,fewer_than_three_discovery_events;dominated_by_one_discovery_event;long_relative_to_circular_transit;low_nominal_training_snr;insufficient_holdout_events,
219502530,2,15.969430395649013,1956.5701257443266,0.088725,0.002564430898879606,0.9345354772615702,0.6338022963195837,5.303958423390464,-0.3135038628112741,2,low_nominal_training_snr;not_recovered_in_final_holdout;inconsistent_holdout_depth_signs,
219502530,3,24.74072546889239,1969.0257507443266,0.238875,0.0024828233479928835,0.9195454562567609,0.3535545812880454,4.868407724934341,-0.8745132951876191,1,fewer_than_three_discovery_events;dominated_by_one_discovery_event;long_relative_to_circular_transit;low_nominal_training_snr;insufficient_holdout_events,
219704346,1,10.564620657470583,1687.131118861265,0.29575,0.00045217541507480246,0.5921166060704781,1.8019623723754516,10.674148630163684,-0.6816907912292646,3,dominated_by_one_discovery_event;outside_nominal_optimistic_hz;long_relative_to_circular_transit;not_recovered_in_final_holdout;inconsistent_holdout_depth_signs,
219704346,2,11.37832248431714,1683.5429888612648,0.17198999999999998,0.00044257499696296834,0.5857970842962399,1.6322246921628418,7.360533266119428,-1.74705570369058,5,fewer_than_three_discovery_events;outside_nominal_optimistic_hz;long_relative_to_circular_transit;not_recovered_in_final_holdout;inconsistent_holdout_depth_signs,
219704346,3,13.360928455366588,1697.1224873747235,0.238875,0.0004855720595998826,0.6135933055073662,1.3175549696273035,7.097464187192539,11.828019229774656,3,fewer_than_three_discovery_events;dominated_by_one_discovery_event;long_relative_to_circular_transit,
219704346,4,13.1186103481089,1688.923972996372,0.238875,0.0003921659038080181,0.5514278344055864,1.3501037733250492,6.92728653986462,-2.6587337083865035,4,fewer_than_three_discovery_events;dominated_by_one_discovery_event;long_relative_to_circular_transit;low_nominal_training_snr;not_recovered_in_final_holdout;inconsistent_holdout_depth_signs,
219733024,1,40.10347886529603,1737.1836579163876,0.238875,0.0017829356306559106,0.8945057770685994,0.19474431279101775,7.974295976275725,-1.6958213902909713,2,dominated_by_one_discovery_event;odd_even_discrepancy;outside_nominal_optimistic_hz;long_relative_to_circular_transit;not_recovered_in_final_holdout;inconsistent_holdout_depth_signs,
219733024,2,39.59372967626805,1738.8216579163875,0.238875,0.0014672572665209334,0.8114624954512686,0.1980944445840014,5.7946189998842135,0.9140766757850725,3,outside_nominal_optimistic_hz;long_relative_to_circular_transit;low_nominal_training_snr;not_recovered_in_final_holdout,
219733024,3,13.415297141957094,1711.7150329163876,0.238875,0.000753072877709754,0.581344838580434,0.8386365491260572,5.839153927371423,-1.0640037445637398,9,long_relative_to_circular_transit;low_nominal_training_snr;not_recovered_in_final_holdout;inconsistent_holdout_depth_signs,
219733024,4,41.74572788488363,1748.5214605350002,0.29575,0.0015834050507974936,0.8429684697721028,0.18459706736336015,6.881232430498875,-0.24543818715154334,2,dominated_by_one_discovery_event;odd_even_discrepancy;outside_nominal_optimistic_hz;long_relative_to_circular_transit;low_nominal_training_snr;not_recovered_in_final_holdout;inconsistent_holdout_depth_signs,
219773818,1,4.550214157179678,1685.157276857195,0.29575,0.004079277923670295,1.060104854457607,1.7968384773407533,60.519785313444146,10.638843938772077,30,outside_nominal_optimistic_hz;long_relative_to_circular_transit,
219773818,2,4.550668748612204,1684.0197768571952,0.29575,0.004560194593146384,1.120853528597104,1.7965991531673366,66.04602245620322,8.364321025579153,30,outside_nominal_optimistic_hz;long_relative_to_circular_transit,
219773818,3,4.550379368915063,1686.294776857195,0.29575,0.005234523428108345,1.2008693203457887,1.796751493529042,73.46653659776223,10.075093030973463,25,odd_even_discrepancy;outside_nominal_optimistic_hz;long_relative_to_circular_transit,
219773818,4,4.5503579605617945,1687.4322768571951,0.29575,0.00614457431919078,1.3010772300742401,1.7967627645898254,82.4837186245602,5.486629204780055,28,outside_nominal_optimistic_hz;long_relative_to_circular_transit,
219775481,1,13.93318396367444,1689.8380656658087,0.238875,0.000960941685636158,0.4603636374505264,0.45006264011021957,7.6262882121814695,1.1494725629466838,8,outside_initial_small_planet_radius_range;long_relative_to_circular_transit;not_recovered_in_final_holdout,
219775481,2,12.974452500878526,1686.9196956658088,0.124215,0.0009128250110883007,0.4486898669374174,0.494942488870106,5.875017329032505,-0.9626782796380658,13,outside_initial_small_planet_radius_range;long_relative_to_circular_transit;low_nominal_training_snr;not_recovered_in_final_holdout;inconsistent_holdout_depth_signs,
219775481,3,26.43460927871788,1695.9009406658088,0.08599499999999999,0.002608381267078478,0.758469344595267,0.1916209244267045,5.943327644516216,-0.5944276328467784,3,outside_nominal_optimistic_hz;low_nominal_training_snr;not_recovered_in_final_holdout;inconsistent_holdout_depth_signs,
219775481,4,20.78870568176896,1686.318961499142,0.024499999999999997,0.002558750757298427,0.7512188695228561,0.2639794932636857,5.494483049734628,-0.9934058792018486,5,low_nominal_training_snr;not_recovered_in_final_holdout,
219823668,1,15.231893099361459,1748.426082764587,0.29575,0.003928873258410985,1.1772699107227576,0.5772063350165536,5.567195416868005,0.8921270171606781,4,long_relative_to_circular_transit;low_nominal_training_snr;not_recovered_in_final_holdout,
219823668,2,9.473744361570064,1746.287582764587,0.29575,0.0019637520137364287,0.8323104671697974,1.0871948444439246,4.915543592220892,-0.0350923978188515,3,long_relative_to_circular_transit;low_nominal_training_snr;not_recovered_in_final_holdout,
219824489,1,8.362069995447996,1741.5787821215151,0.17198999999999998,0.003563973387385006,1.368989473422178,1.737566159978704,28.53580740279719,-0.6854194021560712,3,outside_nominal_optimistic_hz;long_relative_to_circular_transit;not_recovered_in_final_holdout;inconsistent_holdout_depth_signs,
219824489,2,10.59337239453491,1742.684432121515,0.17198999999999998,0.003291930969619924,1.3157041432963676,1.2675957133616178,24.578355559716925,9.086693991633647,1,long_relative_to_circular_transit;insufficient_holdout_events,
219824489,3,8.364154858952208,1744.330622121515,0.17198999999999998,0.0033021057876498547,1.3177358872826004,1.736988705698238,24.91679684392569,7.421778291274429,5,outside_nominal_optimistic_hz;long_relative_to_circular_transit,
219824489,4,8.360533944202091,1742.1848421215152,0.17198999999999998,0.003121835578217559,1.281261850920529,1.737991822168339,24.76383312533958,-5.672910985336315,3,odd_even_discrepancy;outside_nominal_optimistic_hz;long_relative_to_circular_transit;not_recovered_in_final_holdout;inconsistent_holdout_depth_signs,
219855010,1,6.694430670061823,1685.2932823185638,0.29575,0.005590168560902768,1.379789208913353,1.2814832675506451,65.75453579793489,80.92004011733479,19,long_relative_to_circular_transit,
219855010,2,6.694409584143827,1686.9881573185637,0.29575,0.005999239780497998,1.4293823086389115,1.2814886494074393,68.06780071537747,94.38533320509822,24,long_relative_to_circular_transit,
219855010,3,6.688098891158647,1683.7576573185638,0.29575,0.0069343002778304,1.5367443123523064,1.2831011361213422,75.37937694437915,79.96732579185614,22,long_relative_to_circular_transit,
219855010,4,6.7012028782444855,1688.5193254474968,0.29575,0.0068574574209762105,1.5282058302360553,1.2797568094680707,70.52892789336542,73.9211642673127,15,odd_even_discrepancy;long_relative_to_circular_transit,
219872288,1,26.438297584256254,1696.065422454393,0.29575,0.0025666332718031655,0.7855681046263667,0.1941567950467492,6.752856438967626,0.2217173605349008,3,odd_even_discrepancy;outside_nominal_optimistic_hz;long_relative_to_circular_transit;low_nominal_training_snr;not_recovered_in_final_holdout,
219872288,2,9.576279885350695,1689.752297454393,0.29575,0.0010429186645024827,0.500757141973263,0.7519716524679012,6.1491041375348505,-1.2582157834559888,13,long_relative_to_circular_transit;low_nominal_training_snr;not_recovered_in_final_holdout;inconsistent_holdout_depth_signs,
219872288,3,20.831055968255285,1689.2290474543931,0.16562,0.0018161640231910152,0.6608143514444638,0.2667977702035534,5.308694162585645,0.5987142561403058,7,long_relative_to_circular_transit;low_nominal_training_snr;not_recovered_in_final_holdout,
219872288,4,11.874411446848395,1691.474472454393,0.07643999999999998,0.0021880532540273796,0.7253220429040785,0.5644789948925182,5.54743321385667,0.06661780427161544,11,long_relative_to_circular_transit;low_nominal_training_snr;not_recovered_in_final_holdout;inconsistent_holdout_depth_signs,
219881072,1,26.166839015246687,1735.2750904813342,0.238875,0.0009485590819513398,0.5515560199872541,0.21206648356194588,5.66463779943393,-3.8700827115177314,3,dominated_by_one_discovery_event;long_relative_to_circular_transit;low_nominal_training_snr;not_recovered_in_final_holdout;inconsistent_holdout_depth_signs,
219881072,2,7.131100682019088,1715.0457904813343,0.08599499999999999,0.0008540872146579726,0.5233696640955157,1.2002313349070493,5.824840206910095,-1.3221765397886351,21,long_relative_to_circular_transit;low_nominal_training_snr;not_recovered_in_final_holdout;inconsistent_holdout_depth_signs,
219881072,3,29.51530798349449,1738.4316529813343,0.29575,0.0010337612037635243,0.5757945508401924,0.18061090107840058,5.6883582766317256,-1.1116983836511107,6,outside_nominal_optimistic_hz;long_relative_to_circular_transit;low_nominal_training_snr;not_recovered_in_final_holdout;inconsistent_holdout_depth_signs,
219881072,4,14.36571480143217,1725.6188529813344,0.03822,0.001964388708153133,0.7937269935820053,0.47174147949735584,5.39801382143095,0.20763539196135467,10,low_nominal_training_snr;not_recovered_in_final_holdout,
219884888,1,42.39021080561833,1714.2651954709636,0.29575,0.000804399245282034,0.6627705284881857,0.23903529463138876,12.019943168138568,-0.3230563791902801,3,odd_even_discrepancy;long_relative_to_circular_transit;not_recovered_in_final_holdout;inconsistent_holdout_depth_signs,
219884888,2,9.57348412003673,1689.5429454709636,0.24499999999999997,0.00031017103272007934,0.4115550917462931,1.7380253422672354,8.549370657952688,-0.04482154308847944,13,odd_even_discrepancy;outside_initial_small_planet_radius_range;outside_nominal_optimistic_hz;long_relative_to_circular_transit;not_recovered_in_final_holdout,
219884888,3,34.80309488054059,1711.5863829709635,0.238875,0.0005433446249212797,0.5447096242086297,0.310927388331333,7.840992491237526,0.6409139538163724,3,long_relative_to_circular_transit;not_recovered_in_final_holdout,
219884888,4,43.92324911102782,1708.2241604709636,0.17198999999999998,0.0006150453651917318,0.5795366902339867,0.22797655588022883,7.07670761487199,0.06006122351664844,2,long_relative_to_circular_transit;not_recovered_in_final_holdout;inconsistent_holdout_depth_signs,
22007699,1,10.066256571940725,1906.2395974576775,0.22931999999999997,0.004104858212086991,1.0214462628458452,0.5631330130627246,7.265280939344857,0.4469852989995708,1,dominated_by_one_discovery_event;odd_even_discrepancy;long_relative_to_circular_transit;insufficient_holdout_events,
22007699,2,5.544244288875175,1901.4115924576777,0.17198999999999998,0.0020624126651427547,0.7240261082278323,1.2473217784678006,3.868214961441843,-1.568408736726134,2,long_relative_to_circular_transit;low_nominal_training_snr;not_recovered_in_final_holdout;inconsistent_holdout_depth_signs,
22021999,1,22.85631241223349,1535.386981725133,0.29988000000000004,0.0019875347329897258,0.9931186064268248,0.4293843383520855,11.655065985014236,0.607803999261016,1,fewer_than_three_discovery_events;dominated_by_one_discovery_event;odd_even_discrepancy;long_relative_to_circular_transit;insufficient_holdout_events,
22021999,2,24.034625019368235,1541.855506725133,0.11465999999999998,0.0018947571927987108,0.9696623594090329,0.4015484464765324,6.8480950755909875,0.24776012005458647,1,fewer_than_three_discovery_events;dominated_by_one_discovery_event;low_nominal_training_snr;insufficient_holdout_events,
22021999,3,7.629326275951261,1521.620064225133,0.061424999999999993,0.001406664995590739,0.8354858430326949,1.8544117338273864,5.8702922788382885,-0.9003429643563173,2,outside_nominal_optimistic_hz;low_nominal_training_snr;not_recovered_in_final_holdout;inconsistent_holdout_depth_signs,
22021999,4,15.618237273812854,1518.733544225133,0.124215,0.0015222104901106666,0.8691227347005295,0.7134196425427618,5.802336043291759,0.0,0,long_relative_to_circular_transit;low_nominal_training_snr;insufficient_holdout_events,
220423218,1,17.58432584786938,1396.1063012889247,0.238875,0.0016224627332021458,0.7609341162055998,0.4835845406342526,8.18495007592914,-1.4678800988299783,5,dominated_by_one_discovery_event;long_relative_to_circular_transit;not_recovered_in_final_holdout;inconsistent_holdout_depth_signs,
220423218,2,12.291612011790095,1390.9477387889247,0.29575,0.0009360282620287003,0.5779685031063653,0.7795217699633186,6.9520776010793846,1.1660116655906654,8,long_relative_to_circular_transit;low_nominal_training_snr;not_recovered_in_final_holdout;inconsistent_holdout_depth_signs,
220423218,3,13.672709889368198,1390.5666762889248,0.238875,0.0013032254849138995,0.6819765993241582,0.6763433755627558,6.046479048525153,1.1269693581955889,8,long_relative_to_circular_transit;low_nominal_training_snr;not_recovered_in_final_holdout,
220423218,4,30.931300552973553,1414.4116337889247,0.057329999999999985,0.0035571699874957837,1.12670961536767,0.22774165097802573,5.449403414929026,-0.6909906396480291,4,fewer_than_three_discovery_events;low_nominal_training_snr;not_recovered_in_final_holdout;inconsistent_holdout_depth_signs,
220433363,1,52.61196609200342,1366.4102293077328,0.16065000000000002,0.019397484407071165,6.417985690215398,0.5058926679982529,182.6631561377828,93.64091774632293,2,outside_initial_small_planet_radius_range,
220433363,2,54.33179665895733,1363.819669307733,0.17198999999999998,0.020793389791462228,6.644903620164842,0.48465459914186576,196.8704953341426,133.25356086826173,4,odd_even_discrepancy;outside_initial_small_planet_radius_range,
220433363,3,54.331816184064635,1361.256199307733,0.17198999999999998,0.020510364501887285,6.599525754086849,0.48465436691617925,193.66196866333777,146.09761786717445,4,outside_initial_small_planet_radius_range,
220433363,4,27.589369564931246,1358.709109307733,0.17198999999999998,0.021421120689801204,6.744459215331246,1.1963237508552758,178.8723133475533,103.44225798431395,2,outside_initial_small_planet_radius_range,
220433364,1,14.655980416001869,1359.611159435356,0.29575,0.02264532058085788,5.521309618481398,1.6972273537501248,206.79729535564312,107.03805319806266,11,odd_even_discrepancy;outside_initial_small_planet_radius_range;outside_nominal_optimistic_hz;long_relative_to_circular_transit,
220433364,2,54.33185317710048,1358.690239435356,0.17198999999999998,0.04020511748706327,7.356877640614059,0.29581520923965265,191.4115802257756,101.92531549643671,3,outside_initial_small_planet_radius_range,
220433364,3,28.4392397756004,1376.0694194353562,0.17198999999999998,0.04318323128258855,7.624483576958205,0.7012440888947343,190.83666560746943,61.9326120662732,3,outside_initial_small_planet_radius_range,
220433364,4,17.106394837476,1355.332339435356,0.17198999999999998,0.02778869070225081,6.1162736437838205,1.3810684414120566,199.01152050292816,30.32962318231739,6,odd_even_discrepancy;outside_initial_small_planet_radius_range,
220554236,1,29.341108109794945,1338.2464468177648,0.29575,0.0012597830348095146,0.8604278122650714,0.4064389751604792,6.087068681685123,0.22779148335494437,3,fewer_than_three_discovery_events;dominated_by_one_discovery_event;long_relative_to_circular_transit;low_nominal_training_snr;not_recovered_in_final_holdout;inconsistent_holdout_depth_signs,
220554236,2,27.091160412518846,1327.2581968177649,0.29575,0.001374198845931941,0.8986516001492465,0.45205771547353646,6.099003725334371,-0.706844697602276,3,dominated_by_one_discovery_event;long_relative_to_circular_transit;low_nominal_training_snr;not_recovered_in_final_holdout;inconsistent_holdout_depth_signs,
220554236,3,24.428372510789274,1345.3971218177649,0.1323,0.0015110889733796113,0.9423485799842949,0.5189250682223777,5.774984680242146,0.16129111883253727,4,long_relative_to_circular_transit;low_nominal_training_snr;not_recovered_in_final_holdout;inconsistent_holdout_depth_signs,
220554236,4,20.37177741804416,1333.3347218177648,0.03822,0.003159505241352854,1.3626242144944258,0.6610872782502034,5.721208698740156,0.5650637808281398,2,fewer_than_three_discovery_events;low_nominal_training_snr;not_recovered_in_final_holdout;inconsistent_holdout_depth_signs,
22413602,1,4.558898860075617,2010.9296677076384,0.238875,0.006267023469941919,1.2275313508600663,1.3328629774099854,13.381125579209407,-1.19179173704634,4,long_relative_to_circular_transit;not_recovered_in_final_holdout;inconsistent_holdout_depth_signs,
22413602,2,3.651579391613702,2012.2739652076384,0.17198999999999998,0.0070475826297237785,1.3017333167575573,1.7918065432997674,13.444170340130531,-2.8441736187296636,6,outside_nominal_optimistic_hz;long_relative_to_circular_transit;not_recovered_in_final_holdout;inconsistent_holdout_depth_signs,
22413602,3,3.638522652473327,2013.1994352076383,0.17198999999999998,0.0063640072902029585,1.2369930694201792,1.800384798400786,12.639745277523557,3.0108804436361973,6,outside_nominal_optimistic_hz;long_relative_to_circular_transit;not_recovered_in_final_holdout,
22413602,4,3.6387082203444034,2010.4926402076383,0.22931999999999997,0.005391365123596334,1.1385478947458143,1.8002623773970685,12.148064079402129,3.623112498682419,4,outside_nominal_optimistic_hz;long_relative_to_circular_transit;not_recovered_in_final_holdout,
224289450,1,14.953272255329681,1719.6880610905841,0.170625,0.00985467276745476,2.504071189741683,0.9717590034345475,9.98950650015426,-1.2896184567578586,2,fewer_than_three_discovery_events;outside_initial_small_planet_radius_range;long_relative_to_circular_transit;not_recovered_in_final_holdout;inconsistent_holdout_depth_signs,
224289450,2,20.612122871042,1720.4356260905843,0.08599499999999999,0.010496162780276886,2.5842876154451453,0.6334464846701775,7.54730151276689,-0.06449583622380521,1,fewer_than_three_discovery_events;dominated_by_one_discovery_event;outside_initial_small_planet_radius_range;insufficient_holdout_events,
224289450,3,17.17228153176559,1716.6414569239175,0.03266666666666666,0.011159407210598654,2.6646865533128317,0.8080462653103108,7.407382722356612,0.3673424456330005,1,dominated_by_one_discovery_event;outside_initial_small_planet_radius_range;insufficient_holdout_events,
224289450,4,15.30624201203705,1714.873933590584,0.07643999999999998,0.008633216790929684,2.343753270126584,0.941995423417705,6.928750148227057,0.919855019560179,2,fewer_than_three_discovery_events;dominated_by_one_discovery_event;outside_initial_small_planet_radius_range;low_nominal_training_snr;not_recovered_in_final_holdout;inconsistent_holdout_depth_signs,
224303868,1,7.272237030985825,1718.0672015365628,0.29575,0.003855379003077943,1.166206811201543,1.523946046623923,18.001403795466626,-4.619378471424204,2,outside_nominal_optimistic_hz;long_relative_to_circular_transit;not_recovered_in_final_holdout;inconsistent_holdout_depth_signs,
224303868,2,8.173010070711525,1711.6858265365627,0.29575,0.004563613753093746,1.2688096551766301,1.3042201748698699,18.534185801369876,-5.221135538527704,2,long_relative_to_circular_transit;not_recovered_in_final_holdout;inconsistent_holdout_depth_signs,
224303868,3,6.381730730430118,1713.5500896174744,0.29575,0.00432962249553765,1.2358536665106086,1.8138818357378468,15.808150871434794,-3.657202579325857,4,outside_nominal_optimistic_hz;long_relative_to_circular_transit;not_recovered_in_final_holdout;inconsistent_holdout_depth_signs,
224303868,4,9.080073644763402,1712.7083396174744,0.29575,0.003595824595221989,1.1262668046360147,1.1334641751997356,13.867279317538403,-5.159745374217379,3,long_relative_to_circular_transit;not_recovered_in_final_holdout;inconsistent_holdout_depth_signs,
22535327,1,3.312506160075721,1492.6287557853436,0.29575,0.0019319279952401522,0.5183615874123232,1.4476835174994005,15.003492100660646,24.30929127320282,18,long_relative_to_circular_transit,
22535327,2,3.2578332805862282,1494.6990057853436,0.29575,0.0021334272036430627,0.544723682976023,1.4801671057369805,15.545710515026396,-4.416867419100802,22,long_relative_to_circular_transit;not_recovered_in_final_holdout;inconsistent_holdout_depth_signs,
22535327,3,3.278778261585117,1494.085950271856,0.29575,0.0018944361311411864,0.5133071660566594,1.467573383176758,11.620796885962102,-2.3012002338645092,20,long_relative_to_circular_transit;not_recovered_in_final_holdout;inconsistent_holdout_depth_signs,
22535327,4,3.2886013218796792,1492.4365752718559,0.29575,0.0025323539209593468,0.593471058068775,1.4617314344382608,12.561353379643219,-27.324580641677315,21,long_relative_to_circular_transit;not_recovered_in_final_holdout;inconsistent_holdout_depth_signs,
22742321,1,24.84970486567851,1915.674633072841,0.29575,0.007319778564440917,1.8311276928463092,0.3586702510157366,16.76792611432473,-0.0794028524313354,1,fewer_than_three_discovery_events;long_relative_to_circular_transit;insufficient_holdout_events,
22742321,2,9.470525530062442,1907.334938072841,0.17198999999999998,0.0017556871912386281,0.8967951058420056,1.2980504277445857,5.84789007836081,0.0,0,long_relative_to_circular_transit;low_nominal_training_snr;insufficient_holdout_events,
22742321,3,10.297683651412108,1907.1850914061743,0.031849999999999996,0.004661198154821107,1.4612295359361183,1.1609252990045953,5.45391316819988,-0.7769630918050432,1,low_nominal_training_snr;insufficient_holdout_events,
22742321,4,13.131875927005336,1906.320743072841,0.16562,0.0020154994228893286,0.9608619554585484,0.8395011765931739,5.576469292679701,0.0,0,dominated_by_one_discovery_event;long_relative_to_circular_transit;low_nominal_training_snr;insufficient_holdout_events,
22872366,1,6.91154171461465,1794.4601168277668,0.05095999999999999,0.007145514459930873,1.1261342563217562,0.7319659682612878,6.97486964809261,-0.12891847593497177,1,low_nominal_training_snr;insufficient_holdout_events,
229142295,1,9.840822423485488,1359.7519987143328,0.170625,0.0017053124890249705,1.077738692653854,1.4767372389967548,26.49625654719017,11.896924031048448,9,long_relative_to_circular_transit,
229142295,2,14.28681419470128,1366.9637487143327,0.170625,0.0021273247663027984,1.203728066532713,0.898320322262087,29.32641268705578,9.892631769231187,5,long_relative_to_circular_transit;inconsistent_holdout_depth_signs,
229142295,3,8.929155996631348,1362.4933737143326,0.170625,0.0015489758277725703,1.0271498545142324,1.6811167408230299,24.769777350812056,6.306659994855272,9,outside_nominal_optimistic_hz;long_relative_to_circular_transit,
229142295,4,12.986302403251175,1364.7342487143326,0.170625,0.002237096064518803,1.2343940100171207,1.0202291727662858,31.00117520572066,21.45825776974781,8,long_relative_to_circular_transit,
229152539,1,13.504017321509378,1358.3984717593746,0.170625,0.0004589604175824554,0.5076459638980868,0.86929541860749,9.506540113445595,0.34685724975129717,2,long_relative_to_circular_transit;not_recovered_in_final_holdout;inconsistent_holdout_depth_signs,
229152539,2,26.577322630005977,1380.7701392593747,0.05095999999999999,0.0007692646826519129,0.6572206774265984,0.3524545066006124,5.854100038396732,1.0191584495092183,3,dominated_by_one_discovery_event;low_nominal_training_snr;not_recovered_in_final_holdout,
229152539,3,12.912394828022695,1356.1165773092262,0.017499999999999998,0.0008553981019265824,0.6930386616954215,0.9228029545408643,5.411768535574248,-0.0708284574535564,3,low_nominal_training_snr;not_recovered_in_final_holdout;inconsistent_holdout_depth_signs,
229152539,4,11.988797807737093,1365.8739298092262,0.124215,0.00037811443173127836,0.4607707992604819,1.0187880873724862,6.411783109993696,0.09919353636665482,8,outside_initial_small_planet_radius_range;long_relative_to_circular_transit;low_nominal_training_snr;not_recovered_in_final_holdout;inconsistent_holdout_depth_signs,
229157898,1,14.370655619856423,1365.6013889120225,0.124215,0.001393617757905728,0.7256136198432356,0.6327547852809186,6.8299531618842355,-0.14835561427264723,4,dominated_by_one_discovery_event;long_relative_to_circular_transit;low_nominal_training_snr;not_recovered_in_final_holdout,
229157898,2,7.839550189406566,1361.1285114120226,0.05095999999999999,0.0012671917752414008,0.6919182135412397,1.4195456214910793,5.261325223135601,0.3531433431286544,8,low_nominal_training_snr;not_recovered_in_final_holdout;inconsistent_holdout_depth_signs,
229157898,3,6.795273115325109,1355.7468880786892,0.024499999999999997,0.001744374931124335,0.8118083395312459,1.7176248928252844,5.907032630513322,-0.6412177441012056,9,outside_nominal_optimistic_hz;low_nominal_training_snr;not_recovered_in_final_holdout;inconsistent_holdout_depth_signs,
229157898,4,12.90736757589649,1355.3864114120224,0.07643999999999998,0.0014483905042310195,0.7397354377742603,0.7301643813655851,5.863585802733473,0.17853620045679805,4,dominated_by_one_discovery_event;low_nominal_training_snr;not_recovered_in_final_holdout;inconsistent_holdout_depth_signs,
229158889,1,24.6858092025305,1356.6238931286061,0.238875,0.005108324393225318,1.2565468853662112,0.24872712788648516,7.559701663128212,,0,long_relative_to_circular_transit;insufficient_holdout_events,
229158889,2,6.551702599855124,1358.0302981286063,0.124215,0.003129547451210713,0.9835132931768857,1.4583017999547094,5.210271370619404,,0,long_relative_to_circular_transit;low_nominal_training_snr;insufficient_holdout_events,
229158889,3,7.818617370028623,1357.7493356286063,0.16562,0.0027005978803811997,0.9136280506521862,1.1520722051131889,4.753376087675765,,0,long_relative_to_circular_transit;low_nominal_training_snr;insufficient_holdout_events,
229400552,1,26.996235756980393,1708.4183252080638,0.29575,0.0022281296013644367,0.8556416174462879,0.239931141788831,6.594107851209227,1.7225562747104217,2,dominated_by_one_discovery_event;long_relative_to_circular_transit;low_nominal_training_snr;not_recovered_in_final_holdout,
229400552,2,14.126325498957721,1689.1084227080637,0.11245500000000001,0.002086619536136589,0.8280247350847582,0.5690083307824002,5.937056478208613,-0.9353801876879506,8,long_relative_to_circular_transit;low_nominal_training_snr;not_recovered_in_final_holdout;inconsistent_holdout_depth_signs,
229400552,3,12.631288305376593,1684.4471052080637,0.03822,0.0028385098207259836,0.9657548022744195,0.6605322700650894,5.189424734203726,0.6114687277715987,11,low_nominal_training_snr;not_recovered_in_final_holdout;inconsistent_holdout_depth_signs,
229400552,4,32.268296579469514,1690.3718877080637,0.08599499999999999,0.0029874129445713084,0.9907619175985274,0.18914267073693025,5.617630556569717,-1.2675049900462823,4,outside_nominal_optimistic_hz;low_nominal_training_snr;not_recovered_in_final_holdout;inconsistent_holdout_depth_signs,
229404121,1,4.487345925272394,1687.3546032503168,0.22491000000000003,0.004567364196940535,1.0331763230501307,1.7890272514212529,25.412393870165214,13.549362619996469,31,outside_nominal_optimistic_hz;long_relative_to_circular_transit,
229404121,2,4.487273940137877,1686.3648732503168,0.17198999999999998,0.005068588396770559,1.08839148634145,1.7890655177758044,25.22253107162721,12.187948325832878,28,outside_nominal_optimistic_hz;long_relative_to_circular_transit,
229404121,3,4.4873065775646195,1684.8549557503168,0.238875,0.004449665928287244,1.0197772674404895,1.7890481679697878,25.614804224268426,9.096884823031392,29,outside_nominal_optimistic_hz;long_relative_to_circular_transit,
229404121,4,4.487288204583865,1685.3732532503168,0.22491000000000003,0.00418360224735775,0.9888190330832228,1.7890579348693767,23.04113734124812,11.534952713255405,28,outside_nominal_optimistic_hz;long_relative_to_circular_transit,
229455419,1,35.4862274193623,1684.485487948505,0.29575,0.001425888647400551,0.7793242631273827,0.23391379756467998,9.085492243239747,1.5114103786947723,4,long_relative_to_circular_transit;not_recovered_in_final_holdout,
229455419,2,32.46752906901861,1696.3609879485048,0.29575,0.0009272819278535599,0.6284652800327991,0.26335200609216514,6.197524364493063,-0.26315782771934526,4,long_relative_to_circular_transit;low_nominal_training_snr;not_recovered_in_final_holdout;inconsistent_holdout_depth_signs,
229455419,3,40.18873045364224,1698.6378079485048,0.22931999999999997,0.0013403862443448027,0.755597257711854,0.1981511355003027,6.267478636120664,0.019622515054914354,3,outside_nominal_optimistic_hz;long_relative_to_circular_transit;low_nominal_training_snr;not_recovered_in_final_holdout,
229455419,4,43.63989283764771,1703.9019304485048,0.08599499999999999,0.0020285273360064033,0.9295351652369463,0.17753775113944362,6.107348810960077,-1.6409044671103623,3,outside_nominal_optimistic_hz;low_nominal_training_snr;not_recovered_in_final_holdout;inconsistent_holdout_depth_signs,
229535299,1,13.718656907441693,1691.7693137573613,0.238875,0.001436316728004418,0.7573380668304955,0.6942748899188501,7.520290155596643,1.7450527930838082,5,dominated_by_one_discovery_event;long_relative_to_circular_transit;not_recovered_in_final_holdout;inconsistent_holdout_depth_signs,
229535299,2,11.828932738855999,1688.814088757361,0.061424999999999993,0.0019922219652867244,0.8919356846177778,0.845965856278081,5.628154260872825,-0.41746828444202955,6,dominated_by_one_discovery_event;low_nominal_training_snr;not_recovered_in_final_holdout;inconsistent_holdout_depth_signs,
229535299,3,8.952472776825113,1684.7184062573613,0.03822,0.001983816742515816,0.8900521489494134,1.22656218912996,4.963177724867211,1.757935585580192,8,low_nominal_training_snr;not_recovered_in_final_holdout,
229535299,4,12.529884072510587,1692.5581262573612,0.0441,0.002115808203916692,0.919184782634066,0.7834612376033064,5.049291976246653,0.9941199444206517,6,low_nominal_training_snr;not_recovered_in_final_holdout,
229535724,1,9.163605715308147,1685.1900344696019,0.124215,0.007029019665285659,1.9683368668177914,1.556893885884861,35.04194074189084,-6.101885207161849,6,outside_nominal_optimistic_hz;long_relative_to_circular_transit;not_recovered_in_final_holdout;inconsistent_holdout_depth_signs,
229535724,2,9.165188495737452,1689.022954469602,0.124215,0.006913262123691792,1.9520617858080813,1.5565354062245476,34.63783051068798,17.988985514057504,5,outside_nominal_optimistic_hz;long_relative_to_circular_transit,
229535724,3,9.164597208270607,1684.696131969602,0.16562,0.0061064307467260225,1.8346184881201169,1.5566693084213128,35.04531739856794,13.280337042646408,5,outside_nominal_optimistic_hz;long_relative_to_circular_transit,
229535724,4,9.164681209168991,1688.553394469602,0.116025,0.007129730868359723,1.982387798286278,1.556650284457808,34.498021670544176,17.25495073954398,5,outside_nominal_optimistic_hz;long_relative_to_circular_transit,
229565468,1,12.56750787958884,1957.5897540542812,0.29575,0.0021839287256748964,0.9032460779849317,0.679920458083745,6.528531193822159,0.0,0,dominated_by_one_discovery_event;long_relative_to_circular_transit;low_nominal_training_snr;insufficient_holdout_events,
229565468,2,20.520437929082632,1967.9523790542812,0.29575,0.001917540082483676,0.8463676971535042,0.3536238085888924,3.8625848062974524,0.0,0,dominated_by_one_discovery_event;long_relative_to_circular_transit;low_nominal_training_snr;insufficient_holdout_events,
229572009,1,8.611015737534771,1960.9725194436132,0.124215,0.0025710393270111744,1.0243294899699238,1.4031895754246524,4.951686239404924,0.0,0,long_relative_to_circular_transit;low_nominal_training_snr;insufficient_holdout_events,
229575381,1,21.492840874819972,1968.2140854365948,0.29575,0.00043111935894884145,0.5509581653008289,0.610150325145837,7.006922295313331,2.89558778384471,1,fewer_than_three_discovery_events;dominated_by_one_discovery_event;long_relative_to_circular_transit;insufficient_holdout_events,
229614158,1,8.602193450171795,1688.590049986249,0.29575,0.00479651586562881,1.8150465683986015,1.8627399450869762,117.37440641814837,91.99777286149309,15,odd_even_discrepancy;outside_nominal_optimistic_hz;long_relative_to_circular_transit,
229614158,2,8.602233070099073,1692.036674986249,0.29575,0.004804339694516616,1.816526270338859,1.8627285059542285,117.94511622213187,84.98488175198347,15,outside_nominal_optimistic_hz;long_relative_to_circular_transit,
229614158,3,8.606515429179385,1690.2567767644632,0.29575,0.004894312279722996,1.8334567403691642,1.8614928202983194,114.46483674728543,103.9867058669336,14,outside_nominal_optimistic_hz;long_relative_to_circular_transit,
229614158,4,8.602143910520228,1684.2962767644633,0.29575,0.004811243904989861,1.8178310466338097,1.862754248432339,116.41325258546753,98.55173182109843,15,outside_nominal_optimistic_hz;long_relative_to_circular_transit,
229647609,1,13.548809221840154,1691.334769820295,0.17198999999999998,0.0018992871051083454,0.6043835267344814,0.27850405433683717,7.1133701074556335,1.4768116070729396,9,long_relative_to_circular_transit;not_recovered_in_final_holdout,
229647609,2,13.392592188906272,1696.0808748202949,0.11465999999999998,0.0022697584673919483,0.6607042967844224,0.28284391019637084,5.757795173642511,0.5489391727453098,7,long_relative_to_circular_transit;low_nominal_training_snr;not_recovered_in_final_holdout;inconsistent_holdout_depth_signs,
229647609,3,4.308963060352033,1685.769209820295,0.29575,0.0007061361838055441,0.36852040672238384,1.2829291231174993,5.816302717301285,-0.828047577204139,31,outside_initial_small_planet_radius_range;long_relative_to_circular_transit;low_nominal_training_snr;not_recovered_in_final_holdout;inconsistent_holdout_depth_signs,
229647609,4,14.6913251162113,1691.4965223202948,0.08599499999999999,0.002384366690084313,0.6771795457547787,0.2500067487866011,5.752486479099891,0.9951710768305234,9,long_relative_to_circular_transit;low_nominal_training_snr;not_recovered_in_final_holdout;inconsistent_holdout_depth_signs,
229738650,1,6.214867117650785,1715.9880835223726,0.29575,0.0025961053609697914,0.8902146302393872,1.4524160977992389,21.44562493434241,10.085093725839842,24,odd_even_discrepancy;long_relative_to_circular_transit,
229738650,2,6.215100677466215,1717.3189585223724,0.29575,0.0025151284799394312,0.8762210007905876,1.4523433236686898,19.672126824013667,8.356169784610055,23,long_relative_to_circular_transit,
229738650,3,6.215031101775331,1713.2081568151245,0.29575,0.002473236904664923,0.8688932622583825,1.4523650018608065,19.69616883215266,10.852242883290614,24,long_relative_to_circular_transit,
229738650,4,6.214689308236777,1711.8772818151244,0.29575,0.002487233936103174,0.8713484996662197,1.452471505125101,18.988919867235357,9.980904053323005,22,odd_even_discrepancy;long_relative_to_circular_transit,
229744768,1,36.05407426339551,1696.3147526127675,0.29575,0.0041466792874333604,1.223525597704009,0.19163735054736383,10.94735737436975,-0.2724879085159464,3,odd_even_discrepancy;outside_nominal_optimistic_hz;long_relative_to_circular_transit;not_recovered_in_final_holdout;inconsistent_holdout_depth_signs,
229744768,2,26.46987067701579,1697.4750026127674,0.29575,0.006527555873154035,1.5351051723400788,0.2893455875754823,14.289378309775815,0.967067394884513,5,long_relative_to_circular_transit;not_recovered_in_final_holdout;inconsistent_holdout_depth_signs,
229744768,3,12.140031409616567,1684.9811576127674,0.16562,0.002166753757355952,0.884438450861944,0.8180745385421427,7.428042901261103,0.005934367462353294,9,long_relative_to_circular_transit;not_recovered_in_final_holdout;inconsistent_holdout_depth_signs,
229744768,4,34.17815471323062,1684.5871276127675,0.29575,0.002996581537879238,1.0401018905758015,0.20578851886961158,7.787251852167567,-0.8933591729905049,5,outside_nominal_optimistic_hz;long_relative_to_circular_transit;not_recovered_in_final_holdout;inconsistent_holdout_depth_signs,
229943561,1,55.189896594968545,1718.3146723651919,0.29575,0.0014043715129974385,1.0680586479874197,0.23809566999478105,9.230879741010051,1.6027014104018953,3,long_relative_to_circular_transit;not_recovered_in_final_holdout,
229943561,2,67.40358145451708,1736.0075748651918,0.124215,0.0016801154835990421,1.1682173775697366,0.182384099678451,6.499852471520987,1.7171518034419346,2,fewer_than_three_discovery_events;dominated_by_one_discovery_event;outside_nominal_optimistic_hz;low_nominal_training_snr;not_recovered_in_final_holdout,
229943561,3,27.485580233239034,1691.7085473651919,0.29575,0.0008097781300291836,0.8110303693181106,0.6031486940439259,8.760835759309458,-2.211215386459426,5,long_relative_to_circular_transit;not_recovered_in_final_holdout;inconsistent_holdout_depth_signs,
229943561,4,29.885967958078712,1705.1119373651918,0.17198999999999998,0.0008438467216666617,0.8279152434975491,0.5394375438147315,7.6410288687195145,0.1970040223533624,5,long_relative_to_circular_transit;not_recovered_in_final_holdout,
230050730,1,13.172469067458909,1685.3725067661665,0.29575,0.0010741625287268117,0.6191483074536865,0.7549288690262317,7.766057879695999,1.2525334652037294,8,long_relative_to_circular_transit;not_recovered_in_final_holdout;inconsistent_holdout_depth_signs,
230050730,2,13.842009611829617,1691.1510067661663,0.29575,0.0013006005639349587,0.6812894438693211,0.7066376199360868,7.542070191266755,0.9742076898717251,11,long_relative_to_circular_transit;not_recovered_in_final_holdout,
230050730,3,16.93043210881389,1694.5324150994998,0.031849999999999996,0.002852363542633036,1.008932540594424,0.5402211211040706,6.544052147218031,1.0649918933719411,6,low_nominal_training_snr;not_recovered_in_final_holdout,
230050730,4,11.856062523937936,1694.9316017661663,0.11465999999999998,0.0011824968903126401,0.649620459798388,0.8687103091343686,5.7618538247066455,0.9806355184166099,12,long_relative_to_circular_transit;low_nominal_training_snr;not_recovered_in_final_holdout;inconsistent_holdout_depth_signs,
230060668,1,8.312356276058418,1684.2328791604575,0.124215,0.004428310911148295,1.5986571010768729,1.789074450075008,51.175290664641345,30.593319085481063,12,outside_nominal_optimistic_hz;long_relative_to_circular_transit,
230060668,2,8.312303987209951,1683.4917751732476,0.124215,0.0046447417821281695,1.6372577546916436,1.7890894557406716,49.8091000565921,40.14991006178746,13,outside_nominal_optimistic_hz;long_relative_to_circular_transit,
230060668,3,8.312240170998804,1690.666265469958,0.124215,0.004367789116545383,1.5876950818762696,1.789107769785857,47.923581687048845,33.00841892502325,11,outside_nominal_optimistic_hz;long_relative_to_circular_transit,
230060668,4,8.312332235412521,1686.129460469958,0.124215,0.004210558364241476,1.558856414643792,1.7890813491457465,48.4329539335817,39.832389405113325,13,outside_nominal_optimistic_hz;long_relative_to_circular_transit,
230090756,1,5.765891124877994,1688.6257136332922,0.29575,0.005783112369994539,1.3950946877550654,1.613203999340008,65.74166697644016,51.75960133776846,22,outside_nominal_optimistic_hz;long_relative_to_circular_transit,
230090756,2,5.765910832153574,1683.5809011332922,0.238875,0.006187914938780491,1.4430953824161021,1.6131966476625144,64.26612849055763,43.928934932950106,20,odd_even_discrepancy;outside_nominal_optimistic_hz;long_relative_to_circular_transit,
230090756,3,5.765916880182464,1686.4554699413538,0.29575,0.005759135720511537,1.3921996688918947,1.6131943914944324,64.75991163551271,62.294272312188845,22,outside_nominal_optimistic_hz;long_relative_to_circular_transit,
230090756,4,5.765832613101049,1685.0165324413538,0.238875,0.006495410923243463,1.4785165327122687,1.613225827142643,65.73072417248824,44.956657252538214,21,outside_nominal_optimistic_hz;long_relative_to_circular_transit,
230235775,1,25.472305381733722,1958.417723971358,0.29575,0.0034250689467970716,1.5018138639260339,0.5099170592322531,17.115841816279698,-6.48769879445474,3,long_relative_to_circular_transit;not_recovered_in_final_holdout;inconsistent_holdout_depth_signs,
230235775,2,11.250987644217961,1962.615098971358,0.29575,0.0032445625897846,1.4617043123913556,1.5158969581826338,20.03316182538198,-4.53555587732868,5,outside_nominal_optimistic_hz;long_relative_to_circular_transit;not_recovered_in_final_holdout;inconsistent_holdout_depth_signs,
230235775,3,11.292657502779965,1962.398973971358,0.29575,0.005933982504906533,1.9767628964028627,1.5084433442296274,20.709971910020474,0.5989186641745686,5,long_relative_to_circular_transit;not_recovered_in_final_holdout,
230235775,4,11.151553404852216,1961.056723971358,0.29575,0.0031070454103066577,1.4303925857632496,1.5339459380733484,20.536433300574803,-0.05917525290548578,4,outside_nominal_optimistic_hz;long_relative_to_circular_transit;not_recovered_in_final_holdout,
230437453,1,21.880041885308273,1698.3938011801408,0.238875,0.0011565487234393408,0.6387398345497645,0.32496108821096736,7.318694011120174,-0.5563471420036592,1,fewer_than_three_discovery_events;dominated_by_one_discovery_event;long_relative_to_circular_transit;insufficient_holdout_events,
230437453,2,8.514854808430709,1686.2933036801408,0.03822,0.0014834298954924002,0.7233950758838495,1.1437362776220912,5.334212164364445,1.7594568607159378,2,low_nominal_training_snr;not_recovered_in_final_holdout,
230437453,3,21.5168138793432,1688.457738680141,0.29575,0.0007221410064881593,0.5047229330027679,0.33229586837909414,5.077081395736071,0.0,0,dominated_by_one_discovery_event;long_relative_to_circular_transit;low_nominal_training_snr;insufficient_holdout_events,
231008047,1,6.761235467144737,1355.2199243516188,0.18374999999999997,0.002348410019977136,0.7038047459738248,0.9527066072177099,5.592179301704383,2.0955482758431154,2,long_relative_to_circular_transit;low_nominal_training_snr;not_recovered_in_final_holdout,
231008047,2,12.241763774525943,1363.0992993516188,0.017499999999999998,0.008810576882348504,1.3632245586606568,0.43171976504609133,5.101625669915746,1.5024236560657958,1,fewer_than_three_discovery_events;dominated_by_one_discovery_event;low_nominal_training_snr;insufficient_holdout_events,
231008047,3,7.688950280275639,1360.773689351619,0.05095999999999999,0.005237091501139845,1.0510183768750416,0.8026099171654822,5.493368082929723,0.6046538558114006,4,low_nominal_training_snr;not_recovered_in_final_holdout,
231008047,4,10.032993603371098,1354.645294351619,0.04094999999999999,0.005144860655943578,1.0417224822447326,0.5628852623369873,4.829540564134911,-1.8670384401692204,2,low_nominal_training_snr;not_recovered_in_final_holdout;inconsistent_holdout_depth_signs,
231022436,1,22.85641216629304,1366.9328116567901,0.17198999999999998,0.003275816435292865,1.181231910366849,0.36947461498906503,6.9887933234808965,0.0,0,fewer_than_three_discovery_events;dominated_by_one_discovery_event;long_relative_to_circular_transit;low_nominal_training_snr;insufficient_holdout_events,
231022436,2,12.77452031071124,1356.12883665679,0.29575,0.0014670212526439268,0.7904849296945132,0.8025446717715071,5.419622274017697,0.0,0,long_relative_to_circular_transit;low_nominal_training_snr;insufficient_holdout_events,
231057252,1,6.2992555703888335,1359.0292882286112,0.057329999999999985,0.006917191688563977,1.4167821991134244,1.3188473747502396,14.976324578220032,-0.19915722533958716,2,not_recovered_in_final_holdout;inconsistent_holdout_depth_signs,The 6.08246-day trial is an approximately 28-fold alias of rapid 5.213-hour variability; it also fails the later timing-refined holdout.
231057252,2,6.082094433155753,1356.2037382286112,0.057329999999999985,0.0068611014165726875,1.4110262900455437,1.3820039964219066,14.605036181132775,-1.917899827537109,4,not_recovered_in_final_holdout;inconsistent_holdout_depth_signs,The 6.08246-day trial is an approximately 28-fold alias of rapid 5.213-hour variability; it also fails the later timing-refined holdout.
231057252,3,5.213303597502072,1355.5423957286112,0.08599499999999999,0.005156087915807347,1.223202452175858,1.6973164550854056,14.469892580475989,-3.4893505916995897,4,outside_nominal_optimistic_hz;long_relative_to_circular_transit;not_recovered_in_final_holdout;inconsistent_holdout_depth_signs,The 6.08246-day trial is an approximately 28-fold alias of rapid 5.213-hour variability; it also fails the later timing-refined holdout.
231057252,4,4.999111454012633,1354.2212767745984,0.057329999999999985,0.006096081506850065,1.3300365282749607,1.7949667921555625,14.913781318782526,-2.824316555445049,5,outside_nominal_optimistic_hz;not_recovered_in_final_holdout;inconsistent_holdout_depth_signs,The 6.08246-day trial is an approximately 28-fold alias of rapid 5.213-hour variability; it also fails the later timing-refined holdout.
231290860,1,13.944205655038035,1394.3164200477618,0.29575,0.001044197936897199,0.839811776234875,1.0254922515591691,8.405786900406765,-10.001721290973146,4,long_relative_to_circular_transit;not_recovered_in_final_holdout;inconsistent_holdout_depth_signs,
231290860,2,17.00727686042267,1403.0519650477618,0.16562,0.0012557480268506004,0.9209621823342808,0.786944999688865,6.63184173390302,-0.36942353263944777,2,odd_even_discrepancy;long_relative_to_circular_transit;low_nominal_training_snr;not_recovered_in_final_holdout;inconsistent_holdout_depth_signs,
231290860,3,20.36677043216708,1387.6485562454457,0.16562,0.0015851671777703045,1.0347324771021356,0.6188155210564904,6.046115326096192,-0.900242439874974,2,fewer_than_three_discovery_events;dominated_by_one_discovery_event;odd_even_discrepancy;long_relative_to_circular_transit;low_nominal_training_snr;not_recovered_in_final_holdout;inconsistent_holdout_depth_signs,
231290860,4,21.951456590693724,1404.5698662454456,0.024499999999999997,0.0034179883702628,1.5194129905216545,0.5599805783676437,6.083165036740086,1.3924161702335107,2,fewer_than_three_discovery_events;dominated_by_one_discovery_event;low_nominal_training_snr;not_recovered_in_final_holdout,
231733039,1,14.906501727005418,1415.0886216124409,0.238875,0.0008954973330519421,0.4411431141350413,0.30062271073038627,9.25847081490176,0.9275594254247799,10,dominated_by_one_discovery_event;outside_initial_small_planet_radius_range;long_relative_to_circular_transit;not_recovered_in_final_holdout,
231733039,2,19.534313084693043,1414.3181841124408,0.1764,0.0009498211708848083,0.45432671956316995,0.20963248093870562,6.914528141566173,-0.7404628473888992,7,dominated_by_one_discovery_event;odd_even_discrepancy;outside_initial_small_planet_radius_range;long_relative_to_circular_transit;low_nominal_training_snr;not_recovered_in_final_holdout;inconsistent_holdout_depth_signs,
231733039,3,15.425995542864513,1416.698184112441,0.29575,0.000604538268271217,0.36245930641928037,0.2872004818011044,6.126471876587679,-0.89962761609681,9,outside_initial_small_planet_radius_range;long_relative_to_circular_transit;low_nominal_training_snr;not_recovered_in_final_holdout;inconsistent_holdout_depth_signs,
231733039,4,6.50578279172332,1415.7995591124409,0.29575,0.0004667392100445396,0.31848171239734796,0.9080784170982293,7.465280979761705,-1.5852159179976464,20,outside_initial_small_planet_radius_range;long_relative_to_circular_transit;not_recovered_in_final_holdout;inconsistent_holdout_depth_signs,
231815113,1,27.377673053157935,1339.392943962549,0.29575,0.0040095499376811014,1.140894129341708,0.1933673456636686,23.209956865540025,-0.7943790421028732,8,dominated_by_one_discovery_event;odd_even_discrepancy;outside_nominal_optimistic_hz;long_relative_to_circular_transit;not_recovered_in_final_holdout;inconsistent_holdout_depth_signs,
231815113,2,13.578606363853643,1329.712818962549,0.29575,0.0012199134549676545,0.6293062466160252,0.49253630510346474,10.698572831048745,2.0249954296714363,5,long_relative_to_circular_transit;not_recovered_in_final_holdout,
231815113,3,17.92604171203782,1328.5184439625489,0.29575,0.0011093779018470822,0.6001188762358479,0.34009426561657985,8.817443984383397,-2.4672065226734685,10,long_relative_to_circular_transit;not_recovered_in_final_holdout,
231815113,4,21.68576737175631,1338.283881462549,0.238875,0.0011651448374785643,0.6150175226967564,0.2638429251563949,6.832316293716399,0.5606674419886652,8,long_relative_to_circular_transit;low_nominal_training_snr;not_recovered_in_final_holdout;inconsistent_holdout_depth_signs,
231833973,1,14.653028033308681,1339.5062481355635,0.16562,0.0010765306279517423,0.8992915328300816,1.1381629361364856,8.226470047890999,0.07451297698748642,6,fewer_than_three_discovery_events;dominated_by_one_discovery_event;long_relative_to_circular_transit;not_recovered_in_final_holdout;inconsistent_holdout_depth_signs,
231833973,2,23.488190922777992,1325.7734381355633,0.22931999999999997,0.0007575478825644736,0.7543837999653107,0.6067012014374225,6.983402694425426,-0.6483589248765019,3,dominated_by_one_discovery_event;odd_even_discrepancy;long_relative_to_circular_transit;low_nominal_training_snr;not_recovered_in_final_holdout;inconsistent_holdout_depth_signs,
231833973,3,16.219663539076194,1338.6226381355634,0.017499999999999998,0.0018380470946194863,1.1750751081294504,0.9939971935627646,5.082690007572303,1.6280032852023807,5,fewer_than_three_discovery_events;dominated_by_one_discovery_event;low_nominal_training_snr;not_recovered_in_final_holdout,
231833973,4,18.999144710266233,1331.4426506355635,0.08032500000000001,0.001062867836988355,0.8935666301359455,0.8049993789448495,5.954845187436226,1.0586910858622167,4,dominated_by_one_discovery_event;low_nominal_training_snr;not_recovered_in_final_holdout,
231917352,1,34.22250501087819,1468.569601081711,0.29575,0.00038687154925068183,0.6013883564597763,0.4475469554216385,8.968207129794518,2.1224049852058395,2,fewer_than_three_discovery_events;long_relative_to_circular_transit;not_recovered_in_final_holdout,
231917352,2,13.122702081779037,1439.5865560817108,0.22931999999999997,0.00022982942926855606,0.46352636169464845,1.606534201078935,7.659239265564,-1.584852152442194,8,dominated_by_one_discovery_event;outside_initial_small_planet_radius_range;outside_nominal_optimistic_hz;long_relative_to_circular_transit;not_recovered_in_final_holdout;inconsistent_holdout_depth_signs,
231917352,3,16.64221863506023,1441.103526081711,0.12739999999999999,0.0003181304568240668,0.5453486516019375,1.170323800209542,6.930316212780216,0.9614121669126666,5,low_nominal_training_snr;not_recovered_in_final_holdout,
231917352,4,12.033069807286859,1443.468616081711,0.22931999999999997,0.00018733527099647275,0.41848644503396576,1.803373788960263,6.156619322242633,-1.1899721554638727,7,outside_initial_small_planet_radius_range;outside_nominal_optimistic_hz;long_relative_to_circular_transit;low_nominal_training_snr;not_recovered_in_final_holdout;inconsistent_holdout_depth_signs,
231973593,1,6.124726177319567,1441.4879152680346,0.17198999999999998,0.0009726652046442672,0.42570160815591823,0.990902799507096,6.006171217587834,-1.0331588418754667,17,outside_initial_small_planet_radius_range;long_relative_to_circular_transit;low_nominal_training_snr;not_recovered_in_final_holdout;inconsistent_holdout_depth_signs,
231973593,2,22.681483973561228,1438.9790452680347,0.057329999999999985,0.0029580217927758262,0.7423766189991613,0.17294897964558914,5.810984793454211,0.163042339054905,5,outside_nominal_optimistic_hz;low_nominal_training_snr;not_recovered_in_final_holdout,
231973593,3,18.07525577835344,1454.2884302680347,0.03822,0.00378389603909019,0.8396401522207037,0.23408164248300492,5.7938723741735485,1.314601742035861,5,low_nominal_training_snr;not_recovered_in_final_holdout,
231973593,4,10.167041608382691,1443.898423601368,0.024499999999999997,0.003875143072916564,0.8497036260285951,0.5041430955369762,6.711022754777468,1.5531977639325498,10,low_nominal_training_snr;not_recovered_in_final_holdout,
232048036,1,14.437053486863958,1480.128575670892,0.29575,0.02407699154349238,2.5246487631971433,0.41223544243777066,14.018448813023356,4.792543592201676,4,odd_even_discrepancy;outside_initial_small_planet_radius_range;long_relative_to_circular_transit;not_recovered_in_final_holdout,
232048036,2,13.358226547185168,1472.3053056708918,0.17198999999999998,0.023535375543538604,2.4960910464085844,0.4572127603188116,11.824236939304056,-0.23405234974712696,4,outside_initial_small_planet_radius_range;long_relative_to_circular_transit;not_recovered_in_final_holdout;inconsistent_holdout_depth_signs,
232048036,3,10.517274017790685,1478.1038256708919,0.29575,0.017345557793201315,2.1428609534422667,0.6288964787098006,10.793730028883644,-0.41706351879517106,4,outside_initial_small_planet_radius_range;long_relative_to_circular_transit;not_recovered_in_final_holdout;inconsistent_holdout_depth_signs,
232048036,4,17.355867530992573,1484.5591381708919,0.238875,0.023361866991576406,2.4868731285691945,0.32249400548205276,10.744457955121034,7.584316284272747,2,outside_initial_small_planet_radius_range;long_relative_to_circular_transit,
232075203,1,12.971510694680573,1334.09587381656,0.22491000000000003,0.0011259978495718028,0.802465708952667,1.0219713456981616,5.1737760311290355,-0.7162040862916669,7,fewer_than_three_discovery_events;dominated_by_one_discovery_event;long_relative_to_circular_transit;low_nominal_training_snr;not_recovered_in_final_holdout;inconsistent_holdout_depth_signs,
232075203,2,24.729506187522468,1332.22402131656,0.238875,0.0013461263947868985,0.8774060457712068,0.4323202092613112,5.469677244648313,0.04434211963900066,3,fewer_than_three_discovery_events;dominated_by_one_discovery_event;long_relative_to_circular_transit;low_nominal_training_snr;not_recovered_in_final_holdout,
232075203,3,18.477902789833845,1326.5083113165601,0.08599499999999999,0.0015280596397676779,0.9348196981362568,0.6376111345549537,5.5685724687719915,0.312627023925713,3,dominated_by_one_discovery_event;low_nominal_training_snr;not_recovered_in_final_holdout,
232075203,4,16.126446054651115,1330.67815881656,0.027299999999999998,0.002794902446810675,1.2642734843151266,0.7644948644057938,5.224624689366203,0.969302674965226,5,low_nominal_training_snr;not_recovered_in_final_holdout,
232521209,1,6.18641226092275,1683.7669686042848,0.29575,0.0014033323723855382,0.6545063166448539,1.4822366048277666,8.214070216932575,-0.8179211028033672,19,long_relative_to_circular_transit;not_recovered_in_final_holdout;inconsistent_holdout_depth_signs,
232521209,2,9.638973697692578,1692.5920158280978,0.29575,0.0022216944317645336,0.8235230013386863,0.8205939005361018,8.648733415975931,-1.022124652543027,13,dominated_by_one_discovery_event;long_relative_to_circular_transit;not_recovered_in_final_holdout;inconsistent_holdout_depth_signs,
232521209,3,14.040757634859387,1690.3397658280978,0.29575,0.0024104679446954784,0.8577964619913437,0.49695296683168744,8.042848425028518,-2.361802563281014,10,long_relative_to_circular_transit;not_recovered_in_final_holdout;inconsistent_holdout_depth_signs,
232521209,4,7.933814260863612,1688.542515828098,0.29575,0.0016233567756812506,0.7039479676703797,1.0637999678391945,6.34577404634345,-0.3304761956048758,13,long_relative_to_circular_transit;low_nominal_training_snr;not_recovered_in_final_holdout,
232524921,1,6.448555268115639,1689.6965943376288,0.17198999999999998,0.006583948644843864,1.6126057094821133,1.8612561271939843,26.267968763590574,4.967131905255807,14,odd_even_discrepancy;outside_nominal_optimistic_hz;long_relative_to_circular_transit;not_recovered_in_final_holdout,
232524921,2,6.452845346396609,1687.844408259834,0.17198999999999998,0.006512080677255489,1.603780253429039,1.8596064054253167,25.87623983718609,-20.726451536339855,14,outside_nominal_optimistic_hz;long_relative_to_circular_transit;not_recovered_in_final_holdout;inconsistent_holdout_depth_signs,
232524921,3,6.4450565145911245,1688.270288259834,0.17198999999999998,0.006422796090189957,1.5927479064813699,1.8626034472758797,25.27607318406527,27.245881343370684,15,outside_nominal_optimistic_hz;long_relative_to_circular_transit,
232524921,4,6.440460385960598,1687.3939582598339,0.17198999999999998,0.006091510841137189,1.5511274605236753,1.8643759464586551,23.01267444105636,-1.3195109160683314,15,outside_nominal_optimistic_hz;long_relative_to_circular_transit;not_recovered_in_final_holdout,
232607684,1,16.313568491087803,1693.5279788198934,0.22931999999999997,0.0014228752283391643,0.46133352911989683,0.17917925776697055,6.681286459713238,0.13510338598852378,8,outside_initial_small_planet_radius_range;outside_nominal_optimistic_hz;long_relative_to_circular_transit;low_nominal_training_snr;not_recovered_in_final_holdout,
232607684,2,6.854012847634086,1689.7073438198936,0.29575,0.0008208509660630881,0.3503997335564563,0.5694118161830729,6.240676475313944,-0.5420758537487456,21,outside_initial_small_planet_radius_range;long_relative_to_circular_transit;low_nominal_training_snr;not_recovered_in_final_holdout;inconsistent_holdout_depth_signs,
232607684,3,16.854420084649554,1690.7652188198936,0.03822,0.0033204491128050744,0.7047417894976241,0.17155416847462568,5.56998426326463,-0.24261521707864148,6,outside_nominal_optimistic_hz;low_nominal_training_snr;not_recovered_in_final_holdout;inconsistent_holdout_depth_signs,
232607684,4,17.141398706914234,1700.3911988198936,0.22931999999999997,0.0013402106485188847,0.44773200770186233,0.16773538319721662,5.891462168379502,-0.31140859904575374,5,outside_initial_small_planet_radius_range;outside_nominal_optimistic_hz;long_relative_to_circular_transit;low_nominal_training_snr;not_recovered_in_final_holdout;inconsistent_holdout_depth_signs,
232612888,1,26.204820814616998,1709.2208643736867,0.238875,0.001072976332591961,0.5794602821860226,0.24708858908610085,7.434366498869519,-0.7992986297868124,4,long_relative_to_circular_transit;not_recovered_in_final_holdout;inconsistent_holdout_depth_signs,
232612888,2,26.126126925078253,1683.9508468736867,0.03822,0.003704393083502881,1.0766812118050364,0.24808141985066307,7.02385803785868,0.09357896093783216,5,dominated_by_one_discovery_event;not_recovered_in_final_holdout;inconsistent_holdout_depth_signs,
232612888,3,15.9482463612685,1691.0379268736867,0.29575,0.0007499174828365889,0.48443480873087974,0.47908256666159194,7.071454920526294,-0.47674816202269943,8,outside_initial_small_planet_radius_range;long_relative_to_circular_transit;not_recovered_in_final_holdout;inconsistent_holdout_depth_signs,
232612888,4,13.76858362639986,1691.8391818736868,0.057329999999999985,0.0013446739622407515,0.648689846144756,0.5827853058761076,6.417070623606738,0.48343154119160037,11,low_nominal_training_snr;not_recovered_in_final_holdout,
232814030,1,14.005470519948275,1695.9867991297226,0.22931999999999997,0.012150643856420349,2.0342294536161623,0.5692856826672624,8.354165208795786,0.8572578070394175,1,fewer_than_three_discovery_events;dominated_by_one_discovery_event;outside_initial_small_planet_radius_range;long_relative_to_circular_transit;insufficient_holdout_events,
232814030,2,5.812084318529339,1688.2759141297227,0.17198999999999998,0.006219567163688882,1.4553933070618208,1.839153557934022,7.508551983870358,1.4256864472738588,2,outside_nominal_optimistic_hz;long_relative_to_circular_transit;not_recovered_in_final_holdout,
232814030,3,8.828384913688629,1686.1215591297225,0.0357,0.011243710084670963,1.9568390745190818,1.053300248441459,5.5044327084487845,0.19509045665292138,2,low_nominal_training_snr;not_recovered_in_final_holdout;inconsistent_holdout_depth_signs,
232814030,4,7.34165188491827,1683.5609766297225,0.16243500000000002,0.005481829003650059,1.3663533771204244,1.346900402251427,5.955483786885834,1.6735266401456663,1,long_relative_to_circular_transit;low_nominal_training_snr;insufficient_holdout_events,
232970271,1,3.062991473870187,1684.5042141587721,0.17198999999999998,0.006883854493540462,0.9784827735955601,1.5453043714445294,35.31332362389552,28.345610811201254,32,outside_nominal_optimistic_hz;long_relative_to_circular_transit,
232970271,2,3.062954365162152,1683.49694979361,0.17198999999999998,0.007147419877898191,0.9970386433433461,1.5453293339949297,35.53357695791353,28.97767315331597,35,outside_nominal_optimistic_hz;long_relative_to_circular_transit,
232970271,3,3.05561722865733,1686.0431080471706,0.170625,0.007266160651994695,1.0052864783812783,1.5502788315173373,37.11237270880917,1.388896673074474,35,outside_nominal_optimistic_hz;long_relative_to_circular_transit;not_recovered_in_final_holdout;inconsistent_holdout_depth_signs,
232970271,4,3.0629953297697003,1683.9728580471706,0.238875,0.006226373662851167,0.9305826120127625,1.5453017776710134,36.77088792691587,29.359560531096548,34,outside_nominal_optimistic_hz;long_relative_to_circular_transit,
232979974,1,30.625788354311908,1722.5505901566232,0.29575,0.0008968515540977627,0.9156550640575205,0.6114583193528244,8.435631661780404,0.24544303461199424,5,fewer_than_three_discovery_events;dominated_by_one_discovery_event;long_relative_to_circular_transit;not_recovered_in_final_holdout,
232979974,2,24.078863140410572,1728.7060401566232,0.0588,0.0013228074112885456,1.1120387703495704,0.8426267778270928,6.394864338430107,0.24327712624668854,4,fewer_than_three_discovery_events;low_nominal_training_snr;not_recovered_in_final_holdout;inconsistent_holdout_depth_signs,
232979974,3,35.939152262159304,1743.7080901566233,0.29575,0.0006347940968187238,0.7703499501992657,0.49399906004807315,6.35320802891136,-0.26489513257759834,3,fewer_than_three_discovery_events;dominated_by_one_discovery_event;long_relative_to_circular_transit;low_nominal_training_snr;not_recovered_in_final_holdout,
232979974,4,14.120067390580429,1721.2829601566232,0.07643999999999998,0.0013892787059992745,1.1396363909014962,1.7167255397943537,6.516417544662926,-0.5622758876838044,4,fewer_than_three_discovery_events;outside_nominal_optimistic_hz;low_nominal_training_snr;not_recovered_in_final_holdout;inconsistent_holdout_depth_signs,
232981773,1,34.86505518332018,1723.2103821013138,0.29575,0.002415227725539786,0.8801090333537369,0.17560217477334408,7.391831141180877,-1.512920467462108,2,fewer_than_three_discovery_events;outside_nominal_optimistic_hz;long_relative_to_circular_transit;not_recovered_in_final_holdout;inconsistent_holdout_depth_signs,
232981773,2,28.168992154898937,1715.1000071013138,0.29575,0.0017669070505636581,0.7527734402430795,0.2333576025425483,6.620471204544806,-0.43229177069513886,4,fewer_than_three_discovery_events;dominated_by_one_discovery_event;long_relative_to_circular_transit;low_nominal_training_snr;not_recovered_in_final_holdout;inconsistent_holdout_depth_signs,
232981773,3,29.81813583930603,1736.4224446013138,0.238875,0.002042585428798002,0.8093708343310502,0.21630989222143687,5.748685090042444,-1.6627421828364937,3,fewer_than_three_discovery_events;long_relative_to_circular_transit;low_nominal_training_snr;not_recovered_in_final_holdout;inconsistent_holdout_depth_signs,
232981773,4,21.20930277651376,1721.4131321013137,0.29575,0.0017978445340271609,0.7593351478752047,0.34068146812967387,7.293527224986978,1.3599968705656016,4,long_relative_to_circular_transit;not_recovered_in_final_holdout;inconsistent_holdout_depth_signs,
233049114,1,16.30889350633465,1696.1454118971053,0.29575,0.0015324382299967824,0.6369294721260867,0.40348128811762957,6.735705006354709,1.1006284653498353,11,long_relative_to_circular_transit;low_nominal_training_snr;not_recovered_in_final_holdout,
233049114,2,8.961580251436052,1689.4225593971053,0.08599499999999999,0.0019003005955621586,0.7092690487377262,0.8964854874117683,6.454419311986374,-0.6404906034030382,19,long_relative_to_circular_transit;low_nominal_training_snr;not_recovered_in_final_holdout;inconsistent_holdout_depth_signs,
233049114,3,26.59218937665707,1708.8967868971054,0.29575,0.0020440654166129497,0.7356093681270099,0.21024092947191098,5.878056496199643,-0.5969714894072204,6,dominated_by_one_discovery_event;long_relative_to_circular_transit;low_nominal_training_snr;not_recovered_in_final_holdout;inconsistent_holdout_depth_signs,
233049114,4,23.92039226205398,1693.1065368971053,0.017499999999999998,0.006322820546693421,1.2937646605815494,0.2421205572962445,5.965572806652252,1.222349236862576,3,dominated_by_one_discovery_event;low_nominal_training_snr;not_recovered_in_final_holdout,
233068870,1,5.603473259874921,1687.930108661568,0.11465999999999998,0.0023859753493840233,0.8747630135306665,1.6617543241695645,90.57789757233645,68.34395631548887,22,outside_nominal_optimistic_hz;long_relative_to_circular_transit,
233068870,2,5.3232687586750345,1688.4988411615682,0.11245500000000001,0.002215503233773246,0.842934113268384,1.77939363078189,86.53027811331192,74.4283821384486,26,outside_nominal_optimistic_hz;long_relative_to_circular_transit,
233068870,3,5.323334919337664,1688.2096711615682,0.11245500000000001,0.002281321328841505,0.8553634056732063,1.7793641440986692,85.73091481243281,69.34989921452336,26,odd_even_discrepancy;outside_nominal_optimistic_hz;long_relative_to_circular_transit,
233068870,4,5.324176947378004,1688.7558811615681,0.11245500000000001,0.0022203529557616487,0.8438561975465017,1.7789889411895585,85.24562184089318,70.77339487958108,25,outside_nominal_optimistic_hz;long_relative_to_circular_transit,
233070089,1,4.653626500259021,1684.9923770803987,0.238875,0.0031481104500146514,0.9680452430964744,1.8416297779228656,27.238404340646404,16.058523314099872,26,odd_even_discrepancy;outside_nominal_optimistic_hz;long_relative_to_circular_transit,
233070089,2,4.657120665508558,1687.5858770803986,0.170625,0.003631653650857274,1.0397355333450147,1.8397876800758552,26.575446773543735,17.452357916115123,27,outside_nominal_optimistic_hz;long_relative_to_circular_transit,
233070089,3,4.6535773677227565,1687.0128045803988,0.22491000000000003,0.0033100648227583135,0.9926334913521172,1.8416557032397913,27.235022806628255,16.719777605946454,27,outside_nominal_optimistic_hz;long_relative_to_circular_transit,
233070089,4,4.6536479304304175,1686.3460020803986,0.238875,0.003228465162173515,0.980321950095274,1.8416184702599772,27.634216255001697,10.7493348309573,27,outside_nominal_optimistic_hz;long_relative_to_circular_transit,
233170203,1,20.476006577024375,1692.8340966365865,0.024499999999999997,0.004926552487203231,1.2569818096575984,0.31178052236594106,6.587923228533207,2.8813267170012313,1,low_nominal_training_snr;insufficient_holdout_events,
233170203,2,29.015403573557915,1709.7667933032533,0.11465999999999998,0.004177522333083647,1.1574888760819406,0.19588650011948922,6.453476289182502,-0.9332164992456914,1,fewer_than_three_discovery_events;outside_nominal_optimistic_hz;long_relative_to_circular_transit;low_nominal_training_snr;insufficient_holdout_events,
233170203,3,13.427665925629444,1694.6705758032533,0.170625,0.0015873716240865207,0.713504542043457,0.547236794917839,5.8479560893500535,-0.3293017555697076,3,long_relative_to_circular_transit;low_nominal_training_snr;not_recovered_in_final_holdout;inconsistent_holdout_depth_signs,
233170203,4,14.951139938189067,1692.0429508032532,0.238875,0.0012792394395679193,0.6405209749708309,0.47418038581066785,5.0196662225023685,-0.5465637534442668,6,long_relative_to_circular_transit;low_nominal_training_snr;not_recovered_in_final_holdout;inconsistent_holdout_depth_signs,
233176655,1,27.0704510449984,1694.289633584747,0.29575,0.003716154974395176,1.078389152931362,0.21549675349200553,9.423636962375884,0.13856069885019895,4,fewer_than_three_discovery_events;long_relative_to_circular_transit;not_recovered_in_final_holdout;inconsistent_holdout_depth_signs,
233176655,2,14.813310261842066,1692.583383584747,0.29575,0.0025415597333409345,0.8918231937740252,0.4814655623813878,6.06376246613423,-1.9373914094444769,4,long_relative_to_circular_transit;low_nominal_training_snr;not_recovered_in_final_holdout;inconsistent_holdout_depth_signs,
233176655,3,5.9313727425484135,1685.405758584747,0.29575,0.0008073088077375427,0.5026300477826937,1.6314024056774388,5.741486764197544,1.1600689564050866,17,outside_nominal_optimistic_hz;long_relative_to_circular_transit;low_nominal_training_snr;not_recovered_in_final_holdout;inconsistent_holdout_depth_signs,
233176655,4,9.950461205777154,1688.295008584747,0.29575,0.001005349420256459,0.5609021674454359,0.8184216448566799,5.529294615447071,-0.12564084288951272,9,long_relative_to_circular_transit;low_nominal_training_snr;not_recovered_in_final_holdout;inconsistent_holdout_depth_signs,
233306304,1,13.55519546877471,1685.7258211806325,0.29575,0.0037068188601560134,1.0371435436029512,0.5086527743545616,8.362389343955128,-2.1458055382479184,4,long_relative_to_circular_transit;not_recovered_in_final_holdout;inconsistent_holdout_depth_signs,
233306304,2,28.49692311009029,1698.2724461806324,0.29575,0.005465258218342252,1.259341540288299,0.188870952100573,7.455622788850036,-0.5312195298289987,2,dominated_by_one_discovery_event;odd_even_discrepancy;outside_nominal_optimistic_hz;long_relative_to_circular_transit;not_recovered_in_final_holdout;inconsistent_holdout_depth_signs,
233306304,3,20.287098975197072,1689.4681961806325,0.29575,0.0034409066179615245,0.9992510870769877,0.29712272289354286,7.110478805880946,0.2542421187227418,2,long_relative_to_circular_transit;not_recovered_in_final_holdout;inconsistent_holdout_depth_signs,
233306304,4,26.80778451073715,1683.4766616698953,0.29575,0.00571798918918891,1.2881304632838,0.20490280260146396,8.056485338948102,-4.019859698896164,1,fewer_than_three_discovery_events;dominated_by_one_discovery_event;outside_nominal_optimistic_hz;long_relative_to_circular_transit;insufficient_holdout_events,
233461993,1,13.084036311367582,1738.7947744945689,0.238875,0.0007090078286075145,0.6571243223690052,1.164650673113072,4.217688216900257,-0.019486367339437635,1,long_relative_to_circular_transit;low_nominal_training_snr;insufficient_holdout_events,
233463911,1,11.33495807746025,1748.9285914352076,0.088725,0.0019817496650542323,0.8458380788349016,0.7662514706071766,4.549448757447706,0.9886550056441349,3,long_relative_to_circular_transit;low_nominal_training_snr;not_recovered_in_final_holdout,
233640927,1,6.209534328999425,1740.1461202281268,0.29575,0.001478385701177988,0.6927737265482716,1.7026720072333563,13.680957360759738,-10.31970628591001,7,outside_nominal_optimistic_hz;long_relative_to_circular_transit;not_recovered_in_final_holdout;inconsistent_holdout_depth_signs,
233640927,2,6.203772140265688,1742.2391202281267,0.29575,0.0014976483691534956,0.697272377502503,1.7047809684086066,13.27427916014745,-0.651359205682545,7,outside_nominal_optimistic_hz;long_relative_to_circular_transit;not_recovered_in_final_holdout;inconsistent_holdout_depth_signs,
233640927,3,6.209654048391206,1744.2411202281266,0.29575,0.0015041018745662734,0.6987730681861718,1.7026282383533686,11.507916982203032,-8.182606762252417,5,outside_nominal_optimistic_hz;long_relative_to_circular_transit;not_recovered_in_final_holdout;inconsistent_holdout_depth_signs,
233640927,4,6.309191495699611,1740.2257452281267,0.29575,0.00129693993672978,0.6488696540897422,1.6669072171044024,7.5792069254822145,13.221099661187715,4,outside_nominal_optimistic_hz;long_relative_to_circular_transit,
233738219,1,11.846411536941687,1687.7153827579898,0.29575,0.0037032953051315378,1.7543316029338396,1.6311379763190341,124.91872831453793,61.59434213585891,12,odd_even_discrepancy;outside_nominal_optimistic_hz;long_relative_to_circular_transit,
233738219,2,11.837844355991056,1686.49825775799,0.29575,0.003854363010010242,1.7897559794076738,1.6327121299753267,127.49491133786367,53.155989128303716,12,outside_nominal_optimistic_hz;long_relative_to_circular_transit,
233738219,3,11.837630271464922,1689.1372577579898,0.29575,0.004249112775310166,1.8791724793829474,1.6327515004065372,129.5447411660861,59.156567388149526,12,outside_nominal_optimistic_hz;long_relative_to_circular_transit,
233738219,4,11.846416995219231,1694.2901327579898,0.29575,0.003768848959352298,1.7697905879806675,1.63113697424917,122.81343632524406,61.109831872414176,11,odd_even_discrepancy;outside_nominal_optimistic_hz;long_relative_to_circular_transit,
233959273,1,19.877608666517546,1366.3433465657336,0.29575,0.0015609500369412853,0.975026743914454,0.5753114024417523,9.455029060673796,0.5108031772160033,2,dominated_by_one_discovery_event;odd_even_discrepancy;long_relative_to_circular_transit;not_recovered_in_final_holdout;inconsistent_holdout_depth_signs,
233959273,2,14.084432600485918,1367.0997840657337,0.238875,0.001702520761159644,1.0182823946331605,0.9107573587195718,7.70780200252612,-0.4387524296889892,4,fewer_than_three_discovery_events;long_relative_to_circular_transit;not_recovered_in_final_holdout;inconsistent_holdout_depth_signs,
233959273,3,22.609606467452842,1371.3938465657336,0.29575,0.001214496648121963,0.8600430430865753,0.4845417004124989,5.894096330652155,-1.9766721178900624,3,fewer_than_three_discovery_events;dominated_by_one_discovery_event;long_relative_to_circular_transit;low_nominal_training_snr;not_recovered_in_final_holdout;inconsistent_holdout_depth_signs,
233959273,4,19.362492191227144,1365.4767990657335,0.088725,0.0017794524799802953,1.0410347444016546,0.5958086754506149,4.961792336955717,2.0916084999570512,2,fewer_than_three_discovery_events;low_nominal_training_snr;not_recovered_in_final_holdout,
234504902,1,14.571253040027226,1339.794788805866,0.29575,0.0008987128374953991,0.782387604766857,1.0655377707053804,7.412849729735866,-2.095510613566169,6,long_relative_to_circular_transit;not_recovered_in_final_holdout;inconsistent_holdout_depth_signs,
234504902,2,26.60824340625767,1340.33048772854,0.29575,0.000894717224134385,0.7806464475211778,0.47739343546135576,5.5160117179041945,-1.8010411324568163,3,fewer_than_three_discovery_events;dominated_by_one_discovery_event;long_relative_to_circular_transit;low_nominal_training_snr;not_recovered_in_final_holdout;inconsistent_holdout_depth_signs,
234504902,3,15.232778802893343,1338.31142522854,0.238875,0.000813492264850193,0.74436887042009,1.0042901461778693,4.691842699796008,1.2213041203425592,1,fewer_than_three_discovery_events;long_relative_to_circular_transit;low_nominal_training_snr;insufficient_holdout_events,
234526939,1,8.111685662184232,1330.1656272660393,0.238875,0.00242529374859293,0.9410957456188821,1.273164822927223,54.960718916086044,-4.945768499774564,11,odd_even_discrepancy;long_relative_to_circular_transit;not_recovered_in_final_holdout;inconsistent_holdout_depth_signs,
234526939,2,6.229138982646378,1327.7200022660393,0.238875,0.002264077945549008,0.9092793402346293,1.8104870389602674,55.72824170504804,-1.2638066324732111,15,odd_even_discrepancy;outside_nominal_optimistic_hz;long_relative_to_circular_transit;not_recovered_in_final_holdout;inconsistent_holdout_depth_signs,
234526939,3,6.235294325350064,1328.8916272660392,0.238875,0.002251805794372188,0.9068116743342319,1.8081044015297276,54.09882709172665,19.49238787907898,13,outside_nominal_optimistic_hz;long_relative_to_circular_transit;inconsistent_holdout_depth_signs,
234526939,4,6.235228111655848,1329.5286272660392,0.238875,0.0022060069559546596,0.8975426094739968,1.8081300026211817,53.36312758439149,18.300681958809825,14,odd_even_discrepancy;outside_nominal_optimistic_hz;long_relative_to_circular_transit,
235062311,1,8.675023759481322,1440.1290066487777,0.29575,0.0063851292783801685,1.762583923421518,1.450589917226736,50.176600232352556,28.80930368504088,2,long_relative_to_circular_transit,
235062311,2,8.674319690407941,1444.5425066487776,0.29575,0.00608143060085606,1.7201560005432397,1.450746906185913,50.24449699759952,30.504992878489126,3,odd_even_discrepancy;long_relative_to_circular_transit,
235062311,3,8.672940352076981,1446.7720066487777,0.29575,0.0061836925143884626,1.7345582952135374,1.4510545486961572,48.52791501255128,25.459231529489347,2,long_relative_to_circular_transit,
235062311,4,8.675393995244566,1442.3285596992912,0.29575,0.006963000789267287,1.84061594277445,1.4505073762769434,50.64104044362817,17.117833166506806,3,long_relative_to_circular_transit,
235564220,1,27.269244329801896,1751.1576307823652,0.29575,0.0013144128607391853,0.9422289519292747,0.3988387418860998,9.437242837709654,-2.250714037271994,1,fewer_than_three_discovery_events;dominated_by_one_discovery_event;long_relative_to_circular_transit;insufficient_holdout_events,
235564220,2,13.713852697557748,1745.197130782365,0.29575,0.0003603192381225281,0.4933263012415754,0.997276307231163,5.7763086487511535,2.801180570060376,8,odd_even_discrepancy;outside_initial_small_planet_radius_range;long_relative_to_circular_transit;low_nominal_training_snr;not_recovered_in_final_holdout,
235564220,3,24.10188057499495,1747.3961807823653,0.029399999999999996,0.001575538937602189,1.03158522952974,0.47021184840453056,7.269123827261214,-0.2103824300412964,2,not_recovered_in_final_holdout;inconsistent_holdout_depth_signs,
235564220,4,13.70267966707527,1751.2656932823652,0.238875,0.0004953888085372618,0.5784470896878157,0.9983606802966304,5.916851560329849,-0.6613857425537331,6,long_relative_to_circular_transit;low_nominal_training_snr;not_recovered_in_final_holdout;inconsistent_holdout_depth_signs,
235711434,1,15.516907847893998,1684.4503627537051,0.124215,0.0017043101806320602,0.5995695215444782,0.24854834698931877,6.058638145047876,-0.8505955434918067,8,long_relative_to_circular_transit;low_nominal_training_snr;not_recovered_in_final_holdout;inconsistent_holdout_depth_signs,
235711434,2,4.25582682680812,1684.7222252537051,0.29575,0.0006897430946539665,0.3814247843440266,1.3947804666210106,6.771315544026467,1.9636815633316953,32,outside_initial_small_planet_radius_range;long_relative_to_circular_transit;low_nominal_training_snr;not_recovered_in_final_holdout;inconsistent_holdout_depth_signs,
235711434,3,4.385052622510948,1685.575350253705,0.29575,0.0005799139208910074,0.34974136105669196,1.3402465803498007,5.437381207633405,-1.3401939282158126,33,outside_initial_small_planet_radius_range;long_relative_to_circular_transit;low_nominal_training_snr;not_recovered_in_final_holdout;inconsistent_holdout_depth_signs,
235711434,4,14.469046512591794,1687.1515169203717,0.024499999999999997,0.004289164851972075,0.9511556630106495,0.27283363135190836,6.052346008694488,-0.20272465758673053,8,low_nominal_training_snr;not_recovered_in_final_holdout,
23580752,1,12.719162880812634,1544.6701206555251,0.29575,0.0018157613560918313,0.8701308744535801,0.8660198786146803,11.544243183932211,-1.2288696553404992,4,fewer_than_three_discovery_events;dominated_by_one_discovery_event;long_relative_to_circular_transit;not_recovered_in_final_holdout;inconsistent_holdout_depth_signs,
23580752,2,15.364069176999172,1555.1986985406297,0.22931999999999997,0.001128198119352615,0.6858795907145935,0.6731795187442933,6.925344486360923,-1.2235457524104212,4,fewer_than_three_discovery_events;dominated_by_one_discovery_event;long_relative_to_circular_transit;low_nominal_training_snr;not_recovered_in_final_holdout;inconsistent_holdout_depth_signs,
23580752,3,13.855915453994397,1557.7205360406297,0.238875,0.001024205625062636,0.653504786198648,0.7726075240169588,6.814505215601662,1.0483151959484776,2,fewer_than_three_discovery_events;dominated_by_one_discovery_event;long_relative_to_circular_transit;low_nominal_training_snr;not_recovered_in_final_holdout;inconsistent_holdout_depth_signs,
23580752,4,19.79734424010459,1553.7108485406297,0.03822,0.0018293301494988893,0.87337597353305,0.4800980991499948,5.696429906249233,0.8511585054379835,4,low_nominal_training_snr;not_recovered_in_final_holdout,
236320474,1,6.300191404876718,1961.912041127707,0.29575,0.00821673858488834,1.5243477135260004,1.3743129066578297,14.383469393393147,0.0,0,long_relative_to_circular_transit;insufficient_holdout_events,
236320474,2,6.340032956348879,1960.9305489310898,0.29575,0.006823303513069185,1.3890940579660247,1.362809847524717,13.068317280902786,2.1436790130848804,1,long_relative_to_circular_transit;insufficient_holdout_events,
236320474,3,5.431153504062474,1959.98073643109,0.238875,0.008461201291088086,1.5468575525139736,1.675075988911076,11.70934436109212,-0.9353393249526047,1,outside_nominal_optimistic_hz;long_relative_to_circular_transit;insufficient_holdout_events,
236320474,4,6.299061148153108,1958.3256739310898,0.29575,0.007331920999795267,1.4399360243567876,1.3746417118173282,12.264649235171806,-0.5632831164347607,1,long_relative_to_circular_transit;insufficient_holdout_events,
236391010,1,25.804588431836436,1956.8158235123476,0.29575,0.014131823664320387,2.0510194534619153,0.22442897587219154,15.368338492310745,0.0,0,fewer_than_three_discovery_events;dominated_by_one_discovery_event;outside_initial_small_planet_radius_range;long_relative_to_circular_transit;insufficient_holdout_events,
236391010,2,23.041197355944597,1972.0241985123475,0.29575,0.009124356217162009,1.6480553396358482,0.2610165939482722,10.143763695106324,-0.7078766518638537,1,fewer_than_three_discovery_events;dominated_by_one_discovery_event;long_relative_to_circular_transit;insufficient_holdout_events,
236391010,3,16.061708592030918,1969.3299160123474,0.124215,0.007090835555942612,1.4528453294874968,0.42229815788948394,7.384872159123711,0.5543125479602973,1,fewer_than_three_discovery_events;dominated_by_one_discovery_event;long_relative_to_circular_transit;insufficient_holdout_events,
236391010,4,6.1102153053483335,1959.6880110123475,0.238875,0.0021604161385407805,0.8019353927873754,1.5320260795759255,7.211917063798386,0.12852642578124981,2,dominated_by_one_discovery_event;odd_even_discrepancy;outside_nominal_optimistic_hz;long_relative_to_circular_transit;not_recovered_in_final_holdout;inconsistent_holdout_depth_signs,
236770208,1,21.766075365910403,1688.113111373458,0.29575,0.0006628956944952166,0.37673935098263095,0.22786877105554318,6.630396965162548,0.3715113343805528,6,outside_initial_small_planet_radius_range;long_relative_to_circular_transit;low_nominal_training_snr;not_recovered_in_final_holdout,
236770208,2,15.520523958781176,1697.770486373458,0.29575,0.0004947979826843852,0.3254860248230637,0.3576979711245404,6.343819513333312,0.16555210614237034,9,outside_initial_small_planet_radius_range;long_relative_to_circular_transit;low_nominal_training_snr;not_recovered_in_final_holdout;inconsistent_holdout_depth_signs,
236770208,3,17.618602338562408,1685.826736373458,0.29575,0.0006074950638746566,0.3606531775147963,0.3020621971229372,6.828910802249204,-0.5168049117337528,9,outside_initial_small_planet_radius_range;long_relative_to_circular_transit;low_nominal_training_snr;not_recovered_in_final_holdout;inconsistent_holdout_depth_signs,
236770208,4,14.634566355823715,1696.006451373458,0.16562,0.0007481565152966895,0.4002345879449623,0.3868582272380601,6.917220689205417,-1.8406297322241085,6,outside_initial_small_planet_radius_range;long_relative_to_circular_transit;low_nominal_training_snr;not_recovered_in_final_holdout;inconsistent_holdout_depth_signs,
236874149,1,39.630012875414884,1714.5775970201219,0.238875,0.0023334850180579325,1.0075102274558119,0.22529310376048747,6.394224654070074,0.30891092575015483,5,long_relative_to_circular_transit;low_nominal_training_snr;not_recovered_in_final_holdout;inconsistent_holdout_depth_signs,
236874149,2,42.13794260605346,1687.871599520122,0.17198999999999998,0.0019959608262731573,0.9318005483563845,0.2075944537324879,6.671224571607013,-0.8172993013326013,3,outside_nominal_optimistic_hz;long_relative_to_circular_transit;low_nominal_training_snr;not_recovered_in_final_holdout;inconsistent_holdout_depth_signs,
236874149,3,38.7072752166303,1697.9018470201217,0.170625,0.001684018449401237,0.8558947798191126,0.2324823831294193,6.214522468984785,-0.7066923688056337,2,long_relative_to_circular_transit;low_nominal_training_snr;not_recovered_in_final_holdout;inconsistent_holdout_depth_signs,
236874149,4,30.249020068010772,1688.719894520122,0.29988000000000004,0.001364278830231127,0.7703685154430788,0.32297217089061875,6.84957312313801,0.5687154993280259,6,dominated_by_one_discovery_event;long_relative_to_circular_transit;low_nominal_training_snr;not_recovered_in_final_holdout;inconsistent_holdout_depth_signs,
237076895,1,43.74536973194125,1714.6468992519835,0.29575,0.0005459147976747315,0.7858266218396889,0.43010955469311585,7.346124622186836,0.9268177043299515,1,fewer_than_three_discovery_events;long_relative_to_circular_transit;insufficient_holdout_events,
237076895,2,33.411164629264945,1714.3056492519836,0.29575,0.00041928131272969124,0.6886793445923074,0.6160742541048067,6.421951277284778,0.02993831491075446,2,long_relative_to_circular_transit;low_nominal_training_snr;not_recovered_in_final_holdout;inconsistent_holdout_depth_signs,
237076895,3,32.31011686249512,1736.4404892519835,0.12284999999999999,0.0005913144534260882,0.817849799476132,0.64422440622183,5.554999387993043,1.8084429139185343,2,low_nominal_training_snr;not_recovered_in_final_holdout,
237076895,4,17.306853472465047,1714.0030742519837,0.05095999999999999,0.0006430345068529871,0.8528672614595165,1.4809181527535056,6.323546055803293,-1.5077950157485878,4,low_nominal_training_snr;not_recovered_in_final_holdout;inconsistent_holdout_depth_signs,
237199341,1,45.253445449184966,1700.89860585024,0.061424999999999993,0.001439792393500327,0.944709694771999,0.229006245570874,7.909894169936604,0.7958325464962355,3,dominated_by_one_discovery_event;not_recovered_in_final_holdout,
237199341,2,52.39768231298553,1711.37975835024,0.22931999999999997,0.0008286718693540566,0.7167038425140071,0.1883504914182831,7.412370892073085,0.0,0,dominated_by_one_discovery_event;outside_nominal_optimistic_hz;long_relative_to_circular_transit;insufficient_holdout_events,
237199341,3,48.39017660499702,1690.5340033502403,0.22491000000000003,0.0006727222467130477,0.645752847218884,0.209430494445224,5.726187992391743,-0.7177008897330347,2,dominated_by_one_discovery_event;outside_nominal_optimistic_hz;long_relative_to_circular_transit;low_nominal_training_snr;not_recovered_in_final_holdout;inconsistent_holdout_depth_signs,
237199341,4,13.202082342626328,1694.2878583502402,0.0357,0.0008918537232419427,0.7435244418251169,1.1835672641432062,6.281433531504271,1.2466916133236357,11,low_nominal_training_snr;not_recovered_in_final_holdout,
237915132,1,43.75635788770563,1353.6021183128541,0.29575,0.0008737766674242072,0.7359505878265993,0.24100379880378656,9.021090099529417,-1.8698298965455509,4,long_relative_to_circular_transit;not_recovered_in_final_holdout;inconsistent_holdout_depth_signs,
237915132,2,51.26447391062984,1357.6573058128542,0.238875,0.0010336878824318996,0.8004664746067309,0.19512972660391412,8.551932467064468,1.3064282321159175,2,fewer_than_three_discovery_events;outside_nominal_optimistic_hz;long_relative_to_circular_transit;not_recovered_in_final_holdout,
237915132,3,45.951624561433256,1349.2113683128541,0.29575,0.0008541221392314608,0.7276263604985733,0.22577591759948057,6.903354897312212,-1.051525066055363,2,long_relative_to_circular_transit;low_nominal_training_snr;not_recovered_in_final_holdout;inconsistent_holdout_depth_signs,
237915132,4,16.01083138274122,1327.0824433128541,0.22931999999999997,0.00039976750535957,0.4977968909144275,0.9208599764064149,5.835657914098248,-1.0575998948629668,9,outside_initial_small_planet_radius_range;long_relative_to_circular_transit;low_nominal_training_snr;not_recovered_in_final_holdout;inconsistent_holdout_depth_signs,
238010220,1,17.38176714503167,1476.6852446538358,0.124215,0.001512580781313332,0.6285424183215514,0.33570893331783963,6.577749453679741,0.10540520492649132,7,long_relative_to_circular_transit;low_nominal_training_snr;not_recovered_in_final_holdout;inconsistent_holdout_depth_signs,
238010220,2,28.3570371848874,1492.3497571538358,0.22931999999999997,0.0013134214300473276,0.5857028700889697,0.17479955847433412,5.7209287676893625,-0.8385186574695106,4,dominated_by_one_discovery_event;outside_nominal_optimistic_hz;long_relative_to_circular_transit;low_nominal_training_snr;not_recovered_in_final_holdout;inconsistent_holdout_depth_signs,
238010220,3,10.76841427775088,1471.3010021538357,0.29575,0.0007235815189100223,0.4347294243928255,0.6356515758449445,5.930556085307835,0.7784811363067429,10,dominated_by_one_discovery_event;outside_initial_small_planet_radius_range;long_relative_to_circular_transit;low_nominal_training_snr;not_recovered_in_final_holdout,
238010220,4,20.738066417747692,1489.0293771538356,0.024499999999999997,0.0033998308997845606,0.9423320482642684,0.26529584822439567,5.915105009337553,-1.113716529470427,5,low_nominal_training_snr;not_recovered_in_final_holdout;inconsistent_holdout_depth_signs,
238022708,1,25.98528712006512,1489.762825492831,0.29575,0.00532328067571379,1.394252138112231,0.26419706852480745,9.369059496508255,,0,dominated_by_one_discovery_event;odd_even_discrepancy;long_relative_to_circular_transit;insufficient_holdout_events,
238022708,2,17.840673644243697,1482.7956379928312,0.238875,0.0035365062016314733,1.1364199480066806,0.4361973496749613,6.374817465063499,,0,dominated_by_one_discovery_event;long_relative_to_circular_transit;low_nominal_training_snr;insufficient_holdout_events,
238022708,3,21.42816169829581,1484.5298704928312,0.057329999999999985,0.007554814635113427,1.660976710224152,0.34165265581123333,5.987303307107925,,0,low_nominal_training_snr;insufficient_holdout_events,
238022708,4,31.271855464993696,1476.829450492831,0.29575,0.0034366417258584786,1.1202598362053702,0.2063921399709765,5.6554507226348,,0,dominated_by_one_discovery_event;outside_nominal_optimistic_hz;long_relative_to_circular_transit;low_nominal_training_snr;insufficient_holdout_events,
238030337,1,6.0024612308130285,1469.8450311260003,0.29575,0.010550349261084582,2.018921864110906,1.7670631165884205,89.48173588389957,60.59423163935614,10,odd_even_discrepancy;outside_initial_small_planet_radius_range;outside_nominal_optimistic_hz;long_relative_to_circular_transit,
238030337,2,6.0029142557266315,1468.8099061260004,0.29575,0.009943375027325578,1.9599861510959111,1.7668853110509695,83.82658674339278,53.99707858316928,10,odd_even_discrepancy;outside_nominal_optimistic_hz;long_relative_to_circular_transit,
238030337,3,6.010413432592582,1470.8460311260003,0.29575,0.010423045646422045,2.0067044452574887,1.7639465383218427,85.98237747854921,84.37736879421928,11,odd_even_discrepancy;outside_initial_small_planet_radius_range;outside_nominal_optimistic_hz;long_relative_to_circular_transit,
238030337,4,6.026681301906053,1473.7921561260005,0.29575,0.011219891298924077,2.0819985253189333,1.7576008160604528,90.20276114384224,75.4212551425246,11,outside_initial_small_planet_radius_range;outside_nominal_optimistic_hz;long_relative_to_circular_transit,
238034112,1,25.466733719663527,1476.9234745918388,0.03822,0.012630924917257093,1.7917772591694474,0.19985536531762094,9.894948335774037,0.050084117131930665,4,fewer_than_three_discovery_events;dominated_by_one_discovery_event;outside_nominal_optimistic_hz;not_recovered_in_final_holdout;inconsistent_holdout_depth_signs,
238034112,2,25.79526081978205,1493.0272895918388,0.29575,0.0035531622409174187,0.9503289570945436,0.1964687929678894,9.234182875927216,-2.539745812318112,2,fewer_than_three_discovery_events;dominated_by_one_discovery_event;outside_nominal_optimistic_hz;long_relative_to_circular_transit;not_recovered_in_final_holdout;inconsistent_holdout_depth_signs,
238034112,3,27.417892822512158,1489.0399320918389,0.08032500000000001,0.002515571704231205,0.7996221099423902,0.1811206809796519,6.7033186704549,-0.29866321215751435,3,dominated_by_one_discovery_event;outside_nominal_optimistic_hz;low_nominal_training_snr;not_recovered_in_final_holdout;inconsistent_holdout_depth_signs,
238034112,4,25.2610110416529,1482.9954495918387,0.057329999999999985,0.003977143663465482,1.0054305636812577,0.20202843674361806,6.449084114304892,-0.9960731544618513,3,fewer_than_three_discovery_events;dominated_by_one_discovery_event;outside_nominal_optimistic_hz;low_nominal_training_snr;not_recovered_in_final_holdout;inconsistent_holdout_depth_signs,
238041040,1,27.286433715958164,1475.0976167462907,0.057329999999999985,0.005038567257781643,1.3487031322765943,0.29679667781021674,9.775030699879702,0.0,0,dominated_by_one_discovery_event;odd_even_discrepancy;insufficient_holdout_events,
238041040,2,24.26824070183424,1490.3599092462907,0.170625,0.0023271792855697527,0.9165955771874922,0.34700602402830877,6.678622605440559,0.1908182768079688,2,dominated_by_one_discovery_event;long_relative_to_circular_transit;low_nominal_training_snr;not_recovered_in_final_holdout;inconsistent_holdout_depth_signs,
238041040,3,35.30950503660598,1476.8862217462906,0.29575,0.002679548412546126,0.9835436528234819,0.21047437713349584,7.144701242055353,0.0,0,fewer_than_three_discovery_events;dominated_by_one_discovery_event;odd_even_discrepancy;outside_nominal_optimistic_hz;long_relative_to_circular_transit;insufficient_holdout_events,
238041040,4,24.25902799217328,1473.9001384129574,0.024499999999999997,0.004094152660935257,1.215751606871551,0.3471817424221069,5.2421689798642435,0.8072489432081169,2,low_nominal_training_snr;not_recovered_in_final_holdout,
23872097,1,8.189715283665238,1743.7271866927526,0.24499999999999997,0.0011481154262793028,0.5032053760051387,1.751080119196403,5.653561112336985,-2.6911053526868627,2,outside_nominal_optimistic_hz;long_relative_to_circular_transit;low_nominal_training_snr;not_recovered_in_final_holdout;inconsistent_holdout_depth_signs,
23872097,2,8.40745061975032,1745.4743516927526,0.04094999999999999,0.002386364811528941,0.7254724328248502,1.6908768907699994,4.451140121503587,-1.319987513858757,1,outside_nominal_optimistic_hz;low_nominal_training_snr;insufficient_holdout_events,
238950307,1,24.499408185757616,1445.386245576452,0.16562,0.00039551922055356407,0.3865604219696193,0.3578663443040573,7.186189783398578,0.29927013247399326,5,outside_initial_small_planet_radius_range;long_relative_to_circular_transit;not_recovered_in_final_holdout,
238950307,2,7.639265066895624,1441.0764855764521,0.17198999999999998,0.0002523237528785988,0.3087540462545392,1.6924903808419138,7.464557647273593,-0.6010767383077392,14,outside_initial_small_planet_radius_range;outside_nominal_optimistic_hz;long_relative_to_circular_transit;not_recovered_in_final_holdout;inconsistent_holdout_depth_signs,
238950307,3,8.507365859383691,1443.6368405764522,0.03919999999999999,0.000514536947109905,0.4409018009313412,1.466227975599145,6.450338985955878,-1.7579535760024907,12,outside_initial_small_planet_radius_range;low_nominal_training_snr;not_recovered_in_final_holdout;inconsistent_holdout_depth_signs,
238950307,4,32.711115086686675,1465.2119605764522,0.05095999999999999,0.00074246374751717,0.5296283409842204,0.24340781413370619,5.816296822534098,-0.19023255443272627,3,low_nominal_training_snr;not_recovered_in_final_holdout;inconsistent_holdout_depth_signs,
239154651,1,12.42343619893874,1854.6290688427423,0.29575,0.0021133388326840495,0.5471729913969888,0.2914610986826647,5.63530482800262,2.2152573241342512,2,long_relative_to_circular_transit;low_nominal_training_snr;not_recovered_in_final_holdout,
239154651,2,12.914790177370644,1847.7947588427423,0.049980000000000004,0.004652353932858416,0.8118512413593695,0.27677048197522214,5.641436170166903,-1.1577155350445598,2,low_nominal_training_snr;not_recovered_in_final_holdout;inconsistent_holdout_depth_signs,
239154651,3,13.926398742730813,1854.6540938427424,0.16562,0.002674212571557759,0.6155141605171827,0.250294405164848,5.226962835105936,-0.06025946803947096,1,long_relative_to_circular_transit;low_nominal_training_snr;insufficient_holdout_events,
239154651,4,17.52510149488693,1849.5539988427424,0.07643999999999998,0.004467619129779393,0.7955695577995159,0.18422795044950904,5.511038042092204,0.0,0,outside_nominal_optimistic_hz;long_relative_to_circular_transit;low_nominal_training_snr;insufficient_holdout_events,
240403586,1,12.50147691437132,1711.589349832725,0.22931999999999997,0.004693666053659729,1.3466110888225793,0.8515578653747781,8.407884309318487,,0,fewer_than_three_discovery_events;long_relative_to_circular_transit;insufficient_holdout_events,
240403586,2,8.692822688428707,1713.184478262228,0.17198999999999998,0.0020105154884437725,0.8813325385251846,1.3823398691009656,5.218911891721286,,0,long_relative_to_circular_transit;low_nominal_training_snr;insufficient_holdout_events,
240403586,3,7.283436339031466,1713.6924857622278,0.238875,0.0016904329189525293,0.8081371348932527,1.7500380476159798,4.743627384921312,,0,outside_nominal_optimistic_hz;long_relative_to_circular_transit;low_nominal_training_snr;insufficient_holdout_events,
240821194,1,10.509848560494023,1791.4915716799565,0.238875,0.002721579346813736,0.7291788404963853,0.4507073825090649,7.349289596042174,1.660032402950705,1,dominated_by_one_discovery_event;long_relative_to_circular_transit;insufficient_holdout_events,
24088071,1,15.507816907095377,1968.2451545222025,0.29575,0.005015043424621015,1.4228815881575436,0.6145698046907629,9.134961787826853,-1.0867885609606236,1,dominated_by_one_discovery_event;long_relative_to_circular_transit;insufficient_holdout_events,
24088071,2,12.00236206017228,1960.1232295222026,0.06615,0.005095069991509499,1.434189332652579,0.8648679571909363,4.5398538748307695,-1.2411243566473722,1,dominated_by_one_discovery_event;low_nominal_training_snr;insufficient_holdout_events,
24088071,3,15.11366420357752,1972.9218720222025,0.124215,0.004032350631427319,1.2758821315181714,0.6360321662660362,4.867829134235638,-0.9053580440138984,1,fewer_than_three_discovery_events;long_relative_to_circular_transit;low_nominal_training_snr;insufficient_holdout_events,
24090627,1,5.1159608809747095,1960.3216453599632,0.11465999999999998,0.002968003423420033,0.8804556848798725,1.8164403781393952,5.684027103162703,1.2200970057505247,1,outside_nominal_optimistic_hz;long_relative_to_circular_transit;low_nominal_training_snr;insufficient_holdout_events,
24108819,1,11.883100481453978,1960.9329087077303,0.29575,0.002673330000643681,0.643642518004541,0.26933666173610155,6.227919513258068,-11.98339937306581,1,long_relative_to_circular_transit;low_nominal_training_snr;insufficient_holdout_events,
24108819,2,6.528366401447828,1960.2049087077303,0.22931999999999997,0.0017357740822344383,0.518638841861878,0.5985895594128157,5.987729409734533,-2.267058185612902,3,long_relative_to_circular_transit;low_nominal_training_snr;not_recovered_in_final_holdout;inconsistent_holdout_depth_signs,
24108819,3,6.124377210239598,1959.2589637077303,0.17198999999999998,0.001984158684937856,0.5545064985767229,0.6518073548220594,5.260164246078983,2.3582800262764563,2,long_relative_to_circular_transit;low_nominal_training_snr;not_recovered_in_final_holdout;inconsistent_holdout_depth_signs,
24186139,1,3.992849896781396,1390.0080810230731,0.29575,0.00392172581652725,0.8137652919245963,1.3285144935373048,11.251558587598906,3.410293871111018,3,long_relative_to_circular_transit;not_recovered_in_final_holdout,
24186139,2,4.023341606688813,1389.2197263811056,0.29575,0.003975044947532788,0.8192785246256212,1.3151069237946371,11.012525617957085,6.313264574796761,2,long_relative_to_circular_transit,
24186139,3,3.208477073975384,1387.5817263811057,0.29575,0.0036552209716191005,0.785628749142411,1.7783272700197237,9.67888335538942,3.3245799144590857,2,outside_nominal_optimistic_hz;long_relative_to_circular_transit;not_recovered_in_final_holdout,
24186139,4,4.041158851577807,1388.3779763811056,0.29575,0.003811792897258838,0.8022785804556918,1.3073816324495862,8.938428487415214,2.4255120192305806,2,long_relative_to_circular_transit;not_recovered_in_final_holdout,
242064626,1,4.490720299115243,1472.6015596467423,0.124215,0.0045842732816487085,0.9093979038753154,1.2314785287189751,7.798412701753538,0.7537776173167932,2,long_relative_to_circular_transit;not_recovered_in_final_holdout;inconsistent_holdout_depth_signs,
242064626,2,4.090449302696367,1471.0202071467422,0.29575,0.0038611636415130054,0.8345988908515185,1.3947193727169886,10.441442236870783,4.983005956981156,2,long_relative_to_circular_transit;not_recovered_in_final_holdout,
242064626,3,4.0904502075309646,1469.3594571467422,0.29575,0.003566927048800637,0.8021688859200473,1.3947189613554902,8.6686818768456,7.870081893741234,3,long_relative_to_circular_transit,
242064626,4,4.0332201787026065,1470.1898321467422,0.29575,0.0029969603340213144,0.7352909093338637,1.4211686237140364,8.070864618883716,0.7851248105666278,2,long_relative_to_circular_transit;not_recovered_in_final_holdout;inconsistent_holdout_depth_signs,
24344174,1,4.777231995909105,1438.3720976011505,0.29575,0.005286710548423754,1.0242266329787888,1.2004328909088577,14.730162469317154,9.408162930919469,3,long_relative_to_circular_transit,
24344174,2,4.746538877442536,1439.788338906428,0.29575,0.004657976316343913,0.9613951703302019,1.2107940353751656,13.693485536540775,7.052091480538947,3,long_relative_to_circular_transit,
24344174,3,7.561911971470772,1439.031901406428,0.238875,0.006486923858748327,1.134547539385435,0.6507250211176905,11.619415313870856,2.236167287951669,2,dominated_by_one_discovery_event;long_relative_to_circular_transit;not_recovered_in_final_holdout,
24344174,4,4.7556283237581205,1442.471640923671,0.29575,0.0037087760477697617,0.8578643153476393,1.2077094264713766,10.162903956569716,4.822555585535843,3,long_relative_to_circular_transit;not_recovered_in_final_holdout,
24622364,1,20.15791134951875,1535.3805585218452,0.29575,0.004736958244217075,1.7361024337607966,0.6190066416287948,14.119788801102601,,0,fewer_than_three_discovery_events;dominated_by_one_discovery_event;long_relative_to_circular_transit;insufficient_holdout_events,
24622364,2,13.446775081448898,1518.3180585218454,0.29575,0.0018809705738223755,1.0939981016103133,1.0620178814917403,8.58042669509241,,0,long_relative_to_circular_transit;insufficient_holdout_events,
24622364,3,15.002079466692484,1528.8830303945067,0.29575,0.0023146053619767896,1.2135678012324989,0.9178127106907484,5.680335643832683,,0,fewer_than_three_discovery_events;dominated_by_one_discovery_event;long_relative_to_circular_transit;low_nominal_training_snr;insufficient_holdout_events,
24622364,4,10.556298777729411,1525.2362053945067,0.057329999999999985,0.002048552002305218,1.1416922792731925,1.4664720335230563,5.034149922947792,,0,low_nominal_training_snr;insufficient_holdout_events,
24692354,1,13.413527116389767,1518.25045431737,0.29575,0.0020574571653580558,1.025296168370718,0.8476610242986108,7.647465715298013,5.378229690791166,2,dominated_by_one_discovery_event;long_relative_to_circular_transit,
24692354,2,12.108595166727754,1523.2533009704148,0.22931999999999997,0.0015457607261052542,0.8886997696679065,0.9716007859849742,7.1881377919550085,2.0646842707387427,2,long_relative_to_circular_transit;not_recovered_in_final_holdout;inconsistent_holdout_depth_signs,
24692354,3,21.52600866400141,1519.5473259704147,0.17198999999999998,0.002197154121786012,1.0595322840647772,0.45115750791313536,7.23041762489544,-0.3693448569214387,1,long_relative_to_circular_transit;insufficient_holdout_events,
24692354,4,14.342775480641922,1519.9170134704148,0.238875,0.0017528164354722482,0.9463507956845661,0.7752383881441479,6.780613913713624,2.420573314140174,2,long_relative_to_circular_transit;low_nominal_training_snr;not_recovered_in_final_holdout,
24796342,1,10.201514691327642,1524.8212546478712,0.17198999999999998,0.0019118484444090268,0.9167302186908068,1.0926260723580943,6.842003698164619,-1.554582391557924,2,dominated_by_one_discovery_event;long_relative_to_circular_transit;low_nominal_training_snr;not_recovered_in_final_holdout;inconsistent_holdout_depth_signs,
24796342,2,15.558397959366442,1520.1693346478712,0.17198999999999998,0.002046025062620794,0.9483535868055878,0.6224024173983785,6.59106293331709,0.024392388333171776,2,long_relative_to_circular_transit;low_nominal_training_snr;not_recovered_in_final_holdout;inconsistent_holdout_depth_signs,
248070834,1,14.127596520148707,1578.3361917562702,0.29575,0.0010430392104420771,0.7829190846754079,0.8021668527347933,7.452063638899239,-4.573610353536037,2,long_relative_to_circular_transit;not_recovered_in_final_holdout;inconsistent_holdout_depth_signs,
248070834,2,10.293940821517419,1576.1465042562702,0.238875,0.001058615480269472,0.7887432987232692,1.22343302590095,6.658059872232957,1.4125502955435643,2,long_relative_to_circular_transit;low_nominal_training_snr;not_recovered_in_final_holdout,
248070834,3,20.584561099421663,1581.09371925627,0.08599499999999999,0.0022788387843376725,1.1572398047343004,0.485624147981878,7.28261967322581,-1.704116072555834,2,not_recovered_in_final_holdout;inconsistent_holdout_depth_signs,
248070834,4,14.738932612304708,1579.99431675627,0.07496999999999998,0.0018145396735721243,1.0326420272105477,0.7581137586535819,6.052062369822193,-1.6404014844261128,1,low_nominal_training_snr;insufficient_holdout_events,
249744004,1,14.25826926110469,1751.8790412621431,0.124215,0.004688079358713191,1.0093570798733826,0.38466868170516416,7.5493988930538105,-0.2005826791125712,1,long_relative_to_circular_transit;insufficient_holdout_events,
249744004,2,16.639293969099235,1744.7810412621432,0.124215,0.004945825001417798,1.036732537819814,0.31308533015653606,7.364339409787341,0.022533251463388287,1,fewer_than_three_discovery_events;dominated_by_one_discovery_event;long_relative_to_circular_transit;insufficient_holdout_events,
249744004,3,11.370750800805196,1738.948851262143,0.124215,0.003757833310746169,0.9036829994394159,0.5201441551488748,5.889551220577309,-0.48345764858518697,1,long_relative_to_circular_transit;low_nominal_training_snr;insufficient_holdout_events,
249744004,4,8.707732861746015,1743.377593762143,0.17198999999999998,0.002246335367460096,0.6986902031283452,0.7423962715317706,5.749324823717406,-1.4257311805944486,1,dominated_by_one_discovery_event;long_relative_to_circular_transit;low_nominal_training_snr;insufficient_holdout_events,
250189641,1,3.760319869575357,1441.1374390178294,0.29575,0.0026233700193000246,0.7214945810207485,1.7918295259095507,10.261035604685688,5.5217456589488165,3,outside_nominal_optimistic_hz;long_relative_to_circular_transit,
250189641,2,3.7374689557380303,1440.1364390178294,0.29575,0.0022332598402746663,0.6656913690662098,1.8064514029062486,9.260695252280819,6.272203093782535,3,outside_nominal_optimistic_hz;long_relative_to_circular_transit,
250189641,3,3.7089774194472045,1439.3288140178295,0.29575,0.0018529697198411985,0.6063696547314672,1.8249773927824402,7.164184399477618,-3.421315444939533,4,outside_nominal_optimistic_hz;long_relative_to_circular_transit;not_recovered_in_final_holdout;inconsistent_holdout_depth_signs,
250189641,4,7.485902020438819,1438.2129119973906,0.29575,0.0020764311212154913,0.6418921473913357,0.7154910791942404,5.771359556143084,-1.1094158496182722,1,long_relative_to_circular_transit;low_nominal_training_snr;insufficient_holdout_events,
250834020,1,4.608544795697036,1794.4537147559943,0.29575,0.003237173181079937,0.7704034869604414,1.131284435704588,7.51434798865815,-0.34073118659695617,2,long_relative_to_circular_transit;not_recovered_in_final_holdout;inconsistent_holdout_depth_signs,
250834020,2,11.646080503283875,1800.7682047559942,0.11465999999999998,0.006876282785313871,1.1228251641446898,0.3286627711063434,6.896347891505452,-0.8448271822373996,1,long_relative_to_circular_transit;low_nominal_training_snr;insufficient_holdout_events,
250834020,3,4.691651112836922,1792.1775480893275,0.03266666666666666,0.007749034745311547,1.1919528517596243,1.1046447115834552,6.304430867474891,-1.3155957802456608,2,low_nominal_training_snr;not_recovered_in_final_holdout;inconsistent_holdout_depth_signs,
250834020,4,9.394658967358678,1791.3847397559941,0.02275,0.012198971380902902,1.4955360257485866,0.43767210765365067,5.377235032803788,0.9483140666530345,1,low_nominal_training_snr;insufficient_holdout_events,
25153167,1,4.854662896905352,1326.8039637799243,0.11245500000000001,0.003924853208570063,1.0398456634617788,1.7426330077114744,28.038965950840524,13.37928654449785,25,outside_nominal_optimistic_hz;long_relative_to_circular_transit,
25153167,2,4.854654744136467,1328.6775837799241,0.08599499999999999,0.004357296599868854,1.0956345963840195,1.7426369097502086,27.025588582850563,19.26735695812566,25,outside_nominal_optimistic_hz;long_relative_to_circular_transit,
25153167,3,4.854653185452396,1328.3140737799242,0.11245500000000001,0.003825104097707727,1.026546921793808,1.7426376557617655,27.173404677575785,13.74758161551602,25,outside_nominal_optimistic_hz;long_relative_to_circular_transit,
25153167,4,4.854669734352705,1330.1722587799243,0.11245500000000001,0.0038505525113036627,1.029956068734016,1.7426297352173463,27.461575094513492,15.05928700314525,28,outside_nominal_optimistic_hz;long_relative_to_circular_transit,
252110114,1,3.8925220020249824,1768.402917885998,0.057329999999999985,0.003082980993818904,0.8245897268063245,1.8353225396916435,16.878541452140766,,0,outside_nominal_optimistic_hz;long_relative_to_circular_transit;insufficient_holdout_events,
252110114,2,3.8917491807971123,1766.183427885998,0.057329999999999985,0.002873324159412826,0.7960581782157062,1.8358084987789607,16.24340096186067,,0,outside_nominal_optimistic_hz;long_relative_to_circular_transit;insufficient_holdout_events,
252110114,3,6.670175738713091,1765.3535078859982,0.057329999999999985,0.003130977888730535,0.8309836835197344,0.8950297362116056,15.913497093186981,,0,insufficient_holdout_events,
252110114,4,3.8904425662917386,1765.913157885998,0.057329999999999985,0.002931949217914826,0.8041382456604196,1.8366306257325766,14.933309507215982,,0,outside_nominal_optimistic_hz;long_relative_to_circular_transit;insufficient_holdout_events,
252748546,1,19.441212037755914,1745.4512755593107,0.29575,0.0015358763187572314,0.74463073528994,0.34717151368096405,6.778719358959023,0.26613392545681236,1,long_relative_to_circular_transit;low_nominal_training_snr;insufficient_holdout_events,
252748546,2,13.08813211291052,1741.5309955593107,0.07643999999999998,0.001915613563795091,0.8316044177618217,0.5883986108530331,5.5604470517565,-0.027660997805203393,1,low_nominal_training_snr;insufficient_holdout_events,
252748546,3,18.302585934416054,1750.7747755593107,0.03266666666666666,0.004506682962660404,1.275531944821894,0.3762633571545107,5.711749731854975,0.0,0,fewer_than_three_discovery_events;dominated_by_one_discovery_event;low_nominal_training_snr;insufficient_holdout_events,
252748546,4,5.820889228391363,1741.3078180593106,0.08599499999999999,0.0018620295654339788,0.8198910058892122,1.7332295548539922,5.516737483280129,-1.509318547568927,2,outside_nominal_optimistic_hz;long_relative_to_circular_transit;low_nominal_training_snr;not_recovered_in_final_holdout;inconsistent_holdout_depth_signs,
253790710,1,10.205674333959667,1657.2491227972191,0.22931999999999997,0.005517121033817634,1.0381971042128122,0.4580740914639269,8.340919924101383,0.43736267819243696,1,dominated_by_one_discovery_event;long_relative_to_circular_transit;insufficient_holdout_events,
253790710,2,5.0674913586673735,1658.7121665383866,0.17198999999999998,0.0038144864387963853,0.86325995451368,1.1650216091677024,6.401228919427719,-0.8248239042937267,2,long_relative_to_circular_transit;low_nominal_training_snr;not_recovered_in_final_holdout;inconsistent_holdout_depth_signs,
253790710,3,5.886292781811071,1661.9560890383864,0.238875,0.0036035842386570992,0.8390559023294041,0.95411822156143,5.340622998123053,-0.31626931906170724,1,long_relative_to_circular_transit;low_nominal_training_snr;insufficient_holdout_events,
255929154,1,15.517642949721507,1968.3605534272956,0.29575,0.0021702268261438633,1.022497391925145,0.6844652358445019,6.002178634961375,1.0688221485735392,1,dominated_by_one_discovery_event;long_relative_to_circular_transit;low_nominal_training_snr;insufficient_holdout_events,
255932726,1,4.605373817329565,1958.2993126745785,0.238875,0.0032324702137365743,0.9933466609158994,1.8068371021087573,45.445142059012376,17.509430647188392,5,outside_nominal_optimistic_hz;long_relative_to_circular_transit,
255932726,2,4.602183967444891,1960.3438551745783,0.22931999999999997,0.003382315834311702,1.016109822950076,1.8085070932436234,45.32758945440974,17.64471716983491,6,odd_even_discrepancy;outside_nominal_optimistic_hz;long_relative_to_circular_transit,
255932726,3,4.611953104956362,1956.2065953183169,0.22491000000000003,0.0030727941611921918,0.9685015160602529,1.8034011395488525,43.35075696452338,20.943138116285922,3,odd_even_discrepancy;outside_nominal_optimistic_hz;long_relative_to_circular_transit,
255932726,4,4.602220703651791,1956.772034928253,0.22491000000000003,0.002991017443214333,0.955527176102145,1.8084878452597632,40.76889170013649,15.468988671772383,4,outside_nominal_optimistic_hz;long_relative_to_circular_transit,
25605269,1,17.95120361747349,1519.2974152236513,0.238875,0.0028892704984537568,0.6984810864416912,0.18915015233528465,6.695016392326076,0.7335523116329484,4,outside_nominal_optimistic_hz;long_relative_to_circular_transit;low_nominal_training_snr;not_recovered_in_final_holdout,
25605269,2,3.3290525749783058,1521.1446860569847,0.024499999999999997,0.0038358538490699777,0.8048066847271085,1.7885616766569352,5.791749441202341,0.5125864031382947,15,outside_nominal_optimistic_hz;low_nominal_training_snr;not_recovered_in_final_holdout;inconsistent_holdout_depth_signs,
25605269,3,4.03558929680791,1520.0975327236515,0.22931999999999997,0.00151712525931936,0.5061407085833972,1.3837432354108663,6.342664794330202,0.17728602374055843,12,long_relative_to_circular_transit;low_nominal_training_snr;not_recovered_in_final_holdout;inconsistent_holdout_depth_signs,
256516370,1,14.7430144389829,1691.2133402739528,0.238875,0.0007568285434842628,0.612833512795627,0.8354930133184737,8.0714345633768,-0.16270527766002701,10,long_relative_to_circular_transit;not_recovered_in_final_holdout;inconsistent_holdout_depth_signs,
256516370,2,38.72531121611067,1713.1955277739528,0.29575,0.0014770082129790252,0.8561211186982415,0.23053205490497164,9.01665293372055,1.1826082864095064,3,long_relative_to_circular_transit;not_recovered_in_final_holdout,
256516370,3,12.939567844282003,1695.2457777739528,0.29575,0.0004934567848146716,0.4948440099683631,0.9942559096349015,6.181623878715225,-1.0406049726689768,8,outside_initial_small_planet_radius_range;long_relative_to_circular_transit;low_nominal_training_snr;not_recovered_in_final_holdout;inconsistent_holdout_depth_signs,
256516370,4,43.26788429455739,1697.6117777739528,0.29575,0.000941926943636923,0.6836791966873882,0.1988399586446247,6.8433358522291075,1.75393981731584,2,outside_nominal_optimistic_hz;long_relative_to_circular_transit;low_nominal_training_snr;not_recovered_in_final_holdout,
256771035,1,14.86022568322112,1824.9185597725939,0.08599499999999999,0.006408826393796151,1.8095608299661825,0.7639143069144704,18.11054081960815,8.642571018564226,2,,
256771035,2,9.137336010829806,1820.217499772594,0.08599499999999999,0.005168123799553057,1.6249888576505274,1.4610073126879355,20.664746668796695,5.486106976910559,10,,
256771035,3,9.906790549935879,1816.568854772594,0.08599499999999999,0.005155818114246337,1.62305309529026,1.3117000718359129,20.360054731627304,14.192415238555784,9,,
256771035,4,7.810306429411048,1816.594002272594,0.09995999999999998,0.004800068604265034,1.5660573259433885,1.8010305772773634,21.389770052390528,11.13851024423879,9,outside_nominal_optimistic_hz;long_relative_to_circular_transit,
257398691,1,8.0569481210475,1994.2614691055069,0.238875,0.005395280830757834,0.9063565107568348,0.46794651345051164,9.059501069025876,0.0,0,long_relative_to_circular_transit;insufficient_holdout_events,
257398691,2,6.647609761509158,1988.5618741622436,0.238875,0.00524702673300294,0.8938171218429508,0.6046948681691503,9.227861955980588,4.056995549086414,1,long_relative_to_circular_transit;insufficient_holdout_events,
257398691,3,3.3214239463027173,1988.1068741622437,0.238875,0.0038156388497266962,0.7622117900558489,1.5251921294697774,8.877800603222388,2.252549005858044,3,outside_nominal_optimistic_hz;long_relative_to_circular_transit;not_recovered_in_final_holdout,
257398691,4,17.010491316634283,1995.3470616622437,0.29575,0.00790706732663392,1.0972352455036791,0.1727697992598257,7.851041840882947,0.0,0,dominated_by_one_discovery_event;odd_even_discrepancy;outside_nominal_optimistic_hz;long_relative_to_circular_transit;insufficient_holdout_events,
257798328,1,13.043700849125777,1997.1829504930681,0.29575,0.010385454399780523,2.9378543855534014,1.156008089030605,40.04949042196441,51.14548945629096,2,fewer_than_three_discovery_events;dominated_by_one_discovery_event;outside_initial_small_planet_radius_range;long_relative_to_circular_transit,
257798328,2,14.820688709584266,1998.1498254930682,0.29575,0.00750156184288817,2.4968552261237815,0.9749989144902524,32.79325232329667,-4.9236112609565605,2,fewer_than_three_discovery_events;dominated_by_one_discovery_event;outside_initial_small_planet_radius_range;long_relative_to_circular_transit;not_recovered_in_final_holdout;inconsistent_holdout_depth_signs,
257798328,3,22.194349085567467,1996.6710754930682,0.29575,0.008701401757464564,2.689132027841352,0.5690783925731447,30.325952306991304,-17.50734936731299,1,fewer_than_three_discovery_events;dominated_by_one_discovery_event;outside_initial_small_planet_radius_range;long_relative_to_circular_transit;insufficient_holdout_events,
257798328,4,12.988014575854939,1998.764075493068,0.29575,0.00658536541230638,2.3394159889261994,1.1626213388887503,27.916541286366343,8.078777762610756,2,fewer_than_three_discovery_events;dominated_by_one_discovery_event;outside_initial_small_planet_radius_range;long_relative_to_circular_transit;inconsistent_holdout_depth_signs,
258280834,1,8.697971818709622,1687.3952452180492,0.238875,0.0014815362301839094,0.7061208050616539,1.4448775996051124,11.041583846736467,4.865413554493468,6,long_relative_to_circular_transit;not_recovered_in_final_holdout,
258280834,2,20.77353421500918,1689.2209327180492,0.29575,0.0017644304523154188,0.7705931458900851,0.4525930356748291,9.63288754644572,2.4356024842350985,2,long_relative_to_circular_transit;not_recovered_in_final_holdout;inconsistent_holdout_depth_signs,
258280834,3,8.698618850103717,1685.524057718049,0.29575,0.0015627218511453508,0.7252098796124666,1.4447343018251508,9.828317693217384,3.110401578502169,9,long_relative_to_circular_transit;not_recovered_in_final_holdout,
258280834,4,17.391559517177164,1684.033932718049,0.29575,0.0015375459399852593,0.7193444875814884,0.573592789530809,8.709999328768838,2.1410341824461825,4,fewer_than_three_discovery_events;dominated_by_one_discovery_event;long_relative_to_circular_transit;not_recovered_in_final_holdout;inconsistent_holdout_depth_signs,
258399091,1,4.952237101080472,2011.4310399386384,0.16562,0.00853971362336794,1.2109228861003174,1.1952272700868685,8.415218552545822,-1.6525915652121388,4,dominated_by_one_discovery_event;long_relative_to_circular_transit;not_recovered_in_final_holdout;inconsistent_holdout_depth_signs,
258399091,2,5.989769414235627,2012.9047849386384,0.12284999999999999,0.009773403097572358,1.2954413023427171,0.9274822228552067,6.9755609133752285,-0.2200208626134645,2,long_relative_to_circular_transit;low_nominal_training_snr;not_recovered_in_final_holdout;inconsistent_holdout_depth_signs,
258399091,3,6.279654215147444,2014.8826699386384,0.1764,0.008465273647454726,1.2056335770333653,0.8708394449272404,7.40937348490459,4.089098164922025,2,long_relative_to_circular_transit;not_recovered_in_final_holdout;inconsistent_holdout_depth_signs,
258399091,4,6.689361336871305,2012.0502949386384,0.29575,0.006327124466312441,1.0423126840168566,0.8004597981607019,6.738663998303246,-0.07864881043095169,3,dominated_by_one_discovery_event;odd_even_discrepancy;long_relative_to_circular_transit;low_nominal_training_snr;not_recovered_in_final_holdout;inconsistent_holdout_depth_signs,
258680351,1,23.37300269682609,1799.0876324313413,0.170625,0.0022110406191407457,1.1039525531698287,0.45693693450348194,8.347894587061738,1.4898547990707756,3,fewer_than_three_discovery_events;dominated_by_one_discovery_event;long_relative_to_circular_transit;not_recovered_in_final_holdout,
258680351,2,9.262424972374788,1792.3024449313411,0.29575,0.0010793089453407006,0.7713028497114827,1.5697940254433382,7.695424073125517,-2.6365884490449294,7,outside_nominal_optimistic_hz;long_relative_to_circular_transit;not_recovered_in_final_holdout;inconsistent_holdout_depth_signs,
258680351,3,13.574785942499787,1798.7634449313412,0.29575,0.0009796110302952002,0.7348164684041423,0.9429708970693061,6.709809624433391,1.200237707399981,5,long_relative_to_circular_transit;low_nominal_training_snr;not_recovered_in_final_holdout,
258680351,4,18.555300862586883,1794.7594449313412,0.17198999999999998,0.0014378747421776542,0.8902512151651248,0.6216104047973505,6.513245879684497,3.522743131614036,4,dominated_by_one_discovery_event;long_relative_to_circular_transit;low_nominal_training_snr;not_recovered_in_final_holdout,
259373187,1,29.39381240675215,1421.6699185116129,0.29575,0.0010404257020854017,0.7643263951688971,0.3796849835047084,8.028829962834646,0.5540543672812298,2,fewer_than_three_discovery_events;dominated_by_one_discovery_event;long_relative_to_circular_transit;not_recovered_in_final_holdout,
259373187,2,14.166353090897701,1421.988418511613,0.29575,0.0008937242114746415,0.7083943412004993,1.0048175900511234,8.605635188523367,0.3153751002975907,4,fewer_than_three_discovery_events;long_relative_to_circular_transit;not_recovered_in_final_holdout,
259373187,3,14.097824368397283,1418.6073135116128,0.03822,0.0011081310103227258,0.7888035852132237,1.011335342044341,5.991116356148213,-0.9522306687667483,6,low_nominal_training_snr;not_recovered_in_final_holdout;inconsistent_holdout_depth_signs,
259373187,4,30.152064099108305,1429.907693511613,0.03822,0.0014100491946451757,0.8897960101508718,0.3670077611900593,5.902926457369536,-1.2673379228885417,1,low_nominal_training_snr;insufficient_holdout_events,
259374524,1,6.181567297836603,1390.8597132965633,0.16562,0.0029979285800829027,1.0522935218151523,1.862798364823808,13.74927818982388,10.631136664658504,6,outside_nominal_optimistic_hz;long_relative_to_circular_transit,
259374524,2,6.179016958084713,1392.2349507965635,0.124215,0.0033372736761452743,1.1102535410601606,1.863823575474365,12.742814412421122,10.590780730094973,6,outside_nominal_optimistic_hz;long_relative_to_circular_transit,
259374524,3,6.184693718123013,1387.4142500270686,0.124215,0.0030796627971962287,1.0665416966401142,1.8615429213832262,12.277783329093138,17.365831210477015,6,outside_nominal_optimistic_hz;long_relative_to_circular_transit,
259374524,4,6.190088490540183,1386.7488125270686,0.22931999999999997,0.004523896316167029,1.2926548409234133,1.8593800785480805,13.144091620177582,4.783769517311823,7,outside_nominal_optimistic_hz;long_relative_to_circular_transit;not_recovered_in_final_holdout,
259701898,1,7.876326520825676,1390.0831824476122,0.29575,0.0014194010243147451,0.7117250441746183,1.2315817996673715,8.420690852655527,-0.30668324095279226,7,odd_even_discrepancy;long_relative_to_circular_transit;not_recovered_in_final_holdout;inconsistent_holdout_depth_signs,
259701898,2,23.83468222273796,1394.4853074476123,0.29575,0.0020688938509002166,0.8592683101739813,0.2813729799657626,6.5983302434844076,0.8240517905148976,1,long_relative_to_circular_transit;low_nominal_training_snr;insufficient_holdout_events,
259701898,3,14.001825415877029,1393.7782374476121,0.057329999999999985,0.003901613188681208,1.1799994264518356,0.5718937282507477,5.925154331284481,0.22008558441220422,4,low_nominal_training_snr;not_recovered_in_final_holdout;inconsistent_holdout_depth_signs,
259701898,4,12.386407107329134,1388.5564299476123,0.08599499999999999,0.002264980482478261,0.8990667217682956,0.6734433646371448,5.643009649818673,-1.4682938168215485,3,low_nominal_training_snr;not_recovered_in_final_holdout;inconsistent_holdout_depth_signs,
259861569,1,19.3103440099205,1328.2025275774263,0.29575,0.0013699561054672314,0.7962201058720202,0.49138290394351797,7.6349874424802255,0.11993621606086498,4,long_relative_to_circular_transit;not_recovered_in_final_holdout;inconsistent_holdout_depth_signs,
259861569,2,20.321701337414478,1344.0039950774262,0.088725,0.0022382445637495457,1.0177323587378553,0.4590499781160628,5.565651398926094,1.543578553679374,4,dominated_by_one_discovery_event;low_nominal_training_snr;not_recovered_in_final_holdout,
259861569,3,37.9742101939915,1349.1097775774263,0.29575,0.0014421540057805208,0.8169314848065302,0.19944434345240472,4.784515101537049,-0.8795200846673702,2,fewer_than_three_discovery_events;dominated_by_one_discovery_event;outside_nominal_optimistic_hz;long_relative_to_circular_transit;low_nominal_training_snr;not_recovered_in_final_holdout;inconsistent_holdout_depth_signs,
259901346,1,13.032655801644385,1329.0556727183998,0.29575,0.0006791181763520992,0.4097781118859137,0.4295395917033649,9.79147933688085,-1.2500001933801579,7,outside_initial_small_planet_radius_range;long_relative_to_circular_transit;not_recovered_in_final_holdout;inconsistent_holdout_depth_signs,
259901346,2,19.74867049264047,1336.2819827183998,0.04094999999999999,0.0013766633822190864,0.5834316167212937,0.24679135877370562,5.854382285000895,0.3817980138150489,7,low_nominal_training_snr;not_recovered_in_final_holdout;inconsistent_holdout_depth_signs,
259901346,3,15.1393280570181,1334.2837977184,0.029399999999999996,0.0014230409372549054,0.5931776467667579,0.3517533974332109,6.144805097856243,-0.7571611903181615,6,low_nominal_training_snr;not_recovered_in_final_holdout;inconsistent_holdout_depth_signs,
259901346,4,5.392720086420217,1328.9464727184,0.11465999999999998,0.00043691429170834064,0.3286807015950974,1.3930603438367968,5.551710132686794,0.02640578206413163,23,outside_initial_small_planet_radius_range;long_relative_to_circular_transit;low_nominal_training_snr;not_recovered_in_final_holdout;inconsistent_holdout_depth_signs,
260609189,1,5.648278862911682,1325.4295191374642,0.29575,0.003128637315473602,1.0627728383766915,1.7784733389207428,22.506301549462208,13.447045556309144,22,outside_nominal_optimistic_hz;long_relative_to_circular_transit,
260609189,2,5.648046605356501,1328.750576985067,0.29575,0.0030049862238325726,1.0415594862746471,1.7785708515015162,21.506036639372056,6.8398003451897464,21,outside_nominal_optimistic_hz;long_relative_to_circular_transit,
260609189,3,5.648151072574527,1330.308951985067,0.29575,0.002961393378746399,1.0339770196072113,1.7785269901213303,21.0275902940498,11.703406694841748,22,outside_nominal_optimistic_hz;long_relative_to_circular_transit,
260609189,4,5.647945013607482,1327.169451985067,0.29575,0.0029795810183616935,1.0371472866562257,1.7786135074090612,21.30013561525661,8.412514244050481,24,outside_nominal_optimistic_hz;long_relative_to_circular_transit,
260972843,1,6.83000368828494,1331.3409864023474,0.088725,0.014732161779772036,2.5050051993821003,1.4859048977994194,79.1985787997781,59.35372144129938,23,odd_even_discrepancy;outside_initial_small_planet_radius_range;long_relative_to_circular_transit,
260972843,2,5.976238253944259,1328.2193364023474,0.11245500000000001,0.01347466412730039,2.395710665236696,1.7754770420758172,84.84281253799978,75.34440012704866,26,outside_initial_small_planet_radius_range;outside_nominal_optimistic_hz;long_relative_to_circular_transit,
260972843,3,5.9762334781859785,1328.5015589023476,0.09554999999999998,0.014576362066993814,2.491724173953623,1.7754789338471353,82.36659334569836,61.64514446897296,26,outside_initial_small_planet_radius_range;outside_nominal_optimistic_hz;long_relative_to_circular_transit,
260972843,4,6.829971701604547,1330.4951414023476,0.124215,0.013287180998674942,2.378985622963071,1.4859141763546333,80.91820164732216,72.8183283747928,22,outside_initial_small_planet_radius_range;long_relative_to_circular_transit,
261333545,1,35.12114921446253,1351.2945979156932,0.29575,0.0006533291938076585,0.5693899372592002,0.26581026829212157,8.396839745488494,2.797075379753913,4,long_relative_to_circular_transit;not_recovered_in_final_holdout,
261333545,2,39.994763028096244,1338.2702229156932,0.29575,0.0005771054697577765,0.5351448501688155,0.22352488195318032,7.620431806948576,-0.054591537536510394,4,long_relative_to_circular_transit;not_recovered_in_final_holdout;inconsistent_holdout_depth_signs,
261333545,3,46.82473284818724,1328.5900979156931,0.29575,0.0009145638956747446,0.6736755437041781,0.18114636921786484,8.067304501203537,-0.41801505593843635,5,outside_nominal_optimistic_hz;long_relative_to_circular_transit;not_recovered_in_final_holdout,
261333545,4,8.325488624115572,1327.9808529156933,0.17198999999999998,0.00033153010702476613,0.4056068137956422,1.8118284260774655,6.210099574362904,1.7712038955835108,17,outside_initial_small_planet_radius_range;outside_nominal_optimistic_hz;long_relative_to_circular_transit;low_nominal_training_snr;not_recovered_in_final_holdout;inconsistent_holdout_depth_signs,
261396626,1,14.005108137719743,1658.4690729947802,0.16562,0.0018684731797876664,0.6466623692312735,0.32525915665018573,7.4851292448448215,0.6313511840134354,6,fewer_than_three_discovery_events;dominated_by_one_discovery_event;long_relative_to_circular_transit;not_recovered_in_final_holdout;inconsistent_holdout_depth_signs,
261396626,2,7.893877457726772,1663.4449529947801,0.03822,0.0022474943604269986,0.7092240598143715,0.6985931345230703,5.847287766575942,0.43418834050876637,7,low_nominal_training_snr;not_recovered_in_final_holdout;inconsistent_holdout_depth_signs,
261396626,3,3.996287743399164,1659.5820029947802,0.05095999999999999,0.0013650703442690659,0.5527282612749334,1.7314202220534158,6.0915542201423545,0.5201587619292665,16,outside_nominal_optimistic_hz;long_relative_to_circular_transit;low_nominal_training_snr;not_recovered_in_final_holdout,
261396626,4,3.9737656779706385,1658.25272049478,0.238875,0.0005861871383265111,0.36220321220765167,1.7445167663410883,5.831881122991935,-0.6858572506712932,15,outside_initial_small_planet_radius_range;outside_nominal_optimistic_hz;long_relative_to_circular_transit;low_nominal_training_snr;not_recovered_in_final_holdout;inconsistent_holdout_depth_signs,
262465715,1,11.562436476194616,1444.7620153052073,0.07643999999999998,0.005443632650815986,0.8620684887823945,0.2806315564469259,5.428631670933396,-0.9128632068512889,1,fewer_than_three_discovery_events;long_relative_to_circular_transit;low_nominal_training_snr;insufficient_holdout_events,
26417386,1,25.86526298545827,1697.556534101814,0.29575,0.002902876487995493,0.9825266473455839,0.24824591765772877,8.38263866173429,0.800575699358463,2,fewer_than_three_discovery_events;dominated_by_one_discovery_event;long_relative_to_circular_transit;not_recovered_in_final_holdout,
26417386,2,16.239842150153216,1685.6248416018138,0.116025,0.00246509448856271,0.9054132468855569,0.4617379549940547,6.429930988226027,-0.20776553826622396,4,long_relative_to_circular_transit;low_nominal_training_snr;not_recovered_in_final_holdout;inconsistent_holdout_depth_signs,
26417386,3,15.805014510785748,1699.213644101814,0.057329999999999985,0.003342353969675547,1.054280757001517,0.47875293353544635,5.661512867996844,0.6081497778894371,6,low_nominal_training_snr;not_recovered_in_final_holdout,
26417386,4,14.47853995200753,1696.132743031095,0.29575,0.0024007408661350046,0.8935167566992613,0.538110692191395,6.4811017570260985,0.25441143448699105,3,fewer_than_three_discovery_events;dominated_by_one_discovery_event;long_relative_to_circular_transit;low_nominal_training_snr;not_recovered_in_final_holdout;inconsistent_holdout_depth_signs,
264178910,1,27.4361398593099,1813.4184883552027,0.238875,0.0016114765563485995,0.7452028463589037,0.2020713429867916,7.913833299589789,-0.41174825071400845,3,outside_nominal_optimistic_hz;long_relative_to_circular_transit;not_recovered_in_final_holdout;inconsistent_holdout_depth_signs,
264178910,2,14.903448098417345,1790.7800402567852,0.170625,0.0008951482132222673,0.5554052539358112,0.45591763655816464,5.240522522558317,-0.9838527152099659,5,long_relative_to_circular_transit;low_nominal_training_snr;not_recovered_in_final_holdout;inconsistent_holdout_depth_signs,
264178910,3,12.278841294600483,1791.8653230330237,0.06615,0.0011910456291548946,0.6406586717482693,0.5902811170443776,5.002650211142685,-0.5304617943001851,8,low_nominal_training_snr;not_recovered_in_final_holdout;inconsistent_holdout_depth_signs,
264178910,4,5.7566186609423955,1794.6894030330236,0.057329999999999985,0.0010094549647817425,0.5898016501971571,1.6207354209850626,5.424713031253934,0.7571690086507462,17,outside_nominal_optimistic_hz;low_nominal_training_snr;not_recovered_in_final_holdout;inconsistent_holdout_depth_signs,
264992033,1,15.839411541913686,1773.7345368770136,0.29575,0.00045082370455193875,0.6746988166621457,1.482576520657158,9.92341777786186,-3.316290204134778,5,dominated_by_one_discovery_event;odd_even_discrepancy;long_relative_to_circular_transit;not_recovered_in_final_holdout;inconsistent_holdout_depth_signs,
264992033,2,24.281403032292957,1764.9412068770137,0.07643999999999998,0.0005154752803590582,0.72145707800341,0.8387595376894109,6.136585827473268,-2.2229722292122815,3,dominated_by_one_discovery_event;low_nominal_training_snr;not_recovered_in_final_holdout;inconsistent_holdout_depth_signs,
264992033,3,18.33619543900851,1781.3944618770136,0.031849999999999996,0.0008103928718965719,0.9045954166109416,1.2197108001920034,5.506085128084612,-1.0021083028181645,3,fewer_than_three_discovery_events;dominated_by_one_discovery_event;low_nominal_training_snr;not_recovered_in_final_holdout;inconsistent_holdout_depth_signs,
264992033,4,24.19015235739065,1766.8951285436804,0.031849999999999996,0.0007690118043960144,0.881197141958441,0.842980839638708,5.856758064877829,0.8285149023485383,4,low_nominal_training_snr;not_recovered_in_final_holdout;inconsistent_holdout_depth_signs,
267858535,1,18.2586155168151,1718.8610477751167,0.22931999999999997,0.0015070416702198557,0.856303240751418,0.5445939007304246,6.291441776319146,-2.069201556291929,2,long_relative_to_circular_transit;low_nominal_training_snr;not_recovered_in_final_holdout;inconsistent_holdout_depth_signs,
267858535,2,12.968971248358667,1711.6659052751168,0.124215,0.0019557322649864225,0.9754828928808438,0.8593218626847589,6.748926895639127,0.0,0,long_relative_to_circular_transit;low_nominal_training_snr;insufficient_holdout_events,
267858535,3,33.899317117861976,1712.7249177751169,0.29575,0.0022240304728914154,1.0402442501818414,0.238657616068762,7.214857730311437,0.6457359703031791,2,fewer_than_three_discovery_events;dominated_by_one_discovery_event;long_relative_to_circular_transit;not_recovered_in_final_holdout;inconsistent_holdout_depth_signs,
267858535,4,20.51626825517668,1714.973755275117,0.116025,0.002783299587189673,1.163710451473028,0.4661926324926899,6.859605321605421,-0.21908881861175195,1,long_relative_to_circular_transit;low_nominal_training_snr;insufficient_holdout_events,
268337013,1,13.97824650894348,1494.1864362318831,0.124215,0.002846011259761563,0.7806146420422603,0.3590319711572683,6.9960414327450415,-1.00048570722711,4,long_relative_to_circular_transit;low_nominal_training_snr;not_recovered_in_final_holdout;inconsistent_holdout_depth_signs,
268337013,2,22.359186893371323,1502.8994587318832,0.29575,0.0031713435210062287,0.8240243206856339,0.19192374470605042,6.464374478491277,0.10099504656898564,1,fewer_than_three_discovery_events;dominated_by_one_discovery_event;outside_nominal_optimistic_hz;long_relative_to_circular_transit;low_nominal_training_snr;insufficient_holdout_events,
268337013,3,8.836733665238723,1491.988103731883,0.05095999999999999,0.0031858382552042495,0.8259052895701114,0.6617303124187685,5.980310347228057,-3.201882275883457,6,dominated_by_one_discovery_event;low_nominal_training_snr;not_recovered_in_final_holdout;inconsistent_holdout_depth_signs,
268337013,4,21.972235303186682,1496.8941412318832,0.061424999999999993,0.003847494112794933,0.9076269192507561,0.19644352949981664,4.796005533347649,0.8607082619232701,4,fewer_than_three_discovery_events;dominated_by_one_discovery_event;outside_nominal_optimistic_hz;low_nominal_training_snr;not_recovered_in_final_holdout,
268626115,1,9.777966645006936,1767.9907173440276,0.29575,0.002174560076084371,0.7128978888419227,0.6374372873013493,7.663083185767807,0.8202165831658854,2,long_relative_to_circular_transit;not_recovered_in_final_holdout,
268626115,2,9.858142713828515,1774.1084198440276,0.08599499999999999,0.0028740305931191945,0.8195723852523534,0.6305343217679121,5.864535471402223,0.5688918652131618,3,long_relative_to_circular_transit;low_nominal_training_snr;not_recovered_in_final_holdout,
268626115,3,12.579991899409087,1765.9602798440276,0.170625,0.002665123862022085,0.7892240705092634,0.45554195806824715,6.119309083150615,0.3838395887387472,2,long_relative_to_circular_transit;low_nominal_training_snr;not_recovered_in_final_holdout,
268626115,4,15.290310022423556,1772.8933423440276,0.29575,0.0022999098800037176,0.7331570800661447,0.35119404613804395,6.339127979347558,-2.277081166360358,1,long_relative_to_circular_transit;low_nominal_training_snr;insufficient_holdout_events,
268860915,1,3.0730445451177326,1387.1853850325879,0.16243500000000002,0.0014126433897993437,0.4842970971084692,1.8400713537568236,4.9815645185153725,1.7224464936113129,3,outside_initial_small_planet_radius_range;outside_nominal_optimistic_hz;long_relative_to_circular_transit;low_nominal_training_snr;not_recovered_in_final_holdout,
269105266,1,11.15586969317341,1772.3131519039612,0.29575,0.0035266991258944753,1.426659963219834,1.3569567258720174,29.38368502112579,-21.554531458566764,4,odd_even_discrepancy;long_relative_to_circular_transit;not_recovered_in_final_holdout;inconsistent_holdout_depth_signs,
269105266,2,11.231534294224506,1773.894276903961,0.29575,0.003145100491488755,1.3472665642521482,1.344781703695842,24.736305733389035,-10.526502659063445,4,odd_even_discrepancy;long_relative_to_circular_transit;not_recovered_in_final_holdout;inconsistent_holdout_depth_signs,
269105266,3,9.83568137959963,1770.697901903961,0.29575,0.0028420038119552505,1.2807035007224452,1.6050847663258883,23.960560681948056,1.2294404441724835,5,outside_nominal_optimistic_hz;long_relative_to_circular_transit;not_recovered_in_final_holdout,
269105266,4,11.07200285994095,1771.289401903961,0.29575,0.002910254688160404,1.2959903487318818,1.3706786748004365,23.57191384332993,13.172755377380712,4,long_relative_to_circular_transit,
270672809,1,4.976882563955338,1325.600619947616,0.238875,0.0031182789299291753,0.9573499529604141,1.8421719176643419,35.892323259074836,15.246961693152166,38,outside_nominal_optimistic_hz;long_relative_to_circular_transit,
270672809,2,4.976905710800346,1326.714879453433,0.238875,0.002891547181085385,0.9218884665547379,1.8421604941179912,33.169788965028644,16.47364961773686,37,outside_nominal_optimistic_hz;long_relative_to_circular_transit,
270672809,3,4.976913518871011,1327.806879453433,0.238875,0.002810127054831172,0.9088165314052504,1.84215664066799,32.81806762783966,16.18826301079702,39,outside_nominal_optimistic_hz;long_relative_to_circular_transit,
270672809,4,4.976848053236538,1328.921629453433,0.238875,0.0026734277005882653,0.8864361564808665,1.8421889497965465,29.625352071862245,13.507233938593899,40,outside_nominal_optimistic_hz;long_relative_to_circular_transit,
27117515,1,4.059967000771195,1631.5801773040027,0.29575,0.006621037228031725,1.208413340307024,1.8014823416507477,39.073553708166806,22.83590073851251,11,odd_even_discrepancy;outside_nominal_optimistic_hz;long_relative_to_circular_transit,
27117515,2,4.071245689850544,1632.2285523040027,0.29575,0.0059496879141074125,1.1455118574355256,1.7948311514726425,34.521890005846934,24.564927139640083,13,outside_nominal_optimistic_hz;long_relative_to_circular_transit,
27117515,3,4.06389122497208,1628.8388023040027,0.29575,0.005960263332545426,1.146529464490856,1.7991632892208849,33.501837189831235,24.478056446397336,11,odd_even_discrepancy;outside_nominal_optimistic_hz;long_relative_to_circular_transit,
27117515,4,4.067587635064274,1629.5073950596902,0.29575,0.006010419317037164,1.151343416450792,1.7969836392759146,32.216615024145526,24.328366613816595,12,odd_even_discrepancy;outside_nominal_optimistic_hz;long_relative_to_circular_transit,
271642286,1,27.366520876661202,1338.2792569035007,0.22931999999999997,0.0023341007852995302,0.8335477375958174,0.19761928138625712,8.725499465414734,0.34436666704090385,1,dominated_by_one_discovery_event;odd_even_discrepancy;outside_nominal_optimistic_hz;long_relative_to_circular_transit;insufficient_holdout_events,
271642286,2,27.173898283673044,1350.725326903501,0.29575,0.0010595594902762925,0.5616080801461155,0.19948925426517458,5.640318068794115,-0.6833132623142042,6,outside_nominal_optimistic_hz;long_relative_to_circular_transit;low_nominal_training_snr;not_recovered_in_final_holdout;inconsistent_holdout_depth_signs,
271642286,3,28.020969988166957,1326.2340069035008,0.0357,0.0034466888792183607,1.0129119997865195,0.1914893158296695,5.541896918526304,0.06896617219578632,4,outside_nominal_optimistic_hz;low_nominal_training_snr;not_recovered_in_final_holdout;inconsistent_holdout_depth_signs,
271642286,4,14.962956012215972,1328.5604569035008,0.05095999999999999,0.0021363105548781987,0.7974489082839146,0.44201014273250416,6.016303982548515,0.6007120755013144,5,low_nominal_training_snr;not_recovered_in_final_holdout,
271883146,1,15.69791979531125,1691.0344091100276,0.16562,0.0027072043178733305,0.7102056415131567,0.22298075103021903,5.3919522799895185,0.31266981392952226,10,dominated_by_one_discovery_event;long_relative_to_circular_transit;low_nominal_training_snr;not_recovered_in_final_holdout;inconsistent_holdout_depth_signs,
271883146,2,18.1552688522011,1687.8466791100275,0.03822,0.004878826582455566,0.9534134876894842,0.18367636201021603,4.719655795699621,2.365795524827635,7,outside_nominal_optimistic_hz;low_nominal_training_snr;not_recovered_in_final_holdout;inconsistent_holdout_depth_signs,
271883146,3,14.240084971752138,1685.7441241100275,0.04094999999999999,0.004294141305002448,0.8944617355584163,0.25392574810560764,4.748825838620882,0.35466322540129935,9,low_nominal_training_snr;not_recovered_in_final_holdout;inconsistent_holdout_depth_signs,
271946648,1,22.387660515230085,1571.5064107055407,0.238875,0.0004863729442176266,0.5538933203973809,0.5276970116252737,8.607680221245136,-0.566613580682552,4,dominated_by_one_discovery_event;long_relative_to_circular_transit;not_recovered_in_final_holdout;inconsistent_holdout_depth_signs,
271946648,2,28.379957042902127,1588.501134393646,0.124215,0.000745819102735692,0.6858958500073328,0.3846336474575234,7.321100039247097,-0.08636388987787763,4,fewer_than_three_discovery_events;not_recovered_in_final_holdout;inconsistent_holdout_depth_signs,
271946648,3,16.5365210965981,1585.880561893646,0.17198999999999998,0.00037875446038753335,0.4887877372807438,0.79032196575154,6.270856362021498,-1.271861681304527,5,outside_initial_small_planet_radius_range;long_relative_to_circular_transit;low_nominal_training_snr;not_recovered_in_final_holdout;inconsistent_holdout_depth_signs,
271946648,4,25.098659580953818,1581.643601893646,0.057329999999999985,0.0009763336681282,0.7847666826140729,0.45310154956619725,6.662584045403044,-0.12667041524304554,5,dominated_by_one_discovery_event;low_nominal_training_snr;not_recovered_in_final_holdout;inconsistent_holdout_depth_signs,
272232401,1,19.78337415371414,1393.404422204702,0.29575,0.002509869298608502,2.062436049128708,1.564111730790019,177.6570395458124,87.57652271125593,7,odd_even_discrepancy;outside_initial_small_planet_radius_range;outside_nominal_optimistic_hz;long_relative_to_circular_transit;inconsistent_holdout_depth_signs,
272232401,2,39.567361259667194,1390.560672204702,0.29575,0.002980737815421808,2.247588631031463,0.6207053307215804,135.4535401393033,51.42773226285916,4,odd_even_discrepancy;outside_initial_small_planet_radius_range;long_relative_to_circular_transit,
272232401,3,19.784726679596986,1387.705547204702,0.29575,0.0024148441613441253,2.0230168154406933,1.5639691644201725,150.78369325221794,95.8688580737594,8,odd_even_discrepancy;outside_initial_small_planet_radius_range;outside_nominal_optimistic_hz;long_relative_to_circular_transit,
272232401,4,19.828965351655455,1395.997922204702,0.29575,0.002742729864016724,2.1559885776175567,1.5593185819037325,158.58762020918135,32.78329574214779,11,odd_even_discrepancy;outside_initial_small_planet_radius_range;outside_nominal_optimistic_hz;long_relative_to_circular_transit,
272279254,1,19.897047239360052,1701.610236525716,0.16562,0.004252234582546458,1.1321900130199216,0.33913539112126484,6.442370854055274,0.29943554599458,2,long_relative_to_circular_transit;low_nominal_training_snr;not_recovered_in_final_holdout,
272279254,2,10.53950590862433,1683.6336415257158,0.29575,0.0024603424332344374,0.861208862780713,0.7912813921853626,7.25610250026441,-0.2707998326109364,5,long_relative_to_circular_transit;not_recovered_in_final_holdout;inconsistent_holdout_depth_signs,
272279254,3,10.13510476959421,1692.9397530048104,0.238875,0.0024897905070826684,0.8663474779877636,0.8336561630798814,6.1286253219131535,1.1369040452205608,4,long_relative_to_circular_transit;low_nominal_training_snr;not_recovered_in_final_holdout,
272279254,4,16.06350106593007,1684.3609555048104,0.11465999999999998,0.00421128265182267,1.1267249405454636,0.4511327403475787,5.600964922450469,0.14099871435368916,4,long_relative_to_circular_transit;low_nominal_training_snr;not_recovered_in_final_holdout;inconsistent_holdout_depth_signs,
272635703,1,27.684485643367026,1691.5089645254784,0.238875,0.0024717860848805337,0.922928273585229,0.22879538691722387,6.539746851496503,2.597435123271183,7,long_relative_to_circular_transit;low_nominal_training_snr;not_recovered_in_final_holdout;inconsistent_holdout_depth_signs,
272635703,2,30.817249416866797,1698.9377495254785,0.124215,0.0034046101389550625,1.08316895282888,0.19832191687013284,6.389835210156895,0.8862386652164411,5,dominated_by_one_discovery_event;outside_nominal_optimistic_hz;long_relative_to_circular_transit;low_nominal_training_snr;not_recovered_in_final_holdout,
272635703,3,6.7964619756496,1690.1482870254783,0.17198999999999998,0.0011765715814962938,0.6367540066156484,1.4883966614124664,5.204962974902955,-1.3003181479134749,19,long_relative_to_circular_transit;low_nominal_training_snr;not_recovered_in_final_holdout;inconsistent_holdout_depth_signs,
272635703,4,27.31400522910907,1686.466072665178,0.03822,0.004242288259312946,1.2091010454373141,0.2329424782382897,5.084305130090089,0.33384813198043023,5,low_nominal_training_snr;not_recovered_in_final_holdout;inconsistent_holdout_depth_signs,
272748597,1,23.341529647232424,1692.4248878714359,0.29575,0.0015098692925399415,0.6067632956243761,0.21923370298779798,6.472437808252228,1.8171198620582056,5,long_relative_to_circular_transit;low_nominal_training_snr;not_recovered_in_final_holdout,
272748597,2,15.051182647447627,1691.1963878714357,0.29575,0.0011838073412136065,0.5372669672140211,0.3935369988141164,6.0260894715266256,1.1366133482266687,7,long_relative_to_circular_transit;low_nominal_training_snr;not_recovered_in_final_holdout;inconsistent_holdout_depth_signs,
272748597,3,14.561796435967313,1693.738700371436,0.238875,0.0015228865130014022,0.6093732635265063,0.4112694620761986,6.85522606795139,0.43661448560111504,10,dominated_by_one_discovery_event;long_relative_to_circular_transit;low_nominal_training_snr;not_recovered_in_final_holdout,
272748597,4,20.753651827416814,1693.6249503714357,0.170625,0.0015175367641033456,0.6083019880356387,0.2564210663328662,4.768370457800376,1.9635305348272445,9,long_relative_to_circular_transit;low_nominal_training_snr;not_recovered_in_final_holdout,
272781325,1,7.0458397248038835,1684.2227899045047,0.22931999999999997,0.002945911961858696,1.0609050108867437,1.5827777637609226,26.524866719538274,9.073363498238484,19,outside_nominal_optimistic_hz;long_relative_to_circular_transit,
272781325,2,7.044729793332973,1684.9455574045046,0.238875,0.0029223403605056738,1.0566520910694968,1.5831102716134187,26.40070067809719,-1.263428486161041,20,outside_nominal_optimistic_hz;long_relative_to_circular_transit;not_recovered_in_final_holdout;inconsistent_holdout_depth_signs,
272781325,3,7.0461003215797735,1689.8493199045047,0.22931999999999997,0.0029669648813425535,1.064689133691599,1.5826997131663416,25.111344223085904,13.400177285160984,21,outside_nominal_optimistic_hz;long_relative_to_circular_transit,
272781325,4,6.3411692585097015,1689.1792449045047,0.18374999999999997,0.0035172303582462106,1.1592230958963845,1.8215362817878813,23.873873869093064,12.867663842459464,21,outside_nominal_optimistic_hz;long_relative_to_circular_transit,
27322306,1,7.6739733689577205,1742.7943395241382,0.124215,0.002861594470619354,1.0923435239843495,1.1799813123688205,12.4165235841535,0.17221699562313045,5,long_relative_to_circular_transit;not_recovered_in_final_holdout,
27322306,2,7.9434315278994205,1742.7351895241384,0.088725,0.0040630633165703875,1.3016133353226687,1.126915376015348,12.124083823287163,-0.14480243684881056,3,long_relative_to_circular_transit;not_recovered_in_final_holdout;inconsistent_holdout_depth_signs,
27322306,3,5.558567873799304,1741.2091195241383,0.124215,0.002238799587139133,0.9661905898209766,1.8139206945184072,11.476785008382944,-3.170850185852915,7,outside_nominal_optimistic_hz;long_relative_to_circular_transit;not_recovered_in_final_holdout;inconsistent_holdout_depth_signs,
27322306,4,5.557059462390865,1743.8331045241382,0.08599499999999999,0.0026732491527711342,1.0557836039387243,1.814577219781775,10.85477603599163,0.7568784236379843,8,outside_nominal_optimistic_hz;long_relative_to_circular_transit;not_recovered_in_final_holdout;inconsistent_holdout_depth_signs,
273369281,1,3.2432559887439223,1326.1851464096835,0.22931999999999997,0.002301113559402851,0.586679125829334,1.6459266615305952,31.85120307020592,4.029852495361025,40,outside_nominal_optimistic_hz;long_relative_to_circular_transit;not_recovered_in_final_holdout,
273369281,2,3.2432029897345966,1327.4773464096836,0.29575,0.002033554100348045,0.5515177265526418,1.6459625243161788,29.022634218188344,14.21273083965098,40,outside_nominal_optimistic_hz;long_relative_to_circular_transit,
273369281,3,3.2432412975996767,1326.8289714096836,0.29575,0.0019217545141058884,0.5361429077292069,1.6459366024351982,27.43770762944854,10.9531429244089,40,outside_nominal_optimistic_hz;long_relative_to_circular_transit,
273369281,4,3.243227113902412,1328.1143464096835,0.29575,0.0022382705226535963,0.5786126151022776,1.6459462000705911,29.596876821927776,16.207779269483115,42,outside_nominal_optimistic_hz;long_relative_to_circular_transit,
27349742,1,5.179497827936157,1742.6666296205053,0.07643999999999998,0.004222267813222503,1.156575745449835,1.8461596619216745,4.4374871325955825,0.4341465415697311,3,outside_nominal_optimistic_hz;long_relative_to_circular_transit;low_nominal_training_snr;not_recovered_in_final_holdout;inconsistent_holdout_depth_signs,
27350220,1,10.181679297799338,1746.839315520037,0.238875,0.004565564066969193,1.770810344039717,1.6479019536002286,26.592483488326266,8.761157320952467,1,fewer_than_three_discovery_events;dominated_by_one_discovery_event;outside_nominal_optimistic_hz;long_relative_to_circular_transit;insufficient_holdout_events,
27350220,2,11.318576778749225,1744.109315520037,0.238875,0.004388118134068784,1.736057018505399,1.4309841553372311,25.770556154791983,1.868121238705922,1,fewer_than_three_discovery_events;long_relative_to_circular_transit;insufficient_holdout_events,
27350220,3,10.210640152575593,1739.832315520037,0.238875,0.004481027605899143,1.7543394891483641,1.6416728861891106,25.7140701775384,10.871955381057786,1,fewer_than_three_discovery_events;outside_nominal_optimistic_hz;long_relative_to_circular_transit;insufficient_holdout_events,
27350220,4,9.67470258449113,1748.4090655200368,0.238875,0.004064684919057686,1.670853114590851,1.7640345598159786,24.69514405576839,12.76055216062562,2,outside_nominal_optimistic_hz;long_relative_to_circular_transit,
273515033,1,7.3552052578687,1329.9683483649296,0.29575,0.001960642249046172,0.8945085469817775,1.6640813831120032,22.253904150917144,0.175143606451372,10,outside_nominal_optimistic_hz;long_relative_to_circular_transit;not_recovered_in_final_holdout;inconsistent_holdout_depth_signs,
273515033,2,7.4345747080295315,1327.2610983649297,0.29575,0.0019182835597884053,0.8847930824922239,1.640436603365902,22.199985409963865,2.2486074702862258,11,outside_nominal_optimistic_hz;long_relative_to_circular_transit;not_recovered_in_final_holdout;inconsistent_holdout_depth_signs,
273515033,3,7.454420372067681,1330.1958483649296,0.29575,0.002071534663398018,0.9194569895609791,1.6346161463736797,21.29353335863468,-0.9724998809669447,16,outside_nominal_optimistic_hz;long_relative_to_circular_transit;not_recovered_in_final_holdout;inconsistent_holdout_depth_signs,
273515033,4,7.377670616023545,1332.4367233649295,0.29575,0.001779831621811281,0.8522652390207724,1.6573285382841785,16.913053208781154,3.1000746261827112,12,outside_nominal_optimistic_hz;long_relative_to_circular_transit;not_recovered_in_final_holdout,
27351599,1,10.141062122752627,1740.36655320391,0.04094999999999999,0.0007880473557739611,0.7203733006655887,1.870568422566993,5.542336855222406,1.6564994205554653,1,fewer_than_three_discovery_events;dominated_by_one_discovery_event;outside_nominal_optimistic_hz;low_nominal_training_snr;insufficient_holdout_events,
273589987,1,11.886925626360314,1686.1874108848035,0.238875,0.001860058576164475,1.1349949804820274,1.3666822534985736,45.137639282898164,23.083804796682777,9,long_relative_to_circular_transit,
273589987,2,9.464695123700993,1684.9832533848034,0.16562,0.0019930588931967664,1.174872385901146,1.8519024672191835,45.75946373072788,5.492660461462657,11,odd_even_discrepancy;outside_nominal_optimistic_hz;long_relative_to_circular_transit;inconsistent_holdout_depth_signs,
273589987,3,9.494851178050816,1684.3592208848036,0.124215,0.0018987250967474568,1.1467313238023793,1.8440643259041554,39.27869217334961,9.217198123927902,12,odd_even_discrepancy;outside_nominal_optimistic_hz;long_relative_to_circular_transit;inconsistent_holdout_depth_signs,
273589987,4,11.89930050181635,1684.9209183848036,0.22931999999999997,0.003004965776962619,1.4426148402037242,1.3647875101243934,42.87776276630272,6.731647343129715,11,long_relative_to_circular_transit,
273631732,1,21.03295402726254,1696.334524673773,0.238875,0.0037166852994792365,1.3247824284985998,0.5370155786661812,7.171429269439581,1.7336265449750516,2,fewer_than_three_discovery_events;long_relative_to_circular_transit;not_recovered_in_final_holdout,
273631732,2,17.04126787194537,1693.022352173773,0.16562,0.0033797553476064626,1.263308144749393,0.7109701661281698,6.733573819759134,-0.28821523979164904,3,long_relative_to_circular_transit;low_nominal_training_snr;not_recovered_in_final_holdout;inconsistent_holdout_depth_signs,
273631732,3,15.489927398538143,1694.127774673773,0.238875,0.0022701659677331638,1.035369741367225,0.8074607207916065,5.640792165844799,-0.43625330736734774,3,long_relative_to_circular_transit;low_nominal_training_snr;not_recovered_in_final_holdout;inconsistent_holdout_depth_signs,
273647353,1,5.194562966330931,1816.9925037117025,0.29575,0.005350568876702595,0.8786304545277258,0.8060285752216343,11.552261598743408,2.5901976910517344,2,long_relative_to_circular_transit;not_recovered_in_final_holdout,
273647353,2,5.050701648163977,1820.4618787117024,0.29575,0.004458929520159719,0.8020871834405455,0.8367842656206342,9.61521497602933,3.1961479442451037,3,long_relative_to_circular_transit;not_recovered_in_final_holdout,
273647353,3,3.31972822595037,1817.4930037117024,0.29575,0.00475225902671586,0.8280495491895875,1.464240507374705,8.884538042366938,0.2429514114687473,4,long_relative_to_circular_transit;not_recovered_in_final_holdout,
273647353,4,5.026566987080802,1818.8466287117024,0.29575,0.004749616878840632,0.827819328832798,0.8421455519426081,7.000513948113098,3.0599751134349664,2,long_relative_to_circular_transit;not_recovered_in_final_holdout,
274127413,1,3.158637036057232,1684.7757391964121,0.08599499999999999,0.004818611626062912,0.8717107267484171,1.6616013915173609,63.66176799152081,31.71652615871003,15,odd_even_discrepancy;outside_nominal_optimistic_hz;long_relative_to_circular_transit,
274127413,2,3.158639745164038,1685.5660741964123,0.08599499999999999,0.004729079279265973,0.8635743322587258,1.6615994913513155,62.29306205325191,31.71908960682347,14,outside_nominal_optimistic_hz;long_relative_to_circular_transit,
274127413,3,7.101794592520214,1687.6811416964122,0.11465999999999998,0.005572835109147196,0.9374530464001791,0.5641167594239745,60.08557977909693,7.546876720481684,4,long_relative_to_circular_transit;inconsistent_holdout_depth_signs,
274127413,4,3.15712380448827,1683.9935941964122,0.08599499999999999,0.004667174076792151,0.8579034768269538,1.6626633659285077,61.988840465797544,4.9935453906210885,15,outside_nominal_optimistic_hz;long_relative_to_circular_transit;not_recovered_in_final_holdout,
27416154,1,5.5392832996967725,1743.1130251197262,0.057329999999999985,0.0017780893828515337,0.6354325657566118,1.228993912594576,4.112002455442567,-0.9555418853679822,2,long_relative_to_circular_transit;low_nominal_training_snr;not_recovered_in_final_holdout;inconsistent_holdout_depth_signs,
27435948,1,10.649729352639868,1738.8881654461675,0.238875,0.001454843716219685,0.7747020465842551,1.035274203341386,8.893408429022312,-0.25811969787542616,2,fewer_than_three_discovery_events;dominated_by_one_discovery_event;long_relative_to_circular_transit;not_recovered_in_final_holdout;inconsistent_holdout_depth_signs,
27435948,2,8.207953428667246,1747.3103298815865,0.08599499999999999,0.0017584669926761236,0.8517137183585959,1.465076522584753,6.361162247889242,0.7198031527900918,2,long_relative_to_circular_transit;low_nominal_training_snr;not_recovered_in_final_holdout;inconsistent_holdout_depth_signs,
27435948,3,7.816333072099114,1746.9961726603817,0.11465999999999998,0.001301883106399728,0.7328456726355879,1.5637575178213377,5.8316117499979025,-1.2239598784538201,1,dominated_by_one_discovery_event;outside_nominal_optimistic_hz;long_relative_to_circular_transit;low_nominal_training_snr;insufficient_holdout_events,
27435948,4,9.495260609714213,1742.8771441631577,0.22491000000000003,0.0009882315067264438,0.6384926172017295,1.2064175188113837,5.984685270845981,0.5770759905472647,1,long_relative_to_circular_transit;low_nominal_training_snr;insufficient_holdout_events,
274393297,1,5.753285017466135,1713.6910117716384,0.16243500000000002,0.010750954500545187,1.8681900036414778,1.6893117012770837,48.77724164280213,12.29559902386416,4,outside_nominal_optimistic_hz;long_relative_to_circular_transit,
274393297,2,5.348325176555357,1711.6198517716384,0.124215,0.011375117123352022,1.9216552223564018,1.8619752494716346,44.42188186370472,7.490511266146418,3,outside_nominal_optimistic_hz;long_relative_to_circular_transit,
274393297,3,5.344282628418343,1715.746506320431,0.124215,0.011291669661270395,1.9145936498441758,1.863853411959297,44.43601486643669,14.289785439302191,4,outside_nominal_optimistic_hz;long_relative_to_circular_transit,
274393297,4,5.344352081896943,1716.5568613204312,0.16243500000000002,0.010439174573168968,1.8409017566115278,1.8638211159776226,44.28830422973118,13.915495465040824,3,outside_nominal_optimistic_hz;long_relative_to_circular_transit,
274626553,1,12.674313896683973,1958.3608305146306,0.29575,0.000686422934363489,0.5292747904833741,0.7016060122025299,9.84772180253813,-1.2670959427263768,4,long_relative_to_circular_transit;not_recovered_in_final_holdout;inconsistent_holdout_depth_signs,
274626553,2,25.66109115203706,1960.2718305146304,0.29575,0.00039331181131150477,0.4006395417872621,0.2739212687396867,6.7386871288603825,-0.7265822188352254,2,outside_initial_small_planet_radius_range;long_relative_to_circular_transit;low_nominal_training_snr;not_recovered_in_final_holdout;inconsistent_holdout_depth_signs,
274626553,3,22.42536960847014,1958.4857280146305,0.124215,0.0005534356175740051,0.4752464363864512,0.3278484243435807,6.695237566793397,-0.5791505945056036,2,outside_initial_small_planet_radius_range;long_relative_to_circular_transit;low_nominal_training_snr;not_recovered_in_final_holdout;inconsistent_holdout_depth_signs,
274626553,4,18.54353993146558,1964.0142055146305,0.29575,0.0003227418793958206,0.36292173465142463,0.4224114890271149,6.357297081615817,-0.5034587655481257,2,outside_initial_small_planet_radius_range;long_relative_to_circular_transit;low_nominal_training_snr;not_recovered_in_final_holdout;inconsistent_holdout_depth_signs,
274845559,1,3.8864354298112875,1791.1920464217917,0.16562,0.004374335615081194,0.7872200305288167,1.1251022888596245,10.967535204786456,2.15355049883929,24,long_relative_to_circular_transit;not_recovered_in_final_holdout;inconsistent_holdout_depth_signs,
274845559,2,3.8771629105641816,1793.8183064217917,0.16562,0.0043673873927036816,0.7865945694189882,1.1286914042419844,11.154415844274398,6.544123739798062,23,odd_even_discrepancy;long_relative_to_circular_transit,
274845559,3,3.0094972226500185,1790.7703616991416,0.124215,0.00435419785737363,0.7854059112141801,1.5822266232679734,9.867979784608178,2.114356284604419,32,outside_nominal_optimistic_hz;long_relative_to_circular_transit;not_recovered_in_final_holdout,
274845559,4,3.015452820259775,1791.6507074139706,0.17198999999999998,0.0036859266182374933,0.7226257416083737,1.5780614105092223,9.55394853085301,7.969119474439904,31,outside_nominal_optimistic_hz;long_relative_to_circular_transit,
27489586,1,9.769740108289186,1743.495489373817,0.17198999999999998,0.002495597888834462,1.0855603414660528,1.2427447598191455,5.615259760290176,-1.9680514498882282,2,fewer_than_three_discovery_events;long_relative_to_circular_transit;low_nominal_training_snr;not_recovered_in_final_holdout;inconsistent_holdout_depth_signs,
275190266,1,14.903728302305744,1796.5106187530491,0.29575,0.0011050407816887956,0.8893420458290824,0.9944433548876809,13.540814452822001,5.641824213263274,10,long_relative_to_circular_transit,
275190266,2,15.02202434628289,1793.8147437530492,0.29575,0.0012390656080294032,0.9417309060563092,0.9840156394773051,13.952085686821096,5.7080703226454785,10,dominated_by_one_discovery_event;long_relative_to_circular_transit,
275190266,3,19.7798789367132,1799.0131187530492,0.29575,0.001346295902310454,0.9816347726674151,0.6818284375936178,11.542237453306713,-1.4687033937774743,8,fewer_than_three_discovery_events;dominated_by_one_discovery_event;long_relative_to_circular_transit;not_recovered_in_final_holdout;inconsistent_holdout_depth_signs,
275190266,4,12.059955940386772,1793.302868753049,0.29575,0.0012460790398140958,0.9443923654713405,1.3188001506523643,14.376435552261311,7.780526917171399,11,dominated_by_one_discovery_event;odd_even_discrepancy;long_relative_to_circular_transit,
276832928,1,13.345597633846022,1628.7929354876483,0.22931999999999997,0.002097496017253068,1.0152200777621219,0.7919435362164507,8.057840483125934,0.0,0,long_relative_to_circular_transit;insufficient_holdout_events,
276832928,2,13.594060396518445,1640.3197696881064,0.057329999999999985,0.003478503135147931,1.3073920062371929,0.772703111071302,5.830904302711139,-1.1777266334777152,1,fewer_than_three_discovery_events;dominated_by_one_discovery_event;low_nominal_training_snr;insufficient_holdout_events,
276832928,3,11.38421907645322,1630.0959196881065,0.12284999999999999,0.0021914202494830726,1.037701539072912,0.9789051080758657,5.917739964195304,-0.5416848641986216,2,long_relative_to_circular_transit;low_nominal_training_snr;not_recovered_in_final_holdout;inconsistent_holdout_depth_signs,
276832928,4,21.928913108384243,1650.9756946881064,0.29988000000000004,0.0015392994620701196,0.8697034332065677,0.40843421098325616,5.177135943692306,0.5212005399712408,2,long_relative_to_circular_transit;low_nominal_training_snr;not_recovered_in_final_holdout;inconsistent_holdout_depth_signs,
276976190,1,13.795681756382997,1631.462667792951,0.11465999999999998,0.000988323810237724,0.775839087662942,1.0970911835591493,5.6684669671274035,-0.8688057123441978,6,long_relative_to_circular_transit;low_nominal_training_snr;not_recovered_in_final_holdout;inconsistent_holdout_depth_signs,
276976190,2,10.81107499580273,1639.045697792951,0.027299999999999998,0.0020346136422865436,1.113173868946475,1.5184777806471843,4.903075393669121,-0.9870655243239003,7,outside_nominal_optimistic_hz;low_nominal_training_snr;not_recovered_in_final_holdout;inconsistent_holdout_depth_signs,
276976190,3,13.416130708095539,1638.6544911262843,0.024499999999999997,0.002026803161613616,1.1110351869613053,1.1386683266593915,5.235021806438051,-0.4495436867006689,6,low_nominal_training_snr;not_recovered_in_final_holdout;inconsistent_holdout_depth_signs,
277771912,1,25.348739835140282,1339.8544315561671,0.22931999999999997,0.0018560125770982747,0.7291816707303382,0.18220822614661727,7.8637257369253195,-0.10619545648208428,3,outside_nominal_optimistic_hz;long_relative_to_circular_transit;not_recovered_in_final_holdout;inconsistent_holdout_depth_signs,
277771912,2,9.234582913322926,1329.9565132228338,0.031849999999999996,0.0021337360148763924,0.7818359386291354,0.7003042558004161,5.190718081899599,0.33738081904910233,11,low_nominal_training_snr;not_recovered_in_final_holdout;inconsistent_holdout_depth_signs,
277771912,3,18.83432702834672,1340.3667615561671,0.03822,0.00294915854588118,0.9191668357806007,0.2707549070041344,5.858718460552051,-0.25060111333765794,5,low_nominal_training_snr;not_recovered_in_final_holdout,
277771912,4,5.003872060130017,1326.2453290561673,0.11245500000000001,0.0008785921894191193,0.501694055303851,1.5852638256880145,5.453303887124239,1.100870612346356,21,outside_nominal_optimistic_hz;long_relative_to_circular_transit;low_nominal_training_snr;not_recovered_in_final_holdout,
278614475,1,10.325064660373723,1332.005083636697,0.29575,0.0022821871920930725,0.667727386978297,0.44185730017230285,6.292445268945981,-0.03437196852345502,4,dominated_by_one_discovery_event;long_relative_to_circular_transit;low_nominal_training_snr;not_recovered_in_final_holdout;inconsistent_holdout_depth_signs,
278614475,2,3.790752871162809,1326.917833636697,0.024499999999999997,0.004248684081634188,0.9110679670225367,1.6807577067183603,4.967724338499276,-1.6612442283422497,11,outside_nominal_optimistic_hz;low_nominal_training_snr;not_recovered_in_final_holdout;inconsistent_holdout_depth_signs,
278615421,1,4.5256432980041374,1327.1878704340304,0.238875,0.006905119834681258,1.279435245574437,1.655557875246046,19.81498521972244,3.7360034816441368,6,outside_nominal_optimistic_hz;long_relative_to_circular_transit;not_recovered_in_final_holdout,
278615421,2,4.535315667033791,1328.6723079340304,0.29575,0.005890395051592839,1.1816936770546653,1.6508518530349987,19.47137952565745,-3.917331658214102,4,outside_nominal_optimistic_hz;long_relative_to_circular_transit;not_recovered_in_final_holdout;inconsistent_holdout_depth_signs,
278615421,3,4.539733642704364,1326.3518079340304,0.29575,0.00600180546051934,1.1928165537809226,1.6487101003325733,18.051244985046093,-2.3132029087941866,6,outside_nominal_optimistic_hz;long_relative_to_circular_transit;not_recovered_in_final_holdout;inconsistent_holdout_depth_signs,
278615421,4,4.521664538628448,1325.6579329340304,0.29575,0.0060213784326151425,1.194759965774419,1.657500532189285,18.65093295305745,6.15849868506113,4,outside_nominal_optimistic_hz;long_relative_to_circular_transit,
279293709,1,19.515110644588777,1719.06248351186,0.29575,0.0039170361862129206,0.9294612490747594,0.1965765969187152,14.064961164555017,-1.0967824879961285,1,outside_nominal_optimistic_hz;long_relative_to_circular_transit;insufficient_holdout_events,
279293709,2,8.911828812370688,1714.33048351186,0.29575,0.002533169468477095,0.7474542551668738,0.5589900217923812,11.473054209585598,0.045489075876632125,2,long_relative_to_circular_transit;not_recovered_in_final_holdout;inconsistent_holdout_depth_signs,
279293709,3,10.17432677927194,1719.5174835118598,0.29575,0.002869030873372111,0.7954632256620395,0.4684741084726316,11.325214751485394,0.7088546089830603,2,long_relative_to_circular_transit;not_recovered_in_final_holdout,
279293709,4,15.312742736707865,1715.20635851186,0.29575,0.002189573224795189,0.6949158749009797,0.27161631617865695,9.475042563394107,0.023498830015813377,2,dominated_by_one_discovery_event;long_relative_to_circular_transit;not_recovered_in_final_holdout;inconsistent_holdout_depth_signs,
279354493,1,7.186877210752805,1791.8542803506891,0.22491000000000003,0.01873827153607944,2.6158714651989308,1.4219731650383267,42.435533404834054,-21.71441142323018,8,outside_initial_small_planet_radius_range;long_relative_to_circular_transit;not_recovered_in_final_holdout;inconsistent_holdout_depth_signs,
279354493,2,7.197495886147315,1791.0292953506892,0.22931999999999997,0.018939970668598073,2.629912428619333,1.4191766817987204,43.57364577259201,4.782122502043227,8,outside_initial_small_planet_radius_range;long_relative_to_circular_transit;not_recovered_in_final_holdout,
279354493,3,7.186779459735433,1793.5062908452264,0.238875,0.019061514300682047,2.638337413308974,1.4219989530637676,42.7322963724997,-20.174290311366242,8,outside_initial_small_planet_radius_range;long_relative_to_circular_transit;not_recovered_in_final_holdout;inconsistent_holdout_depth_signs,
279354493,4,7.197244834382739,1796.6059783452265,0.29575,0.017244659009507626,2.5094522830991055,1.4192426864786976,42.4250795625504,9.562680723251926,7,odd_even_discrepancy;outside_initial_small_planet_radius_range;long_relative_to_circular_transit,
279674929,1,54.780128507238956,1338.905001424147,0.17198999999999998,0.0011645302452197722,1.1514562818650544,0.25553531516579764,11.096153985194888,-1.4800686049889669,2,fewer_than_three_discovery_events;dominated_by_one_discovery_event;not_recovered_in_final_holdout;inconsistent_holdout_depth_signs,
279674929,2,45.91756234093695,1355.815758924147,0.124215,0.0014182541978319436,1.2707177781931653,0.32332793234777063,10.988444248140363,1.2394673078336513,4,fewer_than_three_discovery_events;dominated_by_one_discovery_event;odd_even_discrepancy;not_recovered_in_final_holdout,
279674929,3,13.076625601199254,1331.357916424147,0.22931999999999997,0.0003955260179291612,0.6710572853430381,1.725655386109504,8.310198503916723,1.2465514268947893,8,outside_nominal_optimistic_hz;long_relative_to_circular_transit;not_recovered_in_final_holdout,
279674929,4,64.03797317710932,1325.518446424147,0.22931999999999997,0.0006663184032385224,0.8709896039880796,0.20750642750791626,8.719275656771153,-0.09114863603990611,3,fewer_than_three_discovery_events;outside_nominal_optimistic_hz;long_relative_to_circular_transit;not_recovered_in_final_holdout,
279742501,1,29.76273582319113,1370.8466929101382,0.124215,0.002062750658156051,1.1010066178239988,0.29550108508555667,5.5282389955359115,2.557765529239789,4,fewer_than_three_discovery_events;dominated_by_one_discovery_event;low_nominal_training_snr;not_recovered_in_final_holdout,
279742501,2,28.12481127069736,1382.3242954101383,0.29575,0.002059706557894067,1.100193913691863,0.31866672977194516,7.004882058656584,0.0,0,long_relative_to_circular_transit;insufficient_holdout_events,
279742501,3,41.84456874668022,1361.395832836608,0.29575,0.0015029461031857328,0.9398061130045423,0.18761637945704446,5.380125578380786,-0.24169767095840927,3,fewer_than_three_discovery_events;dominated_by_one_discovery_event;outside_nominal_optimistic_hz;long_relative_to_circular_transit;low_nominal_training_snr;not_recovered_in_final_holdout;inconsistent_holdout_depth_signs,
279742501,4,22.000960971036008,1367.064082836608,0.024499999999999997,0.003685101616755305,1.471605140601964,0.44211373974190216,5.156698204520795,1.3947679327381455,4,low_nominal_training_snr;not_recovered_in_final_holdout,
28053247,1,9.467024325633295,1386.0931163519483,0.29575,0.08697814752280776,3.6391261289787438,0.39531704739627277,13.033021260095008,0.4957560380693886,1,fewer_than_three_discovery_events;outside_initial_small_planet_radius_range;long_relative_to_circular_transit;insufficient_holdout_events,
28053247,2,4.4473967521727875,1389.1681718873263,0.16243500000000002,0.059765729054163906,3.016602885027226,1.0824861977882598,10.841508121948138,-0.19540381599080967,2,outside_initial_small_planet_radius_range;long_relative_to_circular_transit;not_recovered_in_final_holdout;inconsistent_holdout_depth_signs,
28053247,3,10.440518160487967,1391.9132393873263,0.0441,0.15674415373639064,4.885260276374287,0.34695045618772924,10.211501621587281,0.7678170924600206,1,fewer_than_three_discovery_events;dominated_by_one_discovery_event;outside_initial_small_planet_radius_range;insufficient_holdout_events,
28053247,4,4.66363140312206,1389.634319387326,0.11465999999999998,0.06187480538637428,3.069367951993539,1.016087814340759,9.466761694439754,2.517944345520064,2,outside_initial_small_planet_radius_range;long_relative_to_circular_transit;not_recovered_in_final_holdout,
28069786,1,3.3387769091826724,2010.3896807298663,0.017499999999999998,0.008306655527341417,1.2241420025879866,1.6991994157515575,10.330400715606372,-0.11365128401790318,2,outside_nominal_optimistic_hz;not_recovered_in_final_holdout;inconsistent_holdout_depth_signs,
28069786,2,5.202307635610582,2013.872949336664,0.03919999999999999,0.006724044655170627,1.101371904661909,0.9406603635183991,9.864942210057444,0.06221305212812949,3,not_recovered_in_final_holdout,
28069786,3,3.4940780136063068,2011.4755660033306,0.017499999999999998,0.007995823079290146,1.2010201318712987,1.5992539125946705,9.348321442291859,-0.62224303703462,1,outside_nominal_optimistic_hz;insufficient_holdout_events,
28069786,4,3.3384469127920973,2010.620399336664,0.024499999999999997,0.006867448044142692,1.113054399069325,1.6994233677572963,9.854134995550833,1.2311912454888216,5,outside_nominal_optimistic_hz;not_recovered_in_final_holdout,
280801342,1,3.61146551425241,1325.9916718755835,0.238875,0.0020070536661175864,0.5674806657470108,1.4897759274007407,11.664351374281392,-3.2063050818644347,12,odd_even_discrepancy;long_relative_to_circular_transit;not_recovered_in_final_holdout;inconsistent_holdout_depth_signs,
280801342,2,3.608346153236454,1327.4874843755836,0.29575,0.0018112198693647369,0.5390848958733705,1.4914933599638602,11.413249606655382,2.1772127163609056,12,long_relative_to_circular_transit;not_recovered_in_final_holdout,
280801342,3,3.5952223982185054,1328.2837343755834,0.29575,0.0019600866231570717,0.560801555268762,1.4987570338984055,11.765271099574147,7.052194824480736,11,outside_nominal_optimistic_hz;long_relative_to_circular_transit,
280801342,4,3.6063115283229377,1326.7936093755836,0.29575,0.0021123360240524625,0.5821743672151412,1.4926154352800183,12.627015718831098,4.760290670524191,12,outside_nominal_optimistic_hz;long_relative_to_circular_transit;not_recovered_in_final_holdout,
281193283,1,3.599102955993223,1817.0482069445218,0.29575,0.0014467696830096283,0.5274933737588743,1.7834676498476418,6.7014015516025,0.048169063527473584,19,odd_even_discrepancy;outside_nominal_optimistic_hz;long_relative_to_circular_transit;low_nominal_training_snr;not_recovered_in_final_holdout;inconsistent_holdout_depth_signs,
281193283,2,3.6411590443555815,1819.5962069445218,0.29575,0.0014071439788155445,0.5202194397737275,1.756054798999796,6.56512602225619,0.6929361747346549,21,outside_nominal_optimistic_hz;long_relative_to_circular_transit;low_nominal_training_snr;not_recovered_in_final_holdout;inconsistent_holdout_depth_signs,
281193283,3,8.007255440651262,1816.6625898922916,0.170625,0.0021484812868400086,0.6428106987195664,0.6140626542870152,5.1397453870119465,7.194836631143078,9,long_relative_to_circular_transit;low_nominal_training_snr,
281193283,4,7.132037359828054,1821.5563423922918,0.17198999999999998,0.002203420106153756,0.6509774769335835,0.7165383684439262,4.9731863140402774,6.646140888776749,11,long_relative_to_circular_transit;low_nominal_training_snr,
282052574,1,17.31245620015743,1391.1291431312204,0.29575,0.003157825000669262,0.9756740213463622,0.3587458664702434,9.384288218941425,1.978585858836627,7,dominated_by_one_discovery_event;long_relative_to_circular_transit;not_recovered_in_final_holdout,
282052574,2,14.35775840515887,1399.0347681312205,0.29575,0.003408592412252846,1.0136738628347983,0.46041518029374473,9.989023933444457,2.8378942404142387,6,long_relative_to_circular_transit;not_recovered_in_final_holdout;inconsistent_holdout_depth_signs,
282052574,3,14.140638331720776,1397.4195181312205,0.29575,0.002198885819958739,0.814164292812814,0.46986504387444156,8.332978450568223,0.3686120033527016,9,odd_even_discrepancy;long_relative_to_circular_transit;not_recovered_in_final_holdout;inconsistent_holdout_depth_signs,
282052574,4,7.870576017581663,1392.9775806312205,0.238875,0.0019190283154270334,0.7605913876783331,1.0262577869860736,8.388721856974557,1.6950679312497414,15,long_relative_to_circular_transit;not_recovered_in_final_holdout;inconsistent_holdout_depth_signs,
282427587,1,4.325985629828099,1685.6897261952079,0.11245500000000001,0.014590564305669176,1.9785220346443326,1.8056149172930114,19.87964634887942,-5.549814579263237,6,outside_nominal_optimistic_hz;long_relative_to_circular_transit;not_recovered_in_final_holdout;inconsistent_holdout_depth_signs,
282427587,2,5.237791042427753,1683.6346661952077,0.08599499999999999,0.01760691435940034,2.1734340805187164,1.3991824180078292,19.21358609649165,-7.703023673133332,4,outside_initial_small_planet_radius_range;long_relative_to_circular_transit;not_recovered_in_final_holdout;inconsistent_holdout_depth_signs,
282427587,3,4.327724325617463,1684.7853611952078,0.08599499999999999,0.017692635766524474,2.1787184706793874,1.804647756237143,19.385299273586483,14.45851665556989,6,outside_initial_small_planet_radius_range;outside_nominal_optimistic_hz;long_relative_to_circular_transit,
282427587,4,4.774497714419322,1684.8034736952077,0.0882,0.017039481202533183,2.1381247005337007,1.5830755604209954,18.54877233089626,10.198090561325817,6,outside_initial_small_planet_radius_range;outside_nominal_optimistic_hz;long_relative_to_circular_transit,
28260969,1,12.278935226484066,1748.0267383822381,0.16562,0.0006786457420692295,0.7339303681033035,1.737900186400549,7.918712409760794,0.0,0,dominated_by_one_discovery_event;outside_nominal_optimistic_hz;long_relative_to_circular_transit;insufficient_holdout_events,
28260969,2,23.77677684468303,1741.1751208822382,0.238875,0.0004925788671986397,0.6252751679616765,0.7200596338761638,5.18456784129912,0.0,0,fewer_than_three_discovery_events;dominated_by_one_discovery_event;long_relative_to_circular_transit;low_nominal_training_snr;insufficient_holdout_events,
28286950,1,13.05739482551344,1942.905659828631,0.238875,0.001851659287858681,0.925678875241314,0.855608676641923,6.03709161173954,0.6369985445105397,1,fewer_than_three_discovery_events;dominated_by_one_discovery_event;long_relative_to_circular_transit;low_nominal_training_snr;insufficient_holdout_events,
28286950,2,17.732865372824993,1941.8459648286312,0.08599499999999999,0.0033968126434569183,1.2537634660521755,0.5689123208377138,4.993336267021077,-0.2051430304399612,1,fewer_than_three_discovery_events;low_nominal_training_snr;insufficient_holdout_events,
282923395,1,5.297834375444264,1684.2345274606346,0.29575,0.0029601478387403673,0.8852308834937148,1.5632889686493412,13.041526743546505,6.835871236206263,21,outside_nominal_optimistic_hz;long_relative_to_circular_transit,
282923395,2,6.154143140999998,1686.8434974606346,0.22931999999999997,0.003723398053639329,0.992817879894293,1.2802073257299758,12.646210333245982,1.5554768354386412,15,odd_even_discrepancy;long_relative_to_circular_transit;not_recovered_in_final_holdout;inconsistent_holdout_depth_signs,
282923395,3,6.153822432449711,1685.1445274606347,0.29575,0.002567299539133823,0.82440027428527,1.2802962844232464,9.823158513615764,2.5606257528450103,18,long_relative_to_circular_transit;not_recovered_in_final_holdout;inconsistent_holdout_depth_signs,
282923395,4,7.9542782236257885,1690.3770274606345,0.29575,0.0024148474768360766,0.7995483088233104,0.9092906578061001,8.62355936069819,5.39192967021607,13,long_relative_to_circular_transit,
2835989,1,8.623534625901618,1357.9886464178087,0.031849999999999996,0.003022983546739111,0.8105228222541551,0.6606503203502017,5.891012301969464,1.5056816474113925,7,low_nominal_training_snr;not_recovered_in_final_holdout,
2835989,2,5.026527550534899,1358.601379751142,0.031849999999999996,0.0021377624833485223,0.6815960765299475,1.3568379297369806,5.453281601396782,0.36430414259815824,10,low_nominal_training_snr;not_recovered_in_final_holdout,
2835989,3,7.155802248170906,1354.9541755844755,0.238875,0.0008545480648171132,0.4309388057472421,0.847242289085016,5.23609731116449,0.02296353434052865,6,dominated_by_one_discovery_event;outside_initial_small_planet_radius_range;long_relative_to_circular_transit;low_nominal_training_snr;not_recovered_in_final_holdout;inconsistent_holdout_depth_signs,
283784435,1,13.044214887019416,1522.3172766201694,0.29575,0.006065346811265212,1.0290270171416356,0.2773178877694776,12.463325829526404,-0.1501573159016794,4,long_relative_to_circular_transit;not_recovered_in_final_holdout;inconsistent_holdout_depth_signs,
283784435,2,4.886518760300563,1522.7154016201694,0.29575,0.002475663177715033,0.65742276205626,1.0269178808788677,10.608553068096462,1.9425459741196105,9,long_relative_to_circular_transit;not_recovered_in_final_holdout,
283784435,3,4.887747260651473,1519.8944016201694,0.29575,0.0026497939620376285,0.6801504835559857,1.0265737506667088,10.62965149117001,3.3195891951145455,9,long_relative_to_circular_transit;not_recovered_in_final_holdout,
283784435,4,14.18447018992729,1518.5635266201693,0.29575,0.006472776615971352,1.0630269322050803,0.2479996024520499,9.518087971164631,-0.7613146566762997,2,dominated_by_one_discovery_event;long_relative_to_circular_transit;not_recovered_in_final_holdout;inconsistent_holdout_depth_signs,
283869316,1,3.5174960259483306,1959.3414710949885,0.12739999999999999,0.004391177251084543,0.9406919423275791,1.8458192440271097,7.0415580286424415,1.1526915760360317,1,outside_nominal_optimistic_hz;long_relative_to_circular_transit;insufficient_holdout_events,
283869316,2,3.5255812061406915,1956.2498150340275,0.16562,0.0033633044899641744,0.8232657227039074,1.8401774038820105,6.828415290024649,0.77659706500656,1,outside_nominal_optimistic_hz;long_relative_to_circular_transit;low_nominal_training_snr;insufficient_holdout_events,
283869316,3,4.41265874490086,1956.6160900340276,0.17198999999999998,0.004369092017698985,0.9383233759909798,1.3642695950188861,7.030344704074285,2.622747737949159,1,long_relative_to_circular_transit;insufficient_holdout_events,
283869316,4,3.5299210462426247,1957.9744925340274,0.170625,0.003795283659477136,0.8745387559450416,1.8371614955053215,6.137417677987174,3.074807531508058,2,dominated_by_one_discovery_event;outside_nominal_optimistic_hz;long_relative_to_circular_transit;low_nominal_training_snr;not_recovered_in_final_holdout,
284190375,1,3.5213014951668247,1683.564330134571,0.18374999999999997,0.003643861709268446,0.8635069286328719,1.741908535834582,21.348211788087863,14.73043340618913,36,outside_nominal_optimistic_hz;long_relative_to_circular_transit,
284190375,2,3.5213009925638135,1686.581632559949,0.22931999999999997,0.0033028541407043623,0.8221093374451207,1.7419088673364895,21.184021532045325,14.514526682838238,35,outside_nominal_optimistic_hz;long_relative_to_circular_transit,
284190375,3,3.521333310378618,1684.038007559949,0.22491000000000003,0.003152559161283835,0.8031866958041521,1.7418875516975503,19.562710959313968,16.892011570210222,37,outside_nominal_optimistic_hz;long_relative_to_circular_transit,
284190375,4,3.521278982521745,1686.0815612021354,0.17198999999999998,0.003573721114705616,0.8551557347310982,1.7419233846099313,19.286872472591686,15.799031305383412,32,outside_nominal_optimistic_hz;long_relative_to_circular_transit,
284596951,1,14.90819460516798,1721.510391183155,0.22931999999999997,0.006025769164062973,1.3816798928712504,0.5217291004756686,8.66321127866484,0.9061404813297778,4,fewer_than_three_discovery_events;dominated_by_one_discovery_event;long_relative_to_circular_transit;not_recovered_in_final_holdout,
284596951,2,14.340773120762426,1711.625061183155,0.22931999999999997,0.003607754995818183,1.069103399597848,0.5494333856003414,6.814472378261232,2.0424443165326673,4,fewer_than_three_discovery_events;long_relative_to_circular_transit;low_nominal_training_snr;not_recovered_in_final_holdout,
284596951,3,9.542328554545424,1718.3139281554556,0.03822,0.005035239842506568,1.2630230405370726,0.9458145213935345,5.385464639160085,0.13717811560453205,5,dominated_by_one_discovery_event;low_nominal_training_snr;not_recovered_in_final_holdout,
284800109,1,10.802243183044546,1958.975728714458,0.29575,0.0005357331624828964,0.6065953750534805,1.4931598592072184,10.062358844859682,-2.3400309851848147,9,long_relative_to_circular_transit;not_recovered_in_final_holdout;inconsistent_holdout_depth_signs,
284800109,2,9.531923813420281,1957.440103714458,0.29575,0.0004949069077157021,0.5830242074601151,1.7642122078444622,9.282126870878605,6.290685363545295,10,outside_nominal_optimistic_hz;long_relative_to_circular_transit,
284800109,3,13.176067898487702,1960.647853714458,0.29575,0.0004708310762521684,0.5686661655432856,1.1457164289648096,8.142719357582314,-2.5742947415939494,8,long_relative_to_circular_transit;not_recovered_in_final_holdout;inconsistent_holdout_depth_signs,
284800109,4,18.16499640869017,1959.942603714458,0.29575,0.0005843441202845425,0.6335183060724847,0.7466971340814347,8.4009488817262,-2.384360078804381,2,long_relative_to_circular_transit;not_recovered_in_final_holdout;inconsistent_holdout_depth_signs,
284892663,1,42.0317328007276,1690.2307420713448,0.29575,0.0008295173741664703,0.7516648330445296,0.25853141700804466,7.047670617153334,0.0,0,dominated_by_one_discovery_event;long_relative_to_circular_transit;insufficient_holdout_events,
284892663,2,32.71162745306301,1689.2752420713448,0.29575,0.0007587247402210057,0.7188753822257999,0.36114381715808425,6.781797084830692,1.6414134297512406,3,long_relative_to_circular_transit;low_nominal_training_snr;not_recovered_in_final_holdout,
284892663,3,44.846515556024535,1720.0186820713448,0.17198999999999998,0.001328273180042457,0.951163531189946,0.2371254195671416,7.32613780647675,-0.3617459593075654,4,long_relative_to_circular_transit;not_recovered_in_final_holdout;inconsistent_holdout_depth_signs,
284892663,4,18.743833087397395,1698.1923320713447,0.17198999999999998,0.0006709365752880529,0.676008602392111,0.7588195447200707,6.257742516459226,0.917707941974938,8,long_relative_to_circular_transit;low_nominal_training_snr;not_recovered_in_final_holdout;inconsistent_holdout_depth_signs,
285042210,1,13.407225973685064,1773.951466647102,0.29575,0.003602895362188201,0.9372931645658047,0.42145600281887524,6.880159348236986,1.2719464374691483,2,dominated_by_one_discovery_event;long_relative_to_circular_transit;low_nominal_training_snr;not_recovered_in_final_holdout,
285042210,2,8.274415570992993,1772.5750916471022,0.29575,0.0022638431361617565,0.7429725878739689,0.8020862001376663,6.001229470094562,-2.355560426114906,3,long_relative_to_circular_transit;low_nominal_training_snr;not_recovered_in_final_holdout;inconsistent_holdout_depth_signs,
285042210,3,5.467806312026165,1766.6844341471021,0.08599499999999999,0.0029555798635861556,0.8489282281112128,1.393541757760024,5.613467145133439,0.5724766552814009,5,long_relative_to_circular_transit;low_nominal_training_snr;not_recovered_in_final_holdout;inconsistent_holdout_depth_signs,
285042210,4,8.863220191178604,1768.3535083137688,0.024499999999999997,0.006561542359081216,1.2648895180200364,0.7318388008935486,5.404443484618276,0.6446164090166087,3,low_nominal_training_snr;not_recovered_in_final_holdout,
285129058,1,14.75797056898535,1791.2789140385753,0.29575,0.001790227902931149,0.6791803046600353,0.4060773301373037,8.256478175002249,0.4404065694133078,2,fewer_than_three_discovery_events;dominated_by_one_discovery_event;long_relative_to_circular_transit;not_recovered_in_final_holdout;inconsistent_holdout_depth_signs,
285129058,2,10.06883572671949,1794.1226640385753,0.29575,0.0007041787587470238,0.4259634960715998,0.6760911603781687,5.694379608267807,0.2112225349538685,2,dominated_by_one_discovery_event;outside_initial_small_planet_radius_range;long_relative_to_circular_transit;low_nominal_training_snr;not_recovered_in_final_holdout,
285129058,3,4.761092273963404,1791.6656640385754,0.29575,0.0005639702218085147,0.3812053694268596,1.8352791617372224,5.708519238422635,1.3462768958026068,4,outside_initial_small_planet_radius_range;outside_nominal_optimistic_hz;long_relative_to_circular_transit;low_nominal_training_snr;not_recovered_in_final_holdout,
285129058,4,4.956720153069569,1792.2235990385755,0.29988000000000004,0.0004970916752422748,0.35788967355640516,1.739342323187496,4.799186043500864,0.09179075095145296,6,dominated_by_one_discovery_event;outside_initial_small_planet_radius_range;outside_nominal_optimistic_hz;long_relative_to_circular_transit;low_nominal_training_snr;not_recovered_in_final_holdout,
285903673,1,8.24210639046065,1791.9958329346848,0.29575,0.008649032622621657,2.2240342455496385,1.7933479250666873,95.93115294897196,-66.57601179051278,9,odd_even_discrepancy;outside_initial_small_planet_radius_range;outside_nominal_optimistic_hz;long_relative_to_circular_transit;not_recovered_in_final_holdout;inconsistent_holdout_depth_signs,
285903673,2,8.241183897925858,1793.1788329346848,0.29575,0.010105180034867467,2.403973800759195,1.7936155857906293,99.69305623487271,-53.5249050048915,8,outside_initial_small_planet_radius_range;outside_nominal_optimistic_hz;long_relative_to_circular_transit;not_recovered_in_final_holdout;inconsistent_holdout_depth_signs,
285903673,3,8.24237632959235,1796.716457934685,0.29575,0.009431009038285467,2.3223987182752324,1.793269615588937,99.79959377587052,-67.31559188153592,10,outside_initial_small_planet_radius_range;outside_nominal_optimistic_hz;long_relative_to_circular_transit;not_recovered_in_final_holdout;inconsistent_holdout_depth_signs,
285903673,4,8.238745872082522,1794.4300829346848,0.29575,0.009787241360911988,2.3658535185519947,1.7943233143497752,99.41957440731744,78.8958549482501,8,odd_even_discrepancy;outside_initial_small_planet_radius_range;outside_nominal_optimistic_hz;long_relative_to_circular_transit,
286126698,1,7.031390197064433,1792.6782895584445,0.29575,0.013548726730604041,1.8684443367842438,1.0813912402031358,15.09663688401894,2.9159241687382766,6,dominated_by_one_discovery_event;odd_even_discrepancy;long_relative_to_circular_transit;not_recovered_in_final_holdout,
286126698,2,8.634578585311898,1791.3958720584444,0.061424999999999993,0.033522135163070246,2.9389808679965665,0.8223365322167174,13.071797656019903,-0.961836486526933,6,dominated_by_one_discovery_event;outside_initial_small_planet_radius_range;not_recovered_in_final_holdout;inconsistent_holdout_depth_signs,
286126698,3,8.932842920787717,1798.9004145584445,0.29575,0.0100862201056607,1.6121117491670445,0.7859317791841157,9.570751654165607,1.3314656212156741,6,long_relative_to_circular_transit;not_recovered_in_final_holdout,
286126698,4,8.07945219772949,1791.0386095584445,0.09995999999999998,0.016968847203117043,2.0910147293196237,0.898521675821328,7.633762396885036,-0.7074578605985171,6,dominated_by_one_discovery_event;outside_initial_small_planet_radius_range;long_relative_to_circular_transit;not_recovered_in_final_holdout;inconsistent_holdout_depth_signs,
286332367,1,4.499819027454298,1544.7285270015814,0.11245500000000001,0.004420846737324041,0.9656460274944584,1.3478306845798282,13.02752026888616,5.4933120487225855,16,long_relative_to_circular_transit,
286332367,2,4.115797849070937,1546.9888095015815,0.17198999999999998,0.0033721778574698387,0.843374498514656,1.5180637918708249,12.173408012645222,2.2447367048927913,17,outside_nominal_optimistic_hz;long_relative_to_circular_transit;not_recovered_in_final_holdout;inconsistent_holdout_depth_signs,
286332367,3,4.874918379014725,1545.0805395015814,0.17198999999999998,0.0031421220114076346,0.8140981189586133,1.2113573294237838,10.242160562469257,5.858843017007006,15,long_relative_to_circular_transit,
286332367,4,6.7359781966200405,1545.4859445015813,0.11465999999999998,0.00442888456865788,0.9665234810172671,0.7870962428114505,10.361833900321155,7.684199218598297,8,long_relative_to_circular_transit,
286898565,1,20.330947455209124,1619.7546148124934,0.17198999999999998,0.004173967784822117,0.9947346515150315,0.26390714694984946,9.740780501598836,-1.3923875766617404,1,fewer_than_three_discovery_events;dominated_by_one_discovery_event;odd_even_discrepancy;long_relative_to_circular_transit;insufficient_holdout_events,
286898565,2,24.146798321429483,1613.2278673124933,0.124215,0.005282353972734375,1.1190421640104824,0.20982081476966333,8.179389106456872,1.415601644423437,2,fewer_than_three_discovery_events;long_relative_to_circular_transit;not_recovered_in_final_holdout,
286898565,3,5.928467675031024,1603.3366223124933,0.238875,0.0016848406174128012,0.6319927733723373,1.364807395877651,8.786805587623705,-0.9262830081884691,8,long_relative_to_circular_transit;not_recovered_in_final_holdout;inconsistent_holdout_depth_signs,
286898565,4,23.495588214398836,1609.5246223124934,0.238875,0.0033216218298727355,0.8873762346653224,0.217610349311731,7.9825406966283925,-0.1012797039714421,2,dominated_by_one_discovery_event;long_relative_to_circular_transit;not_recovered_in_final_holdout;inconsistent_holdout_depth_signs,
28694153,1,21.786255475267055,1769.651434436878,0.057329999999999985,0.004577438573557622,1.366773590954258,0.37963123652252667,7.369011545462354,0.851922255962392,1,dominated_by_one_discovery_event;insufficient_holdout_events,
28694153,2,14.980056694294149,1772.224004436878,0.29575,0.0026888657190345428,1.0475382101130173,0.6255386083037664,7.582201975537968,0.0,0,fewer_than_three_discovery_events;long_relative_to_circular_transit;insufficient_holdout_events,
28694153,3,15.258852099032948,1775.6365044368779,0.29575,0.0020062839421219805,0.9048602592305933,0.6103461989016251,6.39358946774101,-0.6115708016873396,1,fewer_than_three_discovery_events;dominated_by_one_discovery_event;long_relative_to_circular_transit;low_nominal_training_snr;insufficient_holdout_events,
28694153,4,12.21406102523613,1767.107879436878,0.024499999999999997,0.004374633743372456,1.3361529209931107,0.8212182929236478,5.681536108661515,-0.039608237256011015,1,low_nominal_training_snr;insufficient_holdout_events,
286944183,1,6.131787136285927,1903.49541678378,0.08599499999999999,0.006545472427687718,1.4311959585626226,1.4535238663973193,16.264073076886625,9.458859472227587,2,long_relative_to_circular_transit,
286944183,2,5.311413076859112,1902.6917992837798,0.07496999999999998,0.006715598475882009,1.4496760474231094,1.7603194564015168,16.11227799514052,5.003751723819084,2,outside_nominal_optimistic_hz;long_relative_to_circular_transit,
286944183,3,7.7626229263612405,1903.71654678378,0.08599499999999999,0.006449438183120938,1.420658010698536,1.0613540293941321,15.016720692726873,5.677882713252514,1,long_relative_to_circular_transit;insufficient_holdout_events,
286944183,4,5.309804020185784,1900.4569267837799,0.08599499999999999,0.005494213012110426,1.3112374630741825,1.7610307436238117,15.755283587142248,6.992163492407067,1,outside_nominal_optimistic_hz;long_relative_to_circular_transit;insufficient_holdout_events,
286945883,1,13.555361577589098,1712.767288746149,0.29575,0.0010243542287203772,0.5312295904503398,0.5116619649874695,5.146459363191541,0.10186512108061975,4,long_relative_to_circular_transit;low_nominal_training_snr;not_recovered_in_final_holdout;inconsistent_holdout_depth_signs,
287148041,1,4.846792153935364,1327.71611640703,0.29575,0.008829718915904486,1.5083577594473274,1.654759611537088,37.75406367523972,17.670148721808374,5,outside_nominal_optimistic_hz;long_relative_to_circular_transit,
287148041,2,4.847667316889337,1326.45349140703,0.29575,0.009210070388161984,1.540502463550953,1.6543613056745745,37.56798842575621,18.490697667298026,4,outside_nominal_optimistic_hz;long_relative_to_circular_transit,
287148041,3,4.846521302355188,1330.15036640703,0.29575,0.011147671675768647,1.6948177632158505,1.6548829160414107,42.5264722167506,9.258677462485384,5,outside_nominal_optimistic_hz;long_relative_to_circular_transit,
287148041,4,4.848822037867689,1328.7945747757356,0.29575,0.012801431485846528,1.816185443782051,1.6538360234887297,45.151509102100164,24.211393136474587,5,odd_even_discrepancy;outside_nominal_optimistic_hz;long_relative_to_circular_transit,
287149955,1,28.93148574409057,1695.235307031415,0.29575,0.000994764779201341,0.6784846302547413,0.29791449637147205,7.269382496783845,-0.5175560235550913,3,long_relative_to_circular_transit;not_recovered_in_final_holdout;inconsistent_holdout_depth_signs,
287149955,2,25.47157728221212,1697.629744531415,0.238875,0.0007365569437698009,0.5838253898298992,0.3530570059408383,5.682650317216753,0.5743356870927774,6,long_relative_to_circular_transit;low_nominal_training_snr;not_recovered_in_final_holdout;inconsistent_holdout_depth_signs,
287149955,3,35.397233735081365,1684.525744531415,0.238875,0.0009652922036256559,0.6683580960803855,0.2276635589791567,6.6371165565132975,0.2584323404530837,3,long_relative_to_circular_transit;low_nominal_training_snr;not_recovered_in_final_holdout,
287149955,4,36.27507859207977,1709.4913670314152,0.057329999999999985,0.0019742404034048203,0.9558281830214828,0.22034750438763978,5.752816590515173,0.6733462849364125,5,low_nominal_training_snr;not_recovered_in_final_holdout,
287254711,1,13.638504273303399,1696.2099419864126,0.29575,0.001243336862525376,0.6276182983983127,0.6346024190024723,6.826334278306482,-0.34940171271310294,3,dominated_by_one_discovery_event;long_relative_to_circular_transit;low_nominal_training_snr;not_recovered_in_final_holdout;inconsistent_holdout_depth_signs,
287254711,2,13.438399967339516,1690.1934769864124,0.03822,0.0023976067750310936,0.8715457124801311,0.6472329692075353,5.467002513283775,-0.6518431514633721,6,low_nominal_training_snr;not_recovered_in_final_holdout;inconsistent_holdout_depth_signs,
287254711,3,19.586596387017178,1691.0670769864125,0.22931999999999997,0.0010817622454147918,0.5854193891305557,0.39166258256573006,4.907676514569804,-0.8559479583898018,4,dominated_by_one_discovery_event;long_relative_to_circular_transit;low_nominal_training_snr;not_recovered_in_final_holdout;inconsistent_holdout_depth_signs,
287254711,4,12.323066747632017,1694.3321569864124,0.027299999999999998,0.0028934122323434667,0.9574284948720573,0.7264944723822829,5.062746692672418,0.07650608077788854,6,low_nominal_training_snr;not_recovered_in_final_holdout;inconsistent_holdout_depth_signs,
287350462,1,7.093919180756535,1354.3552022456436,0.124215,0.0033729280883854347,1.2366640618832128,1.8452995933279295,35.6451137513939,7.966679406282065,27,outside_nominal_optimistic_hz;long_relative_to_circular_transit;inconsistent_holdout_depth_signs,
287350462,2,7.092906808583872,1359.2261017013006,0.124215,0.0038499184093560954,1.3212164185672746,1.845650775045531,35.64044373876783,6.233044750320746,20,outside_nominal_optimistic_hz;long_relative_to_circular_transit,
287350462,3,7.0929142801536855,1359.5773617013006,0.116025,0.0037598380723441334,1.3056680283565067,1.8456481828047584,34.63932371244913,1.893267835030197,20,outside_nominal_optimistic_hz;long_relative_to_circular_transit;not_recovered_in_final_holdout;inconsistent_holdout_depth_signs,
287350462,4,11.96892205030051,1359.8294317013006,0.124215,0.004517389440635225,1.4311724428129249,0.9187030321391523,33.68128317025821,7.258177680688487,14,long_relative_to_circular_transit,
287444500,1,12.858878498611203,1713.267302183479,0.238875,0.0013176307057285361,0.8997799230402057,1.1188769581810596,6.578024765667249,-0.15096789702985078,1,long_relative_to_circular_transit;low_nominal_training_snr;insufficient_holdout_events,
287444500,2,9.37366282006894,1716.5583230168122,0.024499999999999997,0.004723769699113287,1.7036634371453958,1.7054566466080592,5.952691731067108,0.327979844867391,2,outside_nominal_optimistic_hz;low_nominal_training_snr;not_recovered_in_final_holdout;inconsistent_holdout_depth_signs,
287444500,3,12.53658503150407,1717.8339096834789,0.03822,0.002318633772629346,1.193590967611371,1.157392826545471,4.917516501906382,1.749068215415376,1,low_nominal_training_snr;insufficient_holdout_events,
287488930,1,97.74325647389794,1457.496704657964,0.238875,0.0005232625246667753,0.9666836404546537,0.20580081629465402,11.542564321277265,-0.15793342778355643,1,fewer_than_three_discovery_events;dominated_by_one_discovery_event;outside_nominal_optimistic_hz;insufficient_holdout_events,
287488930,2,21.039230348506816,1400.724079657964,0.238875,0.00021901009155843868,0.6253981844770914,1.5953514345747235,10.299791210292625,-0.49734379246822297,10,outside_nominal_optimistic_hz;long_relative_to_circular_transit;not_recovered_in_final_holdout;inconsistent_holdout_depth_signs,
287488930,3,74.88541303303757,1452.9992571579642,0.05095999999999999,0.0005109351874536187,0.9552289130545851,0.29356201446810887,7.830387691296623,-1.590912163033966,3,dominated_by_one_discovery_event;not_recovered_in_final_holdout;inconsistent_holdout_depth_signs,
287488930,4,80.22274220573176,1400.7183921579642,0.29575,0.00024688794143437734,0.664009804523677,0.2678137235369305,8.114939727532576,-0.5979688290323035,2,odd_even_discrepancy;long_relative_to_circular_transit;not_recovered_in_final_holdout;inconsistent_holdout_depth_signs,
288314668,1,31.52897275079354,1696.9807759662478,0.16065000000000002,0.0010522317824990662,0.5844579086509664,0.1883234858208159,8.844571362279643,-2.326286992369539,7,dominated_by_one_discovery_event;outside_nominal_optimistic_hz;long_relative_to_circular_transit;not_recovered_in_final_holdout;inconsistent_holdout_depth_signs,
288314668,2,26.643535940898605,1695.983275966248,0.29575,0.0007067493932891346,0.4789941993912066,0.235719275771469,9.07523494805357,-1.3048394678722783,9,fewer_than_three_discovery_events;dominated_by_one_discovery_event;outside_initial_small_planet_radius_range;long_relative_to_circular_transit;not_recovered_in_final_holdout;inconsistent_holdout_depth_signs,
288314668,3,27.552068352682554,1702.6717759662479,0.29575,0.0005215771388275493,0.4114876505303346,0.22541283245852303,7.41749374341189,-0.8328501886839537,9,outside_initial_small_planet_radius_range;long_relative_to_circular_transit;not_recovered_in_final_holdout;inconsistent_holdout_depth_signs,
288314668,4,26.042915157556727,1686.6698809662478,0.22931999999999997,0.0005871827737704746,0.43660045609642695,0.24299543658375966,7.347139270455057,2.3065208702918123,7,outside_initial_small_planet_radius_range;long_relative_to_circular_transit;not_recovered_in_final_holdout,
288404936,1,4.478997569337328,1738.8594322892754,0.17198999999999998,0.02004916358485789,2.226507741686147,1.7492366316414099,41.243312869120146,14.097638516074282,4,outside_initial_small_planet_radius_range;outside_nominal_optimistic_hz;long_relative_to_circular_transit,
288404936,2,4.479446216867451,1739.2607756460359,0.17198999999999998,0.019339534435767868,2.186749759188088,1.7490030380063242,39.45215176106203,31.646351504134007,4,outside_initial_small_planet_radius_range;outside_nominal_optimistic_hz;long_relative_to_circular_transit,
288404936,3,4.479099164228242,1742.1123575530212,0.17198999999999998,0.017942608243128856,2.106293401947203,1.7491837302799413,36.437821621655026,17.797607361659885,3,outside_initial_small_planet_radius_range;outside_nominal_optimistic_hz;long_relative_to_circular_transit,
288404936,4,4.479290395814189,1742.9313575530211,0.17198999999999998,0.018162932750382367,2.1191859566478746,1.7490841618902546,34.859415638500025,35.42889655517561,4,outside_initial_small_planet_radius_range;outside_nominal_optimistic_hz;long_relative_to_circular_transit,
288452865,1,5.016639013084969,1743.3843310354969,0.22931999999999997,0.0028020542498981256,0.682077721799626,1.0309978139198401,9.167701815338264,-1.2783258182483215,4,long_relative_to_circular_transit;not_recovered_in_final_holdout;inconsistent_holdout_depth_signs,
288452865,2,5.014299721810876,1740.2357310354969,0.29575,0.002496195709331154,0.6437761913952312,1.031639177441906,9.082050977526915,-0.6372241370466202,4,long_relative_to_circular_transit;not_recovered_in_final_holdout;inconsistent_holdout_depth_signs,
288452865,3,5.034477174979588,1740.865906035497,0.17198999999999998,0.002869493554145229,0.6902369777333138,1.0261299832521373,8.30900189239555,1.6960021941332202,4,long_relative_to_circular_transit;not_recovered_in_final_holdout,
288452865,4,3.7675539710534247,1740.605418535497,0.238875,0.0021932300749223053,0.6034449974610544,1.510296570404006,7.911826403132,0.9705206284950936,6,outside_nominal_optimistic_hz;long_relative_to_circular_transit;not_recovered_in_final_holdout,
288507043,1,17.810576796668133,1913.6975435504723,0.12284999999999999,0.005170768135490802,1.3034645003478331,0.5416931637206165,6.305087970059392,-0.15728795336941476,1,fewer_than_three_discovery_events;dominated_by_one_discovery_event;long_relative_to_circular_transit;low_nominal_training_snr;insufficient_holdout_events,
288512235,1,15.079911858314588,1750.217610757245,0.238875,0.0025197893337487068,0.9921430152156546,0.5583888150842591,7.598949949365108,0.0,0,long_relative_to_circular_transit;insufficient_holdout_events,
288512235,2,13.992835062728751,1746.3697982572448,0.24499999999999997,0.0012839537918895002,0.7082178356201465,0.6169654267839886,4.775983392281394,-0.9761035714879004,2,fewer_than_three_discovery_events;dominated_by_one_discovery_event;long_relative_to_circular_transit;low_nominal_training_snr;not_recovered_in_final_holdout;inconsistent_holdout_depth_signs,
288512235,3,6.875688535960996,1742.236683257245,0.057329999999999985,0.00150084521056974,0.7657025871120546,1.5911587851889961,4.003326520657674,0.08175065651132687,4,outside_nominal_optimistic_hz;low_nominal_training_snr;not_recovered_in_final_holdout;inconsistent_holdout_depth_signs,
288516176,1,25.600670236658235,1689.0879040255923,0.124215,0.0005840914330671094,0.6835240029617742,0.5664116839426341,6.902906537285749,1.8224015570847791,4,low_nominal_training_snr;not_recovered_in_final_holdout;inconsistent_holdout_depth_signs,
288516176,2,51.94274187418635,1683.5792190255922,0.238875,0.0006665262541410318,0.7301666320645408,0.22051297899514116,6.814189596133593,-0.6961785803441516,3,dominated_by_one_discovery_event;long_relative_to_circular_transit;low_nominal_training_snr;not_recovered_in_final_holdout,
288516176,3,53.649476649707736,1737.1996027441628,0.22931999999999997,0.0006773238451739499,0.7360571477814734,0.21120944287994334,5.974063318173887,-1.5602545634027125,4,dominated_by_one_discovery_event;outside_nominal_optimistic_hz;long_relative_to_circular_transit;low_nominal_training_snr;not_recovered_in_final_holdout;inconsistent_holdout_depth_signs,
288516176,4,34.93286366357243,1687.6516194108294,0.024499999999999997,0.0012876147149033818,1.014860425306359,0.37424418886650174,5.946442801138481,-1.0319239048303237,3,low_nominal_training_snr;not_recovered_in_final_holdout;inconsistent_holdout_depth_signs,
288634843,1,12.275866948419019,1694.527557966343,0.29575,0.0003746076915286374,0.5854390695516493,1.6886867302107424,16.460463557080015,4.191361559793128,12,outside_nominal_optimistic_hz;long_relative_to_circular_transit;not_recovered_in_final_holdout,
288634843,2,12.261716763416361,1686.553682966343,0.29575,0.0003737817931582304,0.5847933540748085,1.6912855859098266,16.273636735988102,-8.010074612063997,10,odd_even_discrepancy;outside_nominal_optimistic_hz;long_relative_to_circular_transit;not_recovered_in_final_holdout;inconsistent_holdout_depth_signs,
288634843,3,12.27665625245582,1690.4780579663432,0.29575,0.0004076796845537301,0.6107351163182396,1.688541970601626,15.3851311779041,0.11531637198710448,11,outside_nominal_optimistic_hz;long_relative_to_circular_transit;not_recovered_in_final_holdout,
288634843,4,36.84557177389532,1710.816557966343,0.29575,0.0018283761629826058,1.2933799736168876,0.3900362035015608,18.03949400878432,-1.0176829575351165,4,dominated_by_one_discovery_event;long_relative_to_circular_transit;not_recovered_in_final_holdout;inconsistent_holdout_depth_signs,
288953054,1,20.179824053132663,1828.305991640173,0.124215,0.003994228438894795,0.8419569150911534,0.188357372114042,5.853067813775387,-1.9619642106068713,1,fewer_than_three_discovery_events;dominated_by_one_discovery_event;outside_nominal_optimistic_hz;long_relative_to_circular_transit;low_nominal_training_snr;insufficient_holdout_events,
288953054,2,14.281604009567465,1828.4267941401731,0.12284999999999999,0.0034096535385246913,0.7779085490290426,0.2986550117212978,5.651792640126155,-0.07074768721857058,2,fewer_than_three_discovery_events;long_relative_to_circular_transit;low_nominal_training_snr;not_recovered_in_final_holdout;inconsistent_holdout_depth_signs,
288953054,3,9.549055284028258,1825.3189458068398,0.024499999999999997,0.006104113924660724,1.0408418206457355,0.5108090458997187,5.724992481825022,-2.2003734802968786,2,low_nominal_training_snr;not_recovered_in_final_holdout;inconsistent_holdout_depth_signs,
288953054,4,17.217769799754848,1825.8182791401732,0.024499999999999997,0.0064941334785345965,1.0735790396177753,0.23275727305484267,5.096540604112298,-0.8384596574400267,2,low_nominal_training_snr;not_recovered_in_final_holdout;inconsistent_holdout_depth_signs,
289113766,1,5.78024586613887,1496.1005921762776,0.24499999999999997,0.0010395522264484923,0.3520762616329676,0.573428029949872,7.657488132954696,0.5113534220443537,8,outside_initial_small_planet_radius_range;long_relative_to_circular_transit;not_recovered_in_final_holdout;inconsistent_holdout_depth_signs,
289113766,2,12.102176901560288,1502.9076546762776,0.170625,0.0016880020596424239,0.44864215069064006,0.2140865274961843,7.4448325689380574,-1.054848075375902,3,outside_initial_small_planet_radius_range;long_relative_to_circular_transit;not_recovered_in_final_holdout;inconsistent_holdout_depth_signs,
289113766,3,4.691432640617429,1493.518175509611,0.024499999999999997,0.0026422722519481093,0.5613094705064413,0.7574140440341015,5.9520020138578715,-0.48433877951028426,10,low_nominal_training_snr;not_recovered_in_final_holdout,
289113766,4,7.459307801706566,1495.8494671762776,0.09554999999999998,0.002136429948336778,0.504728602380139,0.40814012769390806,6.726677468000805,1.3834797634894183,6,long_relative_to_circular_transit;low_nominal_training_snr;not_recovered_in_final_holdout,
289536553,1,44.193960394644265,1694.7291808578861,0.238875,0.0006016461054800925,0.803536108432661,0.3558046703365178,7.977241371691141,0.6234789359288029,1,long_relative_to_circular_transit;insufficient_holdout_events,
289536553,2,72.12237363734684,1724.4113333578862,0.21658000000000002,0.0007436659929432226,0.8933544468668523,0.18518345901796757,8.878283258387563,-1.44658399276316,1,dominated_by_one_discovery_event;outside_nominal_optimistic_hz;insufficient_holdout_events,
289536553,3,72.3912622264324,1695.3946183578862,0.29575,0.0006816563050234681,0.8552982245997213,0.1842669051587388,8.635591717408245,-0.33911267734816575,1,fewer_than_three_discovery_events;dominated_by_one_discovery_event;outside_nominal_optimistic_hz;long_relative_to_circular_transit;insufficient_holdout_events,
289536553,4,70.76257666907321,1742.4377508578862,0.124215,0.0007624743999855651,0.9045810300336192,0.18994331909891896,6.5628675863951065,0.6896132422315586,2,outside_nominal_optimistic_hz;low_nominal_training_snr;not_recovered_in_final_holdout,
289567943,1,12.38037729624945,1828.388501372885,0.29575,0.00154801113221382,0.7647520147710158,0.9339480278234348,6.436953493369819,3.2903008718751887,4,long_relative_to_circular_transit;low_nominal_training_snr;not_recovered_in_final_holdout,
289567943,2,9.052600140174519,1822.8965786252877,0.1323,0.0014889425608023256,0.7500195125794058,1.4177623290047892,5.436901586561283,0.18192933671693473,8,long_relative_to_circular_transit;low_nominal_training_snr;not_recovered_in_final_holdout;inconsistent_holdout_depth_signs,
289575374,1,5.169026253185484,1358.718639384616,0.088725,0.003098236234587208,0.7354551991812717,0.9488163683186553,9.591633683461724,-0.22628583367625277,4,dominated_by_one_discovery_event;long_relative_to_circular_transit;not_recovered_in_final_holdout;inconsistent_holdout_depth_signs,
289575374,2,3.464154932199527,1355.5707218846158,0.05095999999999999,0.0029392428624905455,0.7163358626167575,1.617822020385894,8.74997570972928,0.33421810750630526,6,outside_nominal_optimistic_hz;long_relative_to_circular_transit;not_recovered_in_final_holdout,
289575374,3,4.617705162808687,1356.5361152179491,0.03266666666666666,0.0038165640807498653,0.8162726351919191,1.1027884749129595,7.530473180451357,1.9924199814481118,4,not_recovered_in_final_holdout,
289575374,4,4.036033751371901,1356.7418918846158,0.03822,0.0038902711786077,0.8241170436576285,1.3196358327086362,8.70752534950261,-1.351039105171617,5,not_recovered_in_final_holdout;inconsistent_holdout_depth_signs,
289589923,1,31.701786484807787,1708.5667591462343,0.29575,0.00045884190626992134,0.45144249184863855,0.22292615028694,7.542602553520832,-3.8429462691524683,3,outside_initial_small_planet_radius_range;long_relative_to_circular_transit;not_recovered_in_final_holdout;inconsistent_holdout_depth_signs,
289589923,2,31.339205173388038,1690.9810091462343,0.29575,0.0003886100035936297,0.4154587257757309,0.22637164572687882,6.624392552475159,-0.10269652709970019,5,dominated_by_one_discovery_event;outside_initial_small_planet_radius_range;long_relative_to_circular_transit;low_nominal_training_snr;not_recovered_in_final_holdout,
289589923,3,22.31771095828968,1694.4901966462344,0.238875,0.00035750058199878284,0.39848251829650033,0.3559643184878383,6.831719487907784,-0.956727433156222,7,outside_initial_small_planet_radius_range;long_relative_to_circular_transit;low_nominal_training_snr;not_recovered_in_final_holdout;inconsistent_holdout_depth_signs,
289589923,4,7.141532399257788,1683.8839191462343,0.17198999999999998,0.0002574232454576267,0.33813862121352717,1.6263628696344852,6.752125408257047,-1.8699137265069055,16,outside_initial_small_planet_radius_range;outside_nominal_optimistic_hz;long_relative_to_circular_transit;low_nominal_training_snr;not_recovered_in_final_holdout;inconsistent_holdout_depth_signs,
289719891,1,4.203995077580563,1413.9343346875844,0.17198999999999998,0.006178673932024235,1.0729296305447584,1.3710281720323743,24.77146192849378,-5.019292456149384,6,long_relative_to_circular_transit;not_recovered_in_final_holdout;inconsistent_holdout_depth_signs,
289719891,2,4.197055157388657,1412.3618546875844,0.17198999999999998,0.006085010549473461,1.0647662296792484,1.374051703829889,22.887914929686122,3.6098265704183374,5,long_relative_to_circular_transit;not_recovered_in_final_holdout,
289719891,3,3.6769572336206675,1413.9261446875844,0.17198999999999998,0.005677391407213172,1.0284851343947565,1.6391217221343093,20.85007847116374,3.936565313427563,7,outside_nominal_optimistic_hz;long_relative_to_circular_transit;not_recovered_in_final_holdout,
289719891,4,4.205751809860793,1413.3865146875844,0.16562,0.005712463622317575,1.031656988591763,1.3702646583595393,21.19266247105652,7.662068830115512,5,long_relative_to_circular_transit,
289909994,1,12.151157624871862,1816.2336107989372,0.17198999999999998,0.0035644953831415393,0.8344927841308994,0.36397913429475504,6.289679124078648,3.20777528362249,12,dominated_by_one_discovery_event;long_relative_to_circular_transit;low_nominal_training_snr;not_recovered_in_final_holdout,
289909994,2,14.139874357486226,1825.739284005595,0.238875,0.002501582897083744,0.6990866470463758,0.2973760303858454,4.991360159387494,0.23561604152427235,8,fewer_than_three_discovery_events;long_relative_to_circular_transit;low_nominal_training_snr;not_recovered_in_final_holdout,
289909994,3,14.761765267085114,1819.977846505595,0.29575,0.0022089627607112714,0.6569279721947205,0.28079042893041567,5.003927111366823,-0.37570156073429656,12,dominated_by_one_discovery_event;long_relative_to_circular_transit;low_nominal_training_snr;not_recovered_in_final_holdout;inconsistent_holdout_depth_signs,
289922302,1,11.751142463244847,1827.046029223292,0.29575,0.0014591182747215633,0.9260017568036037,1.1943685013395584,10.82111369760112,1.3765251515353054,8,long_relative_to_circular_transit;not_recovered_in_final_holdout,
289922302,2,17.681364335911244,1826.5341542232918,0.29575,0.0013827274785132388,0.9014359186230282,0.6927195306257521,9.02775367644776,0.7666072582456667,6,long_relative_to_circular_transit;not_recovered_in_final_holdout;inconsistent_holdout_depth_signs,
289922302,3,11.769076678318186,1820.823904223292,0.29575,0.0017400555147927244,1.0112257367851776,1.1919424124525893,10.507573260905373,-0.2702376521786665,8,long_relative_to_circular_transit;not_recovered_in_final_holdout;inconsistent_holdout_depth_signs,
289922302,4,17.04300102456264,1816.277089223292,0.16562,0.001524987282261369,0.9466723075709486,0.7275291011423548,6.5974780002092315,0.4618170429654523,5,dominated_by_one_discovery_event;long_relative_to_circular_transit;low_nominal_training_snr;not_recovered_in_final_holdout;inconsistent_holdout_depth_signs,
289972535,1,9.964247909929142,1821.7220299148153,0.29575,0.009888967959549825,2.69302728434046,1.745233542041862,247.37476396787426,170.7024838184956,13,outside_initial_small_planet_radius_range;outside_nominal_optimistic_hz;long_relative_to_circular_transit,
289972535,2,11.071263361456992,1825.0492174148153,0.238875,0.011131458040910168,2.8572043022748894,1.5165265143175062,233.96092532256952,276.4498057900285,10,outside_initial_small_planet_radius_range;outside_nominal_optimistic_hz;long_relative_to_circular_transit,
289972535,3,9.960238387511234,1819.5266549148153,0.29575,0.013278052981908704,3.120559496249599,1.7461703365478933,247.71059174218388,-46.67709415192153,9,odd_even_discrepancy;outside_initial_small_planet_radius_range;outside_nominal_optimistic_hz;long_relative_to_circular_transit;not_recovered_in_final_holdout;inconsistent_holdout_depth_signs,
289972535,4,13.285591984997884,1817.297154914815,0.29575,0.010055718122986619,2.7156376055016285,1.1892460089480532,232.54472564757376,157.66947923203654,11,odd_even_discrepancy;outside_initial_small_planet_radius_range;long_relative_to_circular_transit,
290183543,1,25.843711773351902,1515.85588172433,0.29575,0.0007032512490277759,0.49807792121258093,0.26126124557817476,7.230170479730716,-1.4783584496839435,8,dominated_by_one_discovery_event;outside_initial_small_planet_radius_range;long_relative_to_circular_transit;not_recovered_in_final_holdout;inconsistent_holdout_depth_signs,
290183543,2,27.465456145111947,1503.22963172433,0.29575,0.000790047371458455,0.5279205902420717,0.24089757228434497,7.838770035894894,0.08899629481765681,7,long_relative_to_circular_transit;not_recovered_in_final_holdout;inconsistent_holdout_depth_signs,
290183543,3,13.473687530559124,1498.3554442243299,0.238875,0.0004588042817051075,0.4023053108815759,0.6226340725692093,6.631706084506233,0.11203199519008114,12,outside_initial_small_planet_radius_range;long_relative_to_circular_transit;low_nominal_training_snr;not_recovered_in_final_holdout;inconsistent_holdout_depth_signs,
290183543,4,11.619390869558185,1500.1397267243299,0.12284999999999999,0.0004960281985403407,0.41830708247022563,0.7585258101937223,5.22248506339036,0.2063877575845047,16,outside_initial_small_planet_radius_range;long_relative_to_circular_transit;low_nominal_training_snr;not_recovered_in_final_holdout,
290305163,1,8.424495802325094,1331.5498362472263,0.29575,0.0014557800184334141,0.6957896046832347,1.3654033788019493,5.104953954783813,2.2392236094953364,5,long_relative_to_circular_transit;low_nominal_training_snr;not_recovered_in_final_holdout,
290408720,1,4.784186084763751,1628.839553549153,0.08599499999999999,0.0052686255219580504,1.2127008563462551,1.6801878799903245,20.433695473328644,2.048529708846299,15,outside_nominal_optimistic_hz;long_relative_to_circular_transit;not_recovered_in_final_holdout,
290408720,2,7.437293246081137,1630.1704285491528,0.08599499999999999,0.005538295119516475,1.243349046776977,0.9330008901297697,17.699240153202144,-2.303728064862939,8,long_relative_to_circular_transit;not_recovered_in_final_holdout;inconsistent_holdout_depth_signs,
290408720,3,6.370590439548343,1630.7273485491528,0.08599499999999999,0.005206165439965835,1.205491079570449,1.1469091520375438,17.295921730632127,1.51602356593477,13,long_relative_to_circular_transit;not_recovered_in_final_holdout,
290408720,4,4.515263827628835,1628.8518385491527,0.08599499999999999,0.004876897906708301,1.166747423866721,1.8149211315985097,17.055727040208662,4.416688946743115,16,outside_nominal_optimistic_hz;long_relative_to_circular_transit;not_recovered_in_final_holdout;inconsistent_holdout_depth_signs,
290647853,1,10.538066810090298,1328.198995615005,0.238875,0.0023288018217292594,0.6481640884829429,0.3815602477343827,8.632932455952949,0.257748558168035,9,long_relative_to_circular_transit;not_recovered_in_final_holdout;inconsistent_holdout_depth_signs,
290647853,2,13.901035541620507,1339.045058115005,0.29575,0.0031780490118168505,0.7571797566665663,0.26374334742785943,7.723990332402195,0.18094851136941062,8,fewer_than_three_discovery_events;dominated_by_one_discovery_event;long_relative_to_circular_transit;not_recovered_in_final_holdout,
290647853,3,12.842570530790564,1338.2802859307267,0.29575,0.002466560260261333,0.6670594856680768,0.29311751685608356,6.813551217927974,0.6166116109378225,7,long_relative_to_circular_transit;low_nominal_training_snr;not_recovered_in_final_holdout;inconsistent_holdout_depth_signs,
290647853,4,17.006230160286716,1332.712698619626,0.16243500000000002,0.0022281941691845554,0.6340086978283542,0.20157359851631618,6.013412666670636,0.039765690087729066,6,outside_nominal_optimistic_hz;long_relative_to_circular_transit;low_nominal_training_snr;not_recovered_in_final_holdout,
290777240,1,5.254536680844532,1329.2806107672363,0.29575,0.0023081465821024713,0.7921769981732393,1.6774935817550083,32.15787709288265,24.4174614671109,30,outside_nominal_optimistic_hz;long_relative_to_circular_transit,
290777240,2,5.237598924270664,1329.4626107672361,0.29575,0.0031669817455860054,0.9279259391483317,1.6847305571656972,34.170169412008086,-2.9796456443389046,32,outside_nominal_optimistic_hz;long_relative_to_circular_transit;not_recovered_in_final_holdout;inconsistent_holdout_depth_signs,
290777240,3,5.237543528496446,1328.3933607672363,0.29575,0.002452717788320976,0.816609307261623,1.6847543156617855,32.893075073039775,-4.1513289915992635,32,outside_nominal_optimistic_hz;long_relative_to_circular_transit;not_recovered_in_final_holdout;inconsistent_holdout_depth_signs,
290777240,4,5.25462041880536,1328.1999857672363,0.29575,0.0038595376948463984,1.0243731309459712,1.6774579383256571,37.563337694946846,24.094780289865415,32,outside_nominal_optimistic_hz;long_relative_to_circular_transit,
290949039,1,6.896345905529295,1902.6441470663513,0.057329999999999985,0.006336330361026749,1.2256080548681458,0.9580934377481223,8.26571543761577,1.0532146397339046,1,insufficient_holdout_events,
290949039,2,4.244106631157254,1901.2661270663514,0.06615,0.00464371036478038,1.0492168645131272,1.8302828007675382,8.086106006827604,2.496737389477614,2,outside_nominal_optimistic_hz;long_relative_to_circular_transit;not_recovered_in_final_holdout,
290949039,3,7.439004317482166,1900.2069395663514,0.08599499999999999,0.0047562214226009175,1.061851372587768,0.8660577121066904,7.134310426342279,1.2530002509440912,1,long_relative_to_circular_transit;insufficient_holdout_events,
290949039,4,7.6924709872683685,1902.3479420663514,0.07643999999999998,0.004684631738389819,1.053829686744723,0.8282194496630095,6.804492278665765,1.440290606861842,2,long_relative_to_circular_transit;low_nominal_training_snr;not_recovered_in_final_holdout,
293162811,1,14.454059684035695,1361.393742754578,0.29575,0.001708548524845472,0.8621058933020427,0.6258952936101697,8.405008106304726,0.6868021214628913,9,long_relative_to_circular_transit;not_recovered_in_final_holdout,
293162811,2,15.545862030106278,1364.0154527545778,0.057329999999999985,0.0025016611394408144,1.0431846696730176,0.5679826445386955,5.729930103724331,-0.22856365286247898,7,low_nominal_training_snr;not_recovered_in_final_holdout,
293162811,3,16.893524344179063,1364.0789252545778,0.08599499999999999,0.001746142530332677,0.8715389485650111,0.508387029110649,5.574670382037402,-0.29667938011315126,5,low_nominal_training_snr;not_recovered_in_final_holdout;inconsistent_holdout_depth_signs,
293162811,4,28.277011804433556,1359.560092754578,0.057329999999999985,0.00247789097233533,1.0382167989227131,0.2558056465206514,5.085332393931162,0.45687334246941713,4,low_nominal_training_snr;not_recovered_in_final_holdout;inconsistent_holdout_depth_signs,
293164461,1,5.487581901145562,1386.5003239886453,0.29575,0.025777507327995944,3.1031824726461896,1.6536772516046583,149.42908860564734,59.7066149770843,12,outside_initial_small_planet_radius_range;outside_nominal_optimistic_hz;long_relative_to_circular_transit,
293164461,2,5.487501082030733,1389.2530739886452,0.29575,0.027813596525705073,3.22340911230167,1.6537097251738961,155.86612207314656,71.57692231736556,13,outside_initial_small_planet_radius_range;outside_nominal_optimistic_hz;long_relative_to_circular_transit,
293164461,3,5.487746987860402,1387.3875739886453,0.29575,0.02782344280297571,3.2239796205314217,1.6536109223134334,158.7797138634356,57.98988851650169,10,odd_even_discrepancy;outside_initial_small_planet_radius_range;outside_nominal_optimistic_hz;long_relative_to_circular_transit,
293164461,4,5.487628021649716,1391.0503239886452,0.29575,0.031147843949002444,3.411150251210761,1.6536587206300328,164.3459489811221,66.88930815183639,12,outside_initial_small_planet_radius_range;outside_nominal_optimistic_hz;long_relative_to_circular_transit,
293686825,1,6.499576654222157,1714.121578321771,0.29575,0.004180259630822974,1.0872663236539002,1.1888702756186542,16.504471170455467,-3.3654444482393027,7,long_relative_to_circular_transit;not_recovered_in_final_holdout;inconsistent_holdout_depth_signs,
293686825,2,6.499230919603359,1715.236328321771,0.29575,0.004441387607921858,1.120711031502452,1.18895460093054,17.27071615848101,-3.0870368884554327,5,long_relative_to_circular_transit;not_recovered_in_final_holdout;inconsistent_holdout_depth_signs,
293686825,3,6.494295735827025,1712.0172033217711,0.29575,0.005518168074032962,1.2491994107804405,1.19015944340386,18.750788348871332,0.5107268321206101,6,long_relative_to_circular_transit;not_recovered_in_final_holdout,
293686825,4,6.496038452589104,1713.109203321771,0.29575,0.0046200032488760414,1.1430242625040408,1.189733744349907,17.74707505465147,4.790535767310236,7,long_relative_to_circular_transit;not_recovered_in_final_holdout,
294093302,1,40.516522915950574,1356.8870518267945,0.29575,0.0004952218127040664,0.6658310337470447,0.30013551156761376,8.399140937842489,-2.10240575092602,4,long_relative_to_circular_transit;not_recovered_in_final_holdout;inconsistent_holdout_depth_signs,
294093302,2,54.04463315927703,1383.4931768267945,0.29575,0.0005905033025076046,0.7270684775930898,0.20440436975501972,8.04982058921537,0.5219518927571579,1,outside_nominal_optimistic_hz;long_relative_to_circular_transit;insufficient_holdout_events,
294093302,3,36.20368375675824,1383.9743393267945,0.16243500000000002,0.0003825453715014569,0.5852017638283157,0.34873049278421253,6.721451995941865,2.6094684222535367,3,dominated_by_one_discovery_event;low_nominal_training_snr;not_recovered_in_final_holdout,
294093302,4,60.5816578268557,1405.4412393267944,0.238875,0.0005947773985097176,0.7296950146037857,0.1755383729996992,7.387150980956338,1.5366850873118074,3,outside_nominal_optimistic_hz;long_relative_to_circular_transit;not_recovered_in_final_holdout,
295017824,1,18.68753323198244,1695.9580712746763,0.238875,0.005184739779367123,1.1086543937294546,0.30252313066847325,7.03837619970705,0.38589452291316984,3,long_relative_to_circular_transit;not_recovered_in_final_holdout,
295017824,2,20.371322360365266,1684.4740987746763,0.17198999999999998,0.006915159638293531,1.2803650348577553,0.2696511406589396,7.220127721957831,-1.828431646589418,2,long_relative_to_circular_transit;not_recovered_in_final_holdout;inconsistent_holdout_depth_signs,
295017824,3,24.74185739590764,1695.6393437746763,0.03822,0.01547731612558073,1.9154928138028966,0.208090134433634,6.889987365724158,-0.35919844945452256,2,outside_nominal_optimistic_hz;low_nominal_training_snr;not_recovered_in_final_holdout;inconsistent_holdout_depth_signs,
295017824,4,13.187858876516987,1687.8743837746763,0.017499999999999998,0.016236624847620784,1.9619167660084957,0.48149912459853494,6.319509191707893,1.9120262008372952,2,fewer_than_three_discovery_events;dominated_by_one_discovery_event;low_nominal_training_snr;not_recovered_in_final_holdout,
295798308,1,10.187650119935798,1547.2922570379694,0.238875,0.002737879406966217,1.1713174313519037,1.4246029332442955,7.740326752213745,,0,long_relative_to_circular_transit;insufficient_holdout_events,
295798308,2,20.9492239647828,1546.2286945379694,0.29575,0.003084891393114087,1.2433327926845454,0.5447977136649765,6.52078928818634,,0,long_relative_to_circular_transit;low_nominal_training_snr;insufficient_holdout_events,
295798308,3,10.44719377788788,1544.9358120379693,0.124215,0.0030289297788080294,1.232003811184346,1.377610134505081,6.220969381784879,,0,long_relative_to_circular_transit;low_nominal_training_snr;insufficient_holdout_events,
295798308,4,12.007687457543476,1549.3909445379693,0.29575,0.002099154450129115,1.0256274735608557,1.144230084533426,5.829495874392887,,0,dominated_by_one_discovery_event;long_relative_to_circular_transit;low_nominal_training_snr;insufficient_holdout_events,
295893467,1,9.017987257976312,1689.134907769072,0.16562,0.006691433582139311,1.420267986258558,0.8956117205112538,12.97735961197641,3.207773441931503,1,long_relative_to_circular_transit;insufficient_holdout_events,
295893467,2,5.330985880947859,1687.055785269072,0.124215,0.006393664049278046,1.3883073358882092,1.8051884594640304,12.241269284655942,2.3289046551244863,3,outside_nominal_optimistic_hz;long_relative_to_circular_transit;not_recovered_in_final_holdout,
295893467,3,7.79965675046427,1686.619667769072,0.17198999999999998,0.005826797427491973,1.3253350147809777,1.0868391415307948,11.642181165533374,1.9864750062444037,1,long_relative_to_circular_transit;insufficient_holdout_events,
295893467,4,6.976420491370257,1684.997365269072,0.124215,0.00639642134735839,1.388606660696589,1.2611180048186106,11.001014036102713,0.5902154789951394,2,long_relative_to_circular_transit;not_recovered_in_final_holdout,
297823453,1,8.460139168697829,1818.3328442222823,0.29575,0.0029413904996911607,1.1430026557140054,1.4109938730334615,18.74633560455549,-2.7508612441862157,12,long_relative_to_circular_transit;not_recovered_in_final_holdout;inconsistent_holdout_depth_signs,
297823453,2,8.47472580901517,1822.3595942222823,0.29575,0.003055307957778429,1.1649261447995387,1.4077566782418183,20.188188960786142,-9.967079391374856,9,long_relative_to_circular_transit;not_recovered_in_final_holdout;inconsistent_holdout_depth_signs,
297823453,3,8.469653434020655,1820.2552192222822,0.29575,0.0034932201883331846,1.2456151376871134,1.4088809088025473,19.180978737259085,2.2183833206232633,10,long_relative_to_circular_transit;not_recovered_in_final_holdout,
297823453,4,8.451206847347365,1816.4332192222823,0.29575,0.0032970305223136405,1.2101309837512044,1.412982649399826,20.431360615631636,-4.461901582164579,10,long_relative_to_circular_transit;not_recovered_in_final_holdout;inconsistent_holdout_depth_signs,
297905922,1,11.28179820033907,1817.9231645451196,0.29575,0.0028703073941083136,0.7078857386855388,0.3507582321649572,6.5434712204998595,-1.2812304038178144,9,dominated_by_one_discovery_event;long_relative_to_circular_transit;low_nominal_training_snr;not_recovered_in_final_holdout;inconsistent_holdout_depth_signs,
298160985,1,7.18076228588904,1684.9365088019,0.088725,0.011852738560165865,1.9021419471206946,1.3268267655143342,48.86042963623924,33.06144575901902,10,long_relative_to_circular_transit,
298160985,2,6.031815219291673,1684.6525888019,0.124215,0.010867860801290999,1.8214011398602235,1.6740853095450743,51.72868443187108,49.37207527718765,15,odd_even_discrepancy;outside_nominal_optimistic_hz;long_relative_to_circular_transit,
298160985,3,6.031810199315765,1685.5143588019,0.11245500000000001,0.010856912135406321,1.8204834368290168,1.6740871672226891,52.0051430769714,47.78770307294225,14,outside_nominal_optimistic_hz;long_relative_to_circular_transit,
298160985,4,6.0318264089217175,1686.6589113019,0.11465999999999998,0.01095911991439584,1.829032446998345,1.6740811687562613,51.64819215770764,45.13953575628837,14,outside_nominal_optimistic_hz;long_relative_to_circular_transit,
298265889,1,27.710477724859373,1735.4171522632769,0.29575,0.0014152630166837407,0.7065788175757289,0.25256743293958284,6.541282573305817,-1.3669299349369721,5,dominated_by_one_discovery_event;odd_even_discrepancy;long_relative_to_circular_transit;low_nominal_training_snr;not_recovered_in_final_holdout;inconsistent_holdout_depth_signs,
298265889,2,33.12739579398988,1715.340277263277,0.29575,0.0015783173617832998,0.7461724354315471,0.19906105684746522,6.727570164554971,-0.25397176851281256,3,outside_nominal_optimistic_hz;long_relative_to_circular_transit;low_nominal_training_snr;not_recovered_in_final_holdout;inconsistent_holdout_depth_signs,
298265889,3,30.019757498931607,1731.3678797632767,0.088725,0.0026546686929228977,0.9677143891969489,0.22700031575508228,6.732436688030608,0.5864948849212346,5,dominated_by_one_discovery_event;low_nominal_training_snr;not_recovered_in_final_holdout;inconsistent_holdout_depth_signs,
298265889,4,33.403519727337155,1718.384227263277,0.12739999999999999,0.0023666301882612393,0.9137075944963391,0.19687008392716845,6.13592278909686,0.2567209858116858,5,outside_nominal_optimistic_hz;long_relative_to_circular_transit;low_nominal_training_snr;not_recovered_in_final_holdout;inconsistent_holdout_depth_signs,
298336896,1,5.645134640004344,1984.9775187848968,0.170625,0.0041885335205099315,0.883394311770359,0.9892417599930782,9.970292377073749,0.7728390287002634,1,dominated_by_one_discovery_event;long_relative_to_circular_transit;insufficient_holdout_events,
298336896,2,5.875593505330126,1985.0798937848967,0.170625,0.004506713685997398,0.9163335435676364,0.9378481471643827,10.370861280846759,0.47906732103587196,1,dominated_by_one_discovery_event;long_relative_to_circular_transit;insufficient_holdout_events,
298336896,3,4.41619164806002,1986.422143784897,0.170625,0.004909657216756633,0.9564211833428703,1.372369206780138,9.392500714563912,2.6395507250001424,2,dominated_by_one_discovery_event;long_relative_to_circular_transit;not_recovered_in_final_holdout,
298336896,4,4.398325956141866,1984.6667537848969,0.08599499999999999,0.004224576776418312,0.8871870714324339,1.3798068574843834,8.243999112671746,10.043681038787845,2,long_relative_to_circular_transit,
300577723,1,4.808598130638089,1328.786637115651,0.12284999999999999,0.0038385467112881507,0.8998055005241034,1.4951304720682215,7.114758676426117,-0.6127089129579392,4,dominated_by_one_discovery_event;long_relative_to_circular_transit;not_recovered_in_final_holdout;inconsistent_holdout_depth_signs,
300577723,2,5.181734946716974,1325.5453454489843,0.024499999999999997,0.006731174856791615,1.1915455935980692,1.3533292796462015,5.632519717766546,0.8384628896067472,4,low_nominal_training_snr;not_recovered_in_final_holdout,
301894987,1,13.38204611404341,1629.4836877010327,0.238875,0.00260494157448627,0.8861550272519894,0.5380441767774067,6.108653062620988,0.6538676494358765,2,fewer_than_three_discovery_events;dominated_by_one_discovery_event;long_relative_to_circular_transit;low_nominal_training_snr;not_recovered_in_final_holdout;inconsistent_holdout_depth_signs,
301894987,2,12.573079539335689,1638.0864674830766,0.03822,0.005010347472737903,1.2289794893347508,0.584690109665592,6.0200526053867796,0.0,0,low_nominal_training_snr;insufficient_holdout_events,
301894987,3,5.425790652985878,1634.7369674830766,0.024499999999999997,0.0032167706848152235,0.9847381496983261,1.7929324222743968,4.538136373068735,1.1205169931636454,4,outside_nominal_optimistic_hz;low_nominal_training_snr;not_recovered_in_final_holdout,
301894987,4,12.243275555182285,1630.7634699830767,0.08599499999999999,0.003098694213859536,0.9664960260666973,0.6057840011987246,4.451825487669818,0.7033908208170307,2,long_relative_to_circular_transit;low_nominal_training_snr;not_recovered_in_final_holdout,
302444623,1,27.187922772524402,1544.6432482335122,0.29575,0.0021949009401807562,0.8697010039533052,0.27036910715252105,18.27503015067429,-0.48828491632170173,3,dominated_by_one_discovery_event;odd_even_discrepancy;long_relative_to_circular_transit;not_recovered_in_final_holdout;inconsistent_holdout_depth_signs,
302444623,2,20.052723805267146,1557.917980765353,0.29575,0.000958537216981148,0.5747341445891536,0.4057208009719521,9.072409884071588,1.434213211665114,7,dominated_by_one_discovery_event;long_relative_to_circular_transit;not_recovered_in_final_holdout,
302444623,3,17.87572927820561,1546.213105765353,0.29575,0.0007243399271380229,0.49961299014608546,0.4729044622582031,8.426270306454452,-3.5409788106711417,6,outside_initial_small_planet_radius_range;long_relative_to_circular_transit;not_recovered_in_final_holdout;inconsistent_holdout_depth_signs,
302444623,4,21.40115119926715,1563.268098265353,0.08599499999999999,0.0011856911400103024,0.6392169704590979,0.37199941474373005,6.759352633449068,-0.48887795178612997,6,low_nominal_training_snr;not_recovered_in_final_holdout;inconsistent_holdout_depth_signs,
302554247,1,19.829989243399854,1796.9464205583404,0.17198999999999998,0.0058676392151723504,1.4303469668940394,0.3096328023948171,5.196944908761045,2.04246389381752,1,fewer_than_three_discovery_events;dominated_by_one_discovery_event;long_relative_to_circular_transit;low_nominal_training_snr;insufficient_holdout_events,
302554247,2,11.706141692580545,1796.5123505583404,0.12284999999999999,0.0048490703839578,1.3002861662673677,0.625257005298728,4.80148092952291,1.307870205063544,1,long_relative_to_circular_transit;low_nominal_training_snr;insufficient_holdout_events,
302554247,3,17.00381425309037,1799.4887330583404,0.124215,0.00692877323140744,1.5543108263184113,0.38008593484682696,5.405382486919687,-1.0577869134627764,1,dominated_by_one_discovery_event;odd_even_discrepancy;long_relative_to_circular_transit;low_nominal_training_snr;insufficient_holdout_events,
302554247,4,17.75772657916852,1803.8767530583405,0.170625,0.0052897979188930265,1.358092149805586,0.3587240124158708,4.716687579034246,1.131971846808065,1,fewer_than_three_discovery_events;long_relative_to_circular_transit;low_nominal_training_snr;insufficient_holdout_events,
302923645,1,33.03909663255509,1353.043376093786,0.024499999999999997,0.0060779361912659015,1.6770958416383088,0.23006180415177419,6.326361932052652,0.6349803194519783,2,fewer_than_three_discovery_events;low_nominal_training_snr;not_recovered_in_final_holdout;inconsistent_holdout_depth_signs,
302923645,2,19.43671855317427,1347.4670010937862,0.29575,0.0013913050175178583,0.8024001285708569,0.4667146986370991,6.255688403096016,1.3994939191919782,3,long_relative_to_circular_transit;low_nominal_training_snr;not_recovered_in_final_holdout;inconsistent_holdout_depth_signs,
302923645,3,8.161717246193469,1336.265356093786,0.027299999999999998,0.0025803514189051114,1.0927460423938309,1.4842487097137662,5.439083795935901,0.3291521597260022,9,low_nominal_training_snr;not_recovered_in_final_holdout;inconsistent_holdout_depth_signs,
302923645,4,19.342886178762924,1335.0440427604528,0.017499999999999998,0.005230008349738681,1.5557184600048906,0.46973584839112237,5.610933730911392,-0.21718788620511564,2,fewer_than_three_discovery_events;dominated_by_one_discovery_event;low_nominal_training_snr;not_recovered_in_final_holdout;inconsistent_holdout_depth_signs,
303301402,1,13.25945866361297,1552.8936693457176,0.16562,0.0038934971069088577,0.9266642835104167,0.4045746210226246,17.7797717693454,10.555362946253236,7,fewer_than_three_discovery_events;dominated_by_one_discovery_event;odd_even_discrepancy;long_relative_to_circular_transit,
303301402,2,7.998694790434665,1547.1024293457176,0.29575,0.0028284873844034416,0.7898227139715195,0.7937325555088137,29.323543567380632,37.54547532549123,11,odd_even_discrepancy;long_relative_to_circular_transit,
303301402,3,4.564516018529146,1545.9763043457176,0.29575,0.0031877015607340207,0.8384773273691439,1.676898258171411,36.725101539761425,19.041675384046105,20,outside_nominal_optimistic_hz;long_relative_to_circular_transit,
303301402,4,6.8776549743087445,1544.8160543457175,0.29575,0.003401496081847168,0.8661387795362213,0.9707614330672175,31.57766311200606,37.39707811020061,15,long_relative_to_circular_transit,
303911833,1,25.83384111756935,1349.872492444738,0.29575,0.0032175832264634665,1.1335210044176107,0.2788494268884497,8.900623277578381,-0.241843860560105,4,fewer_than_three_discovery_events;dominated_by_one_discovery_event;long_relative_to_circular_transit;not_recovered_in_final_holdout,
303911833,2,19.505406104774732,1330.4414899447381,0.124215,0.00200415785851207,0.8946035979059448,0.4055848642849485,5.768542014206772,-0.00815834007906709,5,long_relative_to_circular_transit;low_nominal_training_snr;not_recovered_in_final_holdout;inconsistent_holdout_depth_signs,
303911833,3,12.026639044048995,1334.516242444738,0.11465999999999998,0.0015751200621083338,0.7930882379622962,0.7728514623822978,5.697565747523472,0.8933517896813046,6,long_relative_to_circular_transit;low_nominal_training_snr;not_recovered_in_final_holdout,
303911833,4,21.18075927724952,1339.8226799447382,0.170625,0.0019226338236873325,0.8762196061460139,0.3633844754230301,5.14036561636675,3.325619059865553,4,fewer_than_three_discovery_events;long_relative_to_circular_transit;low_nominal_training_snr;not_recovered_in_final_holdout,
305794603,1,30.32546712915552,1743.6238707669877,0.238875,0.0006309534506332494,0.803673906583654,0.6850813153301264,9.337413278782593,0.7719789337564117,5,fewer_than_three_discovery_events;dominated_by_one_discovery_event;long_relative_to_circular_transit;not_recovered_in_final_holdout,
305794603,2,35.39061618918665,1741.9119332669877,0.29575,0.0003369005471049084,0.5872622250272097,0.5575724280445638,6.617765121497467,0.8110056577476907,3,long_relative_to_circular_transit;low_nominal_training_snr;not_recovered_in_final_holdout,
305794603,3,18.92034094411414,1753.4238882669877,0.027299999999999998,0.0010072523618794552,1.015430853929301,1.2850307235887248,6.110274665802211,0.6766157770418831,8,low_nominal_training_snr;not_recovered_in_final_holdout;inconsistent_holdout_depth_signs,
305794603,4,17.03816138028196,1750.7471582669878,0.029399999999999996,0.0008092037891204887,0.9101441080610421,1.4777075270450002,5.670162259515347,0.34356281005637745,6,low_nominal_training_snr;not_recovered_in_final_holdout,
306114021,1,3.2034568129245597,1818.243375737437,0.29575,0.004928163443953704,0.8125722831980687,1.3819872385735446,13.936236291309475,-0.4775210162131669,4,long_relative_to_circular_transit;not_recovered_in_final_holdout;inconsistent_holdout_depth_signs,
306114021,2,3.2512698614171676,1816.958000737437,0.29575,0.004168085233256724,0.7472875531141618,1.3549559395125432,12.704221880235357,0.8065999179498167,4,long_relative_to_circular_transit;not_recovered_in_final_holdout;inconsistent_holdout_depth_signs,
306114021,3,3.2413459764082786,1819.255750737437,0.29575,0.005385461981821254,0.8494365326149956,1.3604899712633232,14.315555281188097,1.1360689140268194,3,long_relative_to_circular_transit;not_recovered_in_final_holdout,
306114021,4,7.983391104361638,1819.281653753217,0.29575,0.006736464926284791,0.9500259746803165,0.40902136117379323,7.917166059524862,0.958802572445698,1,long_relative_to_circular_transit;insufficient_holdout_events,
306262188,1,4.1648403321569605,1766.821664197663,0.08599499999999999,0.011654367897541016,1.5207144049568033,1.4001088816015517,25.496445004530894,27.575028938059074,14,long_relative_to_circular_transit,
306262188,2,3.5248549303469843,1767.468674197663,0.08599499999999999,0.011057358603554307,1.4812521554644298,1.748925414812352,24.135008008605407,-13.727897882191003,16,outside_nominal_optimistic_hz;long_relative_to_circular_transit;not_recovered_in_final_holdout;inconsistent_holdout_depth_signs,
306262188,3,3.5249006709327793,1764.897014197663,0.08599499999999999,0.01074747137643285,1.4603482905919003,1.7488951551606375,24.458013256464607,-15.795392397091955,16,outside_nominal_optimistic_hz;long_relative_to_circular_transit;not_recovered_in_final_holdout;inconsistent_holdout_depth_signs,
306262188,4,3.5225055612854863,1766.514038441578,0.08599499999999999,0.010933169016054766,1.472910401211556,1.7504808712389,24.531970944233308,16.75624717836784,15,outside_nominal_optimistic_hz;long_relative_to_circular_transit,
306357678,1,13.579922781863507,1641.4642021568854,0.29575,0.0020009979685523065,0.9476296518231008,0.8775303878524642,7.238962485883325,1.4968519680853112,1,fewer_than_three_discovery_events;dominated_by_one_discovery_event;long_relative_to_circular_transit;insufficient_holdout_events,
306357678,2,23.61992610475967,1643.8757021568856,0.29575,0.0020513925387916966,0.9594883445731186,0.41952114212191033,7.638975100464162,0.0,0,fewer_than_three_discovery_events;dominated_by_one_discovery_event;long_relative_to_circular_transit;insufficient_holdout_events,
306357678,3,22.272527970207623,1634.9406396568854,0.170625,0.0019167282653036017,0.9274608609200029,0.4536969723760192,6.729705820971055,-0.6550865128291348,1,long_relative_to_circular_transit;low_nominal_training_snr;insufficient_holdout_events,
306357678,4,7.84312040938242,1632.6900871568855,0.05354999999999999,0.0019391489822395203,0.9328695255233134,1.8244839834951914,5.504653337674497,-0.8602524850435199,3,outside_nominal_optimistic_hz;low_nominal_training_snr;not_recovered_in_final_holdout;inconsistent_holdout_depth_signs,
306980405,1,12.762149897192339,1636.9638124876492,0.17198999999999998,0.0026139059810136667,1.0663307574386474,0.8426386819354111,7.635664747313589,-0.09316026233312133,2,long_relative_to_circular_transit;not_recovered_in_final_holdout;inconsistent_holdout_depth_signs,
306980405,2,8.017928335573062,1630.1137874876492,0.05095999999999999,0.0030561681368000723,1.1530166448316772,1.5659946955568613,6.243688861698384,-1.456156876290402,2,outside_nominal_optimistic_hz;low_nominal_training_snr;not_recovered_in_final_holdout;inconsistent_holdout_depth_signs,
306980405,3,14.566563015326901,1638.3724924876492,0.17198999999999998,0.0024878834980571105,1.0403080874558426,0.7064212003062853,6.551472011895735,-3.0989898622223087,2,dominated_by_one_discovery_event;long_relative_to_circular_transit;low_nominal_training_snr;not_recovered_in_final_holdout;inconsistent_holdout_depth_signs,
306980405,4,10.82571747895525,1637.5989924876492,0.031849999999999996,0.0042656429716554905,1.362194763375686,1.0493755188487832,6.348519309577496,-0.5983026339052497,2,low_nominal_training_snr;not_recovered_in_final_holdout;inconsistent_holdout_depth_signs,
307290964,1,10.605763585964796,1358.5839810375487,0.29575,0.003122804465499671,1.5499571799146987,1.85322944043312,67.32276383115448,35.94412447723285,17,outside_nominal_optimistic_hz;long_relative_to_circular_transit,
307290964,2,13.636657856722234,1363.1339810375487,0.29575,0.003668143149083261,1.6798497621480015,1.325484096066211,68.42854520935398,38.61459167298442,14,odd_even_discrepancy;long_relative_to_circular_transit,
307290964,3,13.636886192054847,1360.0854810375488,0.29575,0.0034516485200108164,1.6295233463076817,1.3254545043639139,71.4981093403139,31.62085536009709,13,odd_even_discrepancy;long_relative_to_circular_transit,
307290964,4,13.63392494206289,1357.0824810375489,0.29575,0.0036836484619663865,1.6833963970875565,1.3258383648915755,69.28942766525876,-4.019539832345918,16,long_relative_to_circular_transit;not_recovered_in_final_holdout;inconsistent_holdout_depth_signs,
307438562,1,20.93670885595144,1367.8428827352284,0.29575,0.007833047130499498,1.7589372470659956,0.4105495106723642,21.858047698228592,0.2849714472507346,10,dominated_by_one_discovery_event;long_relative_to_circular_transit;not_recovered_in_final_holdout,
307438562,2,26.467754358138325,1359.0436377352285,0.17198999999999998,0.002525410059526275,0.9987365156779807,0.30034515468171036,8.44282801504348,-1.0960398345056195,9,long_relative_to_circular_transit;not_recovered_in_final_holdout;inconsistent_holdout_depth_signs,
307438562,3,27.198507790099914,1354.5398202352285,0.238875,0.0022539012545918224,0.9435228416107493,0.28963429668181984,8.498325121329753,-0.7052404665008378,5,dominated_by_one_discovery_event;long_relative_to_circular_transit;not_recovered_in_final_holdout;inconsistent_holdout_depth_signs,
307438562,4,25.392548565078524,1360.7717277352283,0.17198999999999998,0.0014124845628966862,0.7469247162849899,0.31742054643908646,4.9955348764050855,-2.764166117340676,10,long_relative_to_circular_transit;low_nominal_training_snr;not_recovered_in_final_holdout;inconsistent_holdout_depth_signs,
307616783,1,12.385468850618508,1842.825758415341,0.12284999999999999,0.0034784047562789865,0.850114800080466,0.36501870101045764,5.070824234039862,-0.3875406198658654,1,fewer_than_three_discovery_events;long_relative_to_circular_transit;low_nominal_training_snr;insufficient_holdout_events,
308664596,1,5.786780746764755,1330.9203322969577,0.29575,0.0013017978540554853,0.48854778497155804,0.8813484659843379,6.222810622519481,-0.40372665784293416,41,outside_initial_small_planet_radius_range;long_relative_to_circular_transit;low_nominal_training_snr;not_recovered_in_final_holdout;inconsistent_holdout_depth_signs,
308664596,2,16.727938375555087,1339.3723817419122,0.16562,0.0030718671847772628,0.7504754505579778,0.21402957882637658,6.502973747398632,-1.2084459655390891,13,long_relative_to_circular_transit;low_nominal_training_snr;not_recovered_in_final_holdout;inconsistent_holdout_depth_signs,
308664596,3,13.77756561469594,1329.5275467419124,0.057329999999999985,0.0045073762638789565,0.9090696936488828,0.27722583872787604,5.746372093708765,0.7900252310343231,20,low_nominal_training_snr;not_recovered_in_final_holdout,
308664596,4,17.213412271307064,1326.1157292419123,0.08599499999999999,0.004794222301155336,0.937549824403263,0.20601921566138684,5.5421409140428235,-0.14389038307546592,12,long_relative_to_circular_transit;low_nominal_training_snr;not_recovered_in_final_holdout;inconsistent_holdout_depth_signs,
309416650,1,6.150099228475201,1816.1966876005422,0.22931999999999997,0.0035692425542203942,0.8611435441020111,0.9245282079091309,6.036285142064858,0.5604447784540756,2,long_relative_to_circular_transit;low_nominal_training_snr;not_recovered_in_final_holdout,
309416650,2,11.217447655133906,1826.106648887327,0.02275,0.011038113462356385,1.5143802808763362,0.41486257760517214,5.263716876715709,0.39148384913124074,1,fewer_than_three_discovery_events;low_nominal_training_snr;insufficient_holdout_events,
309434653,1,24.94016898884445,1601.4806510014052,0.29575,0.0025156037999085543,0.8543961980928122,0.1993075422248268,6.241881053690058,1.4992718440138935,3,fewer_than_three_discovery_events;dominated_by_one_discovery_event;outside_nominal_optimistic_hz;long_relative_to_circular_transit;low_nominal_training_snr;not_recovered_in_final_holdout;inconsistent_holdout_depth_signs,
309434653,2,15.466203273452493,1608.5187234619798,0.088725,0.0031720862514607855,0.9594242248425997,0.3768871273522256,6.09511499280045,-0.41739260257393124,3,long_relative_to_circular_transit;low_nominal_training_snr;not_recovered_in_final_holdout;inconsistent_holdout_depth_signs,
309434653,3,11.219765836142912,1613.02663596198,0.22931999999999997,0.0018034278478372139,0.7234151037926243,0.5781997045473745,5.758952105118605,-0.33899602055019123,8,long_relative_to_circular_transit;low_nominal_training_snr;not_recovered_in_final_holdout;inconsistent_holdout_depth_signs,
309434653,4,10.942025590349258,1602.5244191923866,0.22931999999999997,0.00176285277530645,0.7152307995825914,0.5978505336524969,5.518115160303547,-0.45573712046699155,7,long_relative_to_circular_transit;low_nominal_training_snr;not_recovered_in_final_holdout;inconsistent_holdout_depth_signs,
30943870,1,14.06120704848617,1448.6662134921028,0.238875,0.002791679998883029,0.9000590512409755,0.5117177577588337,10.389723092456322,2.359565575084822,1,long_relative_to_circular_transit;insufficient_holdout_events,
30943870,2,6.072454851849909,1442.6659009921027,0.29575,0.0017003652926859284,0.7024401095761786,1.567622782119966,9.730681716744646,3.5565144917554394,2,outside_nominal_optimistic_hz;long_relative_to_circular_transit;not_recovered_in_final_holdout,
30943870,3,6.679990499825821,1440.1579409921028,0.16562,0.0021351874534750897,0.7871476270220137,1.380467434618564,9.78173310538621,4.157266288213195,2,long_relative_to_circular_transit;not_recovered_in_final_holdout,
30943870,4,6.068388338706457,1438.9296684921028,0.16243500000000002,0.00201878080340642,0.7653899745179208,1.5690235868927218,9.528152177207739,7.709139612252485,2,outside_nominal_optimistic_hz;long_relative_to_circular_transit,
30947458,1,11.255800068439635,1444.6408885569654,0.29575,0.001380272965046379,0.5314560731488207,0.4310847301857311,6.77141041048636,-0.5876252954107786,1,long_relative_to_circular_transit;low_nominal_training_snr;insufficient_holdout_events,
30947458,2,11.14782792203395,1438.6926735569652,0.16562,0.0015877703060005867,0.5700050734801407,0.43666071841231263,6.0757393432209055,-0.6111608803014709,1,long_relative_to_circular_transit;low_nominal_training_snr;insufficient_holdout_events,
30947458,3,4.257810544951365,1440.5861560569654,0.08599499999999999,0.0014940560016852142,0.5529276673080618,1.575733213031473,5.590363588870601,1.2854345473030728,3,outside_nominal_optimistic_hz;long_relative_to_circular_transit;low_nominal_training_snr;not_recovered_in_final_holdout,
30947458,4,9.749033101789514,1442.8700285569653,0.05095999999999999,0.0026915510356539107,0.7421406033132331,0.5221345199437064,5.175681946740617,-1.038226496224369,1,low_nominal_training_snr;insufficient_holdout_events,
309707247,1,4.730035775428417,1843.7958297857235,0.16243500000000002,0.004245869077737727,0.9107660988701588,1.1830461587510492,11.416070967714736,9.747243886346494,4,long_relative_to_circular_transit,
309707247,2,4.724353630457061,1842.8262247857235,0.124215,0.004734848712082197,0.9617819247583603,1.184943726816395,10.835558092978648,-0.19172479011126134,4,long_relative_to_circular_transit;not_recovered_in_final_holdout;inconsistent_holdout_depth_signs,
309707247,3,3.7746718847879337,1843.2905522857236,0.16562,0.003720821144944482,0.8525953401551948,1.5982644833471396,11.076444487872367,-5.385109381260209,5,outside_nominal_optimistic_hz;long_relative_to_circular_transit;not_recovered_in_final_holdout;inconsistent_holdout_depth_signs,
309707247,4,3.7768848185822215,1845.6752072857234,0.17198999999999998,0.00367912193742595,0.8478043652596706,1.597016008928083,10.044693103058044,-5.047351148480318,5,outside_nominal_optimistic_hz;long_relative_to_circular_transit;not_recovered_in_final_holdout;inconsistent_holdout_depth_signs,
309781635,1,26.8743770569935,1347.8006005154039,0.29575,0.001491114560532705,0.7041830455303366,0.28072749893911453,7.790939879489243,-1.033775670391518,7,dominated_by_one_discovery_event;long_relative_to_circular_transit;not_recovered_in_final_holdout;inconsistent_holdout_depth_signs,
309781635,2,30.97784900286944,1337.5232880154038,0.238875,0.0017350270780448142,0.7595969066303673,0.23227429646919906,6.888607870209971,-0.7365519561134526,6,odd_even_discrepancy;long_relative_to_circular_transit;low_nominal_training_snr;not_recovered_in_final_holdout;inconsistent_holdout_depth_signs,
309781635,3,23.618959478496166,1347.4422880154038,0.238875,0.0013926533972152297,0.6805367463100629,0.3334687564109918,6.872753001951354,1.176880620844646,5,long_relative_to_circular_transit;low_nominal_training_snr;not_recovered_in_final_holdout,
309781635,4,20.58494048098784,1333.612440515404,0.07496999999999998,0.0020862471498157746,0.8329385012100443,0.4005622432291639,6.101926163477638,-1.0781579662531688,8,low_nominal_training_snr;not_recovered_in_final_holdout;inconsistent_holdout_depth_signs,
309850275,1,5.773667983900351,1740.4746843882874,0.17198999999999998,0.008851863006588525,1.7568190829339494,1.7699297742649058,51.105318032357914,12.402696390405817,5,outside_nominal_optimistic_hz;long_relative_to_circular_transit,
309850275,2,5.7733670441827485,1738.9103943882874,0.17198999999999998,0.009280050101216204,1.7988081997652727,1.7700527866629723,52.18390180863392,-2.9008948277307494,5,outside_nominal_optimistic_hz;long_relative_to_circular_transit;not_recovered_in_final_holdout;inconsistent_holdout_depth_signs,
309850275,3,5.773896441358375,1742.5652645763194,0.17198999999999998,0.00906642097660873,1.7779831402215325,1.769836399771693,52.02931960124841,22.893976092749067,6,outside_nominal_optimistic_hz;long_relative_to_circular_transit,
309850275,4,6.299586592206642,1740.4604345763194,0.17198999999999998,0.009350821307264877,1.8056541777184503,1.5757078909101054,46.97208787665964,33.891759218790476,5,outside_nominal_optimistic_hz;long_relative_to_circular_transit,
309857585,1,32.620021460082384,1535.4188623866753,0.29575,0.00594536887372538,1.3303321209408314,0.17362524019619083,12.978999964432742,1.917283768449812,5,fewer_than_three_discovery_events;dominated_by_one_discovery_event;odd_even_discrepancy;outside_nominal_optimistic_hz;long_relative_to_circular_transit;not_recovered_in_final_holdout,
309857585,2,28.113476685768045,1543.4341423866751,0.17198999999999998,0.004227735336866452,1.1218235963655983,0.21169264739431454,5.923734203991888,-0.17271982287460588,6,fewer_than_three_discovery_events;long_relative_to_circular_transit;low_nominal_training_snr;not_recovered_in_final_holdout;inconsistent_holdout_depth_signs,
309857585,3,6.0165730391379,1520.0967373866752,0.29575,0.0013338539931718146,0.6301222590975226,1.65371091076006,6.332756398288325,1.9953588344955082,25,outside_nominal_optimistic_hz;long_relative_to_circular_transit;low_nominal_training_snr;not_recovered_in_final_holdout;inconsistent_holdout_depth_signs,
309857585,4,32.242970935331186,1544.926904053342,0.03266666666666666,0.008049408268789915,1.547934759037458,0.17633767637299474,6.266957101310273,0.4248985610033141,6,dominated_by_one_discovery_event;outside_nominal_optimistic_hz;low_nominal_training_snr;not_recovered_in_final_holdout,
310128088,1,27.195395076815235,1518.1520812980405,0.29575,0.004199923209650724,0.9695156634026035,0.17709129840509777,9.070321852123627,1.1316755481973542,3,fewer_than_three_discovery_events;dominated_by_one_discovery_event;outside_nominal_optimistic_hz;long_relative_to_circular_transit;not_recovered_in_final_holdout,
310128088,2,5.559044778165151,1523.9380872999734,0.04094999999999999,0.0022423307681500833,0.7084088742914505,1.4707002136818894,5.489189459154508,-0.43124109229869045,13,low_nominal_training_snr;not_recovered_in_final_holdout;inconsistent_holdout_depth_signs,
310128088,3,7.654199615528034,1524.0227172999735,0.14994000000000002,0.001325957995764085,0.54475225688754,0.9601181355974686,5.269083142211668,-4.096986514427996,11,long_relative_to_circular_transit;low_nominal_training_snr;not_recovered_in_final_holdout;inconsistent_holdout_depth_signs,
310128088,4,7.707016362448984,1520.2102722999734,0.05095999999999999,0.0023075606855280434,0.7186388976756893,0.9513551581600098,5.695589766912369,1.6317712854503283,10,low_nominal_training_snr;not_recovered_in_final_holdout,
310657449,1,14.762750362913364,1637.95976986583,0.29575,0.0026045069538669255,1.0421205378721186,0.6197400855218193,8.351959368188362,-1.5043970778118798,2,dominated_by_one_discovery_event;long_relative_to_circular_transit;not_recovered_in_final_holdout;inconsistent_holdout_depth_signs,
310657449,2,14.232550577782186,1628.78583236583,0.238875,0.0022237518791465853,0.9629380730113011,0.6507122378747456,6.774859269614797,0.0,0,long_relative_to_circular_transit;low_nominal_training_snr;insufficient_holdout_events,
310657449,3,10.666347784668519,1634.767356417253,0.057329999999999985,0.0031982208874681067,1.154807037796883,0.955898181748141,5.498912770824766,0.847089895224655,1,low_nominal_training_snr;insufficient_holdout_events,
310657449,4,12.655445694659212,1636.622391417253,0.03822,0.004163272123968362,1.317566650258576,0.7610199283794421,5.387356551217123,-1.4309448320073863,2,low_nominal_training_snr;not_recovered_in_final_holdout;inconsistent_holdout_depth_signs,
310836370,1,12.891224558090071,1828.980576541273,0.29575,0.0020319140058214914,1.171502465056494,1.3215692958931127,11.78551524631743,2.6237862361001834,1,fewer_than_three_discovery_events;dominated_by_one_discovery_event;odd_even_discrepancy;long_relative_to_circular_transit;insufficient_holdout_events,
310836370,2,20.20940156690178,1836.343165300171,0.29575,0.000987436068364375,0.8166670588610939,0.725678462120499,7.734084940885082,0.9700013789924773,2,long_relative_to_circular_transit;not_recovered_in_final_holdout;inconsistent_holdout_depth_signs,
310836370,3,12.876236501575875,1826.7971955540663,0.238875,0.0007900903598097605,0.7305146439248532,1.3236207852945814,7.059310473094702,-0.9039628501027301,4,long_relative_to_circular_transit;not_recovered_in_final_holdout;inconsistent_holdout_depth_signs,
310836370,4,12.489254346463936,1828.9736880540663,0.22931999999999997,0.0011992378864344073,0.9000014621259023,1.3785848178249491,5.890402599671743,-1.4854397639292498,4,dominated_by_one_discovery_event;long_relative_to_circular_transit;low_nominal_training_snr;not_recovered_in_final_holdout;inconsistent_holdout_depth_signs,
310995878,1,14.923242906043598,1720.4510441037723,0.170625,0.007113082898318502,1.6485250614256075,0.6218767978421919,9.95150771569241,-0.6796366969654716,2,fewer_than_three_discovery_events;dominated_by_one_discovery_event;long_relative_to_circular_transit;not_recovered_in_final_holdout;inconsistent_holdout_depth_signs,
310995878,2,22.277681368895472,1721.5202941037724,0.238875,0.005439083865759371,1.441549289514943,0.3644981375975692,6.728237788099288,-0.2650648284359007,2,fewer_than_three_discovery_events;dominated_by_one_discovery_event;long_relative_to_circular_transit;low_nominal_training_snr;not_recovered_in_final_holdout;inconsistent_holdout_depth_signs,
311931991,1,14.496445738868747,1767.371724497535,0.017499999999999998,0.0018326375772822693,0.8133943093908301,0.683384982929747,5.680812389297106,-1.2294019205975615,1,low_nominal_training_snr;insufficient_holdout_events,
311931991,2,7.0663489054819975,1767.813156164202,0.17198999999999998,0.00044385079522354676,0.4002960800185307,1.781369616505065,5.084880290284677,-0.1608214599224679,2,outside_initial_small_planet_radius_range;outside_nominal_optimistic_hz;long_relative_to_circular_transit;low_nominal_training_snr;not_recovered_in_final_holdout;inconsistent_holdout_depth_signs,
311931991,3,11.68704630384103,1772.8643911642018,0.017499999999999998,0.0021870312066231408,0.8885672984504751,0.9107680574423089,5.679768495719144,0.0,0,fewer_than_three_discovery_events;low_nominal_training_snr;insufficient_holdout_events,
311931991,4,11.31310696228618,1766.535516164202,0.17198999999999998,0.0006760262410423024,0.4940200930050692,0.951126508327497,5.814483878950891,-3.176481618144748,2,outside_initial_small_planet_radius_range;long_relative_to_circular_transit;low_nominal_training_snr;not_recovered_in_final_holdout;inconsistent_holdout_depth_signs,
312546580,1,18.237169625534786,1772.7516874576431,0.238875,0.012483679745532933,2.269330976876984,0.49782825213712656,15.695324592465802,3.233440398219257,1,dominated_by_one_discovery_event;odd_even_discrepancy;outside_initial_small_planet_radius_range;long_relative_to_circular_transit;insufficient_holdout_events,
312546580,2,19.845733519134175,1772.868167457643,0.08599499999999999,0.012072994767994347,2.231690877671899,0.4447677087712321,8.387169883984232,0.7890729516718143,1,fewer_than_three_discovery_events;dominated_by_one_discovery_event;outside_initial_small_planet_radius_range;insufficient_holdout_events,
312546580,3,13.913130760006581,1777.0634949576431,0.22931999999999997,0.009435852551219485,1.972954659681565,0.7141503178930272,9.189509039651188,1.4428448301299885,1,fewer_than_three_discovery_events;dominated_by_one_discovery_event;odd_even_discrepancy;long_relative_to_circular_transit;insufficient_holdout_events,
312546580,4,6.865432495809121,1769.0206874576431,0.238875,0.003930368706105157,1.273336471761993,1.8314662550098424,7.178191757042351,-1.7350966367481067,2,dominated_by_one_discovery_event;outside_nominal_optimistic_hz;long_relative_to_circular_transit;not_recovered_in_final_holdout;inconsistent_holdout_depth_signs,
3127674,1,4.443642025993144,1519.424158976307,0.238875,0.003919363461667545,0.9023921086133762,1.604203111297844,50.50904764336399,61.162716967073564,19,outside_nominal_optimistic_hz;long_relative_to_circular_transit,
3127674,2,4.437026685083823,1519.988691476307,0.22491000000000003,0.003862026641166467,0.8957671910143593,1.6073929310915511,47.09765356510607,42.588278104567415,15,outside_nominal_optimistic_hz;long_relative_to_circular_transit,
3127674,3,4.44026767648358,1518.896586476307,0.22931999999999997,0.00352935975219568,0.856318808990901,1.6058287873076735,44.50717812070233,53.510599127282,16,outside_nominal_optimistic_hz;long_relative_to_circular_transit,
3127674,4,4.440331284328641,1518.332158976307,0.238875,0.003547883299208138,0.8585630267234683,1.6057981160031272,43.74448386303851,50.24939160388099,16,outside_nominal_optimistic_hz;long_relative_to_circular_transit,
312885008,1,10.692094843036527,1847.1992793097681,0.29575,0.0003490525784683466,0.5426760430396188,1.8737726469026292,6.6257605715620915,-1.5806929526392106,8,fewer_than_three_discovery_events;dominated_by_one_discovery_event;outside_nominal_optimistic_hz;long_relative_to_circular_transit;low_nominal_training_snr;not_recovered_in_final_holdout;inconsistent_holdout_depth_signs,
312885008,2,11.691240053075415,1845.208654309768,0.29575,0.0003610052390325317,0.5518893033288563,1.663361050226844,5.794935096491046,0.9330077506356712,7,dominated_by_one_discovery_event;outside_nominal_optimistic_hz;long_relative_to_circular_transit;low_nominal_training_snr;not_recovered_in_final_holdout,
312885008,3,11.517686986454063,1843.454629309768,0.17198999999999998,0.00034398829377597397,0.5387249085434798,1.6968636094652534,5.013555891020486,0.7124971470910202,7,fewer_than_three_discovery_events;outside_nominal_optimistic_hz;long_relative_to_circular_transit;low_nominal_training_snr;not_recovered_in_final_holdout;inconsistent_holdout_depth_signs,
313386497,1,13.685914771240153,1751.2273312869143,0.17198999999999998,0.006283913191748379,1.2724654844837577,0.43923352437900515,6.298429628397563,0.0,0,fewer_than_three_discovery_events;long_relative_to_circular_transit;low_nominal_training_snr;insufficient_holdout_events,
313386497,2,12.571267175287295,1742.9513362869143,0.22931999999999997,0.002204755853144389,0.7537219701111629,0.4919132411977689,4.251630367260991,-0.30162588348735925,2,dominated_by_one_discovery_event;long_relative_to_circular_transit;low_nominal_training_snr;not_recovered_in_final_holdout;inconsistent_holdout_depth_signs,
313610499,1,12.620515538583629,1995.1096806251464,0.29575,0.006963933564393834,1.6220375345723403,0.6625658221652236,18.202863352136706,12.754103081556314,2,dominated_by_one_discovery_event;odd_even_discrepancy;long_relative_to_circular_transit,
313610499,2,9.19449585629458,1993.8129306251465,0.29575,0.006155542546975077,1.524989167721306,1.0107131792260515,16.40613919135128,10.833281735440961,3,long_relative_to_circular_transit,
313610499,3,17.107491921955177,1989.2515556251465,0.29575,0.007155633830738257,1.644211359828931,0.4416552179810305,15.305965499820584,8.049980160503173,1,long_relative_to_circular_transit;insufficient_holdout_events,
313610499,4,6.842642020353415,1988.1368056251465,0.29575,0.006252717219694225,1.5369791784031868,1.498649468125254,14.862008388217076,9.39706419852667,4,long_relative_to_circular_transit,
313625338,1,7.480918430831085,1717.3588754692043,0.024499999999999997,0.0021898483110828286,0.7869394635928916,1.394387436279472,5.77712579864848,0.6260052087491004,4,low_nominal_training_snr;not_recovered_in_final_holdout,
313625338,2,12.975237796543452,1719.5018729692042,0.08599499999999999,0.0013603684736118698,0.6202440230789351,0.6691183173861928,5.735924641191101,-0.3833843732651091,2,long_relative_to_circular_transit;low_nominal_training_snr;not_recovered_in_final_holdout;inconsistent_holdout_depth_signs,
313625338,3,22.642378570108363,1729.4493104692042,0.16562,0.0016140223660679283,0.675599131964164,0.31848864790916637,5.806905505114301,0.3195149007410275,1,fewer_than_three_discovery_events;dominated_by_one_discovery_event;long_relative_to_circular_transit;low_nominal_training_snr;insufficient_holdout_events,
313625338,4,15.405086669085257,1715.8300229692043,0.088725,0.0016737823684690402,0.6879926569332223,0.5322363010898352,5.486412814333379,0.5284212357177664,2,long_relative_to_circular_transit;low_nominal_training_snr;not_recovered_in_final_holdout;inconsistent_holdout_depth_signs,
31381302,1,2.809000670473535,1327.3198204076762,0.07496999999999998,0.0037533705488453323,0.7626568231885954,1.8418062050527038,55.47308577926367,36.46624663365107,46,outside_nominal_optimistic_hz;long_relative_to_circular_transit,
31381302,2,2.809003965390552,1327.8124804076763,0.05354999999999999,0.004341510252512581,0.8202360530838289,1.8418033245073833,54.35384001990486,40.953150667372825,43,outside_nominal_optimistic_hz;long_relative_to_circular_transit,
31381302,3,2.8089988344312493,1327.4861404076762,0.057329999999999985,0.004246315405099886,0.8111936899386929,1.8418078101960977,54.64031191118008,40.54123040129406,45,outside_nominal_optimistic_hz;long_relative_to_circular_transit,
31381302,4,2.809005633399124,1327.9789054076762,0.07643999999999998,0.003714826894449774,0.7587308269407683,1.8418018662720603,54.90447025664965,35.34512689718775,43,outside_nominal_optimistic_hz;long_relative_to_circular_transit,
313975570,1,29.383281095354093,1735.6798111713108,0.29575,0.00809631646444743,1.4738340454456678,0.17754294000567195,8.855449548363007,0.5510898730647145,1,fewer_than_three_discovery_events;dominated_by_one_discovery_event;odd_even_discrepancy;outside_nominal_optimistic_hz;long_relative_to_circular_transit;insufficient_holdout_events,
313975570,2,16.090238242373104,1717.876343671311,0.08599499999999999,0.00491510884270941,1.1483424425626263,0.3962967349507512,5.716381318107957,0.7550886557540882,1,low_nominal_training_snr;insufficient_holdout_events,
313975570,3,12.367445411844132,1712.8843111713109,0.29575,0.002256767821531893,0.7781230621268257,0.5628557721543356,5.125315118499057,-0.7500463525387135,1,long_relative_to_circular_transit;low_nominal_training_snr;insufficient_holdout_events,
313975570,4,12.139262407317657,1711.633516171311,0.17198999999999998,0.003149754004823349,0.919270164882143,0.5770065296058752,4.880989003709433,-0.69150655687718,2,long_relative_to_circular_transit;low_nominal_training_snr;not_recovered_in_final_holdout;inconsistent_holdout_depth_signs,
315301271,1,13.107199828650684,1748.3742610850804,0.29575,0.002724203764127266,0.809322708888088,0.37729290663967757,6.658482946121826,-1.4978298262239393,2,fewer_than_three_discovery_events;dominated_by_one_discovery_event;long_relative_to_circular_transit;low_nominal_training_snr;not_recovered_in_final_holdout;inconsistent_holdout_depth_signs,
315301271,2,13.22075261069153,1751.7583235850805,0.238875,0.0018932071548693815,0.674684916001516,0.3729783552319536,5.982369162906041,-3.4079045090040587,2,long_relative_to_circular_transit;low_nominal_training_snr;not_recovered_in_final_holdout;inconsistent_holdout_depth_signs,
315301271,3,5.450587818108182,1742.6173269316741,0.16243500000000002,0.0013675985506908482,0.5734311064788622,1.2155348442106575,5.671579923961799,0.8223473898887256,5,long_relative_to_circular_transit;low_nominal_training_snr;not_recovered_in_final_holdout,
315301271,4,4.010927264686508,1739.8395694316741,0.049980000000000004,0.002008007728474575,0.6948396968666816,1.8296393237251094,5.30420337438517,-2.118256434618413,7,outside_nominal_optimistic_hz;low_nominal_training_snr;not_recovered_in_final_holdout;inconsistent_holdout_depth_signs,
316404611,1,17.895932096190833,1721.791167849318,0.29575,0.0010027878810421184,0.8541125030628156,0.8401263810705586,6.9823992303765365,0.0,0,dominated_by_one_discovery_event;long_relative_to_circular_transit;low_nominal_training_snr;insufficient_holdout_events,
316404611,2,14.84507289362868,1725.535292849318,0.024499999999999997,0.002826869121759061,1.4340470222370096,1.0778887537475432,5.564190477620049,-0.10381799796930137,2,low_nominal_training_snr;not_recovered_in_final_holdout;inconsistent_holdout_depth_signs,
316404611,3,26.609840740202923,1715.9321328493181,0.03822,0.002475994802808746,1.3421016348903043,0.4950252512658527,5.669807347250081,0.5993109295925885,1,fewer_than_three_discovery_events;low_nominal_training_snr;insufficient_holdout_events,
316404611,4,13.582224849314315,1718.533822849318,0.11465999999999998,0.0011686047299400819,0.9220285330562127,1.2135448519139733,6.2653732713194055,-0.5788936737580825,2,long_relative_to_circular_transit;low_nominal_training_snr;not_recovered_in_final_holdout;inconsistent_holdout_depth_signs,
316417885,1,22.754838869728623,1733.8217444396857,0.29575,0.0009393274664272985,0.7496699742674889,0.529627548326186,5.932281029218259,0.0,0,fewer_than_three_discovery_events;dominated_by_one_discovery_event;long_relative_to_circular_transit;low_nominal_training_snr;insufficient_holdout_events,
316417885,2,19.02030698395454,1727.0513444396856,0.17198999999999998,0.0010964372983596341,0.8099412286347556,0.6726341144195273,4.553745859516245,0.30073186307341593,1,fewer_than_three_discovery_events;dominated_by_one_discovery_event;long_relative_to_circular_transit;low_nominal_training_snr;insufficient_holdout_events,
316451175,1,27.964863858721344,1689.5977127062697,0.238875,0.010381397543749993,1.7912960774170168,0.18458264131016072,10.488603004351525,-0.40382107397681727,4,fewer_than_three_discovery_events;dominated_by_one_discovery_event;outside_nominal_optimistic_hz;long_relative_to_circular_transit;not_recovered_in_final_holdout;inconsistent_holdout_depth_signs,
316451175,2,26.83386413715205,1709.6689002062699,0.29575,0.00550034202911421,1.303870056671756,0.1950279459381605,8.110047779615428,-2.0395398536439364,2,outside_nominal_optimistic_hz;long_relative_to_circular_transit;not_recovered_in_final_holdout;inconsistent_holdout_depth_signs,
316451175,3,27.83036019013202,1696.6386102062697,0.22931999999999997,0.006337286166108934,1.399558715457088,0.18577304483224025,7.101393627918869,-1.3635999551624607,4,dominated_by_one_discovery_event;outside_nominal_optimistic_hz;long_relative_to_circular_transit;not_recovered_in_final_holdout;inconsistent_holdout_depth_signs,
316451175,4,21.41225549466417,1687.0017102062698,0.07643999999999998,0.007995636953094652,1.5720487045424432,0.263506447716843,6.30955682960733,-0.27925571195462284,3,low_nominal_training_snr;not_recovered_in_final_holdout,
316627328,1,12.038525656314139,1791.4616085888872,0.11465999999999998,0.011503917833398849,1.2883360475114745,0.26428655879888413,29.184082071218345,0.04033766003946742,1,dominated_by_one_discovery_event;odd_even_discrepancy;long_relative_to_circular_transit;insufficient_holdout_events,
316627328,2,13.460541327744544,1799.3074010888872,0.238875,0.0028110892752113465,0.6368594420854002,0.2277313279714563,13.188262107043851,4.975302616095057,1,dominated_by_one_discovery_event;long_relative_to_circular_transit;insufficient_holdout_events,
316627328,3,7.367136596967079,1793.3980885888873,0.29575,0.0017487568072714751,0.5023090258561621,0.5086759246821261,11.28550548716257,1.2549950004638692,2,long_relative_to_circular_transit;not_recovered_in_final_holdout,
316627328,4,4.505958053457947,1795.1157135888873,0.29575,0.0012306475983500278,0.4213792319123192,0.9797680813925944,10.551497795407078,-0.052285654231726354,3,outside_initial_small_planet_radius_range;long_relative_to_circular_transit;not_recovered_in_final_holdout,
316880751,1,21.095530545123236,1326.7245691053065,0.088725,0.006449057332066261,1.1312313101104108,0.17806646355943356,7.842320562751519,1.2193118249052715,1,fewer_than_three_discovery_events;outside_nominal_optimistic_hz;long_relative_to_circular_transit;insufficient_holdout_events,
316880751,2,19.965080826836665,1338.4101066053065,0.29575,0.0039576090167511594,0.8861755051206255,0.19163491550832082,7.977056577134944,1.030044269333592,2,dominated_by_one_discovery_event;outside_nominal_optimistic_hz;long_relative_to_circular_transit;not_recovered_in_final_holdout,
316880751,3,8.480850774008685,1331.2766166053063,0.057329999999999985,0.0051447086881061446,1.0103775602857064,0.6001366841809376,6.321628615731964,-0.5061118146478059,2,low_nominal_training_snr;not_recovered_in_final_holdout;inconsistent_holdout_depth_signs,
316880751,4,7.3951130621990915,1325.6701066053065,0.29575,0.002009370264209931,0.6314417357016834,0.7204043263003445,6.297276320061954,-0.7845025610964494,3,long_relative_to_circular_transit;low_nominal_training_snr;not_recovered_in_final_holdout;inconsistent_holdout_depth_signs,
316976049,1,16.98275558690543,1334.5718278723239,0.29575,0.0009020690083800859,0.45259792169000773,0.3177927493538898,7.068539364141959,-0.49793038507466064,7,outside_initial_small_planet_radius_range;long_relative_to_circular_transit;not_recovered_in_final_holdout;inconsistent_holdout_depth_signs,
316976049,2,25.361247072034775,1347.381687872324,0.049980000000000004,0.0026254553197731824,0.7721381133070138,0.18617758392927455,6.116545897136655,-1.139532736865951,6,outside_nominal_optimistic_hz;low_nominal_training_snr;not_recovered_in_final_holdout;inconsistent_holdout_depth_signs,
316976049,3,23.17878905104929,1341.465077872324,0.29575,0.0010260101515296336,0.4826902239839369,0.2099103596518507,6.123153215309139,-0.061372520825887115,7,outside_initial_small_planet_radius_range;long_relative_to_circular_transit;low_nominal_training_snr;not_recovered_in_final_holdout;inconsistent_holdout_depth_signs,
316976049,4,7.9149167681313415,1328.668202872324,0.29575,0.0006352577515864744,0.37981110688057856,0.8794808626730588,6.196172322607584,0.941158188439192,23,outside_initial_small_planet_radius_range;long_relative_to_circular_transit;low_nominal_training_snr;not_recovered_in_final_holdout;inconsistent_holdout_depth_signs,
316976676,1,11.493918720821508,1332.340698860752,0.29575,0.002965993158933563,1.3618652633107187,1.2947153924415957,48.01788958397983,-44.45273132014156,11,odd_even_discrepancy;long_relative_to_circular_transit;not_recovered_in_final_holdout;inconsistent_holdout_depth_signs,
316976676,2,11.48721734405234,1334.069698860752,0.29575,0.00360938067314699,1.5023302581195233,1.2957225663444158,44.6793006036044,-0.9260594382453727,11,long_relative_to_circular_transit;not_recovered_in_final_holdout;inconsistent_holdout_depth_signs,
316976676,3,11.478530466843896,1335.730448860752,0.29575,0.003764743949184219,1.5343229886154508,1.2970301904450305,46.54236996988128,51.11069697837203,11,long_relative_to_circular_transit,
316976676,4,11.486456370988526,1330.805073860752,0.29575,0.003165481430573495,1.4069185481362128,1.2958370223990117,47.584325935668026,11.943172353474214,11,odd_even_discrepancy;long_relative_to_circular_transit;inconsistent_holdout_depth_signs,
31704987,1,16.037696662998457,1337.7360943350945,0.08599499999999999,0.001774728047187051,0.7498374007394688,0.4302622969690493,6.6900777633446,0.34717907679771476,6,low_nominal_training_snr;not_recovered_in_final_holdout;inconsistent_holdout_depth_signs,
31704987,2,13.075797848692211,1336.2066118350945,0.22931999999999997,0.0009454592775340799,0.5472964184280072,0.564891475380391,5.984938487519668,-0.733001035898515,7,long_relative_to_circular_transit;low_nominal_training_snr;not_recovered_in_final_holdout;inconsistent_holdout_depth_signs,
31704987,3,23.769181169241268,1338.5489518350946,0.22931999999999997,0.001772991862578381,0.7494705347546496,0.25462653308529964,6.385481199124076,0.06758681548006217,5,long_relative_to_circular_transit;low_nominal_training_snr;not_recovered_in_final_holdout;inconsistent_holdout_depth_signs,
31704987,4,12.86572683715909,1328.6180518350945,0.0441,0.003141348973906434,0.9976065333758192,0.5772228519922612,5.968407485979712,-0.0218812750200686,7,low_nominal_training_snr;not_recovered_in_final_holdout;inconsistent_holdout_depth_signs,
317180704,1,12.633410696628381,2012.152664167886,0.29575,0.006912987732944516,1.0168678194581393,0.24671575955964128,8.146097764722144,-0.7257348782544882,3,dominated_by_one_discovery_event;long_relative_to_circular_transit;not_recovered_in_final_holdout;inconsistent_holdout_depth_signs,
317180704,2,13.729317050080823,2018.1711766678861,0.124215,0.008110627240028695,1.1014348949429016,0.22081359035299955,6.4701125898036365,-0.17144262892055676,2,long_relative_to_circular_transit;low_nominal_training_snr;not_recovered_in_final_holdout;inconsistent_holdout_depth_signs,
317180704,3,15.465293972679355,2023.334289167886,0.29575,0.0066973111498733525,1.0008796254594527,0.18839967040233496,7.310459533496913,-0.3575344712235669,2,outside_nominal_optimistic_hz;long_relative_to_circular_transit;not_recovered_in_final_holdout;inconsistent_holdout_depth_signs,
317180704,4,15.73006555589201,2023.624351667886,0.238875,0.008819761249091788,1.1485767607215194,0.1841833360259504,6.133886954271163,-0.8876830955511363,2,outside_nominal_optimistic_hz;long_relative_to_circular_transit;low_nominal_training_snr;not_recovered_in_final_holdout;inconsistent_holdout_depth_signs,
317394133,1,6.239623971942768,1791.3234357289034,0.29575,0.0034782709252487855,1.1399047342912667,1.8314574792257106,11.67005838419103,-0.3579483512222166,16,outside_nominal_optimistic_hz;long_relative_to_circular_transit;not_recovered_in_final_holdout;inconsistent_holdout_depth_signs,
317394133,2,6.2671050932236065,1792.0514357289032,0.29575,0.003269026714501984,1.1050860304154355,1.8207574435271499,11.610897697138173,18.36962223733287,15,outside_nominal_optimistic_hz;long_relative_to_circular_transit,
317394133,3,6.2391850577397365,1795.2478107289032,0.29575,0.0037392895244314304,1.1819018176666538,1.8316292670724033,11.862655527601175,0.20764361377600427,12,outside_nominal_optimistic_hz;long_relative_to_circular_transit;not_recovered_in_final_holdout;inconsistent_holdout_depth_signs,
317394133,4,6.267128253742201,1793.6439357289032,0.29575,0.0034985781860853854,1.1432274562232325,1.820748471919752,12.154667178907468,21.303376837675394,17,outside_nominal_optimistic_hz;long_relative_to_circular_transit,
317475082,1,20.081910856393197,1823.1907993982616,0.29575,0.0010837980469091302,0.8663728066229375,0.6610984853877472,9.463120214049919,1.0311590719908685,7,dominated_by_one_discovery_event;odd_even_discrepancy;long_relative_to_circular_transit;not_recovered_in_final_holdout;inconsistent_holdout_depth_signs,
317475082,2,25.411493430917645,1829.9191118982615,0.238875,0.0011161232082306644,0.8791980166949401,0.48302093736710067,8.280088120785292,-1.5958099402249863,4,fewer_than_three_discovery_events;dominated_by_one_discovery_event;long_relative_to_circular_transit;not_recovered_in_final_holdout;inconsistent_holdout_depth_signs,
317475082,3,17.049466532324576,1819.4711743982616,0.22931999999999997,0.0006345649558278215,0.662931525868624,0.8223533812133337,6.318042949809774,0.1552425524845353,8,long_relative_to_circular_transit;low_nominal_training_snr;not_recovered_in_final_holdout;inconsistent_holdout_depth_signs,
317475082,4,9.702816616830582,1817.5669993982615,0.12284999999999999,0.0008537514840015995,0.768946927820281,1.7437161007307007,6.319524954547052,0.391302859284097,15,outside_nominal_optimistic_hz;long_relative_to_circular_transit;low_nominal_training_snr;not_recovered_in_final_holdout;inconsistent_holdout_depth_signs,
317837723,1,19.584342021637518,1773.6591152558233,0.17198999999999998,0.01430925805236377,1.6981087427854606,0.19458588545890182,12.241509698565096,0.04981360619554317,4,dominated_by_one_discovery_event;outside_nominal_optimistic_hz;long_relative_to_circular_transit;not_recovered_in_final_holdout;inconsistent_holdout_depth_signs,
317837723,2,15.304763929671397,1765.8740652558233,0.29575,0.005620589037355132,1.0642602854400904,0.2703259895954381,9.681548693769122,2.7738156760907255,5,dominated_by_one_discovery_event;long_relative_to_circular_transit;not_recovered_in_final_holdout,
317837723,3,7.94267076361195,1768.3424402558232,0.29575,0.0050026470484488255,1.0040535399873314,0.6481883693499769,10.423797366933178,0.5004245984645243,9,long_relative_to_circular_transit;not_recovered_in_final_holdout;inconsistent_holdout_depth_signs,
317837723,4,4.822378059526792,1768.3581377558232,0.061424999999999993,0.005608904992177229,1.0631535211597718,1.2607867675673778,6.931840097725533,4.083531164582623,14,long_relative_to_circular_transit;low_nominal_training_snr;not_recovered_in_final_holdout;inconsistent_holdout_depth_signs,
31792609,1,3.9578213597265424,1658.1582307406104,0.29575,0.00956022956941395,1.2385277382146673,1.2655593715574225,34.35756456424879,33.682451754747994,11,long_relative_to_circular_transit,
31792609,2,3.953095487902307,1659.4436057406103,0.29575,0.010489974800746031,1.2973549089441332,1.267577052048696,37.08179004614549,-40.92273265445839,11,odd_even_discrepancy;long_relative_to_circular_transit;not_recovered_in_final_holdout;inconsistent_holdout_depth_signs,
31792609,3,3.9554958916506866,1660.7972307406103,0.29575,0.012442086256029189,1.412921978862999,1.2665515122245834,41.21806774700999,15.503272055630827,11,long_relative_to_circular_transit,
31792609,4,5.250062329730337,1659.93640858185,0.29575,0.007902212906343797,1.1260195744767072,0.8683033878909016,15.558378274527147,-1.6695525457378295,8,long_relative_to_circular_transit;not_recovered_in_final_holdout,
318606698,1,21.51376172603916,1331.458932264073,0.29575,0.0011022847758144333,0.7613419973157427,0.47026925159979577,8.641077956103935,0.9041852340588726,2,fewer_than_three_discovery_events;dominated_by_one_discovery_event;long_relative_to_circular_transit;not_recovered_in_final_holdout,
318606698,2,20.875827932609294,1340.6726822640728,0.29575,0.0007254705688093978,0.6176504778431738,0.4895271435882818,6.755510240542133,0.9309693930675842,3,long_relative_to_circular_transit;low_nominal_training_snr;not_recovered_in_final_holdout,
318606698,3,11.874298426024186,1336.2446222640729,0.03822,0.0013475073921436437,0.8417797239938928,1.0387023398845787,5.9352123331029345,1.3164157064482134,6,low_nominal_training_snr;not_recovered_in_final_holdout,
318606698,4,10.005351660948532,1334.162542264073,0.027299999999999998,0.0014293701279380195,0.8669723228585865,1.305144444884577,5.551284404840548,1.5985192694776258,8,low_nominal_training_snr;not_recovered_in_final_holdout,
319474472,1,16.63823266114824,1471.8016342861572,0.29575,0.001433734135453376,0.7277137288349151,0.5263532110865277,8.542226833392812,-1.235648643026439,5,long_relative_to_circular_transit;not_recovered_in_final_holdout,
319474472,2,25.525448591834387,1475.1570317861572,0.08599499999999999,0.0036531630678729877,1.1616111840928331,0.29747857313683335,7.8967724513496895,-0.1347282645023852,3,fewer_than_three_discovery_events;dominated_by_one_discovery_event;not_recovered_in_final_holdout;inconsistent_holdout_depth_signs,
319474472,3,20.856611292928843,1478.5702142861574,0.17198999999999998,0.001872815771981802,0.8317135647903295,0.38942922266849045,7.465893753288546,1.0627761652038552,4,long_relative_to_circular_transit;not_recovered_in_final_holdout,
319474472,4,24.57239167073652,1480.9707942861573,0.16562,0.0018164889487927226,0.8191107687686863,0.31296105362035775,6.422244832286221,-0.6462192506394147,2,long_relative_to_circular_transit;low_nominal_training_snr;not_recovered_in_final_holdout;inconsistent_holdout_depth_signs,
320208632,1,11.19866538433795,1904.7563220018217,0.29575,0.0165603204600414,1.897062872651066,0.4706567910436107,15.762289486980611,0.0,0,fewer_than_three_discovery_events;dominated_by_one_discovery_event;odd_even_discrepancy;long_relative_to_circular_transit;insufficient_holdout_events,
320208632,2,4.274151433493668,1903.9828220018217,0.29575,0.007456992233953252,1.27300233910979,1.7000413313109743,10.35085615685575,9.401021720073373,2,outside_nominal_optimistic_hz;long_relative_to_circular_transit;inconsistent_holdout_depth_signs,
320208632,3,8.660636846826415,1905.6663220018218,0.29575,0.010397242920741092,1.5031642964013339,0.6630194199131747,9.861722472041643,-3.3639346437904134,1,fewer_than_three_discovery_events;dominated_by_one_discovery_event;long_relative_to_circular_transit;insufficient_holdout_events,
320208632,4,12.440937764315162,1900.3041470018218,0.03822,0.021788544968098622,2.176012926035954,0.4090614281369322,6.475348533404991,-0.940942278254917,1,fewer_than_three_discovery_events;dominated_by_one_discovery_event;outside_initial_small_planet_radius_range;low_nominal_training_snr;insufficient_holdout_events,
320209338,1,13.483079863859691,1711.6518041404324,0.29575,0.003912054124566012,1.1747473176580305,0.635571814057837,11.586612371845947,-1.4636447605104863,1,long_relative_to_circular_transit;insufficient_holdout_events,
320209338,2,6.277453152654754,1712.7021561658523,0.238875,0.002091236854403035,0.8589020645643383,1.7613221550647888,8.98583840952024,5.018963765622082,3,outside_nominal_optimistic_hz;long_relative_to_circular_transit,
320209338,3,12.682258713434418,1717.9972186658522,0.29575,0.0017229649861481978,0.7796151330899302,0.6896381750189022,6.853144764748487,-3.0361599138398203,2,long_relative_to_circular_transit;low_nominal_training_snr;not_recovered_in_final_holdout;inconsistent_holdout_depth_signs,
320209338,4,6.309979100811298,1713.4927186658522,0.29575,0.0017002374561246242,0.7744561348664767,1.7492271548145695,8.091618994439953,-0.8084432854488611,2,outside_nominal_optimistic_hz;long_relative_to_circular_transit;not_recovered_in_final_holdout;inconsistent_holdout_depth_signs,
320323745,1,42.10617900566005,1729.636809436235,0.29575,0.0042027531851695655,1.3450366915161174,0.20261267074385417,11.181402317587864,-1.002039986636502,2,dominated_by_one_discovery_event;odd_even_discrepancy;outside_nominal_optimistic_hz;long_relative_to_circular_transit;not_recovered_in_final_holdout;inconsistent_holdout_depth_signs,
320323745,2,38.745425506845244,1723.619434436235,0.29575,0.001853939050911948,0.8933361629493386,0.22637778081185264,7.756987642876159,-0.5390658598238894,3,long_relative_to_circular_transit;not_recovered_in_final_holdout;inconsistent_holdout_depth_signs,
320323745,3,35.86818475988175,1719.116299436235,0.17198999999999998,0.002148829648371621,0.961763259480366,0.25090838801128884,6.9909914895450145,-0.2707035614367174,4,dominated_by_one_discovery_event;long_relative_to_circular_transit;low_nominal_training_snr;not_recovered_in_final_holdout,
320323745,4,23.369623047404172,1721.952314436235,0.16562,0.0014423402328764712,0.7879543323264719,0.4442138564783124,6.475392552214072,1.4279840370368515,6,long_relative_to_circular_transit;low_nominal_training_snr;not_recovered_in_final_holdout,
32050414,1,17.680645333920324,1328.3043466042695,0.29575,0.0017713198431107359,0.5423055998441696,0.17303231849072356,7.956401032831952,-0.08805201835511958,6,outside_nominal_optimistic_hz;long_relative_to_circular_transit;not_recovered_in_final_holdout,
32050414,2,4.902406526201763,1329.6181591042696,0.238875,0.0010268406285197926,0.4129021240761804,0.9570007569792321,6.982679199045438,4.03982257605196,29,outside_initial_small_planet_radius_range;long_relative_to_circular_transit;low_nominal_training_snr;not_recovered_in_final_holdout,
32050414,3,3.127385854409159,1328.0085966042695,0.29575,0.0006895306417645598,0.338354829891083,1.7426737403363628,5.812208255063872,-1.7291213776659378,43,outside_initial_small_planet_radius_range;outside_nominal_optimistic_hz;long_relative_to_circular_transit;low_nominal_training_snr;not_recovered_in_final_holdout;inconsistent_holdout_depth_signs,
32050414,4,5.882056716433085,1329.3849716042696,0.29575,0.0009984206216347958,0.40714805673485727,0.7506182164817027,5.536508871820552,-1.7845885232787961,25,outside_initial_small_planet_radius_range;long_relative_to_circular_transit;low_nominal_training_snr;not_recovered_in_final_holdout;inconsistent_holdout_depth_signs,
321595102,1,14.016500293723041,1745.6428569805391,0.29575,0.0005233711565606506,0.6595115518421427,1.2955271225244267,7.242001978333097,0.4477223356782231,6,odd_even_discrepancy;long_relative_to_circular_transit;not_recovered_in_final_holdout;inconsistent_holdout_depth_signs,
321595102,2,40.223611820098,1743.443614480539,0.08599499999999999,0.0013875982310076625,1.073864247185094,0.3176809775266644,6.493749811223982,-1.157037276608175,1,low_nominal_training_snr;insufficient_holdout_events,
321595102,3,12.68781104420976,1741.934606980539,0.29575,0.0005252748906476079,0.6607099317522146,1.4795070101800056,6.592349748587264,-0.6512885799418302,8,odd_even_discrepancy;long_relative_to_circular_transit;low_nominal_training_snr;not_recovered_in_final_holdout;inconsistent_holdout_depth_signs,
321595102,4,12.557246900378633,1744.732856980539,0.29575,0.0004960113796879174,0.6420418460843953,1.5000533976075534,6.708807783657344,1.2352563502915843,8,long_relative_to_circular_transit;low_nominal_training_snr;not_recovered_in_final_holdout;inconsistent_holdout_depth_signs,
321816376,1,8.221569060048957,1993.3061098169223,0.22931999999999997,0.00236816242177326,1.0521666225435982,1.5132138611363937,5.852488822016696,1.4793523242805129,2,outside_nominal_optimistic_hz;long_relative_to_circular_transit;low_nominal_training_snr;not_recovered_in_final_holdout,
321816376,2,22.430080566696695,1999.5507573169223,0.238875,0.0029791757367160668,1.1801218167333303,0.3969466535392048,5.6653338507264275,0.0,0,fewer_than_three_discovery_events;dominated_by_one_discovery_event;long_relative_to_circular_transit;low_nominal_training_snr;insufficient_holdout_events,
322391844,1,16.438282566957355,1745.2733363473678,0.238875,0.0003832545572509281,0.6284989870018992,1.2043611515648767,7.831866373316675,2.642409640098195,7,long_relative_to_circular_transit;not_recovered_in_final_holdout,
322391844,2,12.903211769041521,1746.3737538473679,0.11465999999999998,0.00034211368599149067,0.593808133962074,1.663290959138745,6.411123687510623,2.5048883919439437,7,outside_nominal_optimistic_hz;low_nominal_training_snr;not_recovered_in_final_holdout;inconsistent_holdout_depth_signs,
322391844,3,14.674663634498208,1745.2587763473678,0.088725,0.0003933639221687217,0.6367342056259062,1.40111716346943,5.344187180065255,-0.8033721264057865,6,low_nominal_training_snr;not_recovered_in_final_holdout;inconsistent_holdout_depth_signs,
322391844,4,12.320345191105048,1739.1737988473678,0.1323,0.00033228760552656835,0.5852184227062684,1.7690284831239969,5.990441054301743,-0.5316463829523926,6,outside_nominal_optimistic_hz;long_relative_to_circular_transit;low_nominal_training_snr;not_recovered_in_final_holdout;inconsistent_holdout_depth_signs,
322777970,1,9.29054666887741,1547.5274076683174,0.17198999999999998,0.009553271293239258,1.2914423189125857,0.48949088798550416,13.938257344758199,-1.905891901714997,2,dominated_by_one_discovery_event;odd_even_discrepancy;long_relative_to_circular_transit;not_recovered_in_final_holdout;inconsistent_holdout_depth_signs,
322777970,2,3.7026784473249212,1547.5611126683175,0.29988000000000004,0.0035498419546914394,0.7872333191349197,1.668956330458115,8.792782282407968,2.8430644872933577,6,outside_nominal_optimistic_hz;long_relative_to_circular_transit;not_recovered_in_final_holdout,
322777970,3,9.175203315990533,1544.6245076683176,0.29575,0.005765627423455671,1.0032802093066968,0.49771268370412763,9.988100126777985,-0.17741247764216517,2,fewer_than_three_discovery_events;dominated_by_one_discovery_event;long_relative_to_circular_transit;not_recovered_in_final_holdout;inconsistent_holdout_depth_signs,
322777970,4,5.487258874120718,1548.4163535782814,0.21658000000000002,0.004430724465030769,0.879500984039163,0.9877772920930756,8.1738407132798,-0.9036653772595761,4,long_relative_to_circular_transit;not_recovered_in_final_holdout;inconsistent_holdout_depth_signs,
322860313,1,9.052580969055976,1605.5585975852105,0.057329999999999985,0.0072956266508368795,1.2498263789871418,0.5845519303752238,5.130341023406077,0.45930092471903783,1,dominated_by_one_discovery_event;low_nominal_training_snr;insufficient_holdout_events,
323057249,1,8.013615069904883,1766.4649993411156,0.29575,0.0012354174189182362,0.4413857300237459,0.4926510831666735,5.148002512392505,0.6933919173411492,11,outside_initial_small_planet_radius_range;long_relative_to_circular_transit;low_nominal_training_snr;not_recovered_in_final_holdout,
323057249,2,10.212390461960792,1771.4442160077822,0.02275,0.005187793787867383,0.9044879398792338,0.35656676718851366,5.394595854208961,-0.4572253537795939,8,low_nominal_training_snr;not_recovered_in_final_holdout;inconsistent_holdout_depth_signs,
323057249,3,7.785750438944653,1765.0431243411156,0.29575,0.0014049948336783125,0.4707049785420314,0.5119687348231119,6.206735022942943,0.31140675113301064,12,outside_initial_small_planet_radius_range;long_relative_to_circular_transit;low_nominal_training_snr;not_recovered_in_final_holdout;inconsistent_holdout_depth_signs,
323057249,4,5.658824488037952,1768.400118891556,0.029399999999999996,0.003828555864453972,0.777014140465597,0.7834460819633057,5.580918133054972,-0.47750492895149244,16,low_nominal_training_snr;not_recovered_in_final_holdout;inconsistent_holdout_depth_signs,
323429176,1,23.699937023747413,1604.8253402601056,0.238875,0.0009813227339010046,0.68072640067973,0.3516509783242943,7.940724515975211,2.009107949015759,5,dominated_by_one_discovery_event;long_relative_to_circular_transit;not_recovered_in_final_holdout,
323429176,2,27.223246732887194,1625.7382777601056,0.29575,0.0012975734328884454,0.7827672313512101,0.2923175299019847,7.6739072941912045,-1.825637437478447,2,fewer_than_three_discovery_events;long_relative_to_circular_transit;not_recovered_in_final_holdout;inconsistent_holdout_depth_signs,
323429176,3,18.775130726986507,1617.1383227601057,0.03822,0.0018480583435840268,0.9341669604111971,0.47973064275489596,6.007148068705548,-0.1181511149078922,4,low_nominal_training_snr;not_recovered_in_final_holdout;inconsistent_holdout_depth_signs,
323429176,4,18.798826586883187,1602.3217027601056,0.03822,0.0016285246031204057,0.8769277759904585,0.4789245469606671,5.281079864635279,-1.1050477462984285,4,low_nominal_training_snr;not_recovered_in_final_holdout;inconsistent_holdout_depth_signs,
323598320,1,13.092476569016709,1518.483783933016,0.11465999999999998,0.04489062231069994,3.169654808489029,0.35390539144884575,32.98598894216585,-2.023329452514617,4,fewer_than_three_discovery_events;dominated_by_one_discovery_event;odd_even_discrepancy;outside_initial_small_planet_radius_range;long_relative_to_circular_transit;not_recovered_in_final_holdout;inconsistent_holdout_depth_signs,
323598320,2,13.338092342048117,1526.234078933016,0.024499999999999997,0.024824989622038593,2.357103717051375,0.34524279682619324,8.803991984462183,-0.9215188203651623,4,fewer_than_three_discovery_events;outside_initial_small_planet_radius_range;not_recovered_in_final_holdout;inconsistent_holdout_depth_signs,
323598320,3,15.46516834795796,1519.693698933016,0.29988000000000004,0.005951218612276967,1.15408316771876,0.28342841188731394,10.133520088047508,1.6587775579520596,3,dominated_by_one_discovery_event;long_relative_to_circular_transit;not_recovered_in_final_holdout,
323598320,4,8.328600767967718,1524.9557039330161,0.29575,0.0038264586628454214,0.9254067605949584,0.6468747406981457,8.660960742695101,-0.2733315280530937,5,long_relative_to_circular_transit;not_recovered_in_final_holdout;inconsistent_holdout_depth_signs,
325278705,1,10.447183019533375,1657.9877566924831,0.17198999999999998,0.0027184948150327636,0.7401524730592536,0.41776784039420495,8.161330119123695,-1.2414704390235332,4,long_relative_to_circular_transit;not_recovered_in_final_holdout;inconsistent_holdout_depth_signs,
325278705,2,9.365390002683105,1660.8768316924832,0.0357,0.004204472014979032,0.9204764317914169,0.4833177954616664,6.584487667273827,-0.5633503105553889,4,low_nominal_training_snr;not_recovered_in_final_holdout;inconsistent_holdout_depth_signs,
325278705,3,4.130824530524938,1659.1737141924832,0.238875,0.0010328701238481986,0.4562257542118781,1.4395219096200715,5.892578221664485,3.758129513007721,11,outside_initial_small_planet_radius_range;long_relative_to_circular_transit;low_nominal_training_snr;not_recovered_in_final_holdout,
325278705,4,17.85288547682139,1670.527101692483,0.042466666666666666,0.006728015732493304,1.1643952878405035,0.2044824548658608,6.745024725777789,-0.5066904542775126,2,odd_even_discrepancy;low_nominal_training_snr;not_recovered_in_final_holdout;inconsistent_holdout_depth_signs,
326209200,1,28.81625841042584,1695.8854705596511,0.22931999999999997,0.0018962988457844447,0.779849550503702,0.19591627365513176,7.044957707039205,2.8563108006269977,2,dominated_by_one_discovery_event;outside_nominal_optimistic_hz;long_relative_to_circular_transit;not_recovered_in_final_holdout,
326209200,2,29.225511795919754,1709.732240559651,0.0882,0.0043479877914433486,1.1808686521897718,0.1922668738281914,6.925420391248205,-2.1502722311399145,3,outside_nominal_optimistic_hz;low_nominal_training_snr;not_recovered_in_final_holdout;inconsistent_holdout_depth_signs,
326209200,3,26.920165448257904,1696.127075559651,0.17198999999999998,0.0018929295969994967,0.77915644369196,0.21452784278883344,5.733860523646441,0.29335468193249375,7,long_relative_to_circular_transit;low_nominal_training_snr;not_recovered_in_final_holdout;inconsistent_holdout_depth_signs,
326209200,4,30.10983686470814,1711.532465559651,0.17198999999999998,0.002030090944438775,0.806891578541447,0.18477480895329065,6.116231562020813,-1.5838430783586075,5,outside_nominal_optimistic_hz;long_relative_to_circular_transit;low_nominal_training_snr;not_recovered_in_final_holdout;inconsistent_holdout_depth_signs,
32677026,1,8.668219396055646,1438.428282261992,0.29575,0.012258404579690605,2.720276697614208,1.6271892930675707,107.62171026635089,22.44086954304203,6,outside_initial_small_planet_radius_range;outside_nominal_optimistic_hz;long_relative_to_circular_transit;inconsistent_holdout_depth_signs,
32677026,2,8.668306577977548,1444.2061768823937,0.29575,0.0126832354784037,2.7670125805829047,1.6271674723884808,111.12382881125534,44.71252377468251,7,outside_initial_small_planet_radius_range;outside_nominal_optimistic_hz;long_relative_to_circular_transit;inconsistent_holdout_depth_signs,
32677026,3,8.668181679600764,1439.8609268823936,0.29575,0.013233696914224803,2.82642000203286,1.6271987332413516,114.60853078049384,26.961149048205197,6,odd_even_discrepancy;outside_initial_small_planet_radius_range;outside_nominal_optimistic_hz;long_relative_to_circular_transit;inconsistent_holdout_depth_signs,
32677026,4,8.668598098968085,1445.6280518823937,0.29575,0.013507669515891097,2.855527316829805,1.6270945115999476,117.65677900601479,45.04346626347706,7,odd_even_discrepancy;outside_initial_small_planet_radius_range;outside_nominal_optimistic_hz;long_relative_to_circular_transit;inconsistent_holdout_depth_signs,
327188003,1,22.429176273227473,1769.1241448764945,0.170625,0.005763815387699679,1.5254094826413946,0.3265045477789798,13.17477143467882,0.0,0,dominated_by_one_discovery_event;odd_even_discrepancy;long_relative_to_circular_transit;insufficient_holdout_events,
327188003,2,23.517708602850778,1777.5302698764945,0.238875,0.009855936061815104,1.9947126850100059,0.3065116554688506,10.8668635816221,-0.6095850958105302,1,fewer_than_three_discovery_events;dominated_by_one_discovery_event;long_relative_to_circular_transit;insufficient_holdout_events,
327188003,3,11.398934324978258,1764.8389548764944,0.08599499999999999,0.0033866741557366884,1.16927891292786,0.8050471774087208,5.606087738195657,1.1848761434164699,1,low_nominal_training_snr;insufficient_holdout_events,
327188003,4,7.484556961218065,1770.3550514733317,0.03822,0.003811451074305976,1.240442350997572,1.410648689424014,5.835614539631088,-1.1700472233882975,2,low_nominal_training_snr;not_recovered_in_final_holdout;inconsistent_holdout_depth_signs,
328254412,1,3.871473433496464,1411.6291163165024,0.29575,0.0274960800574612,2.5712086706885446,1.742846362931943,82.92572451701584,59.0705356541955,2,outside_initial_small_planet_radius_range;outside_nominal_optimistic_hz;long_relative_to_circular_transit,
328254412,2,3.892122267748247,1414.1998663165023,0.29575,0.029118886153441114,2.6459967802144533,1.7305288714443596,90.09390924736732,60.99916565638499,3,odd_even_discrepancy;outside_initial_small_planet_radius_range;outside_nominal_optimistic_hz;long_relative_to_circular_transit,
328254412,3,3.8713959135818032,1412.9144913165023,0.29575,0.03570343632734769,2.929927950831302,1.7428928942108313,100.53390696416062,61.38520975960204,3,outside_initial_small_planet_radius_range;outside_nominal_optimistic_hz;long_relative_to_circular_transit,
328254412,4,3.8847321649780695,1413.3296788165023,0.238875,0.015862125974460555,1.9529117996831111,1.7349196809801959,33.726297594608255,-1.9494982192183716,3,dominated_by_one_discovery_event;outside_nominal_optimistic_hz;long_relative_to_circular_transit;not_recovered_in_final_holdout;inconsistent_holdout_depth_signs,
328401671,1,4.697146097870374,1413.5628368400849,0.29575,0.00131818020818516,0.4400722257946486,1.0700173196108,6.805979359931565,0.8989420802382525,2,dominated_by_one_discovery_event;outside_initial_small_planet_radius_range;long_relative_to_circular_transit;low_nominal_training_snr;not_recovered_in_final_holdout;inconsistent_holdout_depth_signs,
328401671,2,6.24286066240339,1415.1034201734183,0.017499999999999998,0.004550216668044646,0.8176220685396967,0.7322477450420337,4.859363629678557,0.0,0,fewer_than_three_discovery_events;dominated_by_one_discovery_event;low_nominal_training_snr;insufficient_holdout_events,
328401671,3,10.751388626307712,1414.252826840085,0.0357,0.003323543942544909,0.6987748717290377,0.35471821046743995,4.466195676294591,-0.9116853822015272,1,fewer_than_three_discovery_events;dominated_by_one_discovery_event;low_nominal_training_snr;insufficient_holdout_events,
328463799,1,3.6478888806021623,1411.0223813116975,0.03822,0.007466637620221126,1.2832611108766447,1.8042735221971944,20.639807787784108,6.207696255949828,2,outside_nominal_optimistic_hz,hour-scale variability alias; trial period rejected as evidence for a temperate planet
328463799,2,3.6500289842585674,1411.241439396204,0.05095999999999999,0.006298295395192387,1.1785934112512315,1.8028631388836023,20.345451600627324,9.265274275756308,2,outside_nominal_optimistic_hz;long_relative_to_circular_transit,hour-scale variability alias; trial period rejected as evidence for a temperate planet
328463799,3,4.977309625281782,1413.1254893962039,0.049980000000000004,0.006026641017636402,1.1528960671372468,1.1922435079196065,16.761734770650147,9.490875507271145,2,,hour-scale variability alias; trial period rejected as evidence for a temperate planet
328463799,4,3.978866479721982,1413.572929396204,0.049980000000000004,0.006067851013442028,1.156831086580125,1.6069857388409359,18.399726897282424,9.667213650336816,2,outside_nominal_optimistic_hz,hour-scale variability alias; trial period rejected as evidence for a temperate planet
328591096,1,10.890772121307098,1601.965965294041,0.29575,0.000468207550524063,0.5576282882907078,1.4694896360565128,10.003466599959404,-0.6280500511535924,9,long_relative_to_circular_transit;not_recovered_in_final_holdout;inconsistent_holdout_depth_signs,
328591096,2,14.915583973164413,1609.4677777940412,0.238875,0.000717576205064783,0.6903345430853695,0.9661793253991918,9.56918420964472,-3.8691864839577574,6,long_relative_to_circular_transit;not_recovered_in_final_holdout;inconsistent_holdout_depth_signs,
328591096,3,31.335363423920374,1612.1480252940412,0.07496999999999998,0.0015314282501590728,1.0084953912359202,0.35908597315481244,7.6383163098473315,0.296363261780466,3,fewer_than_three_discovery_events;dominated_by_one_discovery_event;not_recovered_in_final_holdout,
328591096,4,12.774390038324274,1610.4876602940412,0.22931999999999997,0.00046918902510889013,0.5582124431976518,1.1879309360679065,6.952574487850203,2.560337093227431,9,long_relative_to_circular_transit;low_nominal_training_snr;not_recovered_in_final_holdout;inconsistent_holdout_depth_signs,
328799321,1,14.076454983037554,1826.4884898336104,0.22931999999999997,0.0006031373343439343,0.7053057791209475,1.382491683875582,8.653434204995353,-0.866232007723511,8,dominated_by_one_discovery_event;long_relative_to_circular_transit;not_recovered_in_final_holdout;inconsistent_holdout_depth_signs,
328799321,2,13.546012968281394,1826.1060623336105,0.16243500000000002,0.000347269960167608,0.5351837827453296,1.4551405364717578,5.2092765330716615,0.2223589380512223,6,dominated_by_one_discovery_event;long_relative_to_circular_transit;low_nominal_training_snr;not_recovered_in_final_holdout;inconsistent_holdout_depth_signs,
328799321,3,23.23203146871671,1816.3927223336104,0.170625,0.00046773968734815176,0.6211141835610184,0.7088222454967908,5.589449426186377,-0.49476431892450257,6,long_relative_to_circular_transit;low_nominal_training_snr;not_recovered_in_final_holdout;inconsistent_holdout_depth_signs,
328799321,4,24.96401445392462,1822.9517466051554,0.017499999999999998,0.0016597841295222465,1.1700249963233411,0.6440224718611638,5.884642791143301,0.6806131571384193,4,fewer_than_three_discovery_events;dominated_by_one_discovery_event;low_nominal_training_snr;not_recovered_in_final_holdout,
328800211,1,12.682038572225368,1816.580211479269,0.29575,0.0014637500392490298,1.0360929735211055,1.4534355951942157,13.870242540341488,-1.7590242602136972,10,dominated_by_one_discovery_event;odd_even_discrepancy;long_relative_to_circular_transit;not_recovered_in_final_holdout;inconsistent_holdout_depth_signs,
328800211,2,22.76979821287402,1833.4770914792691,0.16562,0.0017167838281618444,1.12207807222325,0.6660430626854511,7.428186337128248,-5.299598581300082,6,fewer_than_three_discovery_events;dominated_by_one_discovery_event;long_relative_to_circular_transit;not_recovered_in_final_holdout;inconsistent_holdout_depth_signs,
328800211,3,22.41823952085359,1820.8685864792692,0.29575,0.0011567946526263217,0.921071627918141,0.6800056874866556,9.09053634114884,0.15048085997835675,6,dominated_by_one_discovery_event;long_relative_to_circular_transit;not_recovered_in_final_holdout;inconsistent_holdout_depth_signs,
328800211,4,13.626625510041986,1826.1352114792692,0.29575,0.0009065842231399063,0.8153974464885573,1.320677535887429,8.248186699875975,-0.7600759929318592,10,dominated_by_one_discovery_event;long_relative_to_circular_transit;not_recovered_in_final_holdout,
329118618,1,11.05273016873648,1986.8848411655429,0.29575,0.0063405320877665886,1.1303678387050844,0.42583401663585924,11.277030333300488,-1.4645064688852065,2,long_relative_to_circular_transit;not_recovered_in_final_holdout;inconsistent_holdout_depth_signs,
329118618,2,6.967090484798161,1986.958778665543,0.238875,0.005867221825756027,1.0873596026716943,0.7878880374417543,9.977822759491804,0.45241548884895394,2,long_relative_to_circular_transit;not_recovered_in_final_holdout,
329118618,3,4.0430768785789715,1984.5757161655429,0.29575,0.004011394392650567,0.8990930107469202,1.627735274936132,8.958393146987445,-1.055152332761159,3,outside_nominal_optimistic_hz;long_relative_to_circular_transit;not_recovered_in_final_holdout;inconsistent_holdout_depth_signs,
329118618,4,14.951461500770835,1993.775256165543,0.22491000000000003,0.0065414649327944375,1.1481389459411953,0.28463496298634977,8.964485416306264,-0.10679261225954924,1,fewer_than_three_discovery_events;dominated_by_one_discovery_event;odd_even_discrepancy;long_relative_to_circular_transit;insufficient_holdout_events,
329291443,1,6.650228406117803,1686.478066009583,0.29575,0.0011750711913909614,0.5165647461570858,0.906819876174879,7.829454047595696,-0.3304215253021575,16,long_relative_to_circular_transit;not_recovered_in_final_holdout;inconsistent_holdout_depth_signs,
329291443,2,23.300761864230736,1684.039353509583,0.11245500000000001,0.0030828429307270117,0.8366973110587108,0.1704026264657624,6.624100165952795,1.194114670854222,4,outside_nominal_optimistic_hz;long_relative_to_circular_transit;low_nominal_training_snr;not_recovered_in_final_holdout,
329291443,3,21.900493722670483,1693.883191009583,0.29575,0.0015889129948663389,0.6006793921640389,0.18508216542819847,6.422430399224861,-0.043592771589587256,4,outside_nominal_optimistic_hz;long_relative_to_circular_transit;low_nominal_training_snr;not_recovered_in_final_holdout;inconsistent_holdout_depth_signs,
329291443,4,8.141040957963426,1690.070746009583,0.16562,0.0015054648566278366,0.5846931220300363,0.692462926140342,6.418361747800524,-0.020060976416313228,12,long_relative_to_circular_transit;low_nominal_training_snr;not_recovered_in_final_holdout;inconsistent_holdout_depth_signs,
333278247,1,13.112663945117692,1742.5058550092026,0.29575,0.0018299543455705957,0.9762926086103659,0.8812369466508164,8.425934928037387,2.820648454384309,1,long_relative_to_circular_transit;insufficient_holdout_events,
333278247,2,8.145802368650422,1742.5854800092025,0.29575,0.001971716747990311,1.013402885590531,1.6625272778829403,9.353901942544967,1.8452294155813669,1,outside_nominal_optimistic_hz;long_relative_to_circular_transit;insufficient_holdout_events,
333278247,3,8.256002630773391,1745.5998550092027,0.29575,0.0017602353565585797,0.9575142454657993,1.6330049768924868,9.51930233629629,2.9552155542356915,1,outside_nominal_optimistic_hz;long_relative_to_circular_transit;insufficient_holdout_events,
333278247,4,21.402520844604066,1740.9174500092026,0.11465999999999998,0.0028349958912373655,1.2151673463863228,0.4585577456271421,6.395392360909265,1.3056133817970306,1,fewer_than_three_discovery_events;dominated_by_one_discovery_event;low_nominal_training_snr;insufficient_holdout_events,
334483267,1,4.5694254193237205,1738.8844060597667,0.22931999999999997,0.0032590239668235706,0.9413135540964859,1.7533000986772518,7.969470027877022,-4.400730153168571,7,outside_nominal_optimistic_hz;long_relative_to_circular_transit;not_recovered_in_final_holdout;inconsistent_holdout_depth_signs,
334483267,2,6.321158627804355,1739.3191586021233,0.29575,0.00403691893858901,1.0476483889702721,1.137477451707578,8.117668363728031,-4.262290809666762,3,dominated_by_one_discovery_event;long_relative_to_circular_transit;not_recovered_in_final_holdout;inconsistent_holdout_depth_signs,
334483267,3,7.466446897451477,1739.9480666450274,0.238875,0.004702850213073611,1.130761747543717,0.91100286076126,7.984406737537099,-1.9127911384051537,3,long_relative_to_circular_transit;not_recovered_in_final_holdout;inconsistent_holdout_depth_signs,
334483267,4,6.875034186855106,1746.316259213496,0.238875,0.0033536024534255105,0.9548745632710627,1.0169631870235902,6.91836501039929,-1.7208319363196711,4,long_relative_to_circular_transit;low_nominal_training_snr;not_recovered_in_final_holdout;inconsistent_holdout_depth_signs,
334519921,1,5.308598582906341,1901.4716654005097,0.08599499999999999,0.0066918493016366555,1.161261468804478,1.1413200408731325,7.566711812779756,4.696472400837656,2,long_relative_to_circular_transit;not_recovered_in_final_holdout,
334519921,2,4.599707918987802,1903.3659179005097,0.06615,0.006962565550559999,1.1845177923887868,1.3816783498169498,7.747706606621365,2.208589275437272,2,long_relative_to_circular_transit;not_recovered_in_final_holdout,
334519921,3,7.965621061517299,1902.1810104005096,0.124215,0.005651012654016456,1.0671367588335037,0.6643869638763564,7.026265948463105,2.3967088686861,1,long_relative_to_circular_transit;insufficient_holdout_events,
334519921,4,3.8748089802195316,1901.1750929005098,0.0882,0.005629753673723309,1.0651275954124833,1.7366550447294913,7.982164449415742,3.8440796123777092,2,outside_nominal_optimistic_hz;long_relative_to_circular_transit;not_recovered_in_final_holdout,
334651091,1,29.870666097723866,1711.6200118275606,0.29575,0.0007866302749576133,0.7350386197463219,0.5175804107770484,8.468486789085032,0.6971982246015875,5,dominated_by_one_discovery_event;odd_even_discrepancy;long_relative_to_circular_transit;not_recovered_in_final_holdout,
334651091,2,43.65803192735147,1725.3999887889852,0.11465999999999998,0.0014823596955765544,1.0090243076280032,0.3120461545843385,7.877011936670421,-0.4857917449210187,3,fewer_than_three_discovery_events;dominated_by_one_discovery_event;not_recovered_in_final_holdout;inconsistent_holdout_depth_signs,
334651091,3,64.15103470723122,1769.4708337889851,0.29575,0.0015014748371112462,1.0155091915946197,0.18679538964727713,8.159750681936247,-0.3554685751696006,1,fewer_than_three_discovery_events;dominated_by_one_discovery_event;outside_nominal_optimistic_hz;long_relative_to_circular_transit;insufficient_holdout_events,
334651091,4,42.434643280927105,1744.502708788985,0.29575,0.001140249183408427,0.8849621870588147,0.324098459136753,7.1623895720016915,1.451372497792198,5,fewer_than_three_discovery_events;dominated_by_one_discovery_event;long_relative_to_circular_transit;not_recovered_in_final_holdout,
334799215,1,58.488080759286994,1751.693468985451,0.29575,0.0007936861822006707,0.8183133458395782,0.19843657783148988,8.272610736532497,-1.037131784938024,3,dominated_by_one_discovery_event;outside_nominal_optimistic_hz;long_relative_to_circular_transit;not_recovered_in_final_holdout,
334799215,2,62.049452625216354,1762.244918985451,0.17198999999999998,0.0006815979167704625,0.7583319457173956,0.18339786823259127,5.89721253158606,-1.2944312802558149,2,dominated_by_one_discovery_event;outside_nominal_optimistic_hz;low_nominal_training_snr;not_recovered_in_final_holdout;inconsistent_holdout_depth_signs,
334799215,3,19.5660941378081,1739.439863985451,0.22931999999999997,0.0003533824520723006,0.5460315212824924,0.854488137325308,6.1614334957873105,1.1167688564283462,6,long_relative_to_circular_transit;low_nominal_training_snr;not_recovered_in_final_holdout,
334799215,4,33.27670601817676,1768.574843985451,0.0441,0.0011136738666676868,0.9693357690206313,0.42091181463364463,5.422964767478992,1.946696901313157,6,dominated_by_one_discovery_event;odd_even_discrepancy;low_nominal_training_snr;not_recovered_in_final_holdout,
334802880,1,14.170270864707003,1748.3504455759096,0.29575,0.0034164862240399396,1.3658946314398652,0.9406193750682454,12.634240114252368,0.19292568529971313,4,dominated_by_one_discovery_event;long_relative_to_circular_transit;not_recovered_in_final_holdout;inconsistent_holdout_depth_signs,
334802880,2,12.218125274923885,1747.3025455759096,0.14994000000000002,0.0024271424043707536,1.1512641737371105,1.1461602898341499,8.21523789601037,-0.5890309125596542,4,long_relative_to_circular_transit;not_recovered_in_final_holdout;inconsistent_holdout_depth_signs,
334802880,3,26.588078538381957,1746.3984955759097,0.17198999999999998,0.003733236360581435,1.427808965492812,0.4064453744113577,9.1457566153139,0.7576492683501304,2,fewer_than_three_discovery_events;long_relative_to_circular_transit;not_recovered_in_final_holdout;inconsistent_holdout_depth_signs,
334802880,4,10.54160275118032,1745.3949930759097,0.124215,0.0023988634929953206,1.1445377690906837,1.3954338732196454,7.899638082462771,-1.5436968309264214,5,long_relative_to_circular_transit;not_recovered_in_final_holdout;inconsistent_holdout_depth_signs,
334835095,1,13.296309119930218,1957.3030126559663,0.29575,0.0010479459010612135,0.8448525521964831,1.2023527861018277,7.388940575988054,1.4012714930648444,4,long_relative_to_circular_transit;not_recovered_in_final_holdout,
334835095,2,13.135797957843282,1956.4840126559664,0.29575,0.0012205904694815581,0.9117934667099571,1.2219818962957656,5.662065837357328,4.258731181666135,3,long_relative_to_circular_transit;low_nominal_training_snr;not_recovered_in_final_holdout;inconsistent_holdout_depth_signs,
334835095,3,15.616664366857576,1971.0267226559663,0.17198999999999998,0.0013454663242390128,0.9572996603823415,0.9702619858470487,5.104998867146621,-2.2000689780358593,4,long_relative_to_circular_transit;low_nominal_training_snr;not_recovered_in_final_holdout;inconsistent_holdout_depth_signs,
334835095,4,16.343843829507946,1966.3802626559664,0.29575,0.0010858327775087049,0.859989130916846,0.9131338589008509,5.30410109485707,-0.3345823197656937,3,long_relative_to_circular_transit;low_nominal_training_snr;not_recovered_in_final_holdout,
335797473,1,13.053006202614347,1738.8181394299463,0.238875,0.0017542715419117544,0.7912397553841689,0.6096803469078379,7.232575514955623,2.057323468391687,4,odd_even_discrepancy;long_relative_to_circular_transit;not_recovered_in_final_holdout,
335797473,2,17.500990353987874,1756.4021113509027,0.057329999999999985,0.0035807680070086573,1.1304406944717915,0.4123817345320716,6.10718650517579,-1.804501659685525,3,dominated_by_one_discovery_event;odd_even_discrepancy;low_nominal_training_snr;not_recovered_in_final_holdout;inconsistent_holdout_depth_signs,
335797473,3,13.284218768852302,1748.0600713509027,0.22491000000000003,0.0018691600745949625,0.8167383320341722,0.5955728561704426,6.022352028067787,-0.931906879728553,3,long_relative_to_circular_transit;low_nominal_training_snr;not_recovered_in_final_holdout;inconsistent_holdout_depth_signs,
335797473,4,8.460194366475053,1740.345616350903,0.07643999999999998,0.0021271157257045873,0.8712749946066746,1.0869489164118857,5.575855309695398,-0.5502537617143484,5,long_relative_to_circular_transit;low_nominal_training_snr;not_recovered_in_final_holdout;inconsistent_holdout_depth_signs,
336538915,1,26.260826092095844,1748.6748036863876,0.238875,0.009661978712831839,1.6744463005248935,0.22192942712333646,10.189319357942844,1.4418915452417083,2,dominated_by_one_discovery_event;odd_even_discrepancy;long_relative_to_circular_transit;not_recovered_in_final_holdout,
336538915,2,15.824216825496688,1742.6569911863876,0.029399999999999996,0.008599106806371689,1.5796644978769168,0.43604345309530457,5.624267638029453,1.101293135389054,2,low_nominal_training_snr;not_recovered_in_final_holdout;inconsistent_holdout_depth_signs,
336538915,3,14.047727808850977,1749.7838661863875,0.29575,0.0033535445988788076,0.9864844170337602,0.5110749859795359,5.17658477373593,1.0250327527070133,4,dominated_by_one_discovery_event;long_relative_to_circular_transit;low_nominal_training_snr;not_recovered_in_final_holdout,
336538915,4,9.091260868514079,1740.5161461863875,0.07496999999999998,0.004454612198064916,1.1369546366008814,0.9129785566401885,5.637486833406198,-0.2898450688681152,6,long_relative_to_circular_transit;low_nominal_training_snr;not_recovered_in_final_holdout;inconsistent_holdout_depth_signs,
336541591,1,29.411488173970216,1761.9813945716378,0.057329999999999985,0.011231741427094523,2.0483794136538407,0.2482695203834317,9.686820519920998,0.6433263497809689,2,fewer_than_three_discovery_events;dominated_by_one_discovery_event;outside_initial_small_planet_radius_range;not_recovered_in_final_holdout;inconsistent_holdout_depth_signs,
336541591,2,25.944898223826307,1748.6291920716376,0.238875,0.003490750500307966,1.1419478169047779,0.2934563036794445,8.221231786947031,1.6364450857656005,1,dominated_by_one_discovery_event;long_relative_to_circular_transit;insufficient_holdout_events,
336541591,3,13.009955936338976,1738.7673811352988,0.08599499999999999,0.00374669809870997,1.1830720766849223,0.7366224837916472,6.869548269843633,0.36940040723370493,4,low_nominal_training_snr;not_recovered_in_final_holdout,
336541591,4,11.039146997774449,1741.154434978186,0.29575,0.0013721790602335131,0.7159657511246803,0.9169916537710302,5.220308063425939,-0.4929636672393891,5,long_relative_to_circular_transit;low_nominal_training_snr;not_recovered_in_final_holdout,
337705501,1,14.677154601094141,1609.4678981434408,0.238875,0.0019780407082437535,0.9518911119210689,0.717815202372155,8.558896552841215,-1.0327056961812333,2,fewer_than_three_discovery_events;long_relative_to_circular_transit;not_recovered_in_final_holdout;inconsistent_holdout_depth_signs,
337705501,2,9.467909481048089,1603.0671273101075,0.017499999999999998,0.003989981085726721,1.3519327152032377,1.287843274109157,5.812222003595675,0.44837048218589687,2,fewer_than_three_discovery_events;dominated_by_one_discovery_event;low_nominal_training_snr;not_recovered_in_final_holdout,
337705501,3,8.176829257056042,1603.4789606434408,0.29575,0.0008206647004050651,0.6131299568458817,1.5658683213195543,5.551953858459535,-0.7462891525204123,3,outside_nominal_optimistic_hz;long_relative_to_circular_transit;low_nominal_training_snr;not_recovered_in_final_holdout;inconsistent_holdout_depth_signs,
337705501,4,9.0655489619976,1609.1446206434407,0.03822,0.0028244618801663577,1.1374636269951992,1.3646135101021533,5.5555709386666745,0.5341194322604929,3,low_nominal_training_snr;not_recovered_in_final_holdout,
338137771,1,15.486179079096157,1608.142675242785,0.29575,0.004328884549234908,1.1998254248833067,0.6012545247806798,6.695965085542823,-1.7533605914413466,1,fewer_than_three_discovery_events;dominated_by_one_discovery_event;long_relative_to_circular_transit;low_nominal_training_snr;insufficient_holdout_events,
338137771,2,12.455790172613865,1603.687997742785,0.08599499999999999,0.005812825982798211,1.3903486508956069,0.8038142152528854,5.479330693430481,0.14937925350043915,1,low_nominal_training_snr;insufficient_holdout_events,
338137771,3,15.361573360452152,1603.0049669094515,0.031849999999999996,0.009723694896060767,1.7982319951047387,0.6077660848444669,6.244545308955296,0.0877192235081518,1,low_nominal_training_snr;insufficient_holdout_events,
338137771,4,17.589570946333332,1616.295925242785,0.017499999999999998,0.012260339431954292,2.0192091515079804,0.5073531942896307,5.523983468286466,0.0,0,outside_initial_small_planet_radius_range;low_nominal_training_snr;insufficient_holdout_events,
338288128,1,14.363075348297215,1747.7673824898009,0.124215,0.007356370710037054,1.3767742216641035,0.4722684232446363,7.0322608984039645,-1.2216093972402127,2,long_relative_to_circular_transit;not_recovered_in_final_holdout;inconsistent_holdout_depth_signs,
338288128,2,11.694083008642796,1740.445294989801,0.29575,0.004281016993370784,1.0502783141625074,0.6211987847662354,6.6635268062153035,-1.6359079946479749,3,long_relative_to_circular_transit;low_nominal_training_snr;not_recovered_in_final_holdout;inconsistent_holdout_depth_signs,
338288128,3,13.673782225761668,1740.0421649898008,0.03822,0.010662320382945949,1.6575124018823653,0.5042748188153319,5.592258691469197,2.4385090284588777,4,low_nominal_training_snr;not_recovered_in_final_holdout,
338288128,4,10.517937590226763,1745.1345249898009,0.027299999999999998,0.010539607348933815,1.6479466136491803,0.7155028606670015,5.682653995375174,0.9923351355043719,4,low_nominal_training_snr;not_recovered_in_final_holdout,
33880418,1,6.662400714478323,1327.236522926631,0.29575,0.0030440332789220563,0.99408204572562,1.4395056666036015,32.2455337370441,29.159520968261912,23,odd_even_discrepancy;long_relative_to_circular_transit,
33880418,2,6.662476870771475,1325.5530229266312,0.29575,0.003047157731923782,0.9945920871330818,1.4394837273741292,31.42554992191574,28.07203788699784,22,long_relative_to_circular_transit,
33880418,3,6.662158284485831,1328.9176090046774,0.29575,0.0032376666058487593,1.0252117969738923,1.4395755101286838,32.768532473866934,29.862267214149526,20,long_relative_to_circular_transit,
33880418,4,6.662664131987884,1330.5556090046773,0.29575,0.003849401154851071,1.1178772505915842,1.439429783344988,35.00839913350018,24.087377169813628,18,long_relative_to_circular_transit,
339956143,1,13.126843171207828,1492.0470923391385,0.29575,0.002059412094523464,0.8523415581835143,0.5832395684360667,8.49661036875284,0.6905137283625417,4,long_relative_to_circular_transit;not_recovered_in_final_holdout;inconsistent_holdout_depth_signs,
339956143,2,27.554449796187516,1511.2206752633429,0.17198999999999998,0.0031719203295230793,1.0577990432722102,0.21700598784301084,5.432629254357173,-0.9506452198068205,5,fewer_than_three_discovery_events;dominated_by_one_discovery_event;long_relative_to_circular_transit;low_nominal_training_snr;not_recovered_in_final_holdout;inconsistent_holdout_depth_signs,
339956143,3,15.434986267753867,1503.876292763343,0.08599499999999999,0.0027940633003533714,0.992796311911343,0.46995078451515226,5.369477256979632,-0.19953917856950493,7,low_nominal_training_snr;not_recovered_in_final_holdout;inconsistent_holdout_depth_signs,
339956143,4,17.809775606301223,1502.944680263343,0.22931999999999997,0.0019625863339001698,0.8320634014651078,0.3883137586825138,5.736372923458411,2.769406317837204,6,long_relative_to_circular_transit;low_nominal_training_snr;not_recovered_in_final_holdout,
340009136,1,13.00033818216014,1657.6011423014108,0.22931999999999997,0.0014520591692862945,0.4702016925011176,0.23821660766578992,6.758765668491883,0.21838059228782855,2,outside_initial_small_planet_radius_range;long_relative_to_circular_transit;low_nominal_training_snr;not_recovered_in_final_holdout;inconsistent_holdout_depth_signs,
340009136,2,11.305418960753054,1665.2769923014107,0.05095999999999999,0.002545563009544541,0.6225639328445569,0.2869873058900068,6.26826777915869,0.10387464828632602,2,low_nominal_training_snr;not_recovered_in_final_holdout;inconsistent_holdout_depth_signs,
340009136,3,2.846327046383282,1657.6291248014109,0.238875,0.0004918233549822998,0.2736507263736381,1.8052270654756528,5.051318684574172,0.18534609615372144,8,outside_initial_small_planet_radius_range;outside_nominal_optimistic_hz;long_relative_to_circular_transit;low_nominal_training_snr;not_recovered_in_final_holdout;inconsistent_holdout_depth_signs,
340009136,4,4.42676564940509,1658.5593723014108,0.07643999999999998,0.0014063899556497222,0.4627483823739518,1.001834985819796,5.814720036847744,1.3328511405231642,4,outside_initial_small_planet_radius_range;long_relative_to_circular_transit;low_nominal_training_snr;not_recovered_in_final_holdout,
341267102,1,5.963910401516159,1494.4017141534844,0.29575,0.004734500275923261,1.1120194316478917,1.3495939495705949,22.03076691038974,21.48541927472469,14,long_relative_to_circular_transit,
341267102,2,5.939915703010518,1495.9828391534843,0.29575,0.00482354020563077,1.1224273863237872,1.3568678760706139,21.87758935080943,22.427158312339174,15,long_relative_to_circular_transit,
341267102,3,5.95784853524121,1492.9570891534843,0.29575,0.005203097300804219,1.1657522891054262,1.3514251352188928,22.387132894248406,17.693885329186056,15,long_relative_to_circular_transit;inconsistent_holdout_depth_signs,
341267102,4,5.945498637154671,1497.5525891534844,0.29575,0.00568122729166253,1.2181377032504672,1.3551693096647692,23.90333766241449,16.679970742645903,13,long_relative_to_circular_transit;inconsistent_holdout_depth_signs,
341417608,1,25.829472017676,1491.9105564006454,0.29575,0.0025050335183477777,1.142264407371151,0.33367244977330485,9.981049083319062,5.624582200457776,1,long_relative_to_circular_transit;insufficient_holdout_events,
341417608,2,31.211538695822743,1505.0211556956035,0.17198999999999998,0.002459082775793393,1.1317394320050238,0.2592512241218625,7.5952445552599865,0.2583721184528468,2,dominated_by_one_discovery_event;long_relative_to_circular_transit;not_recovered_in_final_holdout;inconsistent_holdout_depth_signs,
341417608,3,26.49350448709895,1500.6649856956035,0.29575,0.0013900421052635075,0.8508908462936616,0.3225684166742436,5.5469915281263695,3.196944946281292,3,long_relative_to_circular_transit;low_nominal_training_snr;not_recovered_in_final_holdout,
341417608,4,20.01051968583041,1503.7121206956035,0.027299999999999998,0.00423477326866439,1.4851658530921747,0.46895362582227146,4.8055916631575535,0.8356911743022284,4,dominated_by_one_discovery_event;low_nominal_training_snr;not_recovered_in_final_holdout,
341705385,1,6.359721427053817,1686.2403236721716,0.17198999999999998,0.007478887289381922,1.662052545073677,1.8739774989273348,19.56917817611956,-3.2104234703580543,8,outside_nominal_optimistic_hz;long_relative_to_circular_transit;not_recovered_in_final_holdout;inconsistent_holdout_depth_signs,
341705385,2,7.342711026837861,1685.7325436721717,0.17198999999999998,0.007420024057627421,1.6554989600295904,1.5471766885433096,18.0651657579155,-3.5814854415578647,8,outside_nominal_optimistic_hz;long_relative_to_circular_transit;not_recovered_in_final_holdout;inconsistent_holdout_depth_signs,
341705385,3,8.31054022188792,1687.2476936721716,0.17198999999999998,0.006689595057792092,1.5719045471296014,1.3117250771575184,15.7719908975145,3.6880559889881517,5,long_relative_to_circular_transit;not_recovered_in_final_holdout,
341705385,4,6.355224631314974,1687.7309036721717,0.12284999999999999,0.007471841759701442,1.661269487430104,1.875745679312378,16.714043500691147,-2.2346446615344506,7,outside_nominal_optimistic_hz;long_relative_to_circular_transit;not_recovered_in_final_holdout;inconsistent_holdout_depth_signs,
341787179,1,5.485142778073017,1605.1357943304872,0.11245500000000001,0.012114736804403423,2.0792977451532764,1.7538749410005832,72.85252712478142,21.92318078967412,13,odd_even_discrepancy;outside_initial_small_planet_radius_range;outside_nominal_optimistic_hz;long_relative_to_circular_transit,
341787179,2,5.873826245280845,1601.6089318304873,0.12739999999999999,0.01198113666322911,2.067800813699958,1.6008639006265577,73.93954547409652,28.404468166780855,12,odd_even_discrepancy;outside_initial_small_planet_radius_range;outside_nominal_optimistic_hz;long_relative_to_circular_transit,
341787179,3,5.879938617776918,1607.0992332973199,0.11245500000000001,0.01225170075836559,2.091018529461218,1.5986454237779797,67.31137176832672,54.81688791349981,12,outside_initial_small_planet_radius_range;outside_nominal_optimistic_hz;long_relative_to_circular_transit,
341787179,4,7.84397609378854,1605.5274357973199,0.12739999999999999,0.012112882423508574,2.0791386018868017,1.0885979784192887,62.63667317217837,32.900258667059546,11,odd_even_discrepancy;outside_initial_small_planet_radius_range;long_relative_to_circular_transit,
341845611,1,24.402103796788325,1997.290161572755,0.16562,0.001683845085897656,0.8648125107520998,0.35992741447574556,5.549701836372978,-0.372242102895956,1,fewer_than_three_discovery_events;dominated_by_one_discovery_event;long_relative_to_circular_transit;low_nominal_training_snr;insufficient_holdout_events,
342888849,1,10.52977589379065,1521.7428408005771,0.29575,0.003238492860559761,1.5970487863172054,1.5552712516544955,98.13599668800677,76.16597317246601,14,odd_even_discrepancy;outside_nominal_optimistic_hz;long_relative_to_circular_transit,
342888849,2,10.54600345883835,1522.9599658005773,0.29575,0.0030496614655404234,1.5497888327693214,1.5520811912981545,87.91825492342103,89.56453701207488,11,outside_nominal_optimistic_hz;long_relative_to_circular_transit,
342888849,3,10.579219519671584,1523.0054658005772,0.29575,0.0033077255451489495,1.6140294129319304,1.5455870730796297,92.77359412866075,61.7351964904185,13,outside_nominal_optimistic_hz;long_relative_to_circular_transit,
342888849,4,10.579709680288504,1524.0633408005772,0.29575,0.0031982042962541745,1.587083630508495,1.5454915972318395,94.69614556025338,97.4435114423605,14,outside_nominal_optimistic_hz;long_relative_to_circular_transit,
342888854,1,3.5217972789752343,1520.25357761653,0.29575,0.014977686990296729,1.6972260301386375,1.685873638802326,120.26380969940786,58.65014113555222,25,odd_even_discrepancy;outside_nominal_optimistic_hz;long_relative_to_circular_transit,
342888854,2,3.5157977255082096,1520.4583276165301,0.29575,0.01816252858365356,1.8689834862880277,1.6897105544951405,137.8670304427252,75.62263367565367,24,odd_even_discrepancy;outside_nominal_optimistic_hz;long_relative_to_circular_transit,
342888854,3,3.527601624260853,1520.15120261653,0.29575,0.021054487486407866,2.0122857224870945,1.6821760526335499,156.38663935466022,50.672830759461434,24,outside_initial_small_planet_radius_range;outside_nominal_optimistic_hz;long_relative_to_circular_transit,
342888854,4,3.515094973568763,1518.16512761653,0.22931999999999997,0.011709086432600725,1.5006479339290861,1.6901609878188446,38.945399439357196,95.06091361475596,24,odd_even_discrepancy;outside_nominal_optimistic_hz;long_relative_to_circular_transit,
343268431,1,5.4670059440103405,1711.8712346995599,0.29575,0.008354210142851823,1.7666053926575402,1.7963569144606608,67.83899146518381,40.46373965544137,14,odd_even_discrepancy;outside_nominal_optimistic_hz;long_relative_to_circular_transit,
343268431,2,5.46277143464583,1714.6012346995599,0.29575,0.008331771487010366,1.7642313259847553,1.7982137674833008,67.56480410731695,34.260351779945566,16,outside_nominal_optimistic_hz;long_relative_to_circular_transit,
343268431,3,5.466894844551382,1715.5453596995599,0.29575,0.008953888578303395,1.8289115264514353,1.7964055892478252,69.00866892610519,38.72773198933196,16,odd_even_discrepancy;outside_nominal_optimistic_hz;long_relative_to_circular_transit,
343268431,4,5.466492909725668,1716.53498469956,0.29575,0.00956420481563563,1.8902153605228265,1.796581703824982,74.023085572546,38.57111372166675,16,odd_even_discrepancy;outside_nominal_optimistic_hz;long_relative_to_circular_transit,
343404892,1,11.827640506418575,1633.783581728748,0.29575,0.0015453017729940611,0.9915901843976727,1.1810692053844138,11.693513913639233,-7.1053645015166325,4,long_relative_to_circular_transit;not_recovered_in_final_holdout;inconsistent_holdout_depth_signs,
343404892,2,10.069243488152626,1637.275706728748,0.29575,0.00123382644568631,0.886038524032872,1.4637841611897306,9.550540392875952,1.233802707121711,3,long_relative_to_circular_transit;not_recovered_in_final_holdout,
343404892,3,15.965524552881105,1629.506581728748,0.29575,0.0014563869105203811,0.9626401052060631,0.7917023085905383,8.416173839940909,-2.455566519578269,3,dominated_by_one_discovery_event;odd_even_discrepancy;long_relative_to_circular_transit;not_recovered_in_final_holdout;inconsistent_holdout_depth_signs,
343404892,4,9.015889962482932,1632.153110670012,0.29575,0.0012063399469210275,0.876113600708007,1.6961387021672363,8.526409698152975,1.7926278270189158,5,outside_nominal_optimistic_hz;long_relative_to_circular_transit;not_recovered_in_final_holdout,
343410928,1,12.961841150811013,1712.9972501996829,0.29575,0.0009550419374279027,0.7491655243885827,0.9067288612016389,8.09197098598883,-1.1829039303595164,7,long_relative_to_circular_transit;not_recovered_in_final_holdout;inconsistent_holdout_depth_signs,
343410928,2,34.23619381665529,1723.104847699683,0.08599499999999999,0.0020738388954109474,1.10396186117562,0.24834327128434402,5.781975967815561,2.4581082540806527,2,fewer_than_three_discovery_events;dominated_by_one_discovery_event;low_nominal_training_snr;not_recovered_in_final_holdout,
343410928,3,28.365400962526888,1726.5635301996829,0.03822,0.0023542391487908986,1.1762289136826238,0.31913991865838615,5.850525805654705,-1.1381097265808873,2,low_nominal_training_snr;not_recovered_in_final_holdout;inconsistent_holdout_depth_signs,
343410928,4,29.10409152084598,1733.711125199683,0.29575,0.001197758900210229,0.8389793383742351,0.30838575067643786,5.403680709172021,-2.0129285612288106,3,fewer_than_three_discovery_events;long_relative_to_circular_transit;low_nominal_training_snr;not_recovered_in_final_holdout;inconsistent_holdout_depth_signs,
343722317,1,22.338066377471282,1630.054480073786,0.22931999999999997,0.0013683067945077898,0.7674656215744631,0.4384548407645275,6.241536911948063,-2.3949327467948267,1,dominated_by_one_discovery_event;long_relative_to_circular_transit;low_nominal_training_snr;insufficient_holdout_events,
343722317,2,25.121243527226724,1631.981650073786,0.024499999999999997,0.005183958968915768,1.4938189569058535,0.3749132539798452,5.947131423589503,0.0596000957204297,1,fewer_than_three_discovery_events;dominated_by_one_discovery_event;low_nominal_training_snr;insufficient_holdout_events,
343722317,3,12.025121979556609,1638.5768167404526,0.017499999999999998,0.004199805914366734,1.3445649908913597,1.0012279963150073,5.494170679682709,1.6797547283084264,1,low_nominal_training_snr;insufficient_holdout_events,
343722317,4,14.059728927465306,1630.000300073786,0.03919999999999999,0.0030798589565107517,1.1514169087253776,0.8128611650645787,5.135774487838113,1.037813396195169,1,low_nominal_training_snr;insufficient_holdout_events,
344012137,1,26.21033981451624,1722.4392014314844,0.07496999999999998,0.006771324817025853,1.9948184935000821,0.3841177199282153,7.892898464557068,-0.45333970152887787,1,fewer_than_three_discovery_events;insufficient_holdout_events,
344012137,2,22.646247008129126,1729.2101964314843,0.24499999999999997,0.002370057417009888,1.1801738730288147,0.46676636967720014,7.4891833006920425,0.0,0,dominated_by_one_discovery_event;long_relative_to_circular_transit;insufficient_holdout_events,
344012137,3,11.775463657474457,1722.1239039314844,0.124215,0.00201521231077425,1.0882457155410634,1.116324670039524,6.049053458076109,2.2654917171694335,2,long_relative_to_circular_transit;low_nominal_training_snr;not_recovered_in_final_holdout,
344012137,4,8.215374612248608,1711.5026114314844,0.057329999999999985,0.0023419876291326277,1.173164359072967,1.8040893756019483,5.928472598368428,-2.1504462895636833,1,outside_nominal_optimistic_hz;low_nominal_training_snr;insufficient_holdout_events,
344097064,1,20.864913309640997,1711.6328268610803,0.29575,0.0005729196682464349,0.6037712560134987,1.0243816696941987,7.282463316211278,0.5975403476212273,2,long_relative_to_circular_transit;not_recovered_in_final_holdout;inconsistent_holdout_depth_signs,
344097064,2,36.279006471381095,1715.6223741517197,0.16562,0.0008063069989750399,0.7162683849737503,0.48994056424280136,6.05589408902839,-0.4349606877515063,1,fewer_than_three_discovery_events;long_relative_to_circular_transit;low_nominal_training_snr;insufficient_holdout_events,
344097064,3,22.60154379122009,1716.4673091517197,0.29575,0.00046157164980677846,0.5419324177173064,0.9208023918919095,5.92874444832738,0.869548802391462,1,dominated_by_one_discovery_event;long_relative_to_circular_transit;low_nominal_training_snr;insufficient_holdout_events,
344097064,4,36.107056289794684,1736.708392485053,0.017499999999999998,0.0028679885950232543,1.3508722414954673,0.4930539783702653,5.90632135515675,0.298663129770312,1,fewer_than_three_discovery_events;dominated_by_one_discovery_event;low_nominal_training_snr;insufficient_holdout_events,
344136084,1,33.877009440860895,1489.9727822887053,0.170625,0.0006168753696312849,0.8841580450104176,0.6117932818240263,7.763295809087648,-1.0179759313356065,2,fewer_than_three_discovery_events;dominated_by_one_discovery_event;not_recovered_in_final_holdout;inconsistent_holdout_depth_signs,
344136084,2,36.51948534579675,1482.4368447887055,0.29575,0.0003182266084904031,0.635037589414593,0.5534927361899952,7.265803977365791,-0.45283601138991525,3,long_relative_to_circular_transit;not_recovered_in_final_holdout;inconsistent_holdout_depth_signs,
344136084,3,20.883094249480507,1484.0634697887053,0.29575,0.00022707151370881384,0.5364293298777569,1.1661425957139915,6.38896911798457,2.2944204227235425,6,long_relative_to_circular_transit;low_nominal_training_snr;not_recovered_in_final_holdout,
344136084,4,18.093808346702247,1472.4580122887053,0.08599499999999999,0.0004294620211974108,0.7377234178990445,1.411794468659035,5.8784297223422115,0.5853368310913223,6,low_nominal_training_snr;not_recovered_in_final_holdout,
344290932,1,27.1545660377523,1723.656472474883,0.17198999999999998,0.0035131375070571727,1.3915525838719132,0.5265287243033387,10.364038130458756,0.0,0,fewer_than_three_discovery_events;dominated_by_one_discovery_event;long_relative_to_circular_transit;insufficient_holdout_events,
344290932,2,24.32278014760318,1714.590597474883,0.29575,0.0018931671410750528,1.0215191831455936,0.6098105569825215,8.738542992422591,0.6670811318486182,2,long_relative_to_circular_transit;not_recovered_in_final_holdout;inconsistent_holdout_depth_signs,
344290932,3,31.339690977044594,1715.5262641415497,0.024499999999999997,0.0048436724687009065,1.6339525174823273,0.43493024663958324,6.509682594167394,0.9335921483772024,1,low_nominal_training_snr;insufficient_holdout_events,
344290932,4,36.672839161012675,1725.1388624748831,0.12284999999999999,0.002826690059209167,1.2482200188509787,0.3527116835729216,5.727902060950064,0.2670954076249618,1,fewer_than_three_discovery_events;dominated_by_one_discovery_event;low_nominal_training_snr;insufficient_holdout_events,
345874162,1,12.346871613346094,1985.3773634538468,0.170625,0.0009846823531669431,0.7846882464597411,1.1156302392473905,6.396959907858872,0.36731640428314094,5,long_relative_to_circular_transit;low_nominal_training_snr;not_recovered_in_final_holdout;inconsistent_holdout_depth_signs,
345874162,2,14.98202428442435,1990.4376459538469,0.057329999999999985,0.0011411932541726506,0.8447509094427379,0.8619899282177328,5.350424783922667,-0.002486762052379517,2,dominated_by_one_discovery_event;low_nominal_training_snr;not_recovered_in_final_holdout;inconsistent_holdout_depth_signs,
346565207,1,9.712356573187234,1764.960005165553,0.238875,0.003928023799512024,1.1634549304329902,0.8840956088239504,8.512867720720653,0.0895405162431962,2,dominated_by_one_discovery_event;long_relative_to_circular_transit;not_recovered_in_final_holdout,
346565207,2,6.658585923472802,1768.558872077814,0.08599499999999999,0.004065479803179154,1.1836366743662627,1.462478129911139,6.103718609284493,0.36378731607535236,3,long_relative_to_circular_transit;low_nominal_training_snr;not_recovered_in_final_holdout,
346565207,3,9.873019880381355,1773.729037077814,0.238875,0.0026850457991804376,0.9619186788823854,0.8649653483140709,5.255191959498344,0.3233583511929026,3,long_relative_to_circular_transit;low_nominal_training_snr;not_recovered_in_final_holdout;inconsistent_holdout_depth_signs,
346565207,4,5.702773288757228,1770.335874577814,0.09554999999999998,0.004205957771443564,1.2039126093818788,1.7981141103171054,5.503446218086825,-0.9234536900604373,5,dominated_by_one_discovery_event;outside_nominal_optimistic_hz;long_relative_to_circular_transit;low_nominal_training_snr;not_recovered_in_final_holdout;inconsistent_holdout_depth_signs,
347308021,1,4.30516558309091,1765.057749924477,0.06615,0.0077486035741676255,1.3553280346284116,1.8535091380958002,17.759121779251902,5.989778308139653,11,outside_nominal_optimistic_hz;long_relative_to_circular_transit,
347308021,2,5.53523967081717,1765.4649399244772,0.057329999999999985,0.009335905824469819,1.4876848196489951,1.3257632336784209,17.245703639877423,4.032594221453733,8,not_recovered_in_final_holdout,
347308021,3,4.923972523948305,1768.5273174244771,0.08599499999999999,0.007823187322263501,1.361835230368914,1.549626554862353,16.41629965416957,1.9351893885747045,8,outside_nominal_optimistic_hz;long_relative_to_circular_transit;not_recovered_in_final_holdout;inconsistent_holdout_depth_signs,
347308021,4,6.152494825267776,1766.2873524244771,0.061424999999999993,0.008923594830885779,1.4544628135011086,1.151452963003688,16.21503390538678,4.39554373115688,6,odd_even_discrepancy;not_recovered_in_final_holdout,
348772142,1,13.884219891595679,1334.4944533370654,0.29575,0.004766632167751818,1.153482043990529,0.4784007780267448,14.81560479206211,-0.22670663590288928,6,fewer_than_three_discovery_events;dominated_by_one_discovery_event;odd_even_discrepancy;long_relative_to_circular_transit;not_recovered_in_final_holdout,
348772142,2,28.592527050267517,1325.5182133370652,0.16562,0.0027562869318805143,0.8771365970544592,0.18259286400915095,7.3897091945613065,-2.475692414028222,2,dominated_by_one_discovery_event;outside_nominal_optimistic_hz;long_relative_to_circular_transit;not_recovered_in_final_holdout;inconsistent_holdout_depth_signs,
348772142,3,28.382068726320373,1338.5960824107788,0.170625,0.004901291942433344,1.1696617944966694,0.18440037153586616,7.415532874496838,-0.714333264297003,3,fewer_than_three_discovery_events;dominated_by_one_discovery_event;outside_nominal_optimistic_hz;long_relative_to_circular_transit;not_recovered_in_final_holdout;inconsistent_holdout_depth_signs,
348772142,4,9.492818009644187,1330.2809574107787,0.238875,0.0013991435613626318,0.6249368841036098,0.7942556537884022,6.657155180521203,1.4126271728722204,9,long_relative_to_circular_transit;low_nominal_training_snr;not_recovered_in_final_holdout,
348795308,1,21.7484599649683,1362.549359431617,0.024499999999999997,0.0036948150606785943,1.188127290220235,0.308105000870856,6.924502514896828,0.32291226906216813,7,low_nominal_training_snr;not_recovered_in_final_holdout,
348795308,2,29.645529460813133,1377.473709431617,0.22931999999999997,0.0012332400434861294,0.6864207883205372,0.20385646008959638,6.6209740950994735,0.8805253851433813,5,odd_even_discrepancy;outside_nominal_optimistic_hz;long_relative_to_circular_transit;low_nominal_training_snr;not_recovered_in_final_holdout,
348795308,3,13.812573785891818,1354.953484431617,0.29575,0.0008146896438904666,0.557908164017977,0.5643786963359807,6.752660212942694,0.5625222879389523,9,long_relative_to_circular_transit;low_nominal_training_snr;not_recovered_in_final_holdout;inconsistent_holdout_depth_signs,
348795308,4,20.808356948265086,1370.9094244316168,0.17198999999999998,0.001113832031878521,0.6523436967590261,0.32680325572872004,6.145771076208962,0.2841742112306108,6,long_relative_to_circular_transit;low_nominal_training_snr;not_recovered_in_final_holdout;inconsistent_holdout_depth_signs,
349306411,1,6.726888541331098,1328.514309027996,0.238875,0.003288151272681116,1.0519588801892652,1.4721974987276367,31.96206935928395,5.603275862369126,17,long_relative_to_circular_transit,
349306411,2,6.727092728156554,1327.769246527996,0.29575,0.003031209325742709,1.0100220003179785,1.4721379183957561,32.31651688065246,7.594137691340432,18,long_relative_to_circular_transit,
349306411,3,6.726777645417607,1329.9134340279961,0.238875,0.0032370947392381545,1.043759819996486,1.4722298591719478,30.78544998007754,5.9378181071821565,16,long_relative_to_circular_transit,
349306411,4,6.726955797895191,1325.807059027996,0.238875,0.0034019280593288034,1.0700040762458933,1.472177873251981,30.12784482079042,6.436690586060373,19,long_relative_to_circular_transit,
349374765,1,39.436879581907604,1356.7095764681776,0.17198999999999998,0.0002686939689486051,0.4564389813064172,0.33852264069930754,8.559845924342808,-1.414164089829157,3,outside_initial_small_planet_radius_range;long_relative_to_circular_transit;not_recovered_in_final_holdout;inconsistent_holdout_depth_signs,
349374765,2,40.22821629932898,1332.9904264681777,0.29575,0.00023853603837001075,0.43006170194949067,0.3296730229198721,8.687140000127345,-0.4035353087991326,3,outside_initial_small_planet_radius_range;long_relative_to_circular_transit;not_recovered_in_final_holdout,
349374765,3,54.81604888236131,1362.2696764681777,0.29575,0.00025163620050872005,0.4417131491354405,0.21822984341371293,7.75744970564675,-1.45223874131708,2,dominated_by_one_discovery_event;outside_initial_small_planet_radius_range;long_relative_to_circular_transit;not_recovered_in_final_holdout;inconsistent_holdout_depth_signs,
349374765,4,45.806662559392905,1356.4597814681777,0.22931999999999997,0.0004002134172814065,0.5570569415618867,0.27725937829661806,8.142634937878503,0.3297396873699458,4,dominated_by_one_discovery_event;odd_even_discrepancy;long_relative_to_circular_transit;not_recovered_in_final_holdout;inconsistent_holdout_depth_signs,
349645035,1,26.620100090580447,1332.0234443001152,0.29575,0.0019940790078264103,0.7850740902317297,0.24229689745012864,10.369817778356822,1.2103250192100836,6,long_relative_to_circular_transit;not_recovered_in_final_holdout,
349645035,2,32.55877966870311,1339.9575068001152,0.238875,0.0017585672594766935,0.7372570861353012,0.18524078248693504,8.474871821757935,1.3005131913241976,5,dominated_by_one_discovery_event;outside_nominal_optimistic_hz;long_relative_to_circular_transit;not_recovered_in_final_holdout;inconsistent_holdout_depth_signs,
349645035,3,25.91402967765297,1348.0906318001153,0.238875,0.0015026148196441642,0.6814959789374097,0.25113900128307226,6.676228400235147,2.832762526291975,6,dominated_by_one_discovery_event;odd_even_discrepancy;long_relative_to_circular_transit;low_nominal_training_snr;not_recovered_in_final_holdout,
349645035,4,22.001041105953654,1330.9200693001153,0.29575,0.0010322387100159614,0.5648453197184916,0.31239431503647846,7.0946154137708275,-0.7560196329731468,6,long_relative_to_circular_transit;not_recovered_in_final_holdout;inconsistent_holdout_depth_signs,
349683816,1,26.830122002085528,1346.0149123493559,0.29575,0.0007836516808795765,0.5899734004898213,0.3499018212474704,6.825082762746825,0.2098530751038825,5,dominated_by_one_discovery_event;long_relative_to_circular_transit;low_nominal_training_snr;not_recovered_in_final_holdout,
349683816,2,40.771782920276216,1341.066787349356,0.29575,0.001008032771563324,0.6691264884865094,0.2002765625061707,7.648594129191118,0.0,0,dominated_by_one_discovery_event;outside_nominal_optimistic_hz;long_relative_to_circular_transit;insufficient_holdout_events,
349683816,3,28.97431480944644,1342.471599849356,0.170625,0.0008524880076829341,0.6153398423442726,0.31580972565129295,6.720575623161438,1.909075165525734,4,long_relative_to_circular_transit;low_nominal_training_snr;not_recovered_in_final_holdout,
349683816,4,40.94219868460197,1358.1511273493559,0.17198999999999998,0.001276753567324727,0.7530510818234811,0.1991658394021569,6.621613557814336,-0.34544281761959056,4,outside_nominal_optimistic_hz;long_relative_to_circular_transit;low_nominal_training_snr;not_recovered_in_final_holdout;inconsistent_holdout_depth_signs,
350142099,1,11.019276828333703,1328.156055099555,0.29575,0.004126526320267529,1.950072210540189,1.8575336624445988,105.21926429938244,56.79477062205976,13,outside_nominal_optimistic_hz;long_relative_to_circular_transit,
350142099,2,11.019235199221685,1326.370180099555,0.29575,0.004121490563379215,1.9488819736931289,1.857543019116419,105.45530527627231,57.90830465930633,14,outside_nominal_optimistic_hz;long_relative_to_circular_transit,
350142099,3,11.019346729959222,1330.0101800995549,0.29575,0.004351308816765182,2.002480690819998,1.8575179513516924,110.90148062205122,58.22334368396712,12,odd_even_discrepancy;outside_initial_small_planet_radius_range;outside_nominal_optimistic_hz;long_relative_to_circular_transit,
350142099,4,11.019396492622798,1335.504305099555,0.29575,0.004733477096255096,2.088567538489906,1.8575067668345984,117.24356359713383,55.79495509171241,13,outside_initial_small_planet_radius_range;outside_nominal_optimistic_hz;long_relative_to_circular_transit,
35025268,1,11.755402299865855,1801.4900208524964,0.124215,0.002537448874863673,0.5940677733037429,0.259712344143944,6.298808297315609,0.2922675492411629,6,long_relative_to_circular_transit;low_nominal_training_snr;not_recovered_in_final_holdout;inconsistent_holdout_depth_signs,
35025268,2,8.550691109426843,1793.7230833524964,0.03919999999999999,0.0033544488116177638,0.6830428156985817,0.3970156531271211,5.50343709960297,0.3292749228843154,7,low_nominal_training_snr;not_recovered_in_final_holdout;inconsistent_holdout_depth_signs,
350342912,1,39.92811756332015,1342.3621000622193,0.29575,0.0028568236339065398,0.9688652753086929,0.1794453611146008,7.7407212196664075,-1.6418587175868398,4,outside_nominal_optimistic_hz;long_relative_to_circular_transit;not_recovered_in_final_holdout;inconsistent_holdout_depth_signs,
350342912,2,30.128908044468357,1327.8874125622192,0.238875,0.002059449094164925,0.8226161026401667,0.2612118213069421,7.1859546853630025,1.1379822513727345,4,long_relative_to_circular_transit;not_recovered_in_final_holdout,
350342912,3,23.515762943459162,1327.3641625622192,0.238875,0.0017750523742589713,0.7637078623758926,0.36348954055430216,6.954659358901494,0.8560172258794244,4,odd_even_discrepancy;long_relative_to_circular_transit;low_nominal_training_snr;not_recovered_in_final_holdout;inconsistent_holdout_depth_signs,
350342912,4,36.86330271885808,1351.0696625622193,0.170625,0.002663196658891007,0.935455848290368,0.1996081914112673,6.191846826524267,0.07337469211299417,3,dominated_by_one_discovery_event;outside_nominal_optimistic_hz;long_relative_to_circular_transit;low_nominal_training_snr;not_recovered_in_final_holdout,
350433330,1,27.553799571866396,1338.9308775329514,0.29575,0.004381338557336429,1.250440690711687,0.23579692504287886,10.500093447682932,-0.15539250979484984,2,dominated_by_one_discovery_event;long_relative_to_circular_transit;not_recovered_in_final_holdout;inconsistent_holdout_depth_signs,
350433330,2,25.028675774779497,1336.0643775329515,0.29575,0.002726433862753117,0.9864093369426575,0.2680379580250006,8.851820849034448,-0.16383515082318947,3,long_relative_to_circular_transit;not_recovered_in_final_holdout,
350433330,3,34.7057823475378,1355.3506900329514,0.170625,0.0030112185595263705,1.0366468447255333,0.17334487741523913,5.443813206546591,-1.0914884864281644,3,fewer_than_three_discovery_events;dominated_by_one_discovery_event;outside_nominal_optimistic_hz;long_relative_to_circular_transit;low_nominal_training_snr;not_recovered_in_final_holdout;inconsistent_holdout_depth_signs,
350433330,4,16.213135667149288,1332.9502525329515,0.18374999999999997,0.00182994772372239,0.8081259124506034,0.47821600632185596,5.630512132987383,0.519262543805925,6,long_relative_to_circular_transit;low_nominal_training_snr;not_recovered_in_final_holdout,
350708370,1,82.01623295001106,1339.6091332092524,0.29575,0.0026311837299605105,1.7700121922267986,0.21141596052750777,19.745532705460143,0.0,0,fewer_than_three_discovery_events;dominated_by_one_discovery_event;outside_nominal_optimistic_hz;long_relative_to_circular_transit;insufficient_holdout_events,
350708370,2,79.27903688076806,1331.8627582092524,0.29575,0.0007182526800372768,0.9247818508046465,0.2212040329392865,10.09423298116351,-0.9440990003315793,1,fewer_than_three_discovery_events;dominated_by_one_discovery_event;odd_even_discrepancy;long_relative_to_circular_transit;insufficient_holdout_events,
350708370,3,80.30824928915571,1344.5003832092525,0.29575,0.000737585702441433,0.9371452649764088,0.2174322617243511,9.99877883674338,1.1997547121780714,3,dominated_by_one_discovery_event;odd_even_discrepancy;outside_nominal_optimistic_hz;long_relative_to_circular_transit;not_recovered_in_final_holdout,
350708370,4,48.1919119326228,1337.1193732092524,0.16562,0.0006597606091322866,0.8863267598238891,0.42957465758983604,7.9203158515374845,-0.8207136084872482,2,dominated_by_one_discovery_event;not_recovered_in_final_holdout;inconsistent_holdout_depth_signs,
350734035,1,6.72966968089851,1684.2332033844516,0.29575,0.006259453993129169,1.822905977035744,1.6943142526377544,57.487611682272274,18.92823246865738,31,odd_even_discrepancy;outside_nominal_optimistic_hz;long_relative_to_circular_transit,
350734035,2,6.729805357571958,1684.8417658844517,0.238875,0.00596937901466857,1.7801664847812344,1.69426870834894,49.86208733863836,13.53487732760893,28,outside_nominal_optimistic_hz;long_relative_to_circular_transit,
350734035,3,6.729657804375876,1689.7443908844516,0.238875,0.006505405426296628,1.8583744541163996,1.6943182394808847,50.4005616792416,19.18862431444693,31,odd_even_discrepancy;outside_nominal_optimistic_hz;long_relative_to_circular_transit,
350734035,4,6.729690139716914,1685.4673908844516,0.238875,0.005966570636482257,1.7797476833567347,1.6943073848326842,47.19178592712442,18.100697853274742,24,outside_nominal_optimistic_hz;long_relative_to_circular_transit,
351697960,1,5.801676444462662,1957.925616220652,0.29575,0.002563852247943564,0.9731342373183287,1.8613582443703505,17.54944378763815,16.63717697882258,5,outside_nominal_optimistic_hz;long_relative_to_circular_transit,
351697960,2,5.779953014168152,1959.927616220652,0.29575,0.002710480702162421,1.000574465051395,1.8706917443615516,17.889984782129567,-10.759919128059881,5,outside_nominal_optimistic_hz;long_relative_to_circular_transit;not_recovered_in_final_holdout;inconsistent_holdout_depth_signs,
351697960,3,5.800585271056398,1958.960741220652,0.29575,0.0025516054642971795,0.9708072642063662,1.8618251233022625,16.08188949300672,8.006958512186104,4,outside_nominal_optimistic_hz;long_relative_to_circular_transit,
351697960,4,5.764477718832851,1960.985491220652,0.29575,0.0025500251647203108,0.9705065899946244,1.877390808035232,15.868776140641462,11.436656498558385,5,outside_nominal_optimistic_hz;long_relative_to_circular_transit,
351808240,1,4.301849491032093,1630.208477398882,0.12284999999999999,0.00739165301797441,1.2298599790950695,1.4389017216060274,32.995000128664245,14.53291833772269,6,odd_even_discrepancy;long_relative_to_circular_transit,
351808240,2,3.7281930689138725,1629.073024898882,0.116025,0.006448883963180764,1.148754338841827,1.7414334734015928,31.385918263122527,11.532497593804989,5,odd_even_discrepancy;outside_nominal_optimistic_hz;long_relative_to_circular_transit,
351808240,3,5.172480750987787,1633.342744898882,0.088725,0.00755766983199459,1.2435946385451748,1.125398253584418,26.890524805418508,-11.749021426141272,4,long_relative_to_circular_transit;not_recovered_in_final_holdout;inconsistent_holdout_depth_signs,
351808240,4,4.296732444222355,1629.366954898882,0.116025,0.005928076573602264,1.1013916657399396,1.4411869894961258,26.522671283527895,-11.255370088794368,5,long_relative_to_circular_transit;not_recovered_in_final_holdout;inconsistent_holdout_depth_signs,
352617553,1,8.18833931632833,1713.3287691033443,0.0357,0.002418093911167066,0.8860007993798563,0.9629315964696118,19.19258276232579,7.301539764690472,8,,hour-scale variability alias; trial period rejected as evidence for a temperate planet
352617553,2,8.412368204679193,1712.1988291033442,0.03822,0.0021761457702533554,0.8405073657261605,0.9288926242743814,18.586387886422575,4.177048526028257,7,not_recovered_in_final_holdout;inconsistent_holdout_depth_signs,hour-scale variability alias; trial period rejected as evidence for a temperate planet
352617553,3,8.187340583312196,1713.3523591033443,0.03919999999999999,0.0026083256375698735,0.920191965646261,0.9630882173112246,18.738871921811498,-0.15518171696128447,8,not_recovered_in_final_holdout;inconsistent_holdout_depth_signs,hour-scale variability alias; trial period rejected as evidence for a temperate planet
352617553,4,8.411420423257828,1712.4315091033443,0.049980000000000004,0.0018732958758872083,0.7798314042457019,0.9290321811562365,18.29780007950354,3.138955583199013,7,not_recovered_in_final_holdout,hour-scale variability alias; trial period rejected as evidence for a temperate planet
352949913,1,17.792458406843718,1721.1364122413227,0.238875,0.003479420752081445,1.0177102519098715,0.3205792949876871,8.143538503260816,0.11149914861541967,3,long_relative_to_circular_transit;not_recovered_in_final_holdout,
352949913,2,5.112141792081083,1713.9221597413227,0.16562,0.0023200861506644114,0.8310415357944135,1.6908804145740077,8.156384838213132,-1.4379344413431747,9,outside_nominal_optimistic_hz;long_relative_to_circular_transit;not_recovered_in_final_holdout;inconsistent_holdout_depth_signs,
352949913,3,26.21067661682413,1735.4063497413226,0.29575,0.0038732022542624206,1.0737563932883158,0.19125484194371598,7.551807342095944,0.9816348549024739,2,fewer_than_three_discovery_events;dominated_by_one_discovery_event;outside_nominal_optimistic_hz;long_relative_to_circular_transit;not_recovered_in_final_holdout;inconsistent_holdout_depth_signs,
352949913,4,9.558822330988486,1715.3121847413227,0.16562,0.0026245776441352077,0.8838944100660462,0.7340250745747336,6.511593207133794,2.3579599610588278,6,long_relative_to_circular_transit;low_nominal_training_snr;not_recovered_in_final_holdout,
354287347,1,6.517523248622063,1790.9523749680257,0.124215,0.0035093207329238447,1.1579189190160877,1.7919095416959947,14.686397130175704,2.3070783852777415,12,outside_nominal_optimistic_hz;long_relative_to_circular_transit;not_recovered_in_final_holdout;inconsistent_holdout_depth_signs,
354287347,2,8.390477874450433,1791.8880824680257,0.22931999999999997,0.0027091330433196303,1.017376695943224,1.2795107490728916,13.656264075981737,-0.6235231480247987,9,long_relative_to_circular_transit;not_recovered_in_final_holdout;inconsistent_holdout_depth_signs,
354287347,3,6.514688846954116,1792.8176474680256,0.12284999999999999,0.003240217639131515,1.1126375423122492,1.792949112379195,13.838878122147483,7.6599686122986546,9,outside_nominal_optimistic_hz;long_relative_to_circular_transit,
354287347,4,6.531602821599643,1791.3843974680258,0.17198999999999998,0.0027797347924716576,1.0305481789873012,1.7867611876766623,13.639712732004105,7.724731700576514,12,outside_nominal_optimistic_hz;long_relative_to_circular_transit,
354572301,1,7.283610502638695,1440.7997174824773,0.08599499999999999,0.015794636074057834,2.9505763669275384,1.8495647247272091,81.79140236956984,16.36209058203197,2,odd_even_discrepancy;outside_initial_small_planet_radius_range;outside_nominal_optimistic_hz,
354572301,2,7.283645801135769,1440.4796774824774,0.11245500000000001,0.013951328021366692,2.773063551646329,1.849552773422588,81.78961862735613,37.27979657821709,3,outside_initial_small_planet_radius_range;outside_nominal_optimistic_hz;long_relative_to_circular_transit,
354572301,3,7.283626323204778,1440.1637324824774,0.11245500000000001,0.013933390168074291,2.77128025164381,1.8495593682103566,81.60744043411577,33.76703468940682,3,odd_even_discrepancy;outside_initial_small_planet_radius_range;outside_nominal_optimistic_hz;long_relative_to_circular_transit,
354572301,4,7.280561873609247,1442.7018449824773,0.11465999999999998,0.016735809782112206,3.0372141407460456,1.850597434434522,80.17046597808971,22.168334663176925,3,odd_even_discrepancy;outside_initial_small_planet_radius_range;outside_nominal_optimistic_hz;long_relative_to_circular_transit,
354785188,1,6.035463412135949,1796.5387016043037,0.08599499999999999,0.008059408398750455,1.764565056364005,1.8283105058458606,37.28552764975786,0.37997342441639825,8,outside_nominal_optimistic_hz;long_relative_to_circular_transit;not_recovered_in_final_holdout;inconsistent_holdout_depth_signs,
354785188,2,6.036876904092886,1793.1234716043039,0.08599499999999999,0.007185667405231343,1.6661712971853342,1.8277397468521492,37.61163638018269,6.64446757546394,8,outside_nominal_optimistic_hz;long_relative_to_circular_transit,
354785188,3,6.041088481769978,1796.5475216043037,0.11245500000000001,0.007545906845574833,1.707425694252289,1.8260409860211815,37.222044741990025,-0.28621348563486093,8,outside_nominal_optimistic_hz;long_relative_to_circular_transit;not_recovered_in_final_holdout;inconsistent_holdout_depth_signs,
354785188,4,6.038302696598934,1796.800781604304,0.08599499999999999,0.0074015822816190235,1.6910185767947024,1.827164336795457,37.26677588006813,15.187569012457606,8,outside_nominal_optimistic_hz;long_relative_to_circular_transit,
355147124,1,9.34618456840887,1818.2611953124056,0.027299999999999998,0.0074685349209651685,0.990878932591695,0.34057358120610953,5.581086561091528,0.0,0,fewer_than_three_discovery_events;low_nominal_training_snr;insufficient_holdout_events,
355704636,1,20.696940358360447,1327.3548928400662,0.124215,0.0060081310419924875,1.5066184735521648,0.33297064858432435,7.419355820928589,,0,long_relative_to_circular_transit;insufficient_holdout_events,
355704636,2,7.443981681645113,1332.4738703400662,0.22931999999999997,0.001954217072496198,0.859250891900927,1.3017884739869454,6.0849030888304725,,0,long_relative_to_circular_transit;low_nominal_training_snr;insufficient_holdout_events,
355704636,3,16.40650226994998,1328.0128170067328,0.024499999999999997,0.008070873561388914,1.7461995096073675,0.45386442781469566,5.501525200397389,,0,low_nominal_training_snr;insufficient_holdout_events,
355704636,4,13.879732002860758,1331.4296453400661,0.17198999999999998,0.002550583095802361,0.9816424452602092,0.5672476545133736,5.226039478036953,,0,long_relative_to_circular_transit;low_nominal_training_snr;insufficient_holdout_events,
355867542,1,14.667399705890036,1683.4762362731462,0.29575,0.004136199460002269,1.186864197213312,0.5435073547563773,10.280360240059379,-1.466323514209921,3,dominated_by_one_discovery_event;long_relative_to_circular_transit;not_recovered_in_final_holdout;inconsistent_holdout_depth_signs,
355867542,2,22.139579199296566,1705.2437650233032,0.17198999999999998,0.004521583117194786,1.240925050330727,0.3138945525545659,7.185482889568028,1.323141985997142,4,long_relative_to_circular_transit;not_recovered_in_final_holdout,
355867542,3,11.9288061746586,1691.0636900233033,0.16562,0.0033640272084725395,1.0703604223603818,0.7159460307343598,6.667208354931145,0.6576046653475625,6,long_relative_to_circular_transit;low_nominal_training_snr;not_recovered_in_final_holdout,
355867542,4,10.529991996790745,1691.9962125233033,0.16243500000000002,0.003174657900132898,1.039797475665253,0.845484285793116,5.9805990374597116,-1.2958876551465242,7,long_relative_to_circular_transit;low_nominal_training_snr;not_recovered_in_final_holdout;inconsistent_holdout_depth_signs,
355918065,1,26.659755527520225,1684.1769130687253,0.29575,0.0032155622790812004,1.0526669112441933,0.2588946585263968,7.946335006336394,0.12578674638545934,4,fewer_than_three_discovery_events;dominated_by_one_discovery_event;long_relative_to_circular_transit;not_recovered_in_final_holdout;inconsistent_holdout_depth_signs,
355918065,2,14.161040513097381,1694.8224547353918,0.03266666666666666,0.0062714885107017955,1.4701032057988817,0.6018261947321781,5.516443061711017,-1.330504495446046,8,fewer_than_three_discovery_events;dominated_by_one_discovery_event;low_nominal_training_snr;not_recovered_in_final_holdout;inconsistent_holdout_depth_signs,
355918065,3,24.874733416327594,1689.2899755687254,0.170625,0.0024366998753459065,0.9163545269543624,0.2839575324401402,5.482446925566405,-0.4815037176688812,3,long_relative_to_circular_transit;low_nominal_training_snr;not_recovered_in_final_holdout,
355918065,4,21.812313225713442,1693.3345464020585,0.031849999999999996,0.005832850720285293,1.4177607207536915,0.33832103930411067,5.587282229422571,-0.4795270184690835,3,low_nominal_training_snr;not_recovered_in_final_holdout;inconsistent_holdout_depth_signs,
355935333,1,10.84969584831093,1690.4592753196819,0.22931999999999997,0.005966803981257923,1.5351678305072298,0.8195792176891298,9.580555229408725,0.2467635556686244,1,fewer_than_three_discovery_events;long_relative_to_circular_transit;insufficient_holdout_events,
355935333,2,8.488906964143183,1688.370825319682,0.29575,0.004615616190193318,1.3502053353633579,1.1367858446836843,8.261243521221573,-0.5710299563138949,2,fewer_than_three_discovery_events;dominated_by_one_discovery_event;long_relative_to_circular_transit;not_recovered_in_final_holdout;inconsistent_holdout_depth_signs,
355935333,3,7.548185649789492,1689.3092628196819,0.238875,0.00462554730509768,1.3516571284381507,1.3295079072098346,7.346099028627303,2.262911488980695,1,fewer_than_three_discovery_events;dominated_by_one_discovery_event;long_relative_to_circular_transit;insufficient_holdout_events,
355935333,4,10.95225226114988,1691.425012819682,0.238875,0.004778347477236688,1.3738010367648836,0.809362548667032,7.8360004114683175,-1.094647044344066,1,fewer_than_three_discovery_events;dominated_by_one_discovery_event;long_relative_to_circular_transit;insufficient_holdout_events,
356062524,1,10.634479613410118,1984.0807116315143,0.238875,0.006242501894220092,1.2941487232788744,0.5873933986294577,8.462174972578865,0.8786401611700367,1,long_relative_to_circular_transit;insufficient_holdout_events,
356062524,2,8.208675782975142,1990.5303366315143,0.238875,0.006052193634712462,1.2742693995851206,0.8295704018346688,8.083340343640543,1.5932616558893837,1,long_relative_to_circular_transit;insufficient_holdout_events,
356062524,3,5.746003691908273,1985.6447741315144,0.29575,0.0049591766201799534,1.1534788473105673,1.3347384903162172,7.897979428796249,3.354170694978194,2,long_relative_to_circular_transit;not_recovered_in_final_holdout,
356062524,4,12.958385528408082,1989.0515866315143,0.238875,0.006074105604733671,1.2765740619549155,0.45131820965623215,7.47734475937495,-0.0339798766219051,1,dominated_by_one_discovery_event;long_relative_to_circular_transit;insufficient_holdout_events,
356090892,1,15.141364185847006,1555.3691908926614,0.238875,0.005471532505410951,1.195445536964315,0.37280253279227177,6.840293571068527,,0,fewer_than_three_discovery_events;long_relative_to_circular_transit;low_nominal_training_snr;insufficient_holdout_events,
356090892,2,12.755711240794152,1544.3980033926616,0.29575,0.004178771988429232,1.0447193546136313,0.4685536108626445,6.223436354791199,,0,fewer_than_three_discovery_events;dominated_by_one_discovery_event;long_relative_to_circular_transit;low_nominal_training_snr;insufficient_holdout_events,
356090892,3,21.43636229594223,1547.5815007961567,0.057329999999999985,0.00822360661214553,1.4655696632767945,0.23451146344546242,5.57557441833094,,0,fewer_than_three_discovery_events;low_nominal_training_snr;insufficient_holdout_events,
356090892,4,5.157094464578155,1548.4815491294898,0.024499999999999997,0.00560810379770421,1.2102729443708642,1.5673238631186728,4.924412652700892,,0,outside_nominal_optimistic_hz;low_nominal_training_snr;insufficient_holdout_events,
356241590,1,31.32824690056646,1697.613898323442,0.29575,0.0011178917564529382,0.6754375375658843,0.2226595515819205,6.885927332082967,1.256039683495194,4,dominated_by_one_discovery_event;long_relative_to_circular_transit;low_nominal_training_snr;not_recovered_in_final_holdout;inconsistent_holdout_depth_signs,
356241590,2,26.749830667394335,1693.5455158234422,0.124215,0.001790128958489137,0.8547271025362692,0.27487046110538266,7.199205273501706,0.39013741897195825,6,long_relative_to_circular_transit;not_recovered_in_final_holdout,
356241590,3,14.258976741690299,1683.6453983234421,0.29575,0.0008637983737749025,0.5937334365163189,0.635972455504675,7.4945600669264545,-0.4510801669489409,9,long_relative_to_circular_transit;not_recovered_in_final_holdout;inconsistent_holdout_depth_signs,
356241590,4,29.263378768318333,1696.5321210675331,0.124215,0.0015056393842980997,0.7838731690861288,0.24385041316072034,6.059568815394486,-0.4008660642383256,3,long_relative_to_circular_transit;low_nominal_training_snr;not_recovered_in_final_holdout,
356838394,1,6.544690471349769,1550.2203841209082,0.08032500000000001,0.0083419436712194,1.785254947128889,1.6093321252049082,65.16684210973446,37.78652140365138,20,outside_nominal_optimistic_hz;long_relative_to_circular_transit,
356838394,2,6.021143367220505,1549.433199120908,0.08599499999999999,0.007827735280110347,1.7293571102114738,1.798563898837216,68.02844802280396,38.20364861941988,20,outside_nominal_optimistic_hz;long_relative_to_circular_transit,
356838394,3,6.808911254654365,1546.8083041209081,0.08599499999999999,0.007246223013420358,1.663881782361515,1.5266082245136756,62.34355745821618,43.15413691151942,22,outside_nominal_optimistic_hz;long_relative_to_circular_transit,
356838394,4,6.021130336804063,1549.699374120908,0.08599499999999999,0.00746695772066519,1.6890342836860566,1.798569088570425,64.13218137411276,40.345341246982926,21,outside_nominal_optimistic_hz;long_relative_to_circular_transit,
357397987,1,10.140158894421832,1738.9113039777599,0.238875,0.003155489996172176,1.012117504035967,0.8831967467659932,7.288585461870298,1.913875908802169,1,dominated_by_one_discovery_event;odd_even_discrepancy;long_relative_to_circular_transit;insufficient_holdout_events,
357397987,2,11.01273836464938,1739.5736865372821,0.03822,0.0053301326033824165,1.315426354758204,0.7911461379557772,4.4392936111712995,1.0154368875964037,2,fewer_than_three_discovery_events;low_nominal_training_snr;not_recovered_in_final_holdout,
357509778,1,18.419410959336904,1602.3579025785439,0.031849999999999996,0.0025735514271313384,0.9749732070793753,0.4311641752131719,6.283587466661303,0.49070842502981393,3,low_nominal_training_snr;not_recovered_in_final_holdout;inconsistent_holdout_depth_signs,
357509778,2,17.37355955894998,1606.2420859118772,0.29575,0.0009174625373713042,0.5821305955448339,0.46611374420835366,6.7862053053654385,0.1583782036708519,3,long_relative_to_circular_transit;low_nominal_training_snr;not_recovered_in_final_holdout;inconsistent_holdout_depth_signs,
357509778,3,21.265553203243666,1609.5010234118772,0.238875,0.0011152732243706939,0.6418253901008579,0.3559929568064504,6.560999483369443,-1.015515585903447,2,long_relative_to_circular_transit;low_nominal_training_snr;not_recovered_in_final_holdout;inconsistent_holdout_depth_signs,
357509778,4,11.121544478223345,1609.9027884118773,0.124215,0.0013223541188487377,0.6988760242068826,0.8448705686213922,5.596975504606949,-1.4214600312739223,7,long_relative_to_circular_transit;low_nominal_training_snr;not_recovered_in_final_holdout;inconsistent_holdout_depth_signs,
357831022,1,7.333237105825926,1793.0420354108262,0.29575,0.0021530557064757625,0.957641647714232,1.601469957631882,11.386909017762061,-0.8833725775964779,8,outside_nominal_optimistic_hz;long_relative_to_circular_transit;not_recovered_in_final_holdout;inconsistent_holdout_depth_signs,
357831022,2,7.3341618849882435,1795.1009104108261,0.29575,0.0022543918584648935,0.979918813117791,1.6012007198840366,10.844115622240542,3.3629315705028646,10,outside_nominal_optimistic_hz;long_relative_to_circular_transit;not_recovered_in_final_holdout,
357831022,3,7.334545503950798,1797.091535410826,0.29575,0.0021023367125844626,0.9462949645419749,1.6010890573224263,11.191505106005375,1.5098788449056246,8,outside_nominal_optimistic_hz;long_relative_to_circular_transit;not_recovered_in_final_holdout,
357831022,4,7.3131268061056325,1794.0430354108262,0.29575,0.0022175722680875904,0.9718836652865072,1.607344470354236,11.539201994308437,3.664156485025575,8,odd_even_discrepancy;outside_nominal_optimistic_hz;long_relative_to_circular_transit;not_recovered_in_final_holdout,
358015762,1,19.099108345061406,1816.341686962155,0.29575,0.0002144976711250705,0.45579519067198343,1.2242371222776434,7.741662880224834,-0.5003241352287854,3,dominated_by_one_discovery_event;outside_initial_small_planet_radius_range;long_relative_to_circular_transit;not_recovered_in_final_holdout;inconsistent_holdout_depth_signs,
358015762,2,15.478903147330499,1827.7102562352968,0.09995999999999998,0.0003354213703988172,0.5699723817430105,1.6201780985453953,7.11368198459538,-0.17666135895920262,7,fewer_than_three_discovery_events;outside_nominal_optimistic_hz;not_recovered_in_final_holdout;inconsistent_holdout_depth_signs,
358015762,3,16.8823516854621,1823.2457262352968,0.03822,0.0004644764988189962,0.6707185537685252,1.4431309587696801,5.157733850996384,-0.26911113337298165,6,dominated_by_one_discovery_event;low_nominal_training_snr;not_recovered_in_final_holdout;inconsistent_holdout_depth_signs,
358015762,4,17.01675285188321,1833.3613562352969,0.029399999999999996,0.0004997101550185519,0.6956928427252558,1.427953545718593,5.117095978841388,0.08472953463636258,6,low_nominal_training_snr;not_recovered_in_final_holdout,
358237020,1,16.56083741102087,2021.912163014379,0.29575,0.005529215993390259,0.8931780685752255,0.17298235914492813,7.85844099539965,-0.7585326150003201,1,dominated_by_one_discovery_event;outside_nominal_optimistic_hz;long_relative_to_circular_transit;insufficient_holdout_events,
358237020,2,13.954904375612967,2023.678473014379,0.22931999999999997,0.010887051029087056,1.2533183612737213,0.21734136342251634,7.178560602316459,0.8652454802144508,2,fewer_than_three_discovery_events;dominated_by_one_discovery_event;long_relative_to_circular_transit;not_recovered_in_final_holdout,
358237020,3,4.139856273051851,2010.5257880143793,0.29575,0.0027809872118367165,0.6334404148335262,1.0984944208153415,6.625946010797017,1.2371289704813835,7,long_relative_to_circular_transit;low_nominal_training_snr;not_recovered_in_final_holdout,
358237020,4,3.2014999904047725,2013.712026894104,0.17198999999999998,0.004143874121783401,0.7732315214814529,1.5475340038112584,6.840171187209434,0.15411963625424707,9,outside_nominal_optimistic_hz;long_relative_to_circular_transit;low_nominal_training_snr;not_recovered_in_final_holdout;inconsistent_holdout_depth_signs,
35845292,1,13.944413270328365,1558.0764134131841,0.16562,0.002064507683395395,0.5755457201038553,0.28496974081817433,6.4671684500053574,-0.15869923434999444,6,dominated_by_one_discovery_event;long_relative_to_circular_transit;low_nominal_training_snr;not_recovered_in_final_holdout,
35845292,2,5.823616042657703,1546.3016959131842,0.238875,0.000996352412367475,0.39983247504434843,0.9128696387037631,6.063837665272439,-1.599039042576548,12,outside_initial_small_planet_radius_range;long_relative_to_circular_transit;low_nominal_training_snr;not_recovered_in_final_holdout;inconsistent_holdout_depth_signs,
35845292,3,19.037643405021974,1550.0897167465175,0.03266666666666666,0.004538708495966929,0.8533706896730624,0.18815459303571108,5.562151368773593,1.2072829995173338,4,outside_nominal_optimistic_hz;low_nominal_training_snr;not_recovered_in_final_holdout,
35845292,4,12.277650621162397,1555.6833000798508,0.024499999999999997,0.004703345405934789,0.8687103861377538,0.337685215692931,5.521343038158834,0.27210841106535966,6,low_nominal_training_snr;not_recovered_in_final_holdout,
35858101,1,4.390629384861443,1413.6425169320057,0.29575,0.001011671297922622,0.4028944560480239,1.1800798362896643,7.338265333872913,0.4719727526155234,3,outside_initial_small_planet_radius_range;long_relative_to_circular_transit;not_recovered_in_final_holdout,
358615829,1,25.15601538987684,1691.7051421809244,0.29575,0.00014607787414860917,0.3233492754518328,0.5577268476605111,9.273462651002058,-0.33941147904243796,6,outside_initial_small_planet_radius_range;long_relative_to_circular_transit;not_recovered_in_final_holdout;inconsistent_holdout_depth_signs,
358615829,2,16.792126191755514,1693.1618246809244,0.124215,0.00017806966199504206,0.35700528004681187,0.9560261410193771,7.5128549636209145,-1.1062802160045433,10,outside_initial_small_planet_radius_range;long_relative_to_circular_transit;not_recovered_in_final_holdout;inconsistent_holdout_depth_signs,
358615829,3,17.18637017005261,1688.3108421809243,0.11465999999999998,0.00012763265485719552,0.3022460080851553,0.9268976997409124,6.68834114061228,-1.0692595944908394,9,outside_initial_small_planet_radius_range;low_nominal_training_snr;not_recovered_in_final_holdout;inconsistent_holdout_depth_signs,
358615829,4,23.104194611238235,1696.4066571809244,0.22931999999999997,0.00013988067280791186,0.31641606727450045,0.6247259908033518,6.32900592420717,-0.39816930420191937,5,fewer_than_three_discovery_events;outside_initial_small_planet_radius_range;long_relative_to_circular_transit;low_nominal_training_snr;not_recovered_in_final_holdout,
358767556,1,14.880736154349982,1725.2005988925123,0.29575,0.0018243359171304266,0.7602450418031271,0.5670614245328167,5.291453954368028,-0.5919407102600146,6,long_relative_to_circular_transit;low_nominal_training_snr;not_recovered_in_final_holdout;inconsistent_holdout_depth_signs,
358767556,2,14.047821788621226,1713.8205938925123,0.05095999999999999,0.003813427134347587,1.0991549457597283,0.6123278430663555,5.170956227042908,-1.3312526518656131,4,low_nominal_training_snr;not_recovered_in_final_holdout;inconsistent_holdout_depth_signs,
358767556,3,9.248889039651004,1711.7608088925124,0.16562,0.002152864601474033,0.8258659307383396,1.0690792513830933,5.968978513537486,1.3984359204676184,6,long_relative_to_circular_transit;low_nominal_training_snr;not_recovered_in_final_holdout;inconsistent_holdout_depth_signs,
359158317,1,6.109662037206544,1549.817060516128,0.29575,0.005068535315896813,1.4149015233961793,1.6205380019939182,31.903269792560813,18.15923986174685,19,outside_nominal_optimistic_hz;long_relative_to_circular_transit,
359158317,2,6.117376557427481,1550.0673105161281,0.29575,0.005498859050823771,1.473741352014764,1.6178137307374505,31.642694678627297,7.7818218024657835,19,outside_nominal_optimistic_hz;long_relative_to_circular_transit,
359158317,3,6.1358808672649285,1547.6083964940715,0.29575,0.005165905711937289,1.4284275352724753,1.6113117640891812,31.737009586252434,19.66870696033527,18,outside_nominal_optimistic_hz;long_relative_to_circular_transit,
359158317,4,6.126870172427735,1548.7458964940713,0.29575,0.005523713008664623,1.4770681339756386,1.614472180602946,33.851327232739294,18.032821519388843,18,odd_even_discrepancy;outside_nominal_optimistic_hz;long_relative_to_circular_transit,
359356484,1,6.984737881636734,1602.779164065239,0.057329999999999985,0.010291158980742657,2.226597867875219,1.8402644872450944,25.36198330617924,24.401340138250724,12,outside_initial_small_planet_radius_range;outside_nominal_optimistic_hz,
359356484,2,6.98764510219029,1603.811104065239,0.057329999999999985,0.010038796569076443,2.199127816767622,1.8392436981913354,24.48609840555903,-3.020427240376282,12,outside_initial_small_planet_radius_range;outside_nominal_optimistic_hz;not_recovered_in_final_holdout;inconsistent_holdout_depth_signs,
359356484,3,7.3987060033636265,1608.738334065239,0.05354999999999999,0.009752422131072547,2.167533861751449,1.7042738038259972,24.136624129358292,-3.956314168253167,10,outside_initial_small_planet_radius_range;outside_nominal_optimistic_hz;not_recovered_in_final_holdout;inconsistent_holdout_depth_signs,
359356484,4,6.986657713905149,1604.422624065239,0.057329999999999985,0.009778191471416458,2.170395667154636,1.8395902807833895,24.217308875945893,22.25115396748868,10,outside_initial_small_planet_radius_range;outside_nominal_optimistic_hz,
359414978,1,21.206230780187965,1987.908686515862,0.16562,0.003747729981786128,1.0027415094843515,0.28453322019422644,6.396911451482656,-0.2907274032888785,1,long_relative_to_circular_transit;low_nominal_training_snr;insufficient_holdout_events,
359414978,2,18.07008192862639,1998.260846515862,0.22931999999999997,0.0037565981071083923,1.0039271849681972,0.35221198340512294,6.517868282720126,5.820674076339457,1,fewer_than_three_discovery_events;dominated_by_one_discovery_event;long_relative_to_circular_transit;low_nominal_training_snr;insufficient_holdout_events,
359414978,3,15.16296339741854,1998.1684815158621,0.29575,0.002262693463626556,0.7791439593531464,0.445012463728031,5.576686840423022,0.0,0,fewer_than_three_discovery_events;dominated_by_one_discovery_event;long_relative_to_circular_transit;low_nominal_training_snr;insufficient_holdout_events,
359414978,4,10.040735693704793,1995.2678565158621,0.29575,0.002090717757097,0.748949526852932,0.771016330438225,5.871547767262676,-1.7731476255293743,3,long_relative_to_circular_transit;low_nominal_training_snr;not_recovered_in_final_holdout;inconsistent_holdout_depth_signs,
360020321,1,3.6887699654153936,1686.343641846953,0.22931999999999997,0.008464455239244455,1.2558076003398988,1.63885137213312,31.84075166529999,17.92457025309907,39,outside_nominal_optimistic_hz;long_relative_to_circular_transit,
360020321,2,3.686918097173281,1685.504166846953,0.17198999999999998,0.008290856966187397,1.2428631513357582,1.6399490154823309,27.17537088033413,29.0466535287016,39,outside_nominal_optimistic_hz;long_relative_to_circular_transit,
360020321,3,3.686753230406963,1683.685986846953,0.17198999999999998,0.008808296415040344,1.2810602664935287,1.6400467980349147,27.483936020620074,21.934958791478593,38,odd_even_discrepancy;outside_nominal_optimistic_hz;long_relative_to_circular_transit,
360020321,4,3.6869321826275097,1685.970996846953,0.17198999999999998,0.008497404203194793,1.2582494214328146,1.6399406618662102,28.304943743747156,24.756406471649946,36,odd_even_discrepancy;outside_nominal_optimistic_hz;long_relative_to_circular_transit,
361113777,1,14.628904410569394,1601.4758162748772,0.29575,0.004918108196888927,1.1486927664844546,0.38496381447688205,8.931695060465932,0.1731304897434368,6,long_relative_to_circular_transit;not_recovered_in_final_holdout;inconsistent_holdout_depth_signs,
361113777,2,17.49493798455167,1611.541063436187,0.29575,0.0053478858469449215,1.1978320000247844,0.30326277312974725,6.944530025372463,-0.7746637023272279,5,long_relative_to_circular_transit;low_nominal_training_snr;not_recovered_in_final_holdout,
361113777,3,6.197539777061366,1605.091438436187,0.29575,0.0025865428138270754,0.8330377503582151,1.2098825546522078,7.2929741307754545,-0.16365868467162778,11,long_relative_to_circular_transit;not_recovered_in_final_holdout,
361113777,4,16.42230884551725,1606.718063436187,0.29575,0.003896760747106834,1.022484463630493,0.3299565023049322,6.72416875917089,0.84747502416959,3,dominated_by_one_discovery_event;long_relative_to_circular_transit;low_nominal_training_snr;not_recovered_in_final_holdout,
361871362,1,9.679654799938255,1608.3473266358696,0.29575,0.0024555275312678148,1.201265393976733,1.4643404095579033,15.441335199360688,3.656299866035064,7,long_relative_to_circular_transit;not_recovered_in_final_holdout,
361871362,2,9.647745531747798,1604.6504516358696,0.29575,0.002684036345283488,1.2559164776729095,1.4708015762614197,15.797566144868075,3.8330763335076923,9,dominated_by_one_discovery_event;odd_even_discrepancy;long_relative_to_circular_transit;not_recovered_in_final_holdout,
361871362,3,9.98448173449226,1611.2024516358695,0.29575,0.0029223909718226575,1.310496064235757,1.4050372476279207,16.066911490771723,-0.20736487558144828,7,long_relative_to_circular_transit;not_recovered_in_final_holdout;inconsistent_holdout_depth_signs,
361871362,4,25.89985958973326,1612.046590434031,0.29575,0.003797418566094086,1.493863089844393,0.394207903404018,11.731482379904158,-0.06987898612774675,3,dominated_by_one_discovery_event;odd_even_discrepancy;long_relative_to_circular_transit;not_recovered_in_final_holdout;inconsistent_holdout_depth_signs,
36202057,1,5.825208389032151,1496.8394743538836,0.29575,0.006298222999266217,1.1005919335897236,1.002644471217278,24.609609600599157,4.9067096297129815,7,odd_even_discrepancy;long_relative_to_circular_transit;not_recovered_in_final_holdout,
36202057,2,3.8790437679500904,1494.2402868538836,0.238875,0.005650680706404461,1.0424799062959746,1.7242332349020646,22.777649444118527,-8.211158646081945,12,outside_nominal_optimistic_hz;long_relative_to_circular_transit;not_recovered_in_final_holdout;inconsistent_holdout_depth_signs,
36202057,3,3.8904187519215694,1493.5748493538836,0.29575,0.005223872096413764,1.002336570967117,1.71751465683723,22.92799294224572,18.42254326363679,12,odd_even_discrepancy;outside_nominal_optimistic_hz;long_relative_to_circular_transit,
36202057,4,3.8801179394132124,1492.3179118538835,0.238875,0.0060669628512379364,1.080197024338759,1.7235968155273707,22.798150730610995,14.825922483441893,12,odd_even_discrepancy;outside_nominal_optimistic_hz;long_relative_to_circular_transit,
362063292,1,10.506760981445096,1876.582717921694,0.17198999999999998,0.0025880959249185258,0.7777352940370411,0.4984717622861239,10.709717359316222,-0.8277893858705675,1,dominated_by_one_discovery_event;long_relative_to_circular_transit;insufficient_holdout_events,
362063292,2,6.217071364059764,1872.1280929216941,0.0588,0.00176027195663106,0.6414037703848754,1.003424177749469,5.105070369876624,-5.575677066755025,2,long_relative_to_circular_transit;low_nominal_training_snr;not_recovered_in_final_holdout;inconsistent_holdout_depth_signs,
362253884,1,18.557033775485554,1560.513879644008,0.031849999999999996,0.000920397362968316,0.6956976964476788,0.536246549875794,6.202268050504594,-1.2021357053996358,2,low_nominal_training_snr;not_recovered_in_final_holdout;inconsistent_holdout_depth_signs,
362253884,2,10.148364135998817,1547.430354644008,0.22931999999999997,0.00024565042369184017,0.3594112287693209,1.1990791907618854,6.149055805991567,-2.1674608521801133,5,outside_initial_small_planet_radius_range;long_relative_to_circular_transit;low_nominal_training_snr;not_recovered_in_final_holdout;inconsistent_holdout_depth_signs,
362253884,3,18.522884524254046,1546.0312296440081,0.04094999999999999,0.0006609671328335594,0.5895529470788222,0.5375651380757345,5.833768867169952,-0.9326934132297867,3,low_nominal_training_snr;not_recovered_in_final_holdout;inconsistent_holdout_depth_signs,
362253884,4,21.045441559789246,1550.639049644008,0.05354999999999999,0.0006622678996899259,0.5901327747061211,0.4534177654782493,5.288203614520211,0.49118439625071064,1,dominated_by_one_discovery_event;low_nominal_training_snr;insufficient_holdout_events,
362379202,1,9.744647669868366,1636.1028648836711,0.049980000000000004,0.00515732680113944,0.846934197633988,0.3599909539933944,6.387339887362701,0.35907327169233444,4,dominated_by_one_discovery_event;low_nominal_training_snr;not_recovered_in_final_holdout;inconsistent_holdout_depth_signs,
362379202,2,10.368083461270508,1637.1930798836713,0.057329999999999985,0.003894261062453585,0.7359526516253987,0.33142235330028913,5.43882507290797,0.8078696878752789,4,low_nominal_training_snr;not_recovered_in_final_holdout,
362379202,3,4.0828980303978755,1631.9012782170046,0.017499999999999998,0.004638585151603462,0.8032118553047172,1.1482110743740197,5.0742978250398325,-0.5359806921513061,4,dominated_by_one_discovery_event;low_nominal_training_snr;not_recovered_in_final_holdout;inconsistent_holdout_depth_signs,
362379202,4,12.371532008968813,1638.0830598836712,0.11465999999999998,0.003285318290858079,0.675967894032038,0.26186761849631546,5.618549565158808,-0.698872815330547,3,fewer_than_three_discovery_events;long_relative_to_circular_transit;low_nominal_training_snr;not_recovered_in_final_holdout;inconsistent_holdout_depth_signs,
364075630,1,25.907522664978046,1751.081373784798,0.08599499999999999,0.0032436948319119916,0.9764122841740528,0.191456389058868,9.934418525339845,-0.5227380676001533,5,fewer_than_three_discovery_events;dominated_by_one_discovery_event;odd_even_discrepancy;outside_nominal_optimistic_hz;not_recovered_in_final_holdout;inconsistent_holdout_depth_signs,
364075630,2,25.9256110777933,1763.1964312847979,0.16562,0.0016627699484492427,0.6990839373511508,0.19127830315401706,8.828562178649593,-1.6993602299699182,5,fewer_than_three_discovery_events;dominated_by_one_discovery_event;odd_even_discrepancy;outside_nominal_optimistic_hz;long_relative_to_circular_transit;not_recovered_in_final_holdout;inconsistent_holdout_depth_signs,
364075630,3,14.813858035194597,1750.1590887847979,0.16243500000000002,0.0007734770474162736,0.47680077818325545,0.4034101380362413,8.390523286330955,2.3308770200388493,8,outside_initial_small_planet_radius_range;long_relative_to_circular_transit;not_recovered_in_final_holdout,
364075630,4,12.64632826804337,1740.433691284798,0.29575,0.000635012682250538,0.4320205840033162,0.4981404150107466,9.088928812862973,-1.4246129007451,8,outside_initial_small_planet_radius_range;long_relative_to_circular_transit;not_recovered_in_final_holdout;inconsistent_holdout_depth_signs,
364181187,1,4.279093739337501,1740.7724047089887,0.17198999999999998,0.003037634703811973,0.8365582007169092,1.7637817712891255,15.321366428206206,10.729321229638652,24,outside_nominal_optimistic_hz;long_relative_to_circular_transit,
364181187,2,4.279168591741653,1739.5307097089885,0.16562,0.0026903185772836156,0.7872818571847264,1.7637406346623097,13.577826151145585,10.859104996855931,26,outside_nominal_optimistic_hz;long_relative_to_circular_transit,
364181187,3,4.279266892070156,1741.9817597089886,0.24499999999999997,0.002366502055141289,0.738383241003164,1.7636866143127587,13.724084808050696,12.705033036900495,29,outside_nominal_optimistic_hz;long_relative_to_circular_transit,
364181187,4,4.279212973984195,1741.4178222089886,0.238875,0.0024304382958798103,0.7482912860693002,1.7637162443114698,13.942332874033907,12.969160785125014,30,outside_nominal_optimistic_hz;long_relative_to_circular_transit,
364264680,1,6.284618731479115,1387.1912893917515,0.17198999999999998,0.004591692503888717,1.3393021342803921,1.865880533485286,21.901023185895433,6.343161628914698,17,outside_nominal_optimistic_hz;long_relative_to_circular_transit,
364264680,2,6.2845277390013035,1390.5409993917515,0.17198999999999998,0.004491465051150851,1.3246043440672262,1.8659165545430951,19.876223710764485,13.524446014525003,16,odd_even_discrepancy;outside_nominal_optimistic_hz;long_relative_to_circular_transit,
364264680,3,6.2880493287531145,1390.9750693917515,0.17198999999999998,0.004168000247718486,1.276015737439165,1.8645233552948988,18.018291105711654,10.252117789977998,17,outside_nominal_optimistic_hz;long_relative_to_circular_transit,
364264680,4,7.130700929883146,1391.7940693917515,0.17198999999999998,0.003938389154420986,1.240370634998653,1.5766892931290202,16.432964001702555,7.879785498407641,18,outside_nominal_optimistic_hz;long_relative_to_circular_transit,
365949661,1,14.510377702745108,1854.057211137759,0.29575,0.0028072342543495324,0.7058505309445079,0.24006996837418088,7.000509393378902,1.3516579078461177,2,dominated_by_one_discovery_event;long_relative_to_circular_transit;not_recovered_in_final_holdout,
365949661,2,13.323417431159307,1842.733398637759,0.238875,0.003057086830462664,0.7365925220153667,0.26900185720845315,6.739452739550231,0.54993087329984,6,long_relative_to_circular_transit;low_nominal_training_snr;not_recovered_in_final_holdout,
365949661,3,7.853789531057096,1843.551262578828,0.057329999999999985,0.0035139534985014105,0.7897168843617204,0.5442566948044648,5.844802944119347,-0.6650303152544564,9,low_nominal_training_snr;not_recovered_in_final_holdout;inconsistent_holdout_depth_signs,
365949661,4,4.46992905674393,1847.024907578828,0.017499999999999998,0.0054880811668636805,0.9869239342825825,1.1539188936589546,5.719387438251696,0.9360075676306078,5,low_nominal_training_snr;not_recovered_in_final_holdout,
365967778,1,11.79771479153908,1900.5854733743608,0.17198999999999998,0.00454316387257315,1.0525162902221248,0.4696897579715751,6.1699816724781105,1.2299000455505835,1,dominated_by_one_discovery_event;long_relative_to_circular_transit;low_nominal_training_snr;insufficient_holdout_events,
366174207,1,9.236693805535044,1607.0697001770636,0.238875,0.0032076039913586565,0.7606923904160502,0.49243453746086646,7.311333102109616,0.2515104574685451,3,dominated_by_one_discovery_event;long_relative_to_circular_transit;not_recovered_in_final_holdout;inconsistent_holdout_depth_signs,
366174207,2,4.898881851406559,1603.7538876770636,0.29575,0.0017112218633513656,0.555612310116151,1.1470295696186346,5.7769665042447995,-0.7592459961546365,5,long_relative_to_circular_transit;low_nominal_training_snr;not_recovered_in_final_holdout;inconsistent_holdout_depth_signs,
366174207,3,12.09076171038101,1602.629221010397,0.024499999999999997,0.009428637991252126,1.3041969491699241,0.34390013939230335,5.616584802549842,-0.6027752646580683,2,fewer_than_three_discovery_events;low_nominal_training_snr;not_recovered_in_final_holdout;inconsistent_holdout_depth_signs,
366174207,4,9.06772669296373,1602.9712876770636,0.11465999999999998,0.003315138218012734,0.7733382998225992,0.5047070124057539,5.366684885574367,0.7433414594519429,2,long_relative_to_circular_transit;low_nominal_training_snr;not_recovered_in_final_holdout,
366778750,1,11.300577702957217,1934.4517745371597,0.238875,0.006931417595679341,1.2455041735959491,0.46131155365319726,8.376460903379822,0.0,0,long_relative_to_circular_transit;insufficient_holdout_events,
366778750,2,4.619704066373358,1930.5027537038263,0.031849999999999996,0.00666324351080004,1.2211724485989193,1.5204646176949959,4.606079971172284,0.4561503717299166,2,outside_nominal_optimistic_hz;low_nominal_training_snr;not_recovered_in_final_holdout,
366872042,1,14.070173325183614,1772.8009173544108,0.29575,0.0006809894970541004,0.4673342843785974,0.47057655160773065,5.6940879403662485,-0.43274322353681305,5,outside_initial_small_planet_radius_range;long_relative_to_circular_transit;low_nominal_training_snr;not_recovered_in_final_holdout,
366872042,2,13.717125266445713,1777.5652223544107,0.12284999999999999,0.0012470729139223207,0.6324167428565117,0.4867942127488986,5.50381134139313,-1.4988032137336111,7,dominated_by_one_discovery_event;long_relative_to_circular_transit;low_nominal_training_snr;not_recovered_in_final_holdout;inconsistent_holdout_depth_signs,
366872042,3,6.438066806801322,1770.0538548544107,0.170625,0.0005716209664986438,0.4281653425050444,1.3346136860378148,5.322926158668255,-1.095369498987484,13,outside_initial_small_planet_radius_range;long_relative_to_circular_transit;low_nominal_training_snr;not_recovered_in_final_holdout;inconsistent_holdout_depth_signs,
366872042,4,13.67390311168015,1766.3285423544107,0.29575,0.0006040878767881991,0.440156881281724,0.48884691818964915,5.533577070896635,-2.171350531803938,8,dominated_by_one_discovery_event;outside_initial_small_planet_radius_range;long_relative_to_circular_transit;low_nominal_training_snr;not_recovered_in_final_holdout;inconsistent_holdout_depth_signs,
367279806,1,28.78994337929965,1762.6228622181238,0.057329999999999985,0.0015612544645908738,1.4756268213642125,0.7627965259334403,9.44790357505469,0.6878246419504359,2,fewer_than_three_discovery_events;dominated_by_one_discovery_event;not_recovered_in_final_holdout;inconsistent_holdout_depth_signs,
367279806,2,24.401362097797062,1738.909172218124,0.29575,0.0003219035561095614,0.6700428558904256,0.9509938199511374,6.6566458915587745,-0.17914880321988494,2,long_relative_to_circular_transit;low_nominal_training_snr;not_recovered_in_final_holdout;inconsistent_holdout_depth_signs,
367279806,3,34.29679323476722,1743.616020385617,0.29575,0.0004963469959746553,0.8320173691630026,0.6040298954414053,6.974372029218288,2.5079881722253226,2,dominated_by_one_discovery_event;odd_even_discrepancy;long_relative_to_circular_transit;low_nominal_training_snr;not_recovered_in_final_holdout,
367279806,4,14.775299153178313,1744.491895385617,0.29575,0.00026136162698667796,0.603754813608007,1.8564421075711264,6.272217141885941,2.3443050857235237,1,outside_nominal_optimistic_hz;long_relative_to_circular_transit;low_nominal_training_snr;insufficient_holdout_events,
367357090,1,13.1463863757288,1772.3009001544717,0.29575,0.002966608357614852,0.9932536435745251,0.48232784332898454,5.3975690180618905,1.5627181477577308,8,dominated_by_one_discovery_event;long_relative_to_circular_transit;low_nominal_training_snr;not_recovered_in_final_holdout,
367359428,1,9.442453359577556,1770.4952751064056,0.16562,0.0003371290640708911,0.5052568684203185,1.7410586297836925,5.663413262402794,-0.39159257571817047,13,dominated_by_one_discovery_event;outside_nominal_optimistic_hz;long_relative_to_circular_transit;low_nominal_training_snr;not_recovered_in_final_holdout;inconsistent_holdout_depth_signs,
367359428,2,13.613131234731497,1777.8890251064056,0.16562,0.0008461809019414616,0.8004712497864969,1.0690117667207526,7.949054667782496,-1.1181917812908286,7,fewer_than_three_discovery_events;dominated_by_one_discovery_event;long_relative_to_circular_transit;not_recovered_in_final_holdout;inconsistent_holdout_depth_signs,
367359428,3,17.88194071956312,1774.5547851064055,0.027299999999999998,0.0010085898177382242,0.8739194763885783,0.7430881337103857,5.130594988956335,-0.39400190440741417,6,low_nominal_training_snr;not_recovered_in_final_holdout;inconsistent_holdout_depth_signs,
367598907,1,5.741283609301828,1817.8549468487656,0.13124999999999998,0.003515005119549083,0.8804718532515503,1.0018874160036007,5.165339013752923,0.6934468506554061,1,long_relative_to_circular_transit;low_nominal_training_snr;insufficient_holdout_events,
367681716,1,26.044428467423177,1696.2021771511565,0.16562,0.0016443843146949678,0.7970540183664006,0.324366714778058,6.69369182674087,0.6527622995528141,4,long_relative_to_circular_transit;low_nominal_training_snr;not_recovered_in_final_holdout,
367681716,2,40.066011382952645,1708.3383921511565,0.29575,0.0015833109295521359,0.7821124472834488,0.18265065927801416,6.549665296534766,-1.4795732102656338,2,outside_nominal_optimistic_hz;long_relative_to_circular_transit;low_nominal_training_snr;not_recovered_in_final_holdout;inconsistent_holdout_depth_signs,
367681716,3,18.262553408690753,1696.7154171511565,0.03822,0.0027951062637603967,1.0391667795206236,0.5206837917829085,6.936575780153667,1.5987699693454451,5,low_nominal_training_snr;not_recovered_in_final_holdout,
367681716,4,37.2226021959905,1703.4755796511565,0.238875,0.0017149613991223973,0.8139791254059008,0.2014870243013841,6.544079163898627,-1.377988626912446,2,outside_nominal_optimistic_hz;long_relative_to_circular_transit;low_nominal_training_snr;not_recovered_in_final_holdout;inconsistent_holdout_depth_signs,
367856004,1,27.496581861369588,1690.1089709274236,0.238875,0.0022745700504719843,0.8645126132675794,0.2564212950294998,7.2049991416573835,-0.10239537572888481,5,dominated_by_one_discovery_event;long_relative_to_circular_transit;not_recovered_in_final_holdout;inconsistent_holdout_depth_signs,
367856004,2,13.244717617181642,1695.7111584274235,0.29575,0.001561409217055434,0.7162754153240025,0.679102658471332,6.749384865867092,-1.826230164426547,11,long_relative_to_circular_transit;low_nominal_training_snr;not_recovered_in_final_holdout;inconsistent_holdout_depth_signs,
367856004,3,35.50385630842933,1684.4616684274235,0.22491000000000003,0.0018789360141652106,0.7857378446009005,0.18237207193883523,6.1476892646153205,-0.7626115199904911,3,dominated_by_one_discovery_event;outside_nominal_optimistic_hz;long_relative_to_circular_transit;low_nominal_training_snr;not_recovered_in_final_holdout;inconsistent_holdout_depth_signs,
367856004,4,31.375871546241402,1711.6589084274235,0.29575,0.0017378211105027197,0.7556561305891147,0.21504596793443984,6.1931238160525295,0.8393538535034223,4,dominated_by_one_discovery_event;odd_even_discrepancy;long_relative_to_circular_transit;low_nominal_training_snr;not_recovered_in_final_holdout,
368923404,1,12.794183698580365,1957.379428810311,0.29575,0.00858095517199725,1.5375349347924951,0.5230554268341433,11.624523559914708,-1.0259101702272573,2,dominated_by_one_discovery_event;long_relative_to_circular_transit;not_recovered_in_final_holdout;inconsistent_holdout_depth_signs,
368923404,2,6.023732387758148,1960.462053810311,0.29575,0.007468837089663429,1.4344442338406878,1.4280505989144687,11.389145194553539,1.2480893798588522,4,long_relative_to_circular_transit;not_recovered_in_final_holdout,
368923404,3,9.606788429123002,1959.4724288103112,0.29575,0.010572769485720631,1.7066778712979755,0.7664082775010221,12.03323117080618,-2.257863157793268,2,dominated_by_one_discovery_event;long_relative_to_circular_transit;not_recovered_in_final_holdout;inconsistent_holdout_depth_signs,
368923404,4,16.375073154424037,1965.501178810311,0.29575,0.010473490264046332,1.6986460453879084,0.3764033586027365,10.98546274904687,6.03207610744886,2,long_relative_to_circular_transit,
369707376,1,27.75489976851154,1338.7951578619015,0.22931999999999997,0.00043287793943508297,0.6952127703460407,0.7894010366707871,8.709464551670614,-0.7299548962594473,3,fewer_than_three_discovery_events;dominated_by_one_discovery_event;long_relative_to_circular_transit;not_recovered_in_final_holdout;inconsistent_holdout_depth_signs,
369707376,2,26.66359302006637,1333.6487578619015,0.024499999999999997,0.0008793170105317864,0.990849630168299,0.8327711685191024,6.532061827814605,-0.6187004946566474,4,low_nominal_training_snr;not_recovered_in_final_holdout;inconsistent_holdout_depth_signs,
369707376,3,28.348001170450917,1353.4097578619014,0.29575,0.0005062647780496075,0.751837305218994,0.7674568864974933,9.475189178279425,0.9743077844031754,3,fewer_than_three_discovery_events;long_relative_to_circular_transit;not_recovered_in_final_holdout,
369707376,4,31.131880151410584,1325.5346625386537,0.11465999999999998,0.00042045121962962657,0.6851612965923997,0.6773452822938646,6.884459898577994,0.5149649758873521,2,dominated_by_one_discovery_event;low_nominal_training_snr;not_recovered_in_final_holdout;inconsistent_holdout_depth_signs,
369819319,1,14.996180486261684,1641.1323558132558,0.29575,0.0010382382298175963,0.862041512653056,1.0386348532722682,10.477990108013758,-1.8676263238586293,4,fewer_than_three_discovery_events;dominated_by_one_discovery_event;long_relative_to_circular_transit;not_recovered_in_final_holdout;inconsistent_holdout_depth_signs,
369819319,2,19.704195235631712,1632.9252933132557,0.238875,0.00044983077063877504,0.5674194939912602,0.7217035380336074,7.32755843871785,1.6477313149173582,5,dominated_by_one_discovery_event;long_relative_to_circular_transit;not_recovered_in_final_holdout,
369819319,3,19.731573133017278,1643.1286683132557,0.238875,0.0005240106262159376,0.612420499137091,0.7203686787802145,6.086555990351462,-1.2563054819518398,3,fewer_than_three_discovery_events;dominated_by_one_discovery_event;long_relative_to_circular_transit;low_nominal_training_snr;not_recovered_in_final_holdout;inconsistent_holdout_depth_signs,
369819319,4,12.761909916446957,1630.3995883132557,0.08599499999999999,0.0005595481551128903,0.6328465344824051,1.287902157497893,5.653244583727658,0.21999559076645825,5,low_nominal_training_snr;not_recovered_in_final_holdout;inconsistent_holdout_depth_signs,
369869349,1,19.389974076489572,1628.7222772681741,0.29575,0.0018826212015533473,0.7391280068425704,0.3528193316786885,7.199572890615939,-1.5166243763720093,1,long_relative_to_circular_transit;insufficient_holdout_events,
369869349,2,15.099915785769609,1638.743757181971,0.29575,0.001979346020149159,0.757877558242772,0.4924430101254245,6.4736672898442205,-0.1691574395536122,2,fewer_than_three_discovery_events;long_relative_to_circular_transit;low_nominal_training_snr;not_recovered_in_final_holdout;inconsistent_holdout_depth_signs,
369869349,3,14.189832877092648,1633.740122181971,0.04094999999999999,0.0035681674728905324,1.0175618145064993,0.5349981786980637,6.059480860470477,0.0,0,low_nominal_training_snr;insufficient_holdout_events,
369869349,4,9.174572359244252,1629.640257181971,0.24499999999999997,0.0013038079422504714,0.6150989664025512,0.9569169276262213,5.900982522633264,0.372165801991407,3,long_relative_to_circular_transit;low_nominal_training_snr;not_recovered_in_final_holdout,
370004962,1,13.813442875236017,1367.9128228524658,0.29575,0.003581329542251253,1.0978550706705208,0.6262984765953774,6.340450018463443,1.7165942906403266,4,fewer_than_three_discovery_events;long_relative_to_circular_transit;low_nominal_training_snr;not_recovered_in_final_holdout,
370004962,2,24.325639045702953,1368.5394606999107,0.238875,0.0033370860491045143,1.0597576790917933,0.29450878843094574,6.350068343620045,1.4208730431497552,2,fewer_than_three_discovery_events;dominated_by_one_discovery_event;long_relative_to_circular_transit;low_nominal_training_snr;not_recovered_in_final_holdout;inconsistent_holdout_depth_signs,
370004962,3,24.93005204756295,1354.5411581999106,0.057329999999999985,0.003880364698521691,1.142770818888512,0.2850272327777994,4.845560091445644,1.0689024661041078,3,dominated_by_one_discovery_event;low_nominal_training_snr;not_recovered_in_final_holdout,
370004962,4,7.248543814297046,1358.515699229607,0.057329999999999985,0.002371705431993075,0.8934150078915193,1.4797314767897347,5.706258182262079,-0.25803809169140013,9,low_nominal_training_snr;not_recovered_in_final_holdout;inconsistent_holdout_depth_signs,
370955883,1,6.847453360889425,1572.4266627261252,0.124215,0.000571349170597005,0.47504612120325906,1.5656948803958606,19.192659797311784,7.205252672402185,14,outside_initial_small_planet_radius_range;outside_nominal_optimistic_hz;long_relative_to_circular_transit;inconsistent_holdout_depth_signs,
370955883,2,6.856598017676494,1577.336112726125,0.124215,0.0005614156652311784,0.47089842629064627,1.562911272794512,18.083566243756575,12.953729726025275,14,outside_initial_small_planet_radius_range;outside_nominal_optimistic_hz;long_relative_to_circular_transit;inconsistent_holdout_depth_signs,
370955883,3,6.8569902182891935,1576.324647726125,0.124215,0.0005703655057730704,0.4746370128307707,1.5627920817411411,18.40471513943678,3.309024857364197,14,outside_initial_small_planet_radius_range;outside_nominal_optimistic_hz;long_relative_to_circular_transit;not_recovered_in_final_holdout,
370955883,4,14.692857650789078,1581.251842726125,0.124215,0.0009738526773726517,0.620199778852415,0.5657234926797289,17.377021096436373,9.06499012354056,5,long_relative_to_circular_transit,
371867468,1,3.987588243706587,1572.7473962756167,0.17198999999999998,0.007910658026666916,1.272304867644817,1.692205175964521,22.512466209529144,10.629000921885247,15,outside_nominal_optimistic_hz;long_relative_to_circular_transit,
371867468,2,3.9907480663374386,1571.5844162756166,0.17198999999999998,0.007576095511041316,1.2451096641411807,1.6904189235711475,21.90185928071596,10.152957304151585,15,outside_nominal_optimistic_hz;long_relative_to_circular_transit,
371867468,3,3.9876130476495013,1573.8930512756165,0.1764,0.007977071033771708,1.2776344486402087,1.6921911413974526,22.577179655286066,11.849586857456757,16,outside_nominal_optimistic_hz;long_relative_to_circular_transit,
371867468,4,3.9876467943753875,1574.4263462756167,0.12284999999999999,0.009419221737362534,1.3883289945702288,1.6921720471519843,22.393240505024625,18.7225374182166,16,outside_nominal_optimistic_hz;long_relative_to_circular_transit,
371901012,1,14.712439659120172,1683.597350884485,0.238875,0.0064849093885474916,1.1871328214151928,0.32971270786664797,7.720740782380624,-0.7147551533683717,1,fewer_than_three_discovery_events;dominated_by_one_discovery_event;long_relative_to_circular_transit;insufficient_holdout_events,
371901012,2,16.25033059737311,1689.0744459956331,0.16562,0.0041050660648026425,0.9445118949106787,0.28877904649237446,5.515342619227823,0.0,0,long_relative_to_circular_transit;low_nominal_training_snr;insufficient_holdout_events,
371901012,3,18.023614709482402,1684.9243909956333,0.17198999999999998,0.004151903559420669,0.9498849020542871,0.2515317153146641,5.7309184061333385,0.9890554566670944,1,long_relative_to_circular_transit;low_nominal_training_snr;insufficient_holdout_events,
371901012,4,4.256224545634895,1686.3674234956331,0.238875,0.0020164648545255136,0.6619766713018723,1.7232537665353063,5.948269089049435,-1.292409627190453,2,outside_nominal_optimistic_hz;long_relative_to_circular_transit;low_nominal_training_snr;not_recovered_in_final_holdout;inconsistent_holdout_depth_signs,
372061167,1,6.789272510775029,1770.0782716340666,0.29575,0.0029421613799387675,0.9713834078495831,1.3101976429019437,14.847493111579773,4.782007257000273,20,long_relative_to_circular_transit;not_recovered_in_final_holdout,
372061167,2,6.690124103866661,1765.8695216340666,0.29575,0.003132776761201759,1.002356382507692,1.3361510875402625,17.30590621553868,9.170848946866052,23,long_relative_to_circular_transit,
372061167,3,6.715047642055502,1767.9738966340665,0.29575,0.003175761731513475,1.009209642545977,1.3295428454622071,16.35761242725415,2.925568266075992,20,long_relative_to_circular_transit;not_recovered_in_final_holdout,
372061167,4,8.905091104166766,1770.6811466340666,0.29575,0.00264986919884412,0.9218699410031038,0.9125359423154892,11.184262640684326,8.224408458320752,14,long_relative_to_circular_transit,
372595278,1,33.707953909257036,1585.0124325323477,0.29575,0.0042920756077870735,1.4737183460640222,0.30815145220569234,24.27359287246449,5.1652268735873825,4,fewer_than_three_discovery_events;dominated_by_one_discovery_event;long_relative_to_circular_transit,
372595278,2,27.1661422061376,1581.5999325323478,0.29575,0.0019673611091389517,0.9977525562653541,0.41086906865816747,14.640518215324823,0.07250676092472556,4,long_relative_to_circular_transit;not_recovered_in_final_holdout;inconsistent_holdout_depth_signs,
372595278,3,20.66211877774443,1574.8090575323477,0.29575,0.0011671737008147997,0.7685082867070778,0.5917990571481554,10.335364122625204,1.1983957404058727,5,dominated_by_one_discovery_event;long_relative_to_circular_transit;not_recovered_in_final_holdout,
372595278,4,27.6320355233586,1590.8705575323477,0.29575,0.0012304201489665304,0.7890554526888576,0.4016584449897306,8.217775349921753,-1.3201148974849668,3,long_relative_to_circular_transit;not_recovered_in_final_holdout,
372731881,1,13.937967441207709,1696.5281524526652,0.29575,0.002083004189916234,1.2858146377978503,1.3188808481105845,11.200522570197958,-1.1236635144168712,7,fewer_than_three_discovery_events;dominated_by_one_discovery_event;long_relative_to_circular_transit;not_recovered_in_final_holdout;inconsistent_holdout_depth_signs,
372731881,2,18.585483479950547,1685.1645274526652,0.29575,0.0006666414639262517,0.7274103145607035,0.8986136370668666,6.768121239095805,3.5319034157059814,6,fewer_than_three_discovery_events;dominated_by_one_discovery_event;odd_even_discrepancy;long_relative_to_circular_transit;low_nominal_training_snr;not_recovered_in_final_holdout,
372731881,3,19.511948069727914,1686.9333399526652,0.238875,0.0008465472784524593,0.8197074885333764,0.84217817158342,6.931750313905326,0.9528729960141471,5,fewer_than_three_discovery_events;dominated_by_one_discovery_event;long_relative_to_circular_transit;low_nominal_training_snr;not_recovered_in_final_holdout,
372731881,4,11.217049705349966,1686.1830274526653,0.017499999999999998,0.0021594191433354603,1.3091872504652753,1.7618406671417581,5.584041358679619,0.15747511475709122,4,fewer_than_three_discovery_events;dominated_by_one_discovery_event;outside_nominal_optimistic_hz;low_nominal_training_snr;not_recovered_in_final_holdout,
372848247,1,48.49236002461982,1383.4330004652336,0.124215,0.0021915172854879467,1.267761967244756,0.2339194930687791,9.203343100516559,1.8362508247055132,4,fewer_than_three_discovery_events;dominated_by_one_discovery_event;odd_even_discrepancy;not_recovered_in_final_holdout,
372848247,2,36.55246542441577,1364.0580329652337,0.06615,0.0018362068891149017,1.160449043289724,0.34099023480806917,8.364528738649954,1.3159818635203457,6,dominated_by_one_discovery_event;not_recovered_in_final_holdout,
372848247,3,59.06634312441414,1366.2851879652337,0.07643999999999998,0.001389944487173038,1.009634067451704,0.17982251330795765,6.358570532325673,1.5271542860668843,2,dominated_by_one_discovery_event;odd_even_discrepancy;outside_nominal_optimistic_hz;low_nominal_training_snr;not_recovered_in_final_holdout,
372848247,4,55.56231987292035,1409.5666079652337,0.29575,0.0007926614027241527,0.7624460596906781,0.19509988560511643,7.258549166972587,0.06327323256919243,1,dominated_by_one_discovery_event;outside_nominal_optimistic_hz;long_relative_to_circular_transit;insufficient_holdout_events,
373675061,1,8.196744145783216,1690.915909679172,0.238875,0.005998688522749005,1.784531420824419,1.7481558224192393,48.22703424974377,24.504175032553672,8,outside_nominal_optimistic_hz;long_relative_to_circular_transit,
373675061,2,12.879783791091805,1690.3585346791722,0.238875,0.007106281318479615,1.9423041633542684,0.9569528707461843,47.994543666102324,4.854653940445212,6,odd_even_discrepancy;long_relative_to_circular_transit;not_recovered_in_final_holdout,
373675061,3,8.196255904376574,1688.5840346791722,0.238875,0.006746503688327797,1.892497977858832,1.7482946712694944,48.82729041408049,23.659573919820733,6,odd_even_discrepancy;outside_nominal_optimistic_hz;long_relative_to_circular_transit,
373675061,4,11.090781294072425,1686.843659679172,0.238875,0.0057455109908204184,1.7464669558252464,1.168115512990556,39.477799178210766,12.793783950293472,5,long_relative_to_circular_transit,
373985178,1,5.2636887714539675,1326.0984862971015,0.29575,0.00652228256957939,1.190548689545505,1.2273852002670067,35.67045130475159,16.693253230503764,25,long_relative_to_circular_transit,
373985178,2,5.263595921676783,1328.7602362971015,0.29575,0.006918604335733674,1.226186706834264,1.2274140684347274,37.996670479314105,16.6529654972212,26,long_relative_to_circular_transit,
373985178,3,5.267000885486308,1326.4371112971016,0.24499999999999997,0.0027914928505578503,0.7788711476313698,1.2263561988275946,12.164232627748609,-4.340093185207173,26,long_relative_to_circular_transit;not_recovered_in_final_holdout;inconsistent_holdout_depth_signs,
373985178,4,5.260299572642161,1329.2266112971015,0.29575,0.0030238685700427303,0.810641459864985,1.2284397153919084,12.61436084979339,-1.266970098327288,27,odd_even_discrepancy;long_relative_to_circular_transit;not_recovered_in_final_holdout;inconsistent_holdout_depth_signs,
374029463,1,21.719228194440753,1792.1323632166743,0.29575,0.0006082130984964082,1.1822409343647813,1.8132128947960489,12.377962604418702,-1.467271599411374,2,dominated_by_one_discovery_event;outside_nominal_optimistic_hz;long_relative_to_circular_transit;not_recovered_in_final_holdout;inconsistent_holdout_depth_signs,
374029463,2,22.516617699258617,1790.9891757166743,0.238875,0.0008138613613786917,1.3675818339424282,1.7281062639012894,14.013542590131298,-2.135716268374925,2,fewer_than_three_discovery_events;dominated_by_one_discovery_event;outside_nominal_optimistic_hz;long_relative_to_circular_transit;not_recovered_in_final_holdout;inconsistent_holdout_depth_signs,
374029463,3,24.344662831507538,1791.6693725529162,0.16562,0.0008724510939341956,1.4159523994415457,1.557290489165481,11.199910891431252,-1.023947708502426,2,fewer_than_three_discovery_events;outside_nominal_optimistic_hz;not_recovered_in_final_holdout;inconsistent_holdout_depth_signs,
374029463,4,25.07714421347093,1805.8198725529162,0.29575,0.00046140436192248526,1.0297195445503302,1.4969382302593253,9.407427999591588,0.6614764388739468,3,dominated_by_one_discovery_event;odd_even_discrepancy;long_relative_to_circular_transit;not_recovered_in_final_holdout,
375273689,1,27.108335130422443,1490.0499923533512,0.238875,0.006224600986290485,1.4559821510892352,0.23932539490993188,9.929656052344273,-0.7735358232901971,2,fewer_than_three_discovery_events;dominated_by_one_discovery_event;odd_even_discrepancy;long_relative_to_circular_transit;not_recovered_in_final_holdout;inconsistent_holdout_depth_signs,
375273689,2,26.744559974957422,1478.2711798533512,0.29575,0.006203995564953819,1.4535702699694728,0.24367555826848228,8.625267522877943,0.7671103031289864,1,fewer_than_three_discovery_events;long_relative_to_circular_transit;insufficient_holdout_events,
375273689,3,13.181101808391736,1474.8700548533511,0.29575,0.0016532881476258494,0.7503684554101718,0.625926914410962,5.235983801506728,0.6632030693869357,4,long_relative_to_circular_transit;low_nominal_training_snr;not_recovered_in_final_holdout,
375273689,4,5.962168336814239,1471.1993423533513,0.124215,0.0017690935106427102,0.7762036615642002,1.8026867522738965,4.710272408506181,-1.3915564266202416,9,outside_nominal_optimistic_hz;long_relative_to_circular_transit;low_nominal_training_snr;not_recovered_in_final_holdout;inconsistent_holdout_depth_signs,
376639349,1,26.556356300397155,1774.291820402549,0.29575,0.005877569682454806,1.5069019199169968,0.2983531475278012,11.773408719119663,-5.26018428852337,2,fewer_than_three_discovery_events;dominated_by_one_discovery_event;long_relative_to_circular_transit;not_recovered_in_final_holdout;inconsistent_holdout_depth_signs,
376639349,2,10.867816141979244,1767.199507902549,0.238875,0.003201792853570502,1.1121995328777194,0.9819715291832588,10.37595711662663,-0.0077532585681533315,4,long_relative_to_circular_transit;not_recovered_in_final_holdout;inconsistent_holdout_depth_signs,
376639349,3,8.91830706694574,1769.832820402549,0.29575,0.00238321203575408,0.9595496130035556,1.278140837229458,8.942905350598373,-0.21725894413782912,5,long_relative_to_circular_transit;not_recovered_in_final_holdout;inconsistent_holdout_depth_signs,
376639349,4,12.15397278459733,1773.642990402549,0.17198999999999998,0.0031963214887508157,1.1112488387534722,0.8459231824940074,8.510260360514135,-2.271678697991904,5,long_relative_to_circular_transit;not_recovered_in_final_holdout;inconsistent_holdout_depth_signs,
376935746,1,5.166042922032409,1329.244573896643,0.238875,0.0018072796949231767,0.7288294698574982,1.8247115400142064,25.821601890646637,8.74466569110597,46,outside_nominal_optimistic_hz;long_relative_to_circular_transit,
376935746,2,5.166095578618004,1326.292761396643,0.29575,0.0016117663779323605,0.688278630923321,1.8246867416818988,26.105621375244144,9.324484118407092,44,odd_even_discrepancy;outside_nominal_optimistic_hz;long_relative_to_circular_transit;inconsistent_holdout_depth_signs,
376935746,3,5.166107078933534,1325.5533863966432,0.29575,0.001650687603203713,0.6965393960770079,1.8246813257493815,25.821468453902234,7.244068851323608,44,outside_nominal_optimistic_hz;long_relative_to_circular_transit;inconsistent_holdout_depth_signs,
376935746,4,5.1659769570476675,1327.7885771946264,0.29575,0.0015514102556914394,0.6752686213160567,1.8247426066968644,23.493438408803375,13.12556970932673,45,outside_nominal_optimistic_hz;long_relative_to_circular_transit,
377862259,1,66.08885043355495,1738.835240934763,0.29575,0.0012411955495528495,1.0502588254611336,0.19234887888924126,9.93567068237371,2.817150444533194,4,fewer_than_three_discovery_events;dominated_by_one_discovery_event;outside_nominal_optimistic_hz;long_relative_to_circular_transit;not_recovered_in_final_holdout,
377862259,2,69.28003732085799,1747.8669909347632,0.29575,0.0005472504202004065,0.6973796763937274,0.18062718167234296,7.277003842026575,0.6858808563164935,1,fewer_than_three_discovery_events;outside_nominal_optimistic_hz;long_relative_to_circular_transit;insufficient_holdout_events,
377862259,3,33.0931593637287,1711.7540959347632,0.17198999999999998,0.00044371921673253694,0.6279576472760037,0.4837373435615502,5.655194515357941,-0.23607234782592007,4,long_relative_to_circular_transit;low_nominal_training_snr;not_recovered_in_final_holdout;inconsistent_holdout_depth_signs,
377862259,4,54.28695733953361,1732.936165934763,0.04094999999999999,0.0009441140875751966,0.9159852362318399,0.2500344909566886,5.342944100893937,1.4612862066662693,2,low_nominal_training_snr;not_recovered_in_final_holdout,
378527773,1,13.165293437232656,1771.6700715253678,0.170625,0.005342280873722534,1.284999097334549,0.5106659419759555,6.148607797506524,1.9269862417404258,5,dominated_by_one_discovery_event;long_relative_to_circular_transit;low_nominal_training_snr;not_recovered_in_final_holdout,
378527773,2,15.422173753837301,1767.5731290253677,0.22491000000000003,0.004974529100330184,1.239982202268369,0.4135393394879876,6.288063519133328,1.2629131585269593,6,fewer_than_three_discovery_events;long_relative_to_circular_transit;low_nominal_training_snr;not_recovered_in_final_holdout,
379084450,1,25.53425628343901,1814.0057356155535,0.29575,0.00016584765596399352,0.648289790180738,1.5751911019844833,14.014282894481049,4.074072806070578,6,fewer_than_three_discovery_events;dominated_by_one_discovery_event;outside_nominal_optimistic_hz;long_relative_to_circular_transit;not_recovered_in_final_holdout,
379084450,2,23.85703081772278,1791.0452981155534,0.238875,0.0001393169984092698,0.5941780000675286,1.7245495554740682,11.135274359105024,-3.3917236724133213,7,dominated_by_one_discovery_event;odd_even_discrepancy;outside_nominal_optimistic_hz;long_relative_to_circular_transit;not_recovered_in_final_holdout;inconsistent_holdout_depth_signs,
379084450,3,25.290877338722847,1809.925495016782,0.29575,0.00011913343171715589,0.5494539997867826,1.595434602146194,9.09233385688106,1.0214410467310417,6,fewer_than_three_discovery_events;dominated_by_one_discovery_event;outside_nominal_optimistic_hz;long_relative_to_circular_transit;not_recovered_in_final_holdout,
379084450,4,23.90349234505969,1796.3769600167818,0.22931999999999997,0.00010809233921141474,0.5233737912487161,1.7200816315849485,9.023024761470005,1.9418560182268463,6,fewer_than_three_discovery_events;dominated_by_one_discovery_event;outside_nominal_optimistic_hz;long_relative_to_circular_transit;not_recovered_in_final_holdout;inconsistent_holdout_depth_signs,
380035826,1,25.763174478386905,1493.490005311863,0.049980000000000004,0.00427651805513317,1.7995307969333552,0.5380162456693761,10.245090281110201,-0.020499306075264307,4,fewer_than_three_discovery_events;dominated_by_one_discovery_event;odd_even_discrepancy;not_recovered_in_final_holdout;inconsistent_holdout_depth_signs,
380035826,2,13.1498528417119,1477.932435311863,0.29575,0.0010917360189450144,0.9092283067213794,1.3189652865460537,8.125003197003041,-2.5704787334981307,3,long_relative_to_circular_transit;not_recovered_in_final_holdout;inconsistent_holdout_depth_signs,
380035826,3,20.027629551566452,1488.249840311863,0.16065000000000002,0.0009388006591188035,0.8431421899146259,0.7526998387092574,5.953167938779785,0.5898666190022827,5,long_relative_to_circular_transit;low_nominal_training_snr;not_recovered_in_final_holdout;inconsistent_holdout_depth_signs,
380035826,4,10.96475563998179,1477.51881306646,0.03822,0.0013879477502124814,1.0251813269484917,1.6805932413160487,5.440059733781957,-0.1808922905887917,7,outside_nominal_optimistic_hz;low_nominal_training_snr;not_recovered_in_final_holdout;inconsistent_holdout_depth_signs,
38141631,1,2.8440412606687255,1544.9086968544657,0.03822,0.007009800784865674,1.00567837300285,1.7083901163920474,9.966330241733514,4.2963280707048,16,outside_nominal_optimistic_hz;not_recovered_in_final_holdout,
38141631,2,3.1037805015858986,1544.5160318544656,0.057329999999999985,0.00594820272519812,0.9264012955511817,1.5204783473835186,9.715046900920106,1.0522617444381503,16,outside_nominal_optimistic_hz;long_relative_to_circular_transit;not_recovered_in_final_holdout,
38141631,3,2.8429312546349323,1546.2059018544658,0.04094999999999999,0.006545238033590756,0.9717823246659347,1.7092795489568249,9.439507174080044,-3.259177679986619,17,outside_nominal_optimistic_hz;long_relative_to_circular_transit;not_recovered_in_final_holdout;inconsistent_holdout_depth_signs,
38141631,4,3.48952962496303,1544.9009618544658,0.057329999999999985,0.00580801091155743,0.9154191318090723,1.3006059034958852,8.765477354249429,1.7804701433573744,13,long_relative_to_circular_transit;not_recovered_in_final_holdout;inconsistent_holdout_depth_signs,
3818153,1,6.078198341638172,1902.0259179499549,0.29575,0.0029848571726146817,0.7934635958144237,0.894009675752055,7.222890906499007,-1.6146673809589807,1,long_relative_to_circular_transit;insufficient_holdout_events,
3818153,2,5.507377212615169,1900.4391054499547,0.238875,0.002527051011475417,0.7300829951361859,1.0196448851523272,5.486297773780405,-0.7978445632242457,1,long_relative_to_circular_transit;low_nominal_training_snr;insufficient_holdout_events,
3818153,3,11.838293446727345,1901.544515386184,0.238875,0.003087523834714122,0.8069941531638037,0.3675557670953018,5.391153708693094,-2.119345346358605,1,fewer_than_three_discovery_events;long_relative_to_circular_transit;low_nominal_training_snr;insufficient_holdout_events,
3818153,4,6.938154402023273,1903.1313278861842,0.29575,0.002418686332783907,0.7142578201452809,0.7494053034139055,5.3524513523152635,-0.9401277646645881,1,long_relative_to_circular_transit;low_nominal_training_snr;insufficient_holdout_events,
381983159,1,2.792738225335203,1657.8154348824085,0.29575,0.0020743323611632177,0.5470732052769938,1.7677570057509207,27.67728381265793,36.564596718679624,29,outside_nominal_optimistic_hz;long_relative_to_circular_transit,
381983159,2,2.792476557273199,1659.4761848824085,0.29575,0.002358605743442885,0.5833563757284591,1.767977871955401,30.781257480696983,40.38686744310237,29,outside_nominal_optimistic_hz;long_relative_to_circular_transit,
381983159,3,2.788762775677001,1658.9756848824086,0.29575,0.0015414853260938266,0.4716023606922401,1.7711177783454717,17.853768897941883,1.5414443420504906,30,outside_initial_small_planet_radius_range;outside_nominal_optimistic_hz;long_relative_to_circular_transit;not_recovered_in_final_holdout;inconsistent_holdout_depth_signs,
381983159,4,2.7943893289911412,1658.2590598824086,0.29575,0.0017671225731109943,0.5049398075768188,1.7663644712860798,19.17023015946153,-16.132364509891016,28,outside_nominal_optimistic_hz;long_relative_to_circular_transit;not_recovered_in_final_holdout;inconsistent_holdout_depth_signs,
382268851,1,27.43874790400956,1326.312076449452,0.29575,0.0008096268910336369,0.70531303012078,0.436583444566892,7.066878875418021,0.058743407721935245,6,dominated_by_one_discovery_event;long_relative_to_circular_transit;not_recovered_in_final_holdout;inconsistent_holdout_depth_signs,
382268851,2,32.22627154714429,1341.585516449452,0.16562,0.000911039667373577,0.7481834347397217,0.3523218406156149,6.704870666607541,-0.6546152076336637,3,long_relative_to_circular_transit;low_nominal_training_snr;not_recovered_in_final_holdout;inconsistent_holdout_depth_signs,
382268851,3,46.19747611348517,1365.0498664494519,0.22931999999999997,0.0008603578185770056,0.7270746448547285,0.21796929342969046,6.347063109183881,1.043499733454617,4,long_relative_to_circular_transit;low_nominal_training_snr;not_recovered_in_final_holdout;inconsistent_holdout_depth_signs,
382268851,4,53.59993030116556,1327.2789514494518,0.29575,0.0006917269100012518,0.651938727659075,0.17878620909635032,5.897442992449169,1.5013331681761006,4,outside_nominal_optimistic_hz;long_relative_to_circular_transit;low_nominal_training_snr;not_recovered_in_final_holdout,
382461771,1,13.635072078965603,1325.7251852262114,0.29575,0.001171546860263008,0.5718535885971552,0.49135270402469666,6.865872781147935,-0.6074875931244204,4,long_relative_to_circular_transit;low_nominal_training_snr;not_recovered_in_final_holdout;inconsistent_holdout_depth_signs,
382461771,2,18.55281883707416,1328.9107847408304,0.29575,0.0012618563554346702,0.5934853162343333,0.3258792659787917,5.906262496753095,0.17208915066263167,4,long_relative_to_circular_transit;low_nominal_training_snr;not_recovered_in_final_holdout;inconsistent_holdout_depth_signs,
382461771,3,21.54080511700452,1332.7814697408303,0.03822,0.003094862832116501,0.9294493354991884,0.2670467882118916,5.867241179289764,-1.908529006078219,3,dominated_by_one_discovery_event;low_nominal_training_snr;not_recovered_in_final_holdout;inconsistent_holdout_depth_signs,
382461771,4,12.066152326538289,1330.6607847408304,0.04725,0.002102009787108288,0.7659887398501163,0.578333295913248,5.281323648748619,-1.4098192508871532,8,low_nominal_training_snr;not_recovered_in_final_holdout;inconsistent_holdout_depth_signs,
382521361,1,7.645409297648396,1356.1775487079,0.04094999999999999,0.005635394857675157,0.9754897824490973,0.6675175951023016,6.135713962835345,1.7487311110454575,3,dominated_by_one_discovery_event;low_nominal_training_snr;not_recovered_in_final_holdout,
382521361,2,11.773418859743174,1356.0387737079,0.29575,0.0034137594423924236,0.759236373951859,0.37537059159048103,6.819045705696968,-0.7251012419187628,1,fewer_than_three_discovery_events;dominated_by_one_discovery_event;long_relative_to_circular_transit;low_nominal_training_snr;insufficient_holdout_events,
382521361,3,3.700157096913517,1355.3440237079,0.024499999999999997,0.005153741464325539,0.9328715820571108,1.756723808681583,5.744325325036093,1.0383307093934444,5,outside_nominal_optimistic_hz;low_nominal_training_snr;not_recovered_in_final_holdout,
382521361,4,3.835288500669978,1354.7665237079,0.024499999999999997,0.005024723556019348,0.9211208986203172,1.6746844476744194,5.285223733986895,-1.1699095700161168,6,outside_nominal_optimistic_hz;low_nominal_training_snr;not_recovered_in_final_holdout;inconsistent_holdout_depth_signs,
382581300,1,37.218573291097556,1331.5352862853883,0.088725,0.0018437799029937627,0.9377738579731567,0.21729198017567214,6.0214292479049245,0.01858057193130708,2,low_nominal_training_snr;not_recovered_in_final_holdout;inconsistent_holdout_depth_signs,
382581300,2,18.897009670768636,1329.5081387853884,0.24499999999999997,0.00119485401766203,0.7549201326390439,0.5364540711220198,6.943727119966904,0.487314226018164,3,long_relative_to_circular_transit;low_nominal_training_snr;not_recovered_in_final_holdout,
382581300,3,30.050126449678395,1339.7869387853884,0.03822,0.003020484157376201,1.2002780513087963,0.2890202378687665,5.612826540447564,0.12950276083758358,3,dominated_by_one_discovery_event;low_nominal_training_snr;not_recovered_in_final_holdout,
382581300,4,29.786590107947315,1328.508305452055,0.024499999999999997,0.004018292754638597,1.384408861691892,0.29243472430937417,5.575894547852958,-0.8986559460184546,3,low_nominal_training_snr;not_recovered_in_final_holdout;inconsistent_holdout_depth_signs,
383381662,1,13.7431216360677,1639.2100120139294,0.29575,0.003762667854725238,1.3664435555994427,0.7430228552657305,9.737886541952218,-0.5588210994864771,6,fewer_than_three_discovery_events;dominated_by_one_discovery_event;long_relative_to_circular_transit;not_recovered_in_final_holdout;inconsistent_holdout_depth_signs,
383381662,2,11.487261883741056,1631.7991995139294,0.238875,0.0018256025477333643,0.9518025670424943,0.9436856050717571,7.852463092943676,0.2542219121177147,6,long_relative_to_circular_transit;not_recovered_in_final_holdout;inconsistent_holdout_depth_signs,
383381662,3,16.610400699003826,1631.0302495139294,0.08599499999999999,0.0023285009080721065,1.074934399084206,0.5771329645010069,5.376128844534167,0.22410217249678455,5,fewer_than_three_discovery_events;dominated_by_one_discovery_event;low_nominal_training_snr;not_recovered_in_final_holdout,
383381662,4,15.729235145379697,1640.4679120139294,0.029399999999999996,0.004053543149877409,1.418277311382008,0.620639224911868,5.379114470244939,0.3687191864520296,4,low_nominal_training_snr;not_recovered_in_final_holdout,
383553281,1,5.4552901833435214,1685.734180651482,0.29575,0.003104811425656803,0.8944344877866719,1.4170884230742076,30.95160295533391,-3.4350307788108028,27,long_relative_to_circular_transit;not_recovered_in_final_holdout;inconsistent_holdout_depth_signs,
383553281,2,5.44837015134111,1685.9389306514818,0.29575,0.009466617418007072,1.5618104901276373,1.4194887427359744,40.40899405882484,7.282394135381372,27,long_relative_to_circular_transit;inconsistent_holdout_depth_signs,
383553281,3,5.46201467687863,1685.5294306514818,0.29575,0.007626026879464848,1.4017807391489927,1.4147627254029629,32.69196384954474,-13.626815242957056,28,long_relative_to_circular_transit;not_recovered_in_final_holdout;inconsistent_holdout_depth_signs,
383553281,4,5.442177537495427,1685.9958056514818,0.29575,0.007141100626564393,1.3564803249808814,1.4216427854853277,32.020965765241016,27.29282477977751,27,long_relative_to_circular_transit,
384667852,1,12.317492677503012,1637.1176224354251,0.29575,0.009063893985014667,2.5054632616762236,1.2638602541196633,77.57338619989257,9.599721801027755,2,odd_even_discrepancy;outside_initial_small_planet_radius_range;long_relative_to_circular_transit,
384667852,2,12.316952813348417,1633.6254974354251,0.29575,0.00985896057177796,2.6130408263374476,1.2639341163096935,73.31847707741451,2.953376760499852,2,outside_initial_small_planet_radius_range;long_relative_to_circular_transit;not_recovered_in_final_holdout;inconsistent_holdout_depth_signs,
384667852,3,12.316827257362329,1635.354497435425,0.29575,0.008564449256580252,2.4354563521459887,1.263951295491813,73.94495453825883,-6.869368412445277,1,outside_initial_small_planet_radius_range;long_relative_to_circular_transit;insufficient_holdout_events,
384667852,4,12.317238551493322,1638.880747435425,0.29575,0.009897974569559327,2.6182058999096562,1.2638950217467575,72.8531887667172,2.713386585273377,2,odd_even_discrepancy;outside_initial_small_planet_radius_range;long_relative_to_circular_transit;not_recovered_in_final_holdout;inconsistent_holdout_depth_signs,
38541212,1,4.239132518708301,1412.971514225663,0.22931999999999997,0.008195309599605531,1.3641915546149557,1.684352219591333,20.393388254271347,4.554771737851805,2,outside_nominal_optimistic_hz;long_relative_to_circular_transit;not_recovered_in_final_holdout,
38541212,2,6.358575250179109,1411.714349225663,0.17198999999999998,0.007410119491306048,1.2971950410617483,0.980970205649319,12.957739376275716,6.773405422047829,1,long_relative_to_circular_transit;insufficient_holdout_events,
38541212,3,4.670479586836728,1412.149784225663,0.16562,0.006151535500016979,1.1819100933545492,1.4801995451382972,11.481826211219232,6.422974789742417,2,long_relative_to_circular_transit,
38541212,4,4.229124712690136,1412.566109225663,0.17198999999999998,0.005552001373880558,1.1228389169640118,1.6896687854553276,10.445366498032175,8.57790844295171,2,outside_nominal_optimistic_hz;long_relative_to_circular_transit,
385445333,1,6.025851389702912,1818.247495481904,0.08599499999999999,0.013335052689869373,2.181509250467996,1.6978004001867901,24.055089186674277,4.555953032615539,4,outside_initial_small_planet_radius_range;outside_nominal_optimistic_hz;long_relative_to_circular_transit;not_recovered_in_final_holdout,
385445333,2,6.442906182794671,1818.042745481904,0.08599499999999999,0.012978260236081028,2.1521271682330108,1.552871230767847,22.550802239666776,-6.409277866952329,4,outside_initial_small_planet_radius_range;outside_nominal_optimistic_hz;long_relative_to_circular_transit;not_recovered_in_final_holdout;inconsistent_holdout_depth_signs,
385445333,3,5.8166443773092755,1821.171325481904,0.08599499999999999,0.013131042256707868,2.1647576863619946,1.7797042501390532,22.181567918648557,7.89636163184998,4,outside_initial_small_planet_radius_range;outside_nominal_optimistic_hz;long_relative_to_circular_transit,
385445333,4,7.6811002029316375,1817.846185481904,0.08599499999999999,0.012223555253369664,2.088615327949257,1.2284192491507224,20.43173065777843,-5.517406769491971,3,outside_initial_small_planet_radius_range;long_relative_to_circular_transit;not_recovered_in_final_holdout;inconsistent_holdout_depth_signs,
386740034,1,8.417530272749675,1579.965420693841,0.16243500000000002,0.017339864400218858,1.7830278282316905,0.4831450332009471,16.68421872668132,0.5987093622369206,5,dominated_by_one_discovery_event;long_relative_to_circular_transit;not_recovered_in_final_holdout;inconsistent_holdout_depth_signs,
386740034,2,4.582791559311369,1573.0933126944428,0.238875,0.008312046776691255,1.2344947923369898,1.0868016669207734,13.432902614952232,-5.217608533903565,10,long_relative_to_circular_transit;not_recovered_in_final_holdout;inconsistent_holdout_depth_signs,
386740034,3,4.477449930671724,1572.329735194443,0.22491000000000003,0.008020055498898868,1.2126178580463869,1.1210271165048442,13.985115111060374,3.0753089012720944,8,odd_even_discrepancy;long_relative_to_circular_transit;not_recovered_in_final_holdout;inconsistent_holdout_depth_signs,
386740034,4,3.2984579658262767,1571.904625194443,0.29575,0.007020779241400588,1.1345612111992254,1.6849065939449628,13.246608364140936,-0.9787373293347728,14,odd_even_discrepancy;outside_nominal_optimistic_hz;long_relative_to_circular_transit;not_recovered_in_final_holdout;inconsistent_holdout_depth_signs,
38698751,1,3.6128592038559253,1330.2957305836976,0.238875,0.0034847422641729364,0.8251043727977878,1.7108389119404008,40.24074009054955,6.115423653240901,40,odd_even_discrepancy;outside_nominal_optimistic_hz;long_relative_to_circular_transit,
38698751,2,3.6127553118372417,1327.3837305836976,0.238875,0.0034219589246068482,0.817637785882131,1.7109045103898746,40.17085228975159,1.740776758285954,41,outside_nominal_optimistic_hz;long_relative_to_circular_transit;not_recovered_in_final_holdout;inconsistent_holdout_depth_signs,
38698751,3,3.6128269728968236,1327.9297305836976,0.238875,0.0034726801433019277,0.8236751227577133,1.7108592624162298,39.69743123613921,7.729590078603265,42,outside_nominal_optimistic_hz;long_relative_to_circular_transit,
38698751,4,3.6128514530961775,1329.1127305836976,0.238875,0.0035393693878988178,0.8315464284780179,1.7108438056949278,40.51478744563142,9.209437299762644,40,outside_nominal_optimistic_hz;long_relative_to_circular_transit,
387070235,1,23.408024657689975,1825.9419240412708,0.29575,0.005308258153241898,1.3206802812526628,0.2519988561319147,16.364757450574462,0.7876013325482546,5,fewer_than_three_discovery_events;dominated_by_one_discovery_event;long_relative_to_circular_transit;not_recovered_in_final_holdout,
387070235,2,9.283651553788193,1820.754924041271,0.29575,0.0024798910361405503,0.9026886361392783,0.8648215088524984,11.482060918977503,-2.849716085113357,14,long_relative_to_circular_transit;not_recovered_in_final_holdout;inconsistent_holdout_depth_signs,
387070235,3,18.308581158953466,1827.049394041271,0.11465999999999998,0.003859831327725052,1.1261748883778055,0.3496863433805932,7.426373522290645,-1.3518802444386953,8,fewer_than_three_discovery_events;dominated_by_one_discovery_event;long_relative_to_circular_transit;not_recovered_in_final_holdout;inconsistent_holdout_depth_signs,
387070235,4,18.26339774479745,1828.7369657079375,0.017499999999999998,0.006418085863059135,1.4521933285858453,0.35084031150585276,5.392658325825226,0.2970210150703651,5,fewer_than_three_discovery_events;dominated_by_one_discovery_event;low_nominal_training_snr;not_recovered_in_final_holdout,
38759628,1,64.58539188073314,1364.6238305875147,0.29575,0.0007885166240410357,1.0149555166692572,0.2435229419623793,15.19628030887731,-0.16994455884469128,3,dominated_by_one_discovery_event;long_relative_to_circular_transit;not_recovered_in_final_holdout,
38759628,2,80.40599156746396,1334.6507055875147,0.29575,0.00048788738644053354,0.7983647927667218,0.18183091792048817,9.560433835677491,-1.8109804564122627,2,outside_nominal_optimistic_hz;long_relative_to_circular_transit;not_recovered_in_final_holdout;inconsistent_holdout_depth_signs,
38759628,3,64.48803733660289,1371.5910180875148,0.238875,0.00046569634539529313,0.7799971151303221,0.24401324536617636,9.471033767970724,-2.181176806277761,3,long_relative_to_circular_transit;not_recovered_in_final_holdout,
38759628,4,62.896680410326624,1328.2497655875147,0.22931999999999997,0.00040699385884721104,0.7291812782994163,0.2522795112640455,8.062752191178136,-0.9677776966736652,1,insufficient_holdout_events,
387998188,1,36.46955947394945,1744.330219413348,0.22931999999999997,0.002815946153204782,1.1183637193044917,0.19168021830786827,9.848738825276218,0.08676231333028186,2,fewer_than_three_discovery_events;outside_nominal_optimistic_hz;long_relative_to_circular_transit;not_recovered_in_final_holdout;inconsistent_holdout_depth_signs,
387998188,2,15.77279157408917,1746.1775194133481,0.29575,0.001688688540992484,0.8660554020410962,0.5860570561202423,8.610810175659216,-0.12800917678091084,4,long_relative_to_circular_transit;not_recovered_in_final_holdout;inconsistent_holdout_depth_signs,
387998188,3,37.11235015726067,1770.281144413348,0.29575,0.0026005510808341722,1.0747404411440413,0.1872664778871172,8.458761801978193,0.7483731548375554,2,fewer_than_three_discovery_events;dominated_by_one_discovery_event;outside_nominal_optimistic_hz;long_relative_to_circular_transit;not_recovered_in_final_holdout;inconsistent_holdout_depth_signs,
387998188,4,9.760176111667857,1739.688081913348,0.170625,0.0013435757944435345,0.7725062153611103,1.1114103744064814,7.30552176635761,-1.1878700282808918,6,long_relative_to_circular_transit;not_recovered_in_final_holdout;inconsistent_holdout_depth_signs,
388087903,1,11.32421763139072,1493.3473375994668,0.08599499999999999,0.005290621464402166,0.8975225647066232,0.3019885134776843,6.142295029625987,1.0238060461747631,1,long_relative_to_circular_transit;low_nominal_training_snr;insufficient_holdout_events,
388087903,2,2.939235200196035,1492.0367450994668,0.03919999999999999,0.00394671621889676,0.7751932482381709,1.8239891351248267,5.674498372686615,-1.3570839450177656,6,outside_nominal_optimistic_hz;low_nominal_training_snr;not_recovered_in_final_holdout;inconsistent_holdout_depth_signs,
388087903,3,8.428913397353922,1498.2078750994667,0.03822,0.005985976973818743,0.9546837980388901,0.44768503602020826,5.14599358013002,-0.7462828213503728,3,low_nominal_training_snr;not_recovered_in_final_holdout,
388566007,1,28.005501954781465,1813.517720878469,0.22931999999999997,0.0016349725857890953,1.2716316043446556,0.7362505302387929,12.282785651030256,0.4985733533138294,5,fewer_than_three_discovery_events;dominated_by_one_discovery_event;long_relative_to_circular_transit;not_recovered_in_final_holdout;inconsistent_holdout_depth_signs,
388566007,2,24.31834889513489,1799.115605878469,0.17198999999999998,0.0008756455774372578,0.9306154423383219,0.8887330319291685,8.529011957987555,0.5107929029731617,5,long_relative_to_circular_transit;not_recovered_in_final_holdout;inconsistent_holdout_depth_signs,
388566007,3,33.431131734535754,1820.886200878469,0.1764,0.0010007256986098148,0.9948637388306307,0.5814093302348357,7.205334928230283,-2.536573956811654,4,fewer_than_three_discovery_events;dominated_by_one_discovery_event;long_relative_to_circular_transit;not_recovered_in_final_holdout;inconsistent_holdout_depth_signs,
388566007,4,25.643518410984466,1791.359675878469,0.12284999999999999,0.0013928115991325414,1.1736869153687814,0.828031043602502,7.288842727228804,-1.5679868136244774,4,fewer_than_three_discovery_events;dominated_by_one_discovery_event;not_recovered_in_final_holdout;inconsistent_holdout_depth_signs,
388566010,1,37.89754583531818,1807.589523034491,0.29575,0.0009641660498203098,0.868019477859942,0.39850126896186244,8.729103706112738,1.4326642131384348,2,dominated_by_one_discovery_event;long_relative_to_circular_transit;not_recovered_in_final_holdout;inconsistent_holdout_depth_signs,
388566010,2,35.386280471838006,1800.127068034491,0.22931999999999997,0.0010490883977991305,0.9054398301142083,0.43664779426082595,7.90517723760572,0.29057761198450005,3,fewer_than_three_discovery_events;dominated_by_one_discovery_event;long_relative_to_circular_transit;not_recovered_in_final_holdout,
388566010,3,28.1882929916137,1791.047088034491,0.07643999999999998,0.0013132049070110922,1.013024156213112,0.5913157615143053,6.456210193473084,0.7457738639022302,4,low_nominal_training_snr;not_recovered_in_final_holdout;inconsistent_holdout_depth_signs,
388566010,4,37.0617305151856,1817.409648034491,0.024499999999999997,0.0031919218323214183,1.5793546983819338,0.41052873974925735,5.631120588827147,-0.21804347988068198,4,fewer_than_three_discovery_events;dominated_by_one_discovery_event;low_nominal_training_snr;not_recovered_in_final_holdout;inconsistent_holdout_depth_signs,
388606196,1,26.034325504362766,1803.6568771936838,0.22931999999999997,0.003372791308843425,0.9829694511458485,0.2138153030938044,6.147010179755231,2.0693859267039616,3,fewer_than_three_discovery_events;dominated_by_one_discovery_event;long_relative_to_circular_transit;low_nominal_training_snr;not_recovered_in_final_holdout,
389051009,1,3.293442982943432,1328.4517801496731,0.049980000000000004,0.008619302867886359,1.0948973734330367,1.3754399398260755,44.01118496776365,16.25657301843877,31,long_relative_to_circular_transit,
389051009,2,2.720679136836097,1327.585460149673,0.049980000000000004,0.008409072367300319,1.0814623094537807,1.7744838934284248,44.185984418803564,16.407375937150157,37,outside_nominal_optimistic_hz;long_relative_to_circular_transit,
389051009,3,2.7205686936205717,1327.5538201496731,0.0441,0.010921120120170403,1.2324546144249502,1.774579942480484,46.469248451864566,12.783998182656418,38,outside_nominal_optimistic_hz;long_relative_to_circular_transit,
389051009,4,2.7204610378599514,1327.522320149673,0.0441,0.010569202551257558,1.212434968821072,1.7746735761260737,45.30594366559629,-1.4546010671926382,38,outside_nominal_optimistic_hz;long_relative_to_circular_transit;not_recovered_in_final_holdout;inconsistent_holdout_depth_signs,
389839182,1,13.576519756563806,1791.893537308125,0.29575,0.004511175218127249,1.3055046948899551,0.6424998596783532,10.293909429914878,0.01749040883211381,2,dominated_by_one_discovery_event;long_relative_to_circular_transit;not_recovered_in_final_holdout;inconsistent_holdout_depth_signs,
389839182,2,17.79627914102583,1790.812820667099,0.170625,0.005679795718934766,1.4648729115368484,0.4478700619294634,8.998619351562393,0.9166822689340491,1,fewer_than_three_discovery_events;dominated_by_one_discovery_event;long_relative_to_circular_transit;insufficient_holdout_events,
389839182,3,16.596786899342106,1806.7515476598553,0.29575,0.0031481075928763316,1.0905821207488504,0.49154010141401416,6.629763959949089,-0.20629482450377234,2,long_relative_to_circular_transit;low_nominal_training_snr;not_recovered_in_final_holdout;inconsistent_holdout_depth_signs,
389839182,4,6.50844922931065,1795.1376726598553,0.29575,0.002343337634590855,0.9409163686573306,1.712462026557235,6.379748164969012,0.08563600112081174,4,outside_nominal_optimistic_hz;long_relative_to_circular_transit;low_nominal_training_snr;not_recovered_in_final_holdout;inconsistent_holdout_depth_signs,
389902064,1,14.069659457944766,1800.8056548381483,0.238875,0.003830553330313607,0.9259017639551314,0.34029369527021724,5.514292327816445,1.7229273816431412,3,fewer_than_three_discovery_events;long_relative_to_circular_transit;low_nominal_training_snr;not_recovered_in_final_holdout,
389913701,1,19.38367368458538,1691.6648557404587,0.29575,0.00184597839617943,0.7084412523438651,0.27784618024893787,7.260383857054044,2.290809456072023,8,long_relative_to_circular_transit;not_recovered_in_final_holdout,
389913701,2,12.681912568528311,1689.5263557404587,0.29575,0.0014355351426331405,0.6247373188478187,0.48918471385297047,7.9055091133646185,2.022557401655783,15,long_relative_to_circular_transit;not_recovered_in_final_holdout,
389913701,3,20.9033441143532,1697.6936057404587,0.29575,0.0014613993132533102,0.6303401700205693,0.25124544136477617,5.548758229570274,-0.6378665970806777,6,dominated_by_one_discovery_event;long_relative_to_circular_transit;low_nominal_training_snr;not_recovered_in_final_holdout;inconsistent_holdout_depth_signs,
389913701,4,21.955241511809778,1690.1060257404586,0.16562,0.002021380277538453,0.7413350725319359,0.23532510380801863,5.768064850550712,0.9980161146205913,7,long_relative_to_circular_transit;low_nominal_training_snr;not_recovered_in_final_holdout;inconsistent_holdout_depth_signs,
390465657,1,4.235485232813494,1791.3711589832444,0.024499999999999997,0.006390621383624508,1.1610121719395414,1.5058580898761378,6.381078499671651,-0.04583296449488687,6,outside_nominal_optimistic_hz;low_nominal_training_snr;not_recovered_in_final_holdout;inconsistent_holdout_depth_signs,
390465657,2,19.274888716966515,1791.8084489832445,0.16562,0.004829470351036873,1.009287700497267,0.19967901998464618,6.86868275872502,0.34359034462965343,1,outside_nominal_optimistic_hz;long_relative_to_circular_transit;low_nominal_training_snr;insufficient_holdout_events,
390465657,3,17.56510629508796,1798.9754923165779,0.024499999999999997,0.014505499498697746,1.7491681987237955,0.22600631068368032,7.003452811086124,1.1731088219739145,2,not_recovered_in_final_holdout;inconsistent_holdout_depth_signs,
390465657,4,4.23861880162488,1791.0540589832444,0.03822,0.004872733847950247,1.0137983359049476,1.5043739182141975,6.052723757418863,1.3264823708860964,6,outside_nominal_optimistic_hz;low_nominal_training_snr;not_recovered_in_final_holdout,
390531051,1,10.79079188094422,1574.6474169506916,0.031849999999999996,0.002534903851830396,0.6377527245677216,0.3771836369584804,6.274679114176484,-0.07025500550063815,3,low_nominal_training_snr;not_recovered_in_final_holdout,
390531051,2,3.8625642673570915,1574.0851127840251,0.238875,0.0005525127392170252,0.2977437987309437,1.4840765671066545,6.315202761889783,2.020297679806294,11,outside_initial_small_planet_radius_range;long_relative_to_circular_transit;low_nominal_training_snr;not_recovered_in_final_holdout,
390531051,3,7.1835184995472146,1576.0586752840252,0.29575,0.0006514614453013578,0.32330761676288927,0.6488948287424855,5.810727269533946,2.5013663483312434,7,outside_initial_small_planet_radius_range;long_relative_to_circular_transit;low_nominal_training_snr;not_recovered_in_final_holdout,
390531051,4,5.536136563779762,1572.366805284025,0.22931999999999997,0.0006737977731475221,0.32880344764902697,0.918364046564331,5.44198593652818,1.7972102662347045,7,outside_initial_small_planet_radius_range;long_relative_to_circular_transit;low_nominal_training_snr;not_recovered_in_final_holdout;inconsistent_holdout_depth_signs,
39084331,1,11.332576915100896,1870.605058795199,0.238875,0.0032852140169859997,0.7760989690082987,0.35236556583162737,5.64788021446357,-0.2618030157665634,1,dominated_by_one_discovery_event;long_relative_to_circular_transit;low_nominal_training_snr;insufficient_holdout_events,
39084331,2,9.608233439713226,1877.486663178941,0.17198999999999998,0.0034963849129362435,0.8006540258519829,0.43911030953042607,5.366752169355619,-1.5415664840901149,1,long_relative_to_circular_transit;low_nominal_training_snr;insufficient_holdout_events,
391039604,1,16.506132553200086,1586.8326335411366,0.29575,0.0014738986347941593,0.4401864756812828,0.1687415405251541,23.327174119774234,-1.0210661213553267,7,dominated_by_one_discovery_event;odd_even_discrepancy;outside_initial_small_planet_radius_range;outside_nominal_optimistic_hz;long_relative_to_circular_transit;not_recovered_in_final_holdout;inconsistent_holdout_depth_signs,
391039604,2,3.610469209482518,1573.9233735411365,0.057329999999999985,0.0006548784968892115,0.29341563504011275,1.2803565278373499,10.225604892660517,3.396116154706634,25,outside_initial_small_planet_radius_range;long_relative_to_circular_transit;not_recovered_in_final_holdout,
391039604,3,7.222131890033558,1577.5391010411365,0.11245500000000001,0.0007682961623726594,0.31780975154119356,0.5079978730559587,10.127768788575446,0.4558029065106637,12,outside_initial_small_planet_radius_range;long_relative_to_circular_transit;not_recovered_in_final_holdout;inconsistent_holdout_depth_signs,
391039604,4,4.902571381675929,1572.3495285411366,0.07643999999999998,0.0006269800186452888,0.28709771571063186,0.8514984856162013,8.584280447851725,-4.645737435771466,20,outside_initial_small_planet_radius_range;long_relative_to_circular_transit;not_recovered_in_final_holdout;inconsistent_holdout_depth_signs,
392917676,1,4.426131313521171,1930.4759530297865,0.29575,0.0074384161327228655,1.2902515524731684,1.6183850031987226,17.39280765432944,1.5710821508397717,1,outside_nominal_optimistic_hz;long_relative_to_circular_transit;insufficient_holdout_events,
392917676,2,4.430376751419175,1931.3859530297864,0.29575,0.0066403644121599895,1.2190741199518176,1.6163175626314101,16.23403594992953,4.321342205154448,1,outside_nominal_optimistic_hz;long_relative_to_circular_transit;insufficient_holdout_events,
392917676,3,4.436581483363153,1934.0135780297865,0.29575,0.00757472269590423,1.3020196063907379,1.6133042879865296,17.099456162342882,1.5741400759094903,1,outside_nominal_optimistic_hz;long_relative_to_circular_transit;insufficient_holdout_events,
392917676,4,4.430813553787881,1932.2277030297864,0.29575,0.007975345725816017,1.336007555413729,1.6161051111313243,17.887987230284878,1.1811330069819077,2,outside_nominal_optimistic_hz;long_relative_to_circular_transit;not_recovered_in_final_holdout;inconsistent_holdout_depth_signs,
393894294,1,10.49029339265789,1748.4717680598376,0.04094999999999999,0.0033629056462213236,1.3614741154316463,1.5529184858397296,4.511027122833913,0.8408529203747304,1,fewer_than_three_discovery_events;dominated_by_one_discovery_event;outside_nominal_optimistic_hz;low_nominal_training_snr;insufficient_holdout_events,
394244919,1,8.010764291999804,1328.9323497354521,0.29575,0.00494364519989865,1.2284492446033541,0.8844825712500155,14.753776021794938,11.328544493881653,2,odd_even_discrepancy;long_relative_to_circular_transit,
394244919,2,5.3433624951184475,1329.7713697354523,0.16562,0.004156236380574705,1.1263767830493616,1.5176386099120933,10.575831268512538,5.639608446003006,2,outside_nominal_optimistic_hz;long_relative_to_circular_transit,
394244919,3,5.255256891330225,1327.3284747354523,0.29575,0.00347784438487815,1.0303591763963307,1.5516578041791271,11.54723246323256,1.0479378822867496,2,outside_nominal_optimistic_hz;long_relative_to_circular_transit;not_recovered_in_final_holdout;inconsistent_holdout_depth_signs,
394244919,4,7.882627323104862,1328.1702247354522,0.29575,0.0040691205668930515,1.1145096917707205,0.9037047356620043,12.495183195613563,1.9496059339662655,1,dominated_by_one_discovery_event;long_relative_to_circular_transit;insufficient_holdout_events,
39427536,1,8.12251091925041,1992.6563506212135,0.29575,0.011373448316628029,2.4572091411123798,1.5597129655629631,63.388452717630855,15.07566747117451,2,outside_initial_small_planet_radius_range;outside_nominal_optimistic_hz;long_relative_to_circular_transit,
39427536,2,7.3624928180056735,1990.4837256212136,0.29575,0.009019266901690323,2.1881730382104787,1.7780006222816216,54.83310643215861,13.633078062539965,1,outside_initial_small_planet_radius_range;outside_nominal_optimistic_hz;long_relative_to_circular_transit;insufficient_holdout_events,
39427536,3,7.376851330259961,1987.4921006212135,0.29575,0.010388527807438819,2.348405270399125,1.7733877855172717,46.94841372106827,13.191946191513505,2,odd_even_discrepancy;outside_initial_small_planet_radius_range;outside_nominal_optimistic_hz;long_relative_to_circular_transit,
39427536,4,8.852794150602525,1994.1439428642168,0.29575,0.009572623502018074,2.254299071390347,1.3905649107308646,46.1658749843191,16.45159534922457,3,outside_initial_small_planet_radius_range;long_relative_to_circular_transit,
39464614,1,15.075708016037613,1993.2267247241978,0.238875,0.00427453240264629,0.8709991380343016,0.2481153041583901,6.224633066605502,1.1008603094682416,1,dominated_by_one_discovery_event;long_relative_to_circular_transit;low_nominal_training_snr;insufficient_holdout_events,
39464614,2,4.678648722478397,1989.4112872241976,0.24499999999999997,0.003099501427344267,0.7416847317890414,1.180855049105105,7.1420416442562145,-0.24544621193755173,4,long_relative_to_circular_transit;not_recovered_in_final_holdout,
39464614,3,7.007401279613151,1990.1814097241977,0.124215,0.004929787665818203,0.935378806073198,0.6890983218279803,7.283310471135054,2.855122228048744,4,long_relative_to_circular_transit;not_recovered_in_final_holdout,
39464614,4,11.882646527353886,1990.3317872241976,0.12739999999999999,0.0047956959278133895,0.9225698080591842,0.34077908980025096,5.793017590290242,1.062034952069474,1,long_relative_to_circular_transit;low_nominal_training_snr;insufficient_holdout_events,
39466100,1,12.793295343172103,1996.2752187516428,0.29575,0.0018281241944574996,0.8777569669207229,0.7353288000592226,8.330005786927389,0.9222902137408927,2,long_relative_to_circular_transit;not_recovered_in_final_holdout;inconsistent_holdout_depth_signs,
39466100,2,18.550777880146057,2000.813843751643,0.29575,0.0018830549005601604,0.8908466025825003,0.44803159724346964,6.916811138021525,2.8143476486554064,1,fewer_than_three_discovery_events;long_relative_to_circular_transit;low_nominal_training_snr;insufficient_holdout_events,
39466100,3,22.104917064571875,1988.3320562516428,0.124215,0.0021724978223761422,0.9568659751363766,0.35465516653581897,5.671862601468333,0.0,0,long_relative_to_circular_transit;low_nominal_training_snr;insufficient_holdout_events,
39466100,4,13.121043589460845,1994.3812812516428,0.238875,0.0011608474029909841,0.6994537519043313,0.7109411292162787,5.689874019446912,-0.06307858402938789,2,long_relative_to_circular_transit;low_nominal_training_snr;not_recovered_in_final_holdout;inconsistent_holdout_depth_signs,
394730744,1,27.172276825747446,1628.583451174621,0.116025,0.0015786380631754985,1.2104840632333882,0.6900434929156007,7.061671284823861,-0.9414942101565711,2,fewer_than_three_discovery_events;not_recovered_in_final_holdout;inconsistent_holdout_depth_signs,
394730744,2,32.832881482781,1623.6985423941771,0.238875,0.0006360006955662013,0.7683278690452977,0.5361658801579569,6.543696842825023,-0.6655279242864923,2,fewer_than_three_discovery_events;dominated_by_one_discovery_event;long_relative_to_circular_transit;low_nominal_training_snr;not_recovered_in_final_holdout;inconsistent_holdout_depth_signs,
394730744,3,18.211739513789148,1606.8109898941773,0.11465999999999998,0.0004539397878719074,0.6491079320726908,1.176456659003544,5.414205573665212,0.06251565315997015,5,low_nominal_training_snr;not_recovered_in_final_holdout,
394730744,4,29.73468402292433,1601.8182748941772,0.03822,0.000953513584979825,0.9407651773429658,0.6119182440919511,5.756271207380713,-1.1185502594534682,3,low_nominal_training_snr;not_recovered_in_final_holdout;inconsistent_holdout_depth_signs,
394816687,1,21.913049810780258,1623.084075351969,0.16243500000000002,0.001563336389297897,1.0534880959042225,0.5943405724562905,15.69691033627677,2.433416365846016,4,fewer_than_three_discovery_events;odd_even_discrepancy;long_relative_to_circular_transit;not_recovered_in_final_holdout;inconsistent_holdout_depth_signs,
394816687,2,19.674560466984293,1606.248392851969,0.17198999999999998,0.001185136117374682,0.9172495996950508,0.6861711078786379,14.80113651609296,-3.2156785532441807,6,dominated_by_one_discovery_event;odd_even_discrepancy;long_relative_to_circular_transit;not_recovered_in_final_holdout;inconsistent_holdout_depth_signs,
394816687,3,22.837849026648147,1606.5186628519689,0.17198999999999998,0.0011385947147156403,0.8990585921333449,0.5624693767970408,13.882708105926293,-0.5515330755604689,5,long_relative_to_circular_transit;not_recovered_in_final_holdout,
394816687,4,21.410320607597885,1607.6604853519689,0.16243500000000002,0.0010673267897854056,0.8704666149573236,0.6130203879341187,12.82242416687953,-0.7599585090103902,6,long_relative_to_circular_transit;not_recovered_in_final_holdout;inconsistent_holdout_depth_signs,
395602605,1,21.19589339383767,1801.3108309028833,0.29575,0.011158435521371867,2.01861404464047,0.3659731110562272,7.49642716598412,-0.11998937751992725,3,fewer_than_three_discovery_events;dominated_by_one_discovery_event;outside_initial_small_planet_radius_range;long_relative_to_circular_transit;not_recovered_in_final_holdout,
395602605,2,10.828386962140122,1801.5360559028832,0.22931999999999997,0.002183739763122939,0.8930012720220621,0.8961205915412187,5.4146795179571905,-0.6851586223224073,4,dominated_by_one_discovery_event;long_relative_to_circular_transit;low_nominal_training_snr;not_recovered_in_final_holdout;inconsistent_holdout_depth_signs,
395602605,3,11.243106745474716,1799.8806174412512,0.05095999999999999,0.0044608589155432105,1.2763238372911845,0.8523206969881278,5.590553849317778,0.29325867497988917,4,dominated_by_one_discovery_event;low_nominal_training_snr;not_recovered_in_final_holdout,
395602605,4,7.919990187584302,1793.5349774412512,0.03919999999999999,0.004661516796147108,1.3047138216012628,1.3598320991017756,5.769741791637681,-0.23838938010703833,6,low_nominal_training_snr;not_recovered_in_final_holdout;inconsistent_holdout_depth_signs,
396740078,1,6.910913730069723,1816.3429365468057,0.29575,0.002478488745166962,0.945924146083271,1.6604404525772667,13.105981233225599,,0,outside_nominal_optimistic_hz;long_relative_to_circular_transit;insufficient_holdout_events,
396740078,2,6.922576615291594,1819.6961604593032,0.29575,0.002153470718176448,0.8817233082322077,1.6567115738197886,12.175422573561699,,0,outside_nominal_optimistic_hz;long_relative_to_circular_transit;insufficient_holdout_events,
396740078,3,6.9108118768574744,1822.335160459303,0.29575,0.0024099633222213405,0.9327560025881815,1.6604730819532416,12.491230957238084,,0,outside_nominal_optimistic_hz;long_relative_to_circular_transit;insufficient_holdout_events,
396740078,4,6.9088069365322475,1818.888535459303,0.29575,0.002325670699788348,0.91629843909652,1.661115606869895,13.002161854192764,,0,outside_nominal_optimistic_hz;long_relative_to_circular_transit;insufficient_holdout_events,
396741152,1,18.306796871261696,1821.940283995488,0.17198999999999998,0.0025596234794691302,1.0552005226949497,0.45090585495619817,5.831841297551523,0.6045178119981793,1,fewer_than_three_discovery_events;dominated_by_one_discovery_event;long_relative_to_circular_transit;low_nominal_training_snr;insufficient_holdout_events,
396741152,2,8.573230181280785,1819.471908995488,0.16562,0.0013112409032884917,0.7552455919595633,1.2398706492270728,5.243835935779585,0.38336169648918805,1,long_relative_to_circular_transit;low_nominal_training_snr;insufficient_holdout_events,
396741152,3,17.969722454333702,1833.2390714954881,0.124215,0.0019309972488677015,0.9165112126826084,0.4622183671447775,4.839874838119262,0.0,0,fewer_than_three_discovery_events;dominated_by_one_discovery_event;long_relative_to_circular_transit;low_nominal_training_snr;insufficient_holdout_events,
397098265,1,11.471128587349959,1821.7513084568934,0.17198999999999998,0.0008379152467580932,0.44568985326252847,0.4664620928535764,5.724485618209401,1.0246915329123476,9,outside_initial_small_planet_radius_range;long_relative_to_circular_transit;low_nominal_training_snr;not_recovered_in_final_holdout,
397098265,2,24.424565101694846,1826.1452434568935,0.07643999999999998,0.0017683313956958218,0.6474623649418753,0.1702898519489485,5.109979509631929,-0.7030200097123767,3,fewer_than_three_discovery_events;dominated_by_one_discovery_event;outside_nominal_optimistic_hz;low_nominal_training_snr;not_recovered_in_final_holdout;inconsistent_holdout_depth_signs,
397098265,3,9.835832524446937,1820.3323909568935,0.08599499999999999,0.0009746188755368013,0.48067342228870463,0.5726330192628586,5.4465686095632995,0.3737252857510314,10,outside_initial_small_planet_radius_range;long_relative_to_circular_transit;low_nominal_training_snr;not_recovered_in_final_holdout;inconsistent_holdout_depth_signs,
397137307,1,48.431802728553386,1513.1988904339012,0.22931999999999997,0.0010995831653484555,0.8726591996597355,0.26436931540153724,10.194877874827302,0.00900324775701539,3,dominated_by_one_discovery_event;odd_even_discrepancy;long_relative_to_circular_transit;not_recovered_in_final_holdout;inconsistent_holdout_depth_signs,
397137307,2,40.71288402162184,1493.9915204339013,0.29575,0.0014406883291747084,0.9988853630904155,0.33322895809900555,7.293611265551189,3.6106365613479543,3,fewer_than_three_discovery_events;dominated_by_one_discovery_event;long_relative_to_circular_transit;not_recovered_in_final_holdout,
397137307,3,13.500671546196356,1476.5934579339012,0.238875,0.0004203698901875653,0.5395683053732696,1.4518153944972103,6.992738741935023,-0.9819871630967013,10,odd_even_discrepancy;long_relative_to_circular_transit;low_nominal_training_snr;not_recovered_in_final_holdout;inconsistent_holdout_depth_signs,
397137307,4,21.802640052048403,1476.2685879339012,0.124215,0.000726862217715419,0.7095069888693891,0.7662546317999888,6.754792256293462,2.548334676625909,8,low_nominal_training_snr;not_recovered_in_final_holdout,
397533163,1,23.858075992273395,1795.2003331150029,0.1764,0.0016952542798963877,0.8092887767336505,0.3311792957551628,6.0515359633679155,0.4590311010569202,8,long_relative_to_circular_transit;low_nominal_training_snr;not_recovered_in_final_holdout,
397533163,2,24.996058538228606,1790.928933115003,0.22931999999999997,0.001708654190956713,0.8124809386744247,0.31123017070676334,5.804918788519476,-2.535982858722608,7,dominated_by_one_discovery_event;long_relative_to_circular_transit;low_nominal_training_snr;not_recovered_in_final_holdout;inconsistent_holdout_depth_signs,
397533163,3,10.637183581415806,1791.6191475842172,0.08599499999999999,0.0016476787312930568,0.7978520417090214,0.9723177088032203,4.819720224623906,-0.17437722845114956,13,dominated_by_one_discovery_event;long_relative_to_circular_transit;low_nominal_training_snr;not_recovered_in_final_holdout;inconsistent_holdout_depth_signs,
397533163,4,29.2350260853771,1800.113087584217,0.238875,0.0016908254252687353,0.8082309512510514,0.25256456624884926,5.591095474860324,-0.5926033459367664,4,dominated_by_one_discovery_event;long_relative_to_circular_transit;low_nominal_training_snr;not_recovered_in_final_holdout;inconsistent_holdout_depth_signs,
397635513,1,13.594555123480983,1668.8849450868256,0.29575,0.0045754475314840285,0.8715902929999187,0.25302934576218983,8.082413258344554,0.0,0,long_relative_to_circular_transit;insufficient_holdout_events,
397635513,2,14.188605241954857,1671.1940700868256,0.29575,0.005587432034798192,0.9631672825622745,0.23900369662688603,6.994558509040466,0.08558767321419598,1,fewer_than_three_discovery_events;dominated_by_one_discovery_event;long_relative_to_circular_transit;low_nominal_training_snr;insufficient_holdout_events,
397635513,3,6.443853807743785,1660.8365403989574,0.03822,0.006532527543273339,1.0414447136231115,0.6846416576410735,5.751307173998642,0.063414819356144,2,low_nominal_training_snr;not_recovered_in_final_holdout;inconsistent_holdout_depth_signs,
397635513,4,4.979006317970478,1661.0865628989573,0.16243500000000002,0.002777267451384686,0.6790542118401376,0.9656075574025313,5.6818756952734,1.5685575194461638,3,long_relative_to_circular_transit;low_nominal_training_snr;not_recovered_in_final_holdout,
399623138,1,12.224671327196813,1790.7950893390039,0.124215,0.0036501971932413483,0.9764128056896023,0.5905370373054311,7.2625197898643545,-1.6744352191986558,4,long_relative_to_circular_transit;not_recovered_in_final_holdout;inconsistent_holdout_depth_signs,
399623138,2,20.71448373270277,1791.5205842046716,0.03822,0.004173616268528883,1.044074674455218,0.29232407072259,5.104108362734396,-1.01313470118169,2,low_nominal_training_snr;not_recovered_in_final_holdout;inconsistent_holdout_depth_signs,
399623138,3,11.385129674820366,1791.8750292046716,0.17198999999999998,0.002001744605401071,0.7230688235885944,0.6493010235994122,5.213412929007085,-0.6437669440878949,3,long_relative_to_circular_transit;low_nominal_training_snr;not_recovered_in_final_holdout;inconsistent_holdout_depth_signs,
39980837,1,13.247168692095343,1968.764613592284,0.238875,0.003072374734588807,0.9381718083979009,0.4818155300183201,7.727164944293376,0.0,0,dominated_by_one_discovery_event;long_relative_to_circular_transit;insufficient_holdout_events,
39980837,2,13.3783088396485,1958.3735510922838,0.29575,0.0057843054380123824,1.2872736952234338,0.4755285464982411,6.4505743402834765,0.0,0,dominated_by_one_discovery_event;long_relative_to_circular_transit;low_nominal_training_snr;insufficient_holdout_events,
39980837,3,12.516430106936909,1966.1951760922839,0.24499999999999997,0.0018399856675363683,0.7260265555585697,0.5196818849119521,5.1000942043398645,1.4128152510401666,2,long_relative_to_circular_transit;low_nominal_training_snr;not_recovered_in_final_holdout;inconsistent_holdout_depth_signs,
399912139,1,24.228306449192846,1691.7779793253692,0.29575,0.0012507847517046252,0.895968748580042,0.4748157238872768,7.072652775714636,4.531377728865293,4,dominated_by_one_discovery_event;long_relative_to_circular_transit;not_recovered_in_final_holdout,
399912139,2,14.616146580276075,1684.9092993253691,0.21658000000000002,0.0011110397467832618,0.84443528194684,0.9314909726554194,6.9692895012710165,0.04982918130248199,6,long_relative_to_circular_transit;low_nominal_training_snr;not_recovered_in_final_holdout;inconsistent_holdout_depth_signs,
399912139,3,33.54458709597383,1683.6107293253692,0.29575,0.0013680413870947221,0.9370250273214872,0.30769887101235904,7.358665787466004,1.4366290300389533,2,dominated_by_one_discovery_event;long_relative_to_circular_transit;not_recovered_in_final_holdout,
399912139,4,11.297777569652068,1688.8351237572597,0.170625,0.0008649790152626528,0.7450824918945336,1.3131020416281967,5.551933451708394,0.40421933622197065,7,long_relative_to_circular_transit;low_nominal_training_snr;not_recovered_in_final_holdout,
400891204,1,14.447458869127702,1799.096661195166,0.22931999999999997,0.0029878129359165967,0.7759498288819112,0.31604694163455094,8.935725669460654,-1.3551254824908683,2,dominated_by_one_discovery_event;odd_even_discrepancy;long_relative_to_circular_transit;not_recovered_in_final_holdout;inconsistent_holdout_depth_signs,
400891204,2,13.38008349496271,1799.196306195166,0.29575,0.0020102671215607906,0.6364786274939953,0.3501024228763538,8.496244287560499,3.4927589518763256,4,long_relative_to_circular_transit;not_recovered_in_final_holdout,
400891204,3,23.012064651720838,1807.8804361951659,0.12284999999999999,0.0027579410990016297,0.7455030652418635,0.16990236872271003,6.111955627996048,-0.5858833459561622,2,dominated_by_one_discovery_event;outside_nominal_optimistic_hz;long_relative_to_circular_transit;low_nominal_training_snr;not_recovered_in_final_holdout;inconsistent_holdout_depth_signs,
400891204,4,17.04353108023487,1802.2550145284993,0.024499999999999997,0.006714690081293145,1.1632416032556847,0.25354834404553395,5.625611918270432,0.5205308272775999,3,fewer_than_three_discovery_events;low_nominal_training_snr;not_recovered_in_final_holdout,
401532771,1,4.989114165931021,1816.8528036282432,0.22491000000000003,0.005279073946830998,1.2456387581998245,1.792756544761406,56.844086427288495,29.27781805098044,23,outside_nominal_optimistic_hz;long_relative_to_circular_transit,
401532771,2,4.989143392669608,1820.7384511282432,0.238875,0.005241856332262391,1.241240098297038,1.7927425419900276,57.36572761240035,28.795271316610645,22,odd_even_discrepancy;outside_nominal_optimistic_hz;long_relative_to_circular_transit,
401532771,3,4.9891259724054695,1819.6237011282433,0.238875,0.004733922845583323,1.1795702968155,1.7927508881591325,54.61001194614752,33.43123768240741,25,outside_nominal_optimistic_hz;long_relative_to_circular_transit,
401532771,4,4.991674454970242,1817.3668836282434,0.22491000000000003,0.004691759921146358,1.1743055966151772,1.7915306147846606,51.37051356858813,48.33696595789583,24,outside_nominal_optimistic_hz;long_relative_to_circular_transit,
401834404,1,21.543078158166104,1635.598186515895,0.238875,0.000769621318218881,0.4392584598507903,0.26162111729346443,7.671245952091273,-0.28066232825301424,6,outside_initial_small_planet_radius_range;long_relative_to_circular_transit;not_recovered_in_final_holdout;inconsistent_holdout_depth_signs,
401834404,2,6.807087080763804,1632.493319015895,0.29988000000000004,0.00039311472487669476,0.31393609057868066,1.2156299653123068,6.798034325061649,-1.9808464545837114,13,outside_initial_small_planet_radius_range;long_relative_to_circular_transit;low_nominal_training_snr;not_recovered_in_final_holdout;inconsistent_holdout_depth_signs,
401834404,3,5.831762109800261,1631.017474015895,0.16562,0.0004271357183010495,0.32723860674986344,1.4939981934500282,6.069107177224183,-0.6206574276099124,16,outside_initial_small_planet_radius_range;long_relative_to_circular_transit;low_nominal_training_snr;not_recovered_in_final_holdout;inconsistent_holdout_depth_signs,
401834404,4,10.987103885271274,1628.9261656825615,0.017499999999999998,0.0015917142797022184,0.6317047554150134,0.642054899346592,5.718707281956874,-0.7839129340024211,4,fewer_than_three_discovery_events;dominated_by_one_discovery_event;low_nominal_training_snr;not_recovered_in_final_holdout;inconsistent_holdout_depth_signs,
402980664,1,12.384824796216794,1792.6742828521017,0.16243500000000002,0.012376480401317,3.705202994206587,1.610882267887541,115.7708342804874,17.22220574947232,13,odd_even_discrepancy;outside_initial_small_planet_radius_range;outside_nominal_optimistic_hz;long_relative_to_circular_transit;inconsistent_holdout_depth_signs,
402980664,2,11.567540535967613,1798.8622828521015,0.16243500000000002,0.011901520391333754,3.633412028778103,1.7643940466866082,111.54667417884282,-13.742490419819967,13,outside_initial_small_planet_radius_range;outside_nominal_optimistic_hz;long_relative_to_circular_transit;not_recovered_in_final_holdout;inconsistent_holdout_depth_signs,
402980664,3,12.384620163174995,1791.8930478521015,0.116025,0.01312834528824887,3.8160883629041553,1.6109177571359683,112.20087974369112,-16.736516978288034,9,odd_even_discrepancy;outside_initial_small_planet_radius_range;outside_nominal_optimistic_hz;not_recovered_in_final_holdout;inconsistent_holdout_depth_signs,
402980664,4,11.56729843560915,1797.3307528521016,0.16243500000000002,0.010815679730804124,3.4637005329962647,1.7644432845645335,113.7148752846208,-6.800830177903769,11,odd_even_discrepancy;outside_initial_small_planet_radius_range;outside_nominal_optimistic_hz;long_relative_to_circular_transit;not_recovered_in_final_holdout;inconsistent_holdout_depth_signs,
404449695,1,6.446513122355008,1331.566491191863,0.238875,0.00853356440343742,1.8258176366943049,1.856736062723304,36.31820683229767,11.021813643559499,8,outside_nominal_optimistic_hz;long_relative_to_circular_transit;inconsistent_holdout_depth_signs,
404449695,2,6.446872253134686,1330.1243799868546,0.238875,0.007845453288727756,1.7506574776182056,1.8565981550470056,32.40606052967843,19.02522006745752,8,outside_nominal_optimistic_hz;long_relative_to_circular_transit,
404449695,3,6.460203385895612,1327.2465049868545,0.238875,0.008413547614932244,1.812932944772689,1.8514915995917838,33.412526341056996,20.169121047968748,8,outside_nominal_optimistic_hz;long_relative_to_circular_transit,
404449695,4,8.595770586959404,1326.5412549868545,0.238875,0.00797128768446767,1.7646411573165866,1.2651351221732998,30.97540899928293,10.345143596427484,4,long_relative_to_circular_transit,
404507259,1,9.014508201365677,1415.7279196027841,0.1323,0.0022791754306835006,1.0582749176892985,1.2121139089971615,6.798622438261924,,0,long_relative_to_circular_transit;low_nominal_training_snr;insufficient_holdout_events,
404507259,2,19.540781176343675,1419.0203696027843,0.29575,0.0026538620797616356,1.1419544998308986,0.4320595316165036,6.485681643189404,,0,fewer_than_three_discovery_events;dominated_by_one_discovery_event;long_relative_to_circular_transit;low_nominal_training_snr;insufficient_holdout_events,
404507259,3,15.366874996576119,1421.0906196027843,0.29575,0.0060188026156162405,1.7197474580582908,0.5952308167259358,4.943392665729396,,0,fewer_than_three_discovery_events;dominated_by_one_discovery_event;long_relative_to_circular_transit;low_nominal_training_snr;insufficient_holdout_events,
405253504,1,8.603269625780566,1628.710732732053,0.29575,0.003652580645534825,1.4255000788869703,1.5064527086582304,26.800469087404437,68.40992640845259,8,outside_nominal_optimistic_hz;long_relative_to_circular_transit,
405253504,2,8.601781430671462,1634.4640776220908,0.29575,0.004254412944834624,1.538463367299754,1.5068002274001413,28.18689753117494,60.46131726368335,8,outside_nominal_optimistic_hz;long_relative_to_circular_transit,
405253504,3,8.602483149561863,1633.0422026220908,0.29575,0.0038937998646801694,1.4718181417151943,1.506636346686474,27.130085093339673,68.111792521984,8,outside_nominal_optimistic_hz;long_relative_to_circular_transit,
405253504,4,8.602996166702155,1635.920077622091,0.29575,0.004399811455412971,1.5645317175769162,1.5065165554613371,28.811864346985768,73.94631867823088,8,outside_nominal_optimistic_hz;long_relative_to_circular_transit,
405503787,1,3.3109685983894006,1712.3133483866116,0.29575,0.0017565014467712593,0.5446089887538229,1.7991428847717665,24.092733785676927,13.560669386748334,16,outside_nominal_optimistic_hz;long_relative_to_circular_transit,
405503787,2,3.3112081874713577,1714.7817233866115,0.29575,0.0018516544634994917,0.5591656987426883,1.7989693127624873,23.599466724300115,10.091672194342932,17,outside_nominal_optimistic_hz;long_relative_to_circular_transit,
405503787,3,3.3103879043028637,1713.996469532943,0.29575,0.002079854916342777,0.5926210446485899,1.7995636943394442,25.44493899903988,17.87310513266004,17,outside_nominal_optimistic_hz;long_relative_to_circular_transit,
405503787,4,3.3107675580752685,1713.177469532943,0.29575,0.0025954202622059446,0.6620097634736714,1.7992885524676212,29.494267014830683,16.674150729453526,16,outside_nominal_optimistic_hz;long_relative_to_circular_transit,
405902579,1,17.02655443335412,1683.6467473146881,0.12284999999999999,0.00043778187079870716,0.7539740765869304,1.4738374609329468,6.441745310729725,0.035060402648195176,7,low_nominal_training_snr;not_recovered_in_final_holdout;inconsistent_holdout_depth_signs,
405902579,2,34.564747057176305,1717.940097314688,0.29575,0.0004949900186995023,0.8017255946958184,0.573377669360143,6.236753533185406,1.6619258282791305,5,fewer_than_three_discovery_events;long_relative_to_circular_transit;low_nominal_training_snr;not_recovered_in_final_holdout,
405902579,3,24.995476492978966,1684.9061293972463,0.29575,0.0003061520974975469,0.630516051571661,0.8833579573040843,6.1707051312911725,-0.06955048422261736,6,dominated_by_one_discovery_event;long_relative_to_circular_transit;low_nominal_training_snr;not_recovered_in_final_holdout;inconsistent_holdout_depth_signs,
405902579,4,24.582405410264176,1700.7819893972464,0.04094999999999999,0.0009961899378477714,1.1373617091188184,0.903204550165102,5.67941709257225,-0.10723246340941174,4,fewer_than_three_discovery_events;dominated_by_one_discovery_event;low_nominal_training_snr;not_recovered_in_final_holdout,
405981059,1,3.788663833076593,1602.5470352461846,0.29575,0.009952214674822994,1.2636635096379192,1.2911345701254189,23.563375520481166,15.60830489510348,13,long_relative_to_circular_transit,
405981059,2,3.804914540793185,1605.1519102461846,0.29575,0.011004283279273408,1.3287780880821853,1.2837872650926003,25.544806494898495,-28.231463803090428,12,long_relative_to_circular_transit;not_recovered_in_final_holdout;inconsistent_holdout_depth_signs,
405981059,3,3.791807027296051,1603.8801777708188,0.29575,0.013829931233277977,1.4896408979902542,1.2897077303089333,31.556757541275548,-30.41565180773022,12,long_relative_to_circular_transit;not_recovered_in_final_holdout;inconsistent_holdout_depth_signs,
405981059,4,3.1611193266519533,1602.8905527708187,0.29575,0.011625620921713396,1.365776563004833,1.6437348098015416,17.72710919091609,-6.187947645699122,14,odd_even_discrepancy;outside_nominal_optimistic_hz;long_relative_to_circular_transit;not_recovered_in_final_holdout;inconsistent_holdout_depth_signs,
406484174,1,13.917606933652413,1683.8167323238677,0.11465999999999998,0.0037362641755788713,1.6887015299015808,1.1170060913018756,24.91320541134907,3.1790158181126156,6,not_recovered_in_final_holdout;inconsistent_holdout_depth_signs,The 12.72822-day trial is an approximately 42-fold alias of 7.271-hour variability. The broad folds show repeated structure outside the putative transit; subtraction of the short variation lowers the diagnostic holdout score below the screening threshold.
406484174,2,10.917153500062515,1688.0398148238678,0.088725,0.0038388431677356745,1.7117261831642,1.5440537278137196,24.757793139482175,-0.971577823066139,6,outside_nominal_optimistic_hz;not_recovered_in_final_holdout;inconsistent_holdout_depth_signs,The 12.72822-day trial is an approximately 42-fold alias of 7.271-hour variability. The broad folds show repeated structure outside the putative transit; subtraction of the short variation lowers the diagnostic holdout score below the screening threshold.
406484174,3,12.73256681022688,1690.4624623238678,0.12739999999999999,0.0037290794941558297,1.6870770970101967,1.2577288191194145,23.01883936325902,3.864806567253147,6,long_relative_to_circular_transit;not_recovered_in_final_holdout;inconsistent_holdout_depth_signs,The 12.72822-day trial is an approximately 42-fold alias of 7.271-hour variability. The broad folds show repeated structure outside the putative transit; subtraction of the short variation lowers the diagnostic holdout score below the screening threshold.
406484174,4,9.697730159670483,1689.8664648238678,0.11245500000000001,0.0033427509959458724,1.5972986418097261,1.8082070977729683,24.03520613602128,4.020107062186005,7,outside_nominal_optimistic_hz;long_relative_to_circular_transit;not_recovered_in_final_holdout;inconsistent_holdout_depth_signs,The 12.72822-day trial is an approximately 42-fold alias of 7.271-hour variability. The broad folds show repeated structure outside the putative transit; subtraction of the short variation lowers the diagnostic holdout score below the screening threshold.
406517901,1,22.892052993312838,1791.3783736753148,0.02275,0.0023360090017072246,0.8286106218553948,0.23276040777300147,6.810107993862907,0.6881595804235796,7,dominated_by_one_discovery_event;low_nominal_training_snr;not_recovered_in_final_holdout;inconsistent_holdout_depth_signs,
406517901,2,24.652762247461578,1791.6371170086481,0.17198999999999998,0.0008608180203460092,0.5030010772244453,0.21086345411083843,6.369341131492614,0.4057867017767784,6,dominated_by_one_discovery_event;long_relative_to_circular_transit;low_nominal_training_snr;not_recovered_in_final_holdout;inconsistent_holdout_depth_signs,
406517901,3,27.870411911832623,1796.901694508648,0.238875,0.0008402580689536241,0.49695788530697044,0.17904584603180804,7.145700817113489,1.31277129732957,5,dominated_by_one_discovery_event;outside_initial_small_planet_radius_range;outside_nominal_optimistic_hz;long_relative_to_circular_transit;not_recovered_in_final_holdout,
406517901,4,12.618052216234586,1798.433679508648,0.124215,0.0005213741501781865,0.39146053712117745,0.51502977717703,5.148567524573255,-1.0234581938924405,12,outside_initial_small_planet_radius_range;long_relative_to_circular_transit;low_nominal_training_snr;not_recovered_in_final_holdout;inconsistent_holdout_depth_signs,
406857100,1,4.70224662742536,1684.2758716517203,0.17198999999999998,0.0020597439789275867,0.7037340311690693,1.8518890981218923,104.37656201659243,51.679855786615626,26,outside_nominal_optimistic_hz;long_relative_to_circular_transit,
406857100,2,4.702286881384651,1685.8401616517203,0.17198999999999998,0.002159833111461084,0.7206294883288942,1.8518679606728488,106.78971784631268,58.89479239393244,31,outside_nominal_optimistic_hz;long_relative_to_circular_transit,
406857100,3,4.702278185047751,1683.7517116517204,0.17198999999999998,0.002190455697081121,0.7257201289292198,1.8518725271041288,109.7567390440497,57.894796771795114,29,outside_nominal_optimistic_hz;long_relative_to_circular_transit,
406857100,4,4.70217636592671,1684.7959366517205,0.22931999999999997,0.0018967041179111658,0.6753077373659934,1.8519259936123438,110.17070147968887,61.60668740448287,27,odd_even_discrepancy;outside_nominal_optimistic_hz;long_relative_to_circular_transit,
407457207,1,12.032371813425577,1799.615370401465,0.17198999999999998,0.0025947045215935064,1.151404407420668,1.090078246616729,7.823314542798167,0.6171491366661771,9,long_relative_to_circular_transit;not_recovered_in_final_holdout,
407457207,2,12.650841646257453,1791.603047901465,0.124215,0.0028678080903161173,1.210483784390478,1.0196084790821023,5.8597172941019435,-3.934382981690284,8,dominated_by_one_discovery_event;long_relative_to_circular_transit;low_nominal_training_snr;not_recovered_in_final_holdout;inconsistent_holdout_depth_signs,
407457207,3,18.49470645592935,1799.459760401465,0.17198999999999998,0.003636408881018333,1.3630766809451687,0.6145106410203787,6.7063082011450925,-0.2830928381490733,7,long_relative_to_circular_transit;low_nominal_training_snr;not_recovered_in_final_holdout;inconsistent_holdout_depth_signs,
407457207,4,15.543546095337126,1801.117325401465,0.29575,0.0018680384673168103,0.976960130858,0.7748051949546726,5.918840306438817,-1.5887318456658848,7,long_relative_to_circular_transit;low_nominal_training_snr;not_recovered_in_final_holdout;inconsistent_holdout_depth_signs,
407657403,1,17.437059844081293,1721.4059629934934,0.29575,0.006128275775987271,1.017254686770356,0.17901277931540327,8.658716649770653,0.0,0,fewer_than_three_discovery_events;outside_nominal_optimistic_hz;long_relative_to_circular_transit;insufficient_holdout_events,
407657403,2,10.396227177868832,1720.9573329934935,0.16562,0.005934525425702936,1.0010448751151473,0.356736350147377,7.271057649266468,-0.2744680478059272,1,odd_even_discrepancy;long_relative_to_circular_transit;insufficient_holdout_events,
407657403,3,5.018444573820054,1716.2539979934934,0.03822,0.007599604956436003,1.1328073490315043,0.9420838023671819,5.851805761047268,-0.436665063228665,3,low_nominal_training_snr;not_recovered_in_final_holdout;inconsistent_holdout_depth_signs,
407657403,4,14.247200735712987,1717.5035329934935,0.07496999999999998,0.006772864152494287,1.0694161331360132,0.23435577237347197,5.721624253210917,-0.8905828131659965,1,long_relative_to_circular_transit;low_nominal_training_snr;insufficient_holdout_events,
407688400,1,10.121894701118615,1711.625454447513,0.29988000000000004,0.0002498249572746558,0.3158512415790695,1.1484042248129709,10.84707972376637,-0.6038264648215643,4,outside_initial_small_planet_radius_range;long_relative_to_circular_transit;not_recovered_in_final_holdout;inconsistent_holdout_depth_signs,
407688400,2,7.098017410556616,1717.8617659954175,0.124215,0.0002951991203993719,0.3433382641003288,1.8432933423017202,8.78377299696715,1.82124174258408,7,outside_initial_small_planet_radius_range;outside_nominal_optimistic_hz;long_relative_to_circular_transit;not_recovered_in_final_holdout,
407688400,3,11.948612971455715,1717.6417734954175,0.22491000000000003,0.0002587517815240254,0.32144476093358126,0.9204931113548839,8.47708401009525,0.14426408885080935,5,outside_initial_small_planet_radius_range;long_relative_to_circular_transit;not_recovered_in_final_holdout,
407688400,4,8.408880651697823,1713.7992984954176,0.05095999999999999,0.0004032365149559145,0.401277310291123,1.4704816752854117,7.175179903484978,1.9811530990440045,6,outside_initial_small_planet_radius_range;not_recovered_in_final_holdout,
408094501,1,5.5930173813585755,1743.1368587094587,0.08599499999999999,0.007807564406441855,1.8525613717796,1.8530653373168189,19.34465764752836,6.005329727816805,25,outside_nominal_optimistic_hz;long_relative_to_circular_transit,
408094501,2,6.712623348712065,1739.2244012094588,0.0882,0.007295030476484314,1.7907228352704065,1.4528783496309978,18.378715775364178,21.233141103378102,20,long_relative_to_circular_transit,
408094501,3,6.993320776348761,1744.2547937094587,0.08599499999999999,0.007905383128539141,1.8641303519653412,1.3756491746288204,17.727412497191644,1.5442399709999124,21,long_relative_to_circular_transit;not_recovered_in_final_holdout;inconsistent_holdout_depth_signs,
408094501,4,6.713651928516446,1744.8030512094588,0.0882,0.007393957889023753,1.8028238833860593,1.4525815686471306,17.32909523144489,0.9865078979295545,22,long_relative_to_circular_transit;not_recovered_in_final_holdout;inconsistent_holdout_depth_signs,
408094624,1,13.863809158620034,1747.5200531143812,0.29575,0.009743443189422829,1.6922692726246864,0.6253121122527405,12.39382388004128,0.5529506283958079,4,fewer_than_three_discovery_events;dominated_by_one_discovery_event;long_relative_to_circular_transit;not_recovered_in_final_holdout;inconsistent_holdout_depth_signs,
408094624,2,31.02978421626639,1760.2998656143811,0.238875,0.007553255995283167,1.4899796682251578,0.21358394098129435,8.474869647744404,0.22265508977682733,2,fewer_than_three_discovery_events;dominated_by_one_discovery_event;long_relative_to_circular_transit;not_recovered_in_final_holdout;inconsistent_holdout_depth_signs,
408094624,3,13.717775540974579,1748.6245656143813,0.124215,0.00898009626240595,1.6246272605599144,0.634203566279076,7.389103782006731,-0.5922162127816362,3,fewer_than_three_discovery_events;dominated_by_one_discovery_event;long_relative_to_circular_transit;not_recovered_in_final_holdout;inconsistent_holdout_depth_signs,
408094624,4,10.896676835174265,1745.4033931143813,0.22931999999999997,0.003234815481057568,0.9750749437142163,0.8620812011783806,7.549594092763558,-0.12518888497424996,4,long_relative_to_circular_transit;not_recovered_in_final_holdout;inconsistent_holdout_depth_signs,
408232559,1,12.181418718139275,1448.0777719391087,0.08599499999999999,0.011301284134350319,1.555543939427905,0.38768476178875255,13.768307650675093,2.9476578762507093,1,long_relative_to_circular_transit;insufficient_holdout_events,
408232559,2,22.323041490899207,1451.8431244391086,0.17198999999999998,0.005385104670018621,1.0737803709798273,0.17287733991802118,5.674293551677941,2.347628249754592,1,fewer_than_three_discovery_events;outside_nominal_optimistic_hz;long_relative_to_circular_transit;low_nominal_training_snr;insufficient_holdout_events,
408232559,3,19.64107544820655,1442.3315769391086,0.124215,0.004896201454896637,1.0238775614830193,0.2050480018084403,5.410463062450409,0.2510077685235209,1,long_relative_to_circular_transit;low_nominal_training_snr;insufficient_holdout_events,
408232559,4,11.998850041329623,1449.058022772442,0.017499999999999998,0.011987842299976513,1.6020973302745611,0.3955697375111585,6.187738194340545,0.0,0,fewer_than_three_discovery_events;dominated_by_one_discovery_event;low_nominal_training_snr;insufficient_holdout_events,
408702840,1,14.397800355512313,1795.5018433118344,0.061424999999999993,0.003934177363514299,1.2123103745709753,0.5863405106529643,4.9563039267808024,0.8959913334759432,6,low_nominal_training_snr;not_recovered_in_final_holdout,
410366850,1,14.820716334018764,1628.5747535060755,0.29575,0.007102849566520043,1.3528424768205303,0.37530158018950105,11.60560197664516,-1.0694568673389648,6,fewer_than_three_discovery_events;dominated_by_one_discovery_event;long_relative_to_circular_transit;not_recovered_in_final_holdout;inconsistent_holdout_depth_signs,
410366850,2,4.759547629228536,1632.3140425206734,0.124215,0.002902939441496942,0.8648681632575045,1.7065476408424718,10.16189865521433,2.5241806944483183,16,outside_nominal_optimistic_hz;long_relative_to_circular_transit;not_recovered_in_final_holdout,
410366850,3,13.754769334254872,1633.3616800206735,0.11465999999999998,0.004151205498913845,1.0342321617589794,0.4145735311975845,8.6661344311022,0.8513832572863943,5,long_relative_to_circular_transit;not_recovered_in_final_holdout;inconsistent_holdout_depth_signs,
410366850,4,4.496382899414132,1632.1249900206733,0.11465999999999998,0.0021423747273048425,0.7429825960380744,1.841004866211422,6.726300483759985,-0.9146937023232466,16,outside_nominal_optimistic_hz;long_relative_to_circular_transit;low_nominal_training_snr;not_recovered_in_final_holdout;inconsistent_holdout_depth_signs,
412650616,1,15.265477709403816,1750.624892469319,0.17198999999999998,0.011915629566962318,1.3469470639513392,0.20436318135326376,20.756847705481707,-0.2817908952319644,4,dominated_by_one_discovery_event;odd_even_discrepancy;long_relative_to_circular_transit;not_recovered_in_final_holdout,
412650616,2,8.950090571226777,1742.009012469319,0.17198999999999998,0.0025455032693100007,0.6225566275188908,0.4164663791421942,7.582047542950915,0.20442146499378616,6,long_relative_to_circular_transit;not_recovered_in_final_holdout,
412650616,3,16.618018243899538,1749.914864969319,0.238875,0.0032362766742581837,0.7019640205550689,0.18249216023063242,6.828763454485028,0.07204550394862924,3,dominated_by_one_discovery_event;outside_nominal_optimistic_hz;long_relative_to_circular_transit;low_nominal_training_snr;not_recovered_in_final_holdout,
412650616,4,11.685792512760374,1741.9296149693191,0.238875,0.002184546162659683,0.5767301349058006,0.2918360640719042,6.007768822334473,-1.003211586191571,3,dominated_by_one_discovery_event;long_relative_to_circular_transit;low_nominal_training_snr;not_recovered_in_final_holdout;inconsistent_holdout_depth_signs,
41317489,1,22.98450566727129,1688.0480814597918,0.29575,0.013303503921327191,2.292281749749235,0.33039227800826587,14.925872319060167,,0,fewer_than_three_discovery_events;dominated_by_one_discovery_event;outside_initial_small_planet_radius_range;long_relative_to_circular_transit;insufficient_holdout_events,
41317489,2,22.462763930530425,1697.5177689597917,0.170625,0.012989227748998178,2.265043993131161,0.3406636965787812,11.280604996855239,,0,fewer_than_three_discovery_events;outside_initial_small_planet_radius_range;long_relative_to_circular_transit;insufficient_holdout_events,
41317489,3,15.004559707436105,1695.0650914597918,0.17198999999999998,0.008543113155741074,1.8369318956931724,0.5834170324863889,8.37522606074056,,0,dominated_by_one_discovery_event;long_relative_to_circular_transit;insufficient_holdout_events,
41317489,4,15.72362259258647,1695.8797689597916,0.238875,0.005240990610555481,1.4387709702482767,0.5481170317461745,6.821049571147965,,0,dominated_by_one_discovery_event;long_relative_to_circular_transit;low_nominal_training_snr;insufficient_holdout_events,
415009765,1,20.018065548318656,1690.1593634595947,0.29575,0.0019927367790207114,0.6921925175791981,0.2390828417749944,7.506978802494255,-0.6010361349141522,4,long_relative_to_circular_transit;not_recovered_in_final_holdout;inconsistent_holdout_depth_signs,
415009765,2,5.841353910904818,1685.4410134595946,0.09554999999999998,0.0013419671159876033,0.5680320873252007,1.2352642113368266,5.637504957334506,-0.28574204957596694,15,long_relative_to_circular_transit;low_nominal_training_snr;not_recovered_in_final_holdout;inconsistent_holdout_depth_signs,
415009765,3,19.55370759540857,1692.2045884595948,0.029399999999999996,0.004392832996304967,1.0277187466626203,0.24668291019231905,5.029235810862534,-0.22160778718716848,5,low_nominal_training_snr;not_recovered_in_final_holdout,
415009765,4,16.45780679427583,1694.8824909595946,0.08599499999999999,0.0026147485875230203,0.7928972300784146,0.31041922174998443,5.711616780326421,-0.45153729676101867,8,fewer_than_three_discovery_events;dominated_by_one_discovery_event;long_relative_to_circular_transit;low_nominal_training_snr;not_recovered_in_final_holdout,
415707542,1,12.052100217751997,1684.2030685922482,0.170625,0.0018293796522405696,0.7426131480593849,0.6642246097988974,5.460975381824694,-0.24665267435526356,6,fewer_than_three_discovery_events;dominated_by_one_discovery_event;long_relative_to_circular_transit;low_nominal_training_snr;not_recovered_in_final_holdout;inconsistent_holdout_depth_signs,
416576682,1,24.232342484282395,1711.5779803525268,0.170625,0.0012459851190693614,0.7130857272658725,0.39782987718611207,6.567447887628952,-0.552234509471089,1,fewer_than_three_discovery_events;long_relative_to_circular_transit;low_nominal_training_snr;insufficient_holdout_events,
416576682,2,23.095412199278194,1721.2588994040989,0.1764,0.0012331879013795938,0.7094143086643626,0.42415406790858357,6.573250256143913,-1.3082095643547402,1,fewer_than_three_discovery_events;dominated_by_one_discovery_event;long_relative_to_circular_transit;low_nominal_training_snr;insufficient_holdout_events,
416576682,3,8.577421301693786,1716.6574494040988,0.0357,0.0014512674326359134,0.7695893355871879,1.5888477043488227,5.472455886429695,0.4257150688254532,1,outside_nominal_optimistic_hz;low_nominal_training_snr;insufficient_holdout_events,
416576682,4,13.660859883564155,1718.3992594040988,0.05095999999999999,0.001181318971768203,0.6943347567057774,0.8542543737607325,4.992944859268662,0.0,0,low_nominal_training_snr;insufficient_holdout_events,
416781089,1,20.446307229475405,1611.874773855485,0.29575,0.0029513850146775326,1.4000338129226366,0.6236245548989108,9.465276731462298,-1.4433457859659746,1,fewer_than_three_discovery_events;long_relative_to_circular_transit;insufficient_holdout_events,
416781089,2,13.08592815571191,1610.742961355485,0.170625,0.0018694101653879774,1.114237807945608,1.1306729644869289,6.044735076329283,-0.15149536294623425,2,long_relative_to_circular_transit;low_nominal_training_snr;not_recovered_in_final_holdout;inconsistent_holdout_depth_signs,
416781089,3,15.374897265797717,1616.642053855485,0.29988000000000004,0.0011451932347687104,0.8720973716761384,0.9119970215555953,4.649547740778161,0.6223890971034236,2,long_relative_to_circular_transit;low_nominal_training_snr;not_recovered_in_final_holdout;inconsistent_holdout_depth_signs,
416781089,4,12.830403640667885,1608.499859218639,0.017499999999999998,0.004564203020396162,1.741037268763391,1.160796146061734,5.203185110697076,0.13618765741193872,1,fewer_than_three_discovery_events;dominated_by_one_discovery_event;low_nominal_training_snr;insufficient_holdout_events,
417114341,1,15.381744603873967,1870.679250395134,0.17198999999999998,0.0010385158026611585,0.7213964544877887,0.7395383610719882,7.018420222455087,-0.6151888489166862,2,long_relative_to_circular_transit;not_recovered_in_final_holdout;inconsistent_holdout_depth_signs,
417114341,2,26.698155214549228,1885.7156176851129,0.238875,0.0013661062966930924,0.8273889097884943,0.35453558312681355,7.178269869386219,-1.6113247593187898,2,fewer_than_three_discovery_events;long_relative_to_circular_transit;not_recovered_in_final_holdout;inconsistent_holdout_depth_signs,
417114341,3,9.221823046318862,1876.4267635184463,0.017499999999999998,0.0021763285777417307,1.0443105880934915,1.4628926414467762,5.125696803943122,-0.2945517081514359,2,dominated_by_one_discovery_event;low_nominal_training_snr;not_recovered_in_final_holdout;inconsistent_holdout_depth_signs,
417118702,1,24.14977086345613,1916.5086163954863,0.29575,0.0022826683900436812,0.9860451569464804,0.3955283892780285,5.939663008490166,0.0,0,fewer_than_three_discovery_events;dominated_by_one_discovery_event;long_relative_to_circular_transit;low_nominal_training_snr;insufficient_holdout_events,
417153632,1,5.23432241864076,1930.5552239839155,0.29575,0.0006788884826409528,0.35849520676932445,1.0770344870958943,5.138888040472685,-0.19689527494720738,1,dominated_by_one_discovery_event;outside_initial_small_planet_radius_range;long_relative_to_circular_transit;low_nominal_training_snr;insufficient_holdout_events,
417235334,1,16.125514991671565,1791.4937638261208,0.08599499999999999,0.012452374453060706,1.9740342713054706,0.521967470131037,5.383218515643623,0.30654274613347876,4,fewer_than_three_discovery_events;dominated_by_one_discovery_event;low_nominal_training_snr;not_recovered_in_final_holdout;inconsistent_holdout_depth_signs,
417767357,1,17.191656324203414,1791.363310546143,0.170625,0.0012712623193032826,0.7124957280428537,0.554321558865195,6.070091907034451,0.21630466281032276,4,dominated_by_one_discovery_event;long_relative_to_circular_transit;low_nominal_training_snr;not_recovered_in_final_holdout,
417839594,1,22.83854422001563,1697.574741971262,0.29575,0.0013130293842795744,1.088136815430974,0.7423510290124922,10.729822439061207,0.0841768585829485,4,fewer_than_three_discovery_events;dominated_by_one_discovery_event;odd_even_discrepancy;long_relative_to_circular_transit;not_recovered_in_final_holdout;inconsistent_holdout_depth_signs,
417839594,2,16.091249717980876,1696.130116971262,0.29575,0.0009071589420932193,0.904457104593475,1.1840794359544602,8.823038821702747,3.190182482883464,7,long_relative_to_circular_transit;not_recovered_in_final_holdout;inconsistent_holdout_depth_signs,
417839594,3,12.046175171013063,1683.617616971262,0.29575,0.0006509657926539985,0.7661703926400077,1.7419471423158466,8.726435365416465,2.1779001642867573,8,outside_nominal_optimistic_hz;long_relative_to_circular_transit;not_recovered_in_final_holdout;inconsistent_holdout_depth_signs,
417839594,4,15.36481729524508,1691.5793368262075,0.049980000000000004,0.001412934048601753,1.1287745967600524,1.2593042559262493,6.85513401008432,0.29645599560381913,8,low_nominal_training_snr;not_recovered_in_final_holdout;inconsistent_holdout_depth_signs,
417919247,1,14.986595912578792,1690.5005109272433,0.29575,0.0009488080434916146,0.7130806104030225,0.9435667279439363,6.525364508451721,1.514561169214425,6,dominated_by_one_discovery_event;long_relative_to_circular_transit;low_nominal_training_snr;not_recovered_in_final_holdout,
417919247,2,18.12890725597515,1693.04180259391,0.017499999999999998,0.0030558240169869877,1.2797160552888098,0.732061856280822,5.284616007074107,0.0,0,fewer_than_three_discovery_events;dominated_by_one_discovery_event;low_nominal_training_snr;insufficient_holdout_events,
417919247,3,18.568481213542462,1683.7119692605768,0.024499999999999997,0.0022623557426912433,1.1011079464479354,0.7090465880900177,4.76291689548938,-1.2774677160822363,5,dominated_by_one_discovery_event;low_nominal_training_snr;not_recovered_in_final_holdout;inconsistent_holdout_depth_signs,
418223113,1,29.112892681561725,1776.440892226193,0.29575,0.0017195954091120164,0.8739448656532126,0.27757637593049656,7.115805315505276,1.1762902030097706,3,fewer_than_three_discovery_events;long_relative_to_circular_transit;not_recovered_in_final_holdout,
418223113,2,36.48251081930845,1779.006637226193,0.16562,0.001700747395813167,0.8691421341373657,0.20545498697335002,5.879750502067315,0.38813288565716236,2,fewer_than_three_discovery_events;outside_nominal_optimistic_hz;long_relative_to_circular_transit;low_nominal_training_snr;not_recovered_in_final_holdout,
418223113,3,23.05253957903322,1769.399767226193,0.17198999999999998,0.001476051849806484,0.8096954586709647,0.3789116387757631,6.382838500981423,-2.284165155009969,4,long_relative_to_circular_transit;low_nominal_training_snr;not_recovered_in_final_holdout;inconsistent_holdout_depth_signs,
418223113,4,14.99982828056865,1775.113657226193,0.04094999999999999,0.0021662768924776126,0.9809071051816195,0.6720185546175217,5.672613845329892,-0.41424098790846775,6,low_nominal_training_snr;not_recovered_in_final_holdout,
418289392,1,11.323709932859163,1817.9921611133425,0.29575,0.0009476074997955104,0.6958220352759571,1.1307609950819046,6.320027509120385,-1.4402176176488424,4,long_relative_to_circular_transit;low_nominal_training_snr;not_recovered_in_final_holdout;inconsistent_holdout_depth_signs,
418289392,2,24.359140017596985,1816.2294585957454,0.238875,0.00139804627402616,0.8451712326480428,0.407198839530042,4.690470923476802,-0.06437485755681516,2,fewer_than_three_discovery_events;dominated_by_one_discovery_event;long_relative_to_circular_transit;low_nominal_training_snr;not_recovered_in_final_holdout;inconsistent_holdout_depth_signs,
418291587,1,7.009204027397808,1822.4281845873165,0.29575,0.014824498099480953,2.5394341427121847,1.651299451966566,74.22177039298484,0.5379014064906233,7,outside_initial_small_planet_radius_range;outside_nominal_optimistic_hz;long_relative_to_circular_transit;not_recovered_in_final_holdout,
418291587,2,7.026834062528714,1819.3114345873164,0.29575,0.014801856772030584,2.5374941738274006,1.6457777074399405,74.75300808106097,-14.07515026959165,6,odd_even_discrepancy;outside_initial_small_planet_radius_range;outside_nominal_optimistic_hz;long_relative_to_circular_transit;not_recovered_in_final_holdout;inconsistent_holdout_depth_signs,
418291587,3,7.009053837332274,1816.2267557499842,0.29575,0.014719386118956639,2.5304152947201026,1.6513466308800837,71.65674714880431,7.7397144684598125,8,odd_even_discrepancy;outside_initial_small_planet_radius_range;outside_nominal_optimistic_hz;long_relative_to_circular_transit,
418291587,4,7.026703336452082,1818.545369576163,0.29575,0.01487687253892491,2.5439160541239914,1.6458185320333047,70.90489281802755,-23.398887799656013,6,odd_even_discrepancy;outside_initial_small_planet_radius_range;outside_nominal_optimistic_hz;long_relative_to_circular_transit;not_recovered_in_final_holdout;inconsistent_holdout_depth_signs,
420130591,1,15.14245003071729,1689.0509931212753,0.238875,0.000509471817278059,0.30809431393678166,0.24492635664438442,7.530567332960801,-2.787102267825423,6,outside_initial_small_planet_radius_range;long_relative_to_circular_transit;not_recovered_in_final_holdout;inconsistent_holdout_depth_signs,
420130591,2,13.56523973787485,1696.4702231212752,0.124215,0.0007060045183498783,0.3626831182530448,0.283613624430363,7.6538402577663645,-2.1160595458756903,10,dominated_by_one_discovery_event;odd_even_discrepancy;outside_initial_small_planet_radius_range;long_relative_to_circular_transit;not_recovered_in_final_holdout;inconsistent_holdout_depth_signs,
420130591,3,5.29350882066832,1685.1152431212752,0.238875,0.00025027207352003317,0.21593835899589434,0.994578041167377,6.596689737314276,-0.5973415471729919,23,outside_initial_small_planet_radius_range;long_relative_to_circular_transit;low_nominal_training_snr;not_recovered_in_final_holdout;inconsistent_holdout_depth_signs,
420130591,4,4.204451328320954,1683.5523181212752,0.061424999999999993,0.00046231028546129236,0.29348802021473724,1.352128443439585,6.548903820337333,1.441874647901932,31,outside_initial_small_planet_radius_range;long_relative_to_circular_transit;low_nominal_training_snr;not_recovered_in_final_holdout,
420801158,1,13.088771263155055,1825.0895859410136,0.29575,0.004743017092007384,1.6920899682882802,0.9992790297423192,44.68613732247715,7.793784476296814,7,odd_even_discrepancy;long_relative_to_circular_transit,
420801158,2,9.106329815119818,1823.1217109410136,0.29575,0.004735396002347854,1.6907299949387373,1.6209169995398898,47.1306745637597,-16.490736203042104,14,odd_even_discrepancy;outside_nominal_optimistic_hz;long_relative_to_circular_transit;not_recovered_in_final_holdout;inconsistent_holdout_depth_signs,
420801158,3,13.161499844504581,1817.9688359410136,0.29575,0.0042125052352811635,1.5946535083547237,0.9919233198643398,43.150476666432766,7.331225792163411,7,long_relative_to_circular_transit;inconsistent_holdout_depth_signs,
420801158,4,9.11712645894247,1817.9233359410136,0.29575,0.004395269205034616,1.6288790814620147,1.6183581511094909,46.060268008783424,-42.78018218761773,13,outside_nominal_optimistic_hz;long_relative_to_circular_transit;not_recovered_in_final_holdout;inconsistent_holdout_depth_signs,
421856903,1,19.459256296263316,1748.641396210645,0.06664,0.007838554097265643,1.5758655885629504,0.3657436666268439,5.671383256287022,0.30057918090673097,4,low_nominal_training_snr;not_recovered_in_final_holdout,
421856903,2,22.568508414897934,1748.547018710645,0.08599499999999999,0.008860031301131636,1.675401192648766,0.300152056173234,6.0276925461356266,0.3482644099727832,2,fewer_than_three_discovery_events;low_nominal_training_snr;not_recovered_in_final_holdout,
421856903,3,22.178614331791582,1740.058766210645,0.0315,0.008451349377089495,1.6363048590279168,0.3072080465099042,4.593636433304274,0.32491419328434057,2,dominated_by_one_discovery_event;low_nominal_training_snr;not_recovered_in_final_holdout,
421856903,4,18.18192198529047,1756.0689328773117,0.024499999999999997,0.01336364467912726,2.0576127960777355,0.4003981652077221,5.276348240995085,-0.3500374512118143,3,fewer_than_three_discovery_events;outside_initial_small_planet_radius_range;low_nominal_training_snr;not_recovered_in_final_holdout,
422351737,1,3.306879182970146,1575.2709500627666,0.17198999999999998,0.006233847227070195,1.0346010413971876,1.8085572165328858,34.93127833964038,-20.460589293466033,13,outside_nominal_optimistic_hz;long_relative_to_circular_transit;not_recovered_in_final_holdout;inconsistent_holdout_depth_signs,
422351737,2,3.3068397841784853,1573.4036300627665,0.17198999999999998,0.005810496716412534,0.9988527367310355,1.808585946928116,33.40074094304489,-16.86761154296001,12,outside_nominal_optimistic_hz;long_relative_to_circular_transit;not_recovered_in_final_holdout;inconsistent_holdout_depth_signs,
422351737,3,3.2996671166401157,1573.8909350627666,0.22931999999999997,0.0050825211083492,0.9341883119029512,1.813829741845505,32.81655153115216,-13.49268257981864,14,outside_nominal_optimistic_hz;long_relative_to_circular_transit;not_recovered_in_final_holdout;inconsistent_holdout_depth_signs,
422351737,4,3.3025897512906295,1574.3265800627667,0.22491000000000003,0.005245927702475276,0.9490869116488647,1.8116898536487787,32.533271645482245,-16.58176322934926,12,outside_nominal_optimistic_hz;long_relative_to_circular_transit;not_recovered_in_final_holdout;inconsistent_holdout_depth_signs,
422846384,1,12.103274446377874,1418.3656880372357,0.057329999999999985,0.008876810057138562,1.1934384906212252,0.27326596881921966,8.959358062573283,0.297027899394101,1,fewer_than_three_discovery_events;dominated_by_one_discovery_event;insufficient_holdout_events,
422846384,2,13.124236920604663,1411.1630380372358,0.29575,0.004796189087305586,0.8772426240216147,0.24529609969540392,9.157458478456403,1.7375424469472096,2,long_relative_to_circular_transit;not_recovered_in_final_holdout,
422846384,3,13.559032552887164,1413.3951387424233,0.22931999999999997,0.003634574144135857,0.7636570111335617,0.23486472148198398,7.159736902672545,0.6212182050054013,2,fewer_than_three_discovery_events;dominated_by_one_discovery_event;long_relative_to_circular_transit;not_recovered_in_final_holdout,
422846384,4,4.317266466769463,1411.7491587424233,0.0441,0.0037639355556273045,0.7771281961030648,1.0802167790614359,5.752881703633732,1.3172006940569687,5,low_nominal_training_snr;not_recovered_in_final_holdout,
423236614,1,6.369692324763182,1632.0442425483259,0.29575,0.0064808774963000335,1.626305843024683,1.6758274831333637,22.750201478405316,4.866020831886349,10,outside_nominal_optimistic_hz;long_relative_to_circular_transit;not_recovered_in_final_holdout;inconsistent_holdout_depth_signs,
423236614,2,6.357082010744942,1629.695305048326,0.238875,0.007823164900913,1.7868025289866794,1.6802613191583193,22.836908582565066,5.781449861451817,11,outside_nominal_optimistic_hz;long_relative_to_circular_transit,
423236614,3,6.330755270565799,1629.058305048326,0.238875,0.007406592770362831,1.738579480673063,1.6895843635550496,22.55160007718308,-8.59967791449234,12,outside_nominal_optimistic_hz;long_relative_to_circular_transit;not_recovered_in_final_holdout;inconsistent_holdout_depth_signs,
423236614,4,6.356776383931193,1630.4972425483259,0.29575,0.006428363909020076,1.6197035842547705,1.6803690335085275,21.69488642186073,10.143505615113964,12,outside_nominal_optimistic_hz;long_relative_to_circular_transit,
424389265,1,4.54057458839606,1715.3496863600624,0.17198999999999998,0.005854180285122153,1.203120498504705,1.6326783322002838,58.559110727240245,39.46366930797427,27,outside_nominal_optimistic_hz;long_relative_to_circular_transit,
424389265,2,4.54058814109328,1713.9901463600625,0.17198999999999998,0.005985515400209027,1.2165412968639184,1.632671834603233,58.16476460310657,43.08343754061547,31,outside_nominal_optimistic_hz;long_relative_to_circular_transit,
424389265,3,4.540531484005662,1712.6387963600625,0.17198999999999998,0.005722051950934256,1.189465850827266,1.6326989981262363,58.16425878128316,40.94763850060025,29,outside_nominal_optimistic_hz;long_relative_to_circular_transit,
424389265,4,4.540542321262441,1712.1801563600625,0.17198999999999998,0.005893789870430344,1.2071838143098124,1.6326938022795743,59.08080376483214,41.29063768762416,29,odd_even_discrepancy;outside_nominal_optimistic_hz;long_relative_to_circular_transit,
424801289,1,15.39549288024407,1983.8643698489195,0.238875,0.0025804837101698307,0.9097205321555093,0.5575685654992468,5.854172738541763,3.275038793627875,1,long_relative_to_circular_transit;low_nominal_training_snr;insufficient_holdout_events,
424801289,2,12.021175683411581,1985.5392398426015,0.238875,0.0021058604127947313,0.8218115223801418,0.7754619362858389,4.952784043683791,0.6300792457739338,2,dominated_by_one_discovery_event;long_relative_to_circular_transit;low_nominal_training_snr;not_recovered_in_final_holdout;inconsistent_holdout_depth_signs,
425717549,1,3.802771870503636,1658.9847341087057,0.22491000000000003,0.0011398929026496204,0.46084579124855574,1.580150641899651,5.778755415133812,0.7573158837405641,11,outside_initial_small_planet_radius_range;outside_nominal_optimistic_hz;long_relative_to_circular_transit;low_nominal_training_snr;not_recovered_in_final_holdout,
427323148,1,27.099866713603976,1773.7117666040415,0.29575,0.00461261267699998,1.3497659552978762,0.34329342987348616,25.021896701548723,1.5483688044088941,2,fewer_than_three_discovery_events;dominated_by_one_discovery_event;odd_even_discrepancy;long_relative_to_circular_transit;not_recovered_in_final_holdout,
427323148,2,19.441457221892648,1774.3544541040417,0.238875,0.0017509315219691372,0.8316097193163827,0.5345437788460924,9.31479095276327,0.6935977520945585,2,dominated_by_one_discovery_event;odd_even_discrepancy;long_relative_to_circular_transit;not_recovered_in_final_holdout,
427323148,3,20.962844308446634,1770.2075666040416,0.03919999999999999,0.0029395436070756014,1.077518981344298,0.4834535494854303,5.688578852104928,-0.2687750334118245,3,dominated_by_one_discovery_event;low_nominal_training_snr;not_recovered_in_final_holdout;inconsistent_holdout_depth_signs,
427323148,4,12.989234928961961,1776.4030916040415,0.031849999999999996,0.0022261677599286936,0.9377000090203049,0.9151878995027277,5.281449092437683,0.4814883274774411,2,low_nominal_training_snr;not_recovered_in_final_holdout;inconsistent_holdout_depth_signs,
427466954,1,14.723865121939248,1778.2275247715534,0.29575,0.001547473123664261,0.6658200107441143,0.44844331616166583,6.964956897355869,0.1398442083706134,5,long_relative_to_circular_transit;low_nominal_training_snr;not_recovered_in_final_holdout;inconsistent_holdout_depth_signs,
427466954,2,10.905627910475289,1772.5209147715534,0.12284999999999999,0.0014085551951114675,0.6352317851775431,0.6691689197505115,5.710213803184123,0.05529972143343075,6,long_relative_to_circular_transit;low_nominal_training_snr;not_recovered_in_final_holdout;inconsistent_holdout_depth_signs,
427466954,3,8.494580718458366,1772.5891647715534,0.04094999999999999,0.002449352887694619,0.8376661499766643,0.933714420060516,5.757884636643854,1.8945515051774044,8,low_nominal_training_snr;not_recovered_in_final_holdout,
427466954,4,5.431318446525521,1765.6167331048869,0.024499999999999997,0.0023914922758630345,0.8277130017929897,1.6951038366054492,5.78434275396774,0.5105353806463867,12,outside_nominal_optimistic_hz;low_nominal_training_snr;not_recovered_in_final_holdout,
427515821,1,6.011666042753086,1793.6644030267444,0.16562,0.004388482040622717,1.1718870767556,1.5152212605802684,8.46255227498184,-1.25052274727614,4,outside_nominal_optimistic_hz;long_relative_to_circular_transit;not_recovered_in_final_holdout;inconsistent_holdout_depth_signs,
427515821,2,7.547354691884541,1791.3006780267444,0.29575,0.004049423905298959,1.1257066288235222,1.1187752171803482,8.790385590248663,3.8818937393506228,4,long_relative_to_circular_transit;not_recovered_in_final_holdout,
427515821,3,14.287893825051638,1791.2533580267445,0.17198999999999998,0.008526695194558596,1.633499370824489,0.47772528944373155,7.6087967213984165,-3.0391586420131413,2,long_relative_to_circular_transit;not_recovered_in_final_holdout;inconsistent_holdout_depth_signs,
427515821,4,6.761486291201198,1792.1708655267444,0.238875,0.004183411825241769,1.144178840853651,1.2954270323303312,7.269673322782024,-1.2045091772427707,3,long_relative_to_circular_transit;not_recovered_in_final_holdout;inconsistent_holdout_depth_signs,
427809432,1,14.779371579363458,1773.2375741031778,0.24499999999999997,0.0020073041296680477,0.772996030558674,0.44356105357791153,8.14468181170374,-0.4670355890008073,3,long_relative_to_circular_transit;not_recovered_in_final_holdout;inconsistent_holdout_depth_signs,
427809432,2,9.059184761962134,1770.4014074365114,0.017499999999999998,0.0038990123052557745,1.07732807497937,0.8518750023893785,6.143949763640572,1.5108112858878304,5,fewer_than_three_discovery_events;dominated_by_one_discovery_event;low_nominal_training_snr;not_recovered_in_final_holdout,
427809432,3,7.787175334664624,1764.877089103178,0.057329999999999985,0.0017896191145280551,0.7298791869221121,1.0422888524441887,6.316607566484851,0.255887375297584,9,low_nominal_training_snr;not_recovered_in_final_holdout,
427809432,4,18.1044915909603,1769.8314324365112,0.031849999999999996,0.0038648046596948906,1.072591741528221,0.33841238807715807,5.892477040706866,-0.9267158858605182,3,low_nominal_training_snr;not_recovered_in_final_holdout;inconsistent_holdout_depth_signs,
427919495,1,9.23737631803424,1720.3733991864979,0.17198999999999998,0.0024278040625256687,0.9900069141103174,1.2216679178304954,6.710501171983895,1.054975257459085,1,long_relative_to_circular_transit;low_nominal_training_snr;insufficient_holdout_events,
427919495,2,11.965648586773634,1719.8906441864979,0.06664,0.0039107604045516406,1.2564986186555327,0.8651731353386224,5.671301326622159,1.4502500888956464,1,low_nominal_training_snr;insufficient_holdout_events,
427919495,3,9.517006778522472,1716.4062541864978,0.03822,0.004523976342771846,1.351423832164976,1.17404347602972,5.398147435915486,0.32871784294679907,1,low_nominal_training_snr;insufficient_holdout_events,
427919495,4,7.873213869577906,1715.4789641864977,0.29575,0.0014496696620420696,0.7650079280554946,1.5117568760125264,5.379655280372987,-2.885374199507238,2,outside_nominal_optimistic_hz;long_relative_to_circular_transit;low_nominal_training_snr;not_recovered_in_final_holdout;inconsistent_holdout_depth_signs,
428681517,1,8.946116406540693,1816.3256100258297,0.238875,0.0005413708973902685,0.3379190546289416,0.6662343233366753,5.557979619348402,0.18159066578670477,10,outside_initial_small_planet_radius_range;long_relative_to_circular_transit;low_nominal_training_snr;not_recovered_in_final_holdout,
428681517,2,17.648156814466102,1829.0070428416159,0.238875,0.0009148760338093245,0.43928498003912675,0.2692819586431324,4.598761880562681,-0.5392721591055526,6,outside_initial_small_planet_radius_range;long_relative_to_circular_transit;low_nominal_training_snr;not_recovered_in_final_holdout;inconsistent_holdout_depth_signs,
428738405,1,17.489701887517292,1791.3681716065064,0.12284999999999999,0.0014330450697918912,0.9259585171469052,0.8333049138641128,5.519338495100252,0.6222179718501119,4,dominated_by_one_discovery_event;long_relative_to_circular_transit;low_nominal_training_snr;not_recovered_in_final_holdout;inconsistent_holdout_depth_signs,
428738405,2,13.380881326834073,1790.9668616065064,0.17198999999999998,0.0009489338399546568,0.7534936093338436,1.1908786977629515,5.236063907979706,0.056337970900261755,8,dominated_by_one_discovery_event;long_relative_to_circular_transit;low_nominal_training_snr;not_recovered_in_final_holdout;inconsistent_holdout_depth_signs,
428738405,3,16.939902962119085,1792.0805405480771,0.29575,0.0008386946010852767,0.7083754960574641,0.8695594139261599,4.657242854425346,-0.7205633780719292,5,dominated_by_one_discovery_event;long_relative_to_circular_transit;low_nominal_training_snr;not_recovered_in_final_holdout;inconsistent_holdout_depth_signs,
429000467,1,5.219802552898388,1816.6728301510268,0.29575,0.003982605946035909,1.1646192419472872,1.5029888893286798,46.92634999284533,36.85725172119882,28,outside_nominal_optimistic_hz;long_relative_to_circular_transit,
429000467,2,5.219828276495796,1819.8237051510268,0.29575,0.0041728946094820194,1.192117327553524,1.5029790135888934,50.4811332106208,29.1121250760789,24,outside_nominal_optimistic_hz;long_relative_to_circular_transit,
429000467,3,5.220005044049825,1817.7079551510267,0.29575,0.004752162394763065,1.2721722821738868,1.5029111524987797,54.08453779219158,32.423390877278976,27,outside_nominal_optimistic_hz;long_relative_to_circular_transit,
429000467,4,5.219781662267969,1818.7999551510268,0.29575,0.004785842163722842,1.2766724251506418,1.5029969096913147,56.976972818855174,38.31586251677475,27,outside_nominal_optimistic_hz;long_relative_to_circular_transit,
429759333,1,15.261583375805346,1721.9959855568684,0.29575,0.002744932392546173,0.9096546381250431,0.43036999047245383,7.229602450905021,0.40657960805705456,2,long_relative_to_circular_transit;not_recovered_in_final_holdout;inconsistent_holdout_depth_signs,
429759333,2,6.285848298606203,1717.1136605568686,0.0441,0.004035343732527386,1.1029376932016357,1.4043959806603465,5.865670897101944,-0.022227953014566853,4,low_nominal_training_snr;not_recovered_in_final_holdout;inconsistent_holdout_depth_signs,
429759333,3,10.157050253404284,1717.483902223535,0.031849999999999996,0.005807987739309617,1.3231941054847784,0.7406584303595292,5.744768572539388,0.02831230209994129,2,low_nominal_training_snr;not_recovered_in_final_holdout;inconsistent_holdout_depth_signs,
429759333,4,7.13885045661743,1717.4027605568685,0.03822,0.003626396747894526,1.045558580292412,1.1852329757634268,5.162903867333943,0.010664287273241134,3,low_nominal_training_snr;not_recovered_in_final_holdout,
431383040,1,32.66427614499667,1328.9034752151128,0.238875,0.0011269986181523188,0.8358149337408713,0.2777250451945329,7.922538932472402,1.4244149738191443,3,odd_even_discrepancy;long_relative_to_circular_transit;not_recovered_in_final_holdout;inconsistent_holdout_depth_signs,
431383040,2,38.76863119264748,1342.469527715113,0.17198999999999998,0.0020992778639492694,1.1407314045855024,0.22100654770219763,8.008945973326378,1.0419490622239924,3,fewer_than_three_discovery_events;dominated_by_one_discovery_event;odd_even_discrepancy;long_relative_to_circular_transit;not_recovered_in_final_holdout,
431383040,3,38.29925592836384,1342.729787715113,0.29575,0.0013260528367043194,0.9066274190012666,0.2246252888294138,7.8691073941233,1.9452538769764194,3,fewer_than_three_discovery_events;dominated_by_one_discovery_event;long_relative_to_circular_transit;not_recovered_in_final_holdout,
431383040,4,18.33798098146271,1337.901555215113,0.11245500000000001,0.0010993732638023643,0.8255074941343175,0.5996673544935021,7.138972492385193,-0.4851283713087663,5,not_recovered_in_final_holdout;inconsistent_holdout_depth_signs,
434261118,1,8.471412290018112,1441.491416579452,0.238875,0.011422306892706185,1.2487464819733771,0.3833672547829818,10.263768625661887,2.022033072945827,2,long_relative_to_circular_transit;not_recovered_in_final_holdout,
434261118,2,8.651294648814906,1442.131829079452,0.22931999999999997,0.011818545560509196,1.2702212745295411,0.37277602099495744,10.132310022429865,2.317067483875752,2,long_relative_to_circular_transit;not_recovered_in_final_holdout,
434261118,3,3.4830026159153618,1438.986869079452,0.22931999999999997,0.008231817301884266,1.0600960760875497,1.2539619898796415,10.028548743101265,-0.8357596553116772,7,long_relative_to_circular_transit;not_recovered_in_final_holdout;inconsistent_holdout_depth_signs,
434261118,4,3.3815523255152384,1441.042104079452,0.29575,0.007126124614432556,0.9863341538913467,1.3043714683125172,9.25916989182179,3.651710676041977,8,long_relative_to_circular_transit;not_recovered_in_final_holdout,
436230630,1,6.6779452155419365,1688.837209887519,0.22931999999999997,0.006448600332028169,1.2188804706264287,0.9704902528795002,9.311750539302245,1.6063642846529165,4,long_relative_to_circular_transit;not_recovered_in_final_holdout;inconsistent_holdout_depth_signs,
436230630,2,16.924118556688722,1687.764319887519,0.29575,0.014757597669110323,1.8438951462098627,0.28087100081074406,11.604608362901436,1.4161256599907135,1,fewer_than_three_discovery_events;long_relative_to_circular_transit;insufficient_holdout_events,
436230630,3,7.286208855442125,1690.596694887519,0.29575,0.006545778052319052,1.2280301395282374,0.8639981764390429,9.71443360371414,0.19074266729546,4,long_relative_to_circular_transit;not_recovered_in_final_holdout;inconsistent_holdout_depth_signs,
436230630,4,6.913368509270201,1687.5670337662398,0.16562,0.007743014443388863,1.3356215654040504,0.926677683404245,7.270474020062004,-2.199251529162232,3,long_relative_to_circular_transit;not_recovered_in_final_holdout;inconsistent_holdout_depth_signs,
436631912,1,13.763928319429029,1438.379865946709,0.29575,0.005919159833412447,1.0333530670889353,0.26614607444245886,10.910513331575215,-0.20693836075764843,2,fewer_than_three_discovery_events;dominated_by_one_discovery_event;long_relative_to_circular_transit;not_recovered_in_final_holdout;inconsistent_holdout_depth_signs,
436631912,2,10.345584289590363,1442.4694022874278,0.17198999999999998,0.002295337650875419,0.6434902774324153,0.3894364251250665,5.107089600931993,0.29609592710931676,3,dominated_by_one_discovery_event;long_relative_to_circular_transit;low_nominal_training_snr;not_recovered_in_final_holdout,
440955956,1,4.634436455545638,1604.7542671645742,0.124215,0.007728017331206055,1.4303222675139464,1.5328614124704527,19.27348848192546,10.266810196224531,3,outside_nominal_optimistic_hz;long_relative_to_circular_transit,
440955956,2,4.619781467222999,1604.4407721645741,0.124215,0.008165797054220313,1.4702769450339885,1.5393482805167888,19.52335193452139,-9.931807473353292,5,outside_nominal_optimistic_hz;long_relative_to_circular_transit;not_recovered_in_final_holdout;inconsistent_holdout_depth_signs,
440955956,3,4.278838456742274,1603.7191421645741,0.124215,0.007666834787714955,1.424649101629164,1.7050257675068246,18.84948144599939,-1.7636921241149324,5,outside_nominal_optimistic_hz;long_relative_to_circular_transit;not_recovered_in_final_holdout;inconsistent_holdout_depth_signs,
440955956,4,4.2768857537946925,1604.0562971645743,0.124215,0.007331857987854493,1.3931788680725072,1.7060638007425106,17.543252964577384,-12.153761172261419,5,outside_nominal_optimistic_hz;long_relative_to_circular_transit;not_recovered_in_final_holdout;inconsistent_holdout_depth_signs,
441067400,1,13.242125540658645,1544.3417087815149,0.29575,0.0037837897574937796,1.1418945699867338,0.6163197923746373,10.692983188111075,0.32993429216103864,4,fewer_than_three_discovery_events;dominated_by_one_discovery_event;long_relative_to_circular_transit;not_recovered_in_final_holdout,
441067400,2,18.96033280007745,1561.400477817652,0.11465999999999998,0.0033936920884640727,1.081430781764741,0.38190479214854534,5.37690799100737,-1.5787210637511586,3,fewer_than_three_discovery_events;long_relative_to_circular_transit;low_nominal_training_snr;not_recovered_in_final_holdout;inconsistent_holdout_depth_signs,
441067400,3,10.880582867508958,1546.5288028176521,0.07643999999999998,0.0025081316003842673,0.9296889500639085,0.8008419873558338,5.879777683335732,-0.49209791830582866,6,low_nominal_training_snr;not_recovered_in_final_holdout;inconsistent_holdout_depth_signs,
441067400,4,18.305341147259423,1562.2629361509855,0.024499999999999997,0.005272428620875896,1.347931627470622,0.4002327410720456,5.367383869499959,-1.3191172716831532,3,low_nominal_training_snr;not_recovered_in_final_holdout;inconsistent_holdout_depth_signs,
441410570,1,12.383295956429903,1329.976445058603,0.08599499999999999,0.017530812048261266,2.1253572426537604,0.46815512530631637,13.533502893040177,-1.8345416463600215,1,fewer_than_three_discovery_events;dominated_by_one_discovery_event;odd_even_discrepancy;outside_initial_small_planet_radius_range;long_relative_to_circular_transit;insufficient_holdout_events,
441410570,2,12.830669669946303,1329.976445058603,0.08599499999999999,0.026944618580636254,2.6349170192110902,0.44651805088812185,14.337671809098692,0.0,0,fewer_than_three_discovery_events;dominated_by_one_discovery_event;odd_even_discrepancy;outside_initial_small_planet_radius_range;insufficient_holdout_events,
441410570,3,12.555723370425566,1330.046060058603,0.08599499999999999,0.010157304782069575,1.6177826168859863,0.45960259007259935,9.958301738440897,-0.7489781428357465,1,fewer_than_three_discovery_events;dominated_by_one_discovery_event;odd_even_discrepancy;long_relative_to_circular_transit;insufficient_holdout_events,
441410570,4,12.636835316072068,1327.530137558603,0.29575,0.0036101173818843483,0.964476352926416,0.45567340773557996,7.976181678525391,0.7374758825752008,2,dominated_by_one_discovery_event;long_relative_to_circular_transit;not_recovered_in_final_holdout;inconsistent_holdout_depth_signs,
441466487,1,5.197622814207986,1354.3065313007496,0.12284999999999999,0.0024485449163310032,0.6159883189690694,0.8245969852891771,5.680328541898942,-0.997548425852324,8,long_relative_to_circular_transit;low_nominal_training_snr;not_recovered_in_final_holdout;inconsistent_holdout_depth_signs,
441466487,2,10.080756915211511,1356.201923496988,0.061424999999999993,0.0051338869702256245,0.8919522195074154,0.3409237311910078,5.884691582586273,-1.3488855223096963,4,long_relative_to_circular_transit;low_nominal_training_snr;not_recovered_in_final_holdout;inconsistent_holdout_depth_signs,
441466487,3,5.1684495959140335,1354.8669534969881,0.061424999999999993,0.0033169880051548335,0.7169525101632956,0.8308087127680499,5.4719819390537,0.4499056278734894,7,long_relative_to_circular_transit;low_nominal_training_snr;not_recovered_in_final_holdout,
441507745,1,9.496325290756653,1412.8243227743937,0.16562,0.026001773107595896,2.324282975201659,0.5593158265453707,19.810018622290883,-0.8913769303135555,1,fewer_than_three_discovery_events;outside_initial_small_planet_radius_range;long_relative_to_circular_transit;insufficient_holdout_events,
441507745,2,10.232461333684174,1413.1555627743937,0.16562,0.023956935116954486,2.231018375475161,0.5063192068934319,15.692805943190288,3.3208120315502025,1,fewer_than_three_discovery_events;outside_initial_small_planet_radius_range;long_relative_to_circular_transit;insufficient_holdout_events,
441507745,3,4.2544402136931065,1412.8982602743938,0.124215,0.01290229558136997,1.6372726700365183,1.6315785431593397,11.841649736585358,1.10161037304622,2,odd_even_discrepancy;outside_nominal_optimistic_hz;long_relative_to_circular_transit;not_recovered_in_final_holdout;inconsistent_holdout_depth_signs,
441507745,4,5.258534189717464,1414.7817327743937,0.22931999999999997,0.011283564475801613,1.5311251013690246,1.2300184224371589,12.781835419063516,-8.342567978992964,2,long_relative_to_circular_transit;not_recovered_in_final_holdout;inconsistent_holdout_depth_signs,
441605415,1,14.123661302145415,1847.897642383882,0.22931999999999997,0.0008177792408996833,0.8649906196151453,1.400733757707849,6.303628230226915,-1.448657714789872,7,fewer_than_three_discovery_events;long_relative_to_circular_transit;low_nominal_training_snr;not_recovered_in_final_holdout;inconsistent_holdout_depth_signs,
441605415,2,12.474103905573875,1842.751592383882,0.07643999999999998,0.0009195379979092348,0.9172298861756379,1.652999965792672,5.367807739476739,-0.42000134154676083,8,fewer_than_three_discovery_events;dominated_by_one_discovery_event;outside_nominal_optimistic_hz;low_nominal_training_snr;not_recovered_in_final_holdout;inconsistent_holdout_depth_signs,
441606549,1,12.531601426657268,1848.439334306509,0.29575,0.004657696863102219,1.3861561046686754,0.6976462804876024,13.425700380707132,-0.7922904683287276,8,fewer_than_three_discovery_events;long_relative_to_circular_transit;not_recovered_in_final_holdout;inconsistent_holdout_depth_signs,
441606549,2,8.971026878168843,1847.781176806509,0.061424999999999993,0.004560920233774447,1.3716798864645745,1.0894011698145665,9.195727542769031,5.649534604727872,11,,
441606549,3,8.304067333081484,1846.866854306509,0.05095999999999999,0.0045508574006980496,1.3701658709948101,1.2075994275759245,7.750011196483564,-2.327038398663091,10,not_recovered_in_final_holdout;inconsistent_holdout_depth_signs,
441606549,4,10.466086154279354,1844.4403393065088,0.057329999999999985,0.004917910416745299,1.4243503896798602,0.8870163816104214,8.28719164149537,5.030069369310608,8,,
441628564,1,11.958369126204529,1842.8710836615949,0.238875,0.006407430788381016,1.5209144914222292,0.7198744754476142,10.94589690960213,1.1327227459058606,3,fewer_than_three_discovery_events;long_relative_to_circular_transit;not_recovered_in_final_holdout;inconsistent_holdout_depth_signs,
441628564,2,7.357422837685842,1846.585008423941,0.22931999999999997,0.00587304852061868,1.4561114953844867,1.3756831786069466,12.937828387590926,-3.416870972059545,10,long_relative_to_circular_transit;not_recovered_in_final_holdout;inconsistent_holdout_depth_signs,
441628564,3,6.159455943310502,1846.5276784239409,0.22931999999999997,0.0054846425419386785,1.4071390000100468,1.7435306139553466,10.776932327950112,1.61644663809425,11,outside_nominal_optimistic_hz;long_relative_to_circular_transit;not_recovered_in_final_holdout,
441628564,4,7.357278260042692,1843.5392734239408,0.22491000000000003,0.005383323100837626,1.3940811638916897,1.3757192234006972,11.888706397309921,-6.096278246032039,8,long_relative_to_circular_transit;not_recovered_in_final_holdout;inconsistent_holdout_depth_signs,
441662762,1,9.819088571583887,1720.0594901966879,0.16562,0.005841510036723956,1.544002075454202,1.036562032807921,7.668681817823432,5.573075430781489,2,long_relative_to_circular_transit,
441662762,2,9.373738013551112,1715.1791601966877,0.29575,0.0037688521475665346,1.240194686595758,1.1027399771500732,6.875427265694356,-10.134219684794802,3,long_relative_to_circular_transit;low_nominal_training_snr;not_recovered_in_final_holdout;inconsistent_holdout_depth_signs,
441662762,3,20.565756912477443,1728.6471601966878,0.29575,0.00747600764332075,1.7467074980189166,0.3868096231096288,6.332180700916089,0.0,0,fewer_than_three_discovery_events;dominated_by_one_discovery_event;long_relative_to_circular_transit;low_nominal_training_snr;insufficient_holdout_events,
441662762,4,10.702432104861053,1721.3193851966878,0.16562,0.005028293184632386,1.4325032377895457,0.9240884858675882,5.784261404419508,-2.7934776624445203,2,long_relative_to_circular_transit;low_nominal_training_snr;not_recovered_in_final_holdout;inconsistent_holdout_depth_signs,
441664609,1,6.600997791046988,1714.2577816260284,0.29575,0.013754235182662541,2.433242602629903,1.739340170461859,64.41633725459297,35.806606650406856,6,outside_initial_small_planet_radius_range;outside_nominal_optimistic_hz;long_relative_to_circular_transit,
441664609,2,6.601583124166271,1713.2909066260283,0.29575,0.013695386284283517,2.428031584334237,1.7391345473877056,64.66825485283361,35.80954645904812,7,outside_initial_small_planet_radius_range;outside_nominal_optimistic_hz;long_relative_to_circular_transit;inconsistent_holdout_depth_signs,
441664609,3,6.601892148758261,1712.3581566260284,0.29575,0.014629368770242365,2.509458295025978,1.7390260065554688,68.43551525275406,32.93156895514603,8,outside_initial_small_planet_radius_range;outside_nominal_optimistic_hz;long_relative_to_circular_transit,
441664609,4,6.601465313256845,1715.2132816260284,0.29575,0.01670507330203408,2.6815838509813115,1.739175930044905,71.02579449833382,41.98497253491392,6,outside_initial_small_planet_radius_range;outside_nominal_optimistic_hz;long_relative_to_circular_transit,
441686652,1,19.875063614143517,1724.125654191738,0.238875,0.001542062472474768,1.1063289522953725,0.7583433078252984,8.358960426004758,0.3422607179380202,1,fewer_than_three_discovery_events;dominated_by_one_discovery_event;long_relative_to_circular_transit;insufficient_holdout_events,
441686652,2,25.318516249252877,1712.6125616917382,0.16562,0.0013413802088951701,1.0318325903324936,0.5491524099081152,7.87362833966102,0.0,0,fewer_than_three_discovery_events;long_relative_to_circular_transit;insufficient_holdout_events,
441686652,3,12.886870076962511,1713.6322166917382,0.29575,0.0006341495295612795,0.7094619872167751,1.351286055154286,7.0586973445354495,0.4454785599813673,2,long_relative_to_circular_transit;not_recovered_in_final_holdout;inconsistent_holdout_depth_signs,
441686652,4,10.24238116518804,1719.046716691738,0.29575,0.0006073396095537219,0.6943030877592449,1.8354503874902146,6.61695610534478,-5.155822230615732,2,outside_nominal_optimistic_hz;long_relative_to_circular_transit;low_nominal_training_snr;not_recovered_in_final_holdout;inconsistent_holdout_depth_signs,
441721594,1,43.24621577328529,1683.6376415012971,0.238875,0.0008934620765035395,0.6984984115022669,0.21144855032325824,8.668594759137244,1.6776296279595397,3,fewer_than_three_discovery_events;dominated_by_one_discovery_event;outside_nominal_optimistic_hz;long_relative_to_circular_transit;not_recovered_in_final_holdout,
441721594,2,48.210651541397674,1694.9662829015297,0.08599499999999999,0.0007958240281572374,0.6592283637433853,0.18292716009605717,7.092112166262178,0.03179932869416534,3,outside_nominal_optimistic_hz;not_recovered_in_final_holdout;inconsistent_holdout_depth_signs,
441721594,3,29.16775678359527,1696.0776204015297,0.29575,0.00039397689887214185,0.4638341705102236,0.35749075895955157,7.131100949345674,-0.09829161801091826,4,outside_initial_small_planet_radius_range;long_relative_to_circular_transit;not_recovered_in_final_holdout,
441721594,4,12.976567318207557,1687.1027454015298,0.29575,0.00022914309102579317,0.35373720885716564,1.0525815688578597,7.328225381991038,-0.9537310134242623,8,outside_initial_small_planet_radius_range;long_relative_to_circular_transit;not_recovered_in_final_holdout;inconsistent_holdout_depth_signs,
441740483,1,7.716948537766872,1687.918836421031,0.29575,0.003082611466549892,1.1216173300646968,1.4659487977227703,32.25473384169314,20.12615829394777,17,odd_even_discrepancy;long_relative_to_circular_transit,
441740483,2,7.7167590779694875,1689.477211421031,0.29575,0.0032508575063061053,1.1518191187252322,1.4659967866942847,32.6937986929694,17.620267128172266,17,long_relative_to_circular_transit,
441740483,3,7.717676032805808,1690.990086421031,0.29575,0.0034523118608155504,1.1869715955596845,1.465764553360794,35.112914673396006,18.85258695002257,18,long_relative_to_circular_transit,
441740483,4,7.717226573888356,1686.410775504146,0.29575,0.003564171238189844,1.2060480110562612,1.4658783779043436,37.52633056717475,17.222565259979525,17,long_relative_to_circular_transit,
441803471,1,34.65353490638954,1708.7466017783272,0.29575,0.0005866591084805529,0.5078175728792943,0.20221426412454263,10.358950492284059,-0.16833494982824188,3,outside_nominal_optimistic_hz;long_relative_to_circular_transit;not_recovered_in_final_holdout;inconsistent_holdout_depth_signs,
441803471,2,20.784408579511354,1702.2514767783273,0.29575,0.0004358044326300978,0.4376839670057972,0.39978357646169893,7.496421530769174,2.729133508509362,6,outside_initial_small_planet_radius_range;long_relative_to_circular_transit;not_recovered_in_final_holdout,
441803471,3,26.305671168919545,1697.6559767783272,0.29575,0.000591292253962295,0.5098188762019883,0.29201780204693395,7.194648166287076,-0.8843401668658467,5,dominated_by_one_discovery_event;odd_even_discrepancy;long_relative_to_circular_transit;not_recovered_in_final_holdout,
441803471,4,7.026169962425952,1685.0012892783272,0.238875,0.00023894059165895982,0.32408563676054614,1.697658408717308,7.378977672227046,-1.2864204342024317,17,outside_initial_small_planet_radius_range;outside_nominal_optimistic_hz;long_relative_to_circular_transit;not_recovered_in_final_holdout;inconsistent_holdout_depth_signs,
441811392,1,47.62650057060602,1751.8981480869372,0.29575,0.0011634293898111746,0.8268687473005897,0.179409037316432,7.117000087672265,0.9523743289765956,3,dominated_by_one_discovery_event;outside_nominal_optimistic_hz;long_relative_to_circular_transit;not_recovered_in_final_holdout,
441811392,2,36.59141986925993,1711.848138086937,0.22931999999999997,0.0012451214775947867,0.8554062605906393,0.25495891148641,6.566437385220125,-0.987705026582561,4,dominated_by_one_discovery_event;long_relative_to_circular_transit;low_nominal_training_snr;not_recovered_in_final_holdout;inconsistent_holdout_depth_signs,
441811392,3,20.190459879743994,1722.8411655869372,0.061424999999999993,0.001769748389539722,1.019817182884918,0.5633534143333987,6.633723263678226,2.2806496825079803,8,low_nominal_training_snr;not_recovered_in_final_holdout,
441811392,4,40.86534273664945,1720.3040855869372,0.238875,0.0010503916110063693,0.7856736437246723,0.22004036224485493,5.821093051242598,1.6449593164354828,2,long_relative_to_circular_transit;low_nominal_training_snr;not_recovered_in_final_holdout;inconsistent_holdout_depth_signs,
442897934,1,13.274937021754436,1438.4799411408542,0.29575,0.002338964220888103,1.198812421359086,0.7872140507208457,6.834274565718102,,0,fewer_than_three_discovery_events;dominated_by_one_discovery_event;long_relative_to_circular_transit;low_nominal_training_snr;insufficient_holdout_events,
442897934,2,14.417563051651358,1440.7635990972942,0.017499999999999998,0.005060282671632743,1.7633025425983542,0.7051480627598145,5.857272795228442,,0,low_nominal_training_snr;insufficient_holdout_events,
442897934,3,17.440506435701767,1448.5327124306275,0.049980000000000004,0.0037791527178591333,1.5238305149724656,0.5470881910173842,5.097830128074554,,0,fewer_than_three_discovery_events;dominated_by_one_discovery_event;low_nominal_training_snr;insufficient_holdout_events,
442897934,4,19.384991837419662,1441.2045990972942,0.024499999999999997,0.005257854021731314,1.7973957360613033,0.4751695836327681,4.758492658920351,,0,low_nominal_training_snr;insufficient_holdout_events,
444415612,1,13.593369463020354,1777.6824184702416,0.29575,0.009168667386519058,1.5370359716701165,0.5283666628620927,6.701231701182478,-0.46311446616510404,2,fewer_than_three_discovery_events;long_relative_to_circular_transit;low_nominal_training_snr;not_recovered_in_final_holdout;inconsistent_holdout_depth_signs,
444415612,2,17.19312348059829,1773.1021609702418,0.088725,0.011556517229232236,1.7256169899825287,0.38627671239010886,4.477621873505424,-0.8657271793521,2,fewer_than_three_discovery_events;dominated_by_one_discovery_event;low_nominal_training_snr;not_recovered_in_final_holdout;inconsistent_holdout_depth_signs,
444415612,3,6.550849194334338,1768.4061059702417,0.238875,0.004893668077702571,1.1229183454739378,1.3984322594352152,4.968666609000435,-0.1719942581021146,4,dominated_by_one_discovery_event;odd_even_discrepancy;long_relative_to_circular_transit;low_nominal_training_snr;not_recovered_in_final_holdout;inconsistent_holdout_depth_signs,
444830499,1,21.344171448536336,1801.368971557298,0.29575,0.009823708297013012,2.9763500719502107,0.8075574712415305,29.544745240150917,6.167803881338856,1,fewer_than_three_discovery_events;dominated_by_one_discovery_event;outside_initial_small_planet_radius_range;long_relative_to_circular_transit;insufficient_holdout_events,
444830499,2,17.627361215195442,1803.427846557298,0.29575,0.0032018175283965358,1.6992002782465998,1.0422280763874419,18.0820925542665,9.613602649992506,1,fewer_than_three_discovery_events;long_relative_to_circular_transit;insufficient_holdout_events,
444830499,3,12.12869575879878,1799.139471557298,0.29575,0.001721378778195329,1.2459037811444114,1.7157751394655278,15.374420953350446,0.651035718762653,2,dominated_by_one_discovery_event;odd_even_discrepancy;outside_nominal_optimistic_hz;long_relative_to_circular_transit;not_recovered_in_final_holdout;inconsistent_holdout_depth_signs,
444830499,4,12.536039412357477,1791.302096557298,0.29575,0.0020536676726786033,1.3608534699232926,1.64184457372725,16.52673835990725,-4.5659562617817615,2,odd_even_discrepancy;outside_nominal_optimistic_hz;long_relative_to_circular_transit;not_recovered_in_final_holdout;inconsistent_holdout_depth_signs,
445018193,1,6.931257580319905,1842.861751820176,0.124215,0.003546788323518367,0.7153587735479006,0.5433547482276215,5.978484652921969,-1.514854967906035,2,long_relative_to_circular_transit;low_nominal_training_snr;not_recovered_in_final_holdout;inconsistent_holdout_depth_signs,
445018193,2,2.896080297164766,1844.7145876535094,0.02275,0.00535279796066759,0.8788134572288888,1.7394771140342724,5.543711134404232,0.782805346864419,5,outside_nominal_optimistic_hz;low_nominal_training_snr;not_recovered_in_final_holdout,
445018193,3,2.968117719875343,1845.484529320176,0.024499999999999997,0.005518560406337812,0.8923170128293487,1.6834156317464721,5.231370422833696,0.27688262839809447,7,outside_nominal_optimistic_hz;low_nominal_training_snr;not_recovered_in_final_holdout;inconsistent_holdout_depth_signs,
445064836,1,3.454090269520035,1842.9229299630235,0.29575,0.00032849124916641735,0.2533293213901288,1.806506175012976,6.520062264211472,1.1436321294392122,6,outside_initial_small_planet_radius_range;outside_nominal_optimistic_hz;long_relative_to_circular_transit;low_nominal_training_snr;not_recovered_in_final_holdout,
445064836,2,3.8993077374586558,1843.808849709119,0.02275,0.0013977268633827544,0.5225582557965524,1.5368601371969621,6.193942986054172,-1.6129643024047298,4,outside_nominal_optimistic_hz;low_nominal_training_snr;not_recovered_in_final_holdout;inconsistent_holdout_depth_signs,
445064836,3,9.104044393711925,1848.5165830424523,0.29575,0.0005210282908429954,0.3190466655658123,0.49617918230551833,5.448027514355262,-1.7184974574436283,2,outside_initial_small_planet_radius_range;long_relative_to_circular_transit;low_nominal_training_snr;not_recovered_in_final_holdout;inconsistent_holdout_depth_signs,
445285461,1,17.517720329290675,1773.872218105793,0.03822,0.010981957473373542,2.1399078559450357,0.6445673427065991,9.167134304165998,0.0,0,fewer_than_three_discovery_events;dominated_by_one_discovery_event;odd_even_discrepancy;outside_initial_small_planet_radius_range;insufficient_holdout_events,
445285461,2,19.282967954510244,1764.9940306057931,0.238875,0.003232907755566765,1.1610524810423717,0.5671177539967859,7.366516537637546,0.49458127928923706,1,dominated_by_one_discovery_event;long_relative_to_circular_transit;insufficient_holdout_events,
445285461,3,22.771800476098868,1768.4686056934895,0.29575,0.0023640819452677288,0.9928564406779458,0.4543340186199308,5.534561087904593,0.4501205084061404,1,dominated_by_one_discovery_event;odd_even_discrepancy;long_relative_to_circular_transit;low_nominal_training_snr;insufficient_holdout_events,
445285461,4,9.677678457615821,1770.0636081934897,0.11245500000000001,0.0028053784739579227,1.0815607653500918,1.4219254630354936,5.275093942781191,-0.10955245204523839,1,long_relative_to_circular_transit;low_nominal_training_snr;insufficient_holdout_events,
445367562,1,14.385454012725251,1772.706240190737,0.238875,0.010641631874811553,1.8474026041441942,0.46414202975879326,6.793943172046501,,0,fewer_than_three_discovery_events;long_relative_to_circular_transit;low_nominal_training_snr;insufficient_holdout_events,
445367562,2,18.402897096253948,1777.275577690737,0.16562,0.0067279233785011525,1.4689193581746767,0.3342212539343759,5.15306875479221,,0,fewer_than_three_discovery_events;dominated_by_one_discovery_event;long_relative_to_circular_transit;low_nominal_training_snr;insufficient_holdout_events,
445367562,3,16.618475083094623,1770.5308443574038,0.017499999999999998,0.018226184372320608,2.4177161716187854,0.38290770090467596,4.926958420162451,,0,fewer_than_three_discovery_events;outside_initial_small_planet_radius_range;low_nominal_training_snr;insufficient_holdout_events,
445835414,1,16.07100296565989,1692.5140168130947,0.29575,0.0007311316957145938,0.755877397141756,1.1387239352389937,6.2814683116684185,-0.8581435235577394,3,dominated_by_one_discovery_event;long_relative_to_circular_transit;low_nominal_training_snr;not_recovered_in_final_holdout,
445835414,2,21.366498879171523,1702.5126418130947,0.06824999999999999,0.0011129532076182128,0.9325926875220116,0.77892911711453,5.2129475306612685,-1.5304355616647274,3,dominated_by_one_discovery_event;low_nominal_training_snr;not_recovered_in_final_holdout;inconsistent_holdout_depth_signs,
445863003,1,4.212701480242233,1714.0468793889102,0.22491000000000003,0.0025894022188793055,0.7168083504196957,1.6906573924052968,15.047350570526019,10.316272689935376,13,outside_nominal_optimistic_hz;long_relative_to_circular_transit,
445863003,2,4.225210835358859,1711.60216438891,0.22931999999999997,0.00276829959660832,0.7411563652253613,1.6839867695339081,14.928111197296609,0.21526586454192473,13,outside_nominal_optimistic_hz;long_relative_to_circular_transit;not_recovered_in_final_holdout;inconsistent_holdout_depth_signs,
445863003,3,4.226946869105998,1712.7759440494451,0.238875,0.0025229870561862943,0.707555985657623,1.683064667342062,14.294016807298902,0.352620623000326,13,outside_nominal_optimistic_hz;long_relative_to_circular_transit;not_recovered_in_final_holdout;inconsistent_holdout_depth_signs,
445863003,4,4.226638180253688,1714.5888915494452,0.22931999999999997,0.0025215313431565176,0.7073518333850035,1.6832285642272715,13.96744778267616,5.191487660718655,12,outside_nominal_optimistic_hz;long_relative_to_circular_transit,
445863676,1,10.431712724861978,1930.6015300063584,0.29575,0.0029826439168256034,0.8289514434292645,0.5048241018502377,5.070020847124965,0.0,0,fewer_than_three_discovery_events;dominated_by_one_discovery_event;long_relative_to_circular_transit;low_nominal_training_snr;insufficient_holdout_events,
446157830,1,6.363012116371644,1818.3678828658801,0.124215,0.008421634791637937,1.783740988750335,1.711657059518482,23.53573331440942,12.445248569107981,21,outside_nominal_optimistic_hz;long_relative_to_circular_transit,
446157830,2,6.641782288666988,1818.97712786588,0.124215,0.007380323754109354,1.669826299480973,1.6165441673233865,21.566722867849283,12.855731913274116,22,outside_nominal_optimistic_hz;long_relative_to_circular_transit,
446157830,3,6.352794475260189,1817.5456978658801,0.124215,0.007419403913219322,1.6742414796665142,1.7153286792209532,22.175971144382093,16.46923665109595,22,outside_nominal_optimistic_hz;long_relative_to_circular_transit,
446157830,4,6.361819525149297,1818.66477036588,0.12739999999999999,0.00944349016950741,1.8888603767296883,1.7120848974877099,22.1574164676394,-7.733813731621098,21,outside_nominal_optimistic_hz;long_relative_to_circular_transit;not_recovered_in_final_holdout;inconsistent_holdout_depth_signs,
44646061,1,5.947567677451676,1413.9825925299226,0.16562,0.009117059652937015,1.8142211861399828,1.852646856514989,27.819739863499223,8.914975620272436,2,outside_nominal_optimistic_hz;long_relative_to_circular_transit,
44646061,2,5.951656104308092,1411.4812300299227,0.16243500000000002,0.008841383072237698,1.7865819415979838,1.8509501760829774,27.694557314920093,9.205083670487545,2,outside_nominal_optimistic_hz;long_relative_to_circular_transit,
44646061,3,5.947528071168585,1411.016224458754,0.16562,0.008984744767513557,1.8010082751400105,1.8526633062705689,27.79629792040124,9.885242724382186,2,outside_nominal_optimistic_hz;long_relative_to_circular_transit,
44646061,4,5.9475818981490995,1414.9672832009985,0.17198999999999998,0.008745784664213028,1.7768968853003342,1.8526409502670762,27.14392477324228,8.939699160497277,1,odd_even_discrepancy;outside_nominal_optimistic_hz;long_relative_to_circular_transit;insufficient_holdout_events,
44647136,1,14.178124015964732,1421.4782751461137,0.29575,0.0029871538469045116,0.8594188502620789,0.40090892540664097,6.20621580280481,0.0,0,dominated_by_one_discovery_event;long_relative_to_circular_transit;low_nominal_training_snr;insufficient_holdout_events,
44647136,2,5.204484988732946,1415.4285251461138,0.024499999999999997,0.005659955064996995,1.1829940805230237,1.5253414513958434,5.83422577478818,0.7044550581377214,2,outside_nominal_optimistic_hz;low_nominal_training_snr;not_recovered_in_final_holdout;inconsistent_holdout_depth_signs,
44647136,3,9.734265755643015,1417.0033501461137,0.031849999999999996,0.007039938190783816,1.3193514628461245,0.6619113392465368,5.4485286529033585,-1.012655011716512,1,low_nominal_training_snr;insufficient_holdout_events,
44647136,4,15.663078833706459,1420.3934501461138,0.05354999999999999,0.0071673359032616716,1.3312357106165542,0.35104913538150173,4.995577608831872,0.0,0,fewer_than_three_discovery_events;dominated_by_one_discovery_event;low_nominal_training_snr;insufficient_holdout_events,
44739264,1,16.4261658385779,1421.9446041297726,0.29575,0.0032826217097989083,0.8195874547406994,0.24540624974471179,6.535150624622308,0.8588344985277634,1,dominated_by_one_discovery_event;long_relative_to_circular_transit;low_nominal_training_snr;insufficient_holdout_events,
44739264,2,15.182615203133206,1416.5426457964395,0.024499999999999997,0.007908354430639626,1.2721196055699835,0.2725660597505446,5.383906818424278,-1.780945532322733,1,low_nominal_training_snr;insufficient_holdout_events,
44795539,1,9.364955743507519,1415.4561904528914,0.17198999999999998,0.00749437539427938,2.2215145990481573,1.6229861846020592,42.312317658437465,17.073097040597347,1,odd_even_discrepancy;outside_initial_small_planet_radius_range;outside_nominal_optimistic_hz;long_relative_to_circular_transit;insufficient_holdout_events,
44795539,2,8.89070277744864,1416.3734704528915,0.17198999999999998,0.00798527022126506,2.2931172358904264,1.7394328719925052,42.812467663513424,17.915341318625376,1,outside_initial_small_planet_radius_range;outside_nominal_optimistic_hz;long_relative_to_circular_transit;insufficient_holdout_events,
44795539,3,8.89069285993741,1415.8902604528914,0.17198999999999998,0.007574476037321392,2.233354931951619,1.7394354590946985,37.03722025775136,19.569944543799437,1,outside_initial_small_planet_radius_range;outside_nominal_optimistic_hz;long_relative_to_circular_transit;insufficient_holdout_events,
44795539,4,8.878218146891843,1412.4750304528916,0.22491000000000003,0.006413081196994289,2.055014163006116,1.7426949777314324,37.516632114739885,17.23241709113935,1,odd_even_discrepancy;outside_initial_small_planet_radius_range;outside_nominal_optimistic_hz;long_relative_to_circular_transit;insufficient_holdout_events,
44799420,1,14.395916581730056,1421.8894485831418,0.22931999999999997,0.0021669528004469403,1.0827243827422965,0.861332649723044,7.661572466026779,0.0,0,fewer_than_three_discovery_events;long_relative_to_circular_transit;insufficient_holdout_events,
44799420,2,25.011694743686252,1424.8223785831417,0.29575,0.0012303428984183663,0.8158424045342741,0.4123815046807732,6.887482553010682,0.0,0,fewer_than_three_discovery_events;dominated_by_one_discovery_event;long_relative_to_circular_transit;low_nominal_training_snr;insufficient_holdout_events,
44799420,3,25.184604850937287,1413.3677535831416,0.29575,0.0013381970703029524,0.8508504415657421,0.40861077714529415,6.235643894463138,-0.14273325988637448,1,fewer_than_three_discovery_events;long_relative_to_circular_transit;low_nominal_training_snr;insufficient_holdout_events,
44799420,4,10.486560279010865,1414.1376135831417,0.057329999999999985,0.0016580092983036663,0.9470800144453159,1.3141529925437416,5.590214064411453,-1.1394739911682885,1,low_nominal_training_snr;insufficient_holdout_events,
448416124,1,4.490013602639187,1548.9103994273773,0.0882,0.006439085074873056,1.1040689961982113,1.2719611080734563,11.115581883018269,7.664478965810252,4,long_relative_to_circular_transit,Rejected as a planet signal on TIC 448416124: the repeated dimming localizes away from the target.
448416124,2,4.503720550286422,1546.657125070785,0.124215,0.005264159528223148,0.9982714571987823,1.2668021572425507,9.845540767053025,7.0277279756130655,4,long_relative_to_circular_transit,Rejected as a planet signal on TIC 448416124: the repeated dimming localizes away from the target.
448416124,3,6.325090467840289,1548.5189325707852,0.017499999999999998,0.00729014577004135,1.174768354274077,0.8054681754468666,4.9429549454279265,0.0,0,low_nominal_training_snr;insufficient_holdout_events,Rejected as a planet signal on TIC 448416124: the repeated dimming localizes away from the target.
448939026,1,8.915824831147726,1440.2103354306057,0.08599499999999999,0.004850455351378761,1.0266882976196126,0.6310910616911847,5.2345206749603355,-1.1241056603190842,2,long_relative_to_circular_transit;low_nominal_training_snr;not_recovered_in_final_holdout;inconsistent_holdout_depth_signs,
449046160,1,14.065883076059091,1609.7467350582488,0.29575,0.0015363006680395367,0.5350097670163542,0.3004265187460624,8.948706914639505,-0.36322317518275016,8,dominated_by_one_discovery_event;odd_even_discrepancy;long_relative_to_circular_transit;not_recovered_in_final_holdout;inconsistent_holdout_depth_signs,
449046160,2,19.26396257021544,1601.7159850582489,0.29575,0.0011068776120093746,0.45412289989312454,0.1975301688547695,8.379538693794556,0.9002089968425442,3,outside_initial_small_planet_radius_range;outside_nominal_optimistic_hz;long_relative_to_circular_transit;not_recovered_in_final_holdout,
449046160,3,16.939068977575754,1616.1799453438368,0.29575,0.0012354343877318754,0.4797703927101351,0.23448130399287384,7.664124809859963,0.008983059037694705,6,dominated_by_one_discovery_event;outside_initial_small_planet_radius_range;long_relative_to_circular_transit;not_recovered_in_final_holdout;inconsistent_holdout_depth_signs,
449046160,4,5.167082833767159,1602.6514303438369,0.22931999999999997,0.0006118529288072383,0.33763473736305544,1.1419148065745128,6.843451024393588,-0.01629383226327307,21,outside_initial_small_planet_radius_range;long_relative_to_circular_transit;low_nominal_training_snr;not_recovered_in_final_holdout;inconsistent_holdout_depth_signs,
449798870,1,13.351372241583748,1613.177340134564,0.17198999999999998,0.004962897814045079,1.2846881716107397,0.5725709119587311,7.161475853513821,0.540555628705111,4,long_relative_to_circular_transit;not_recovered_in_final_holdout;inconsistent_holdout_depth_signs,
449798870,2,18.253367832240176,1609.6696051345639,0.24499999999999997,0.0032106416785276514,1.0332989271686306,0.3773460539318696,6.207995450253893,-0.2630981636060516,4,long_relative_to_circular_transit;low_nominal_training_snr;not_recovered_in_final_holdout;inconsistent_holdout_depth_signs,
449798870,3,23.3603081579354,1624.811235134564,0.22931999999999997,0.003679563014950695,1.1061860602968043,0.27157663125495674,6.12471496076151,1.2222007680143605,4,long_relative_to_circular_transit;low_nominal_training_snr;not_recovered_in_final_holdout,
449798870,4,14.923046291393986,1604.7635978083717,0.088725,0.0038219511423896483,1.1273859662635322,0.4936136626237488,5.305770446524509,-1.5206486525827845,5,dominated_by_one_discovery_event;low_nominal_training_snr;not_recovered_in_final_holdout;inconsistent_holdout_depth_signs,
450348875,1,3.5614813421725344,1932.2441711591655,0.08032500000000001,0.014887276801484054,1.6521250060742818,1.7468061020361036,18.803764436237916,7.372010112245365,2,outside_nominal_optimistic_hz;long_relative_to_circular_transit,
450348875,2,3.561465162195462,1933.5196061591655,0.088725,0.014544669452850188,1.6330038205754442,1.746816683188446,18.158288007720333,7.826710220653255,2,outside_nominal_optimistic_hz;long_relative_to_circular_transit,
450348875,3,3.810509934689349,1932.7689611591654,0.11245500000000001,0.012471751467950286,1.5121643558938231,1.5962765511826211,17.631315178242936,6.3134663388899295,2,outside_nominal_optimistic_hz;long_relative_to_circular_transit,
450348875,4,3.817161348792354,1934.2710386591655,0.11465999999999998,0.012808195091307541,1.5324250405382465,1.5925689403177845,16.49900839925436,6.1523012129395305,2,outside_nominal_optimistic_hz;long_relative_to_circular_transit,
4510637,1,14.107834665189689,1518.213848659949,0.29575,0.027790913397311528,4.168698447284349,0.8724328643512906,49.51484917478443,-3.2777468673507015,4,fewer_than_three_discovery_events;dominated_by_one_discovery_event;outside_initial_small_planet_radius_range;long_relative_to_circular_transit;not_recovered_in_final_holdout;inconsistent_holdout_depth_signs,
4510637,2,14.381265615903862,1532.9460652519988,0.03822,0.06897463751658417,6.567404761647556,0.8503864966262932,32.61512064129303,0.09664770467076869,3,fewer_than_three_discovery_events;dominated_by_one_discovery_event;outside_initial_small_planet_radius_range;not_recovered_in_final_holdout;inconsistent_holdout_depth_signs,
4510637,3,13.283075026490446,1530.2744544262468,0.124215,0.017803681706859954,3.3365987349504844,0.9453972425605237,31.88346425164081,-7.188947001174593,2,odd_even_discrepancy;outside_initial_small_planet_radius_range;long_relative_to_circular_transit;not_recovered_in_final_holdout;inconsistent_holdout_depth_signs,
4510637,4,16.342649405337053,1527.6049694262467,0.116025,0.015204980455702986,3.083486158294337,0.7171046634862084,24.73227300947311,9.875259014851112,2,outside_initial_small_planet_radius_range,
451530352,1,24.06619188089863,1643.4191588028818,0.29575,0.000786787563421311,0.710608365626561,0.4874793894004424,7.992135049710141,-1.1524820768639916,2,fewer_than_three_discovery_events;dominated_by_one_discovery_event;long_relative_to_circular_transit;not_recovered_in_final_holdout;inconsistent_holdout_depth_signs,
451530352,2,25.608275440922604,1632.010033802882,0.29575,0.0007021333489999286,0.6712918479036976,0.4487374496118689,5.957520164660662,0.7584380780146295,3,fewer_than_three_discovery_events;dominated_by_one_discovery_event;long_relative_to_circular_transit;low_nominal_training_snr;not_recovered_in_final_holdout,
451530352,3,13.12775529430311,1631.277483802882,0.031849999999999996,0.0013348960678806444,0.9256041636794712,1.0937350459935633,5.188753135070792,0.5570625806667721,6,low_nominal_training_snr;not_recovered_in_final_holdout,
451530352,4,9.236017190880101,1631.2939921362151,0.017499999999999998,0.001696657166121055,1.043514818178159,1.7479128764819838,5.131857726362091,-1.2431252804225668,3,outside_nominal_optimistic_hz;low_nominal_training_snr;not_recovered_in_final_holdout;inconsistent_holdout_depth_signs,
452465896,1,27.58910043191514,1579.098122042621,0.22491000000000003,0.0005627995964625638,0.5751001103097335,0.32652328559898636,11.432561120199285,1.1139666285150045,5,fewer_than_three_discovery_events;dominated_by_one_discovery_event;long_relative_to_circular_transit;not_recovered_in_final_holdout;inconsistent_holdout_depth_signs,
452465896,2,24.798328212174106,1585.2078095426211,0.238875,0.00046388289109470826,0.5221204934776411,0.3764156513936549,9.173624238680349,0.5244323096061706,4,long_relative_to_circular_transit;not_recovered_in_final_holdout;inconsistent_holdout_depth_signs,
452465896,3,14.366826912227925,1574.741672042621,0.12284999999999999,0.00038826466416658895,0.47767278220983805,0.7793808525089665,6.992166637333867,0.9336224761434858,7,dominated_by_one_discovery_event;outside_initial_small_planet_radius_range;long_relative_to_circular_transit;low_nominal_training_snr;not_recovered_in_final_holdout,
452465896,4,29.460431610755617,1595.488307042621,0.07643999999999998,0.0006883012959964734,0.6359981551108157,0.29916588730109617,6.176150892547418,0.7186617236046486,1,fewer_than_three_discovery_events;dominated_by_one_discovery_event;low_nominal_training_snr;insufficient_holdout_events,
452882423,1,15.194032617577017,1772.6435333003726,0.29575,0.0018351219379355913,0.5005296730162785,0.18582757756831478,9.673572948179721,0.07928801618615237,2,fewer_than_three_discovery_events;outside_nominal_optimistic_hz;long_relative_to_circular_transit;not_recovered_in_final_holdout;inconsistent_holdout_depth_signs,
452882423,2,9.360541085808837,1767.7579708003725,0.238875,0.0007843114978465498,0.32722136827781473,0.3544918864403488,6.4519321090106745,0.5207757432026598,7,outside_initial_small_planet_radius_range;long_relative_to_circular_transit;low_nominal_training_snr;not_recovered_in_final_holdout,
452882423,3,6.205785275958064,1768.6964083003725,0.29575,0.000645474037363339,0.2968497959289162,0.613213788705229,7.03164744506774,0.888371644167279,14,outside_initial_small_planet_radius_range;long_relative_to_circular_transit;not_recovered_in_final_holdout;inconsistent_holdout_depth_signs,
452882423,4,8.789883103139566,1766.3959283003726,0.17198999999999998,0.0008413684417570123,0.3389147533865725,0.38550508010085494,5.384105061010297,-1.290325851728617,8,outside_initial_small_planet_radius_range;long_relative_to_circular_transit;low_nominal_training_snr;not_recovered_in_final_holdout;inconsistent_holdout_depth_signs,
454281036,1,24.9525461043978,1585.0235839829927,0.29575,0.006945573632193233,2.4025452417845847,0.5420641527907447,24.576678570489783,-1.1678859718680679,3,fewer_than_three_discovery_events;dominated_by_one_discovery_event;outside_initial_small_planet_radius_range;long_relative_to_circular_transit;not_recovered_in_final_holdout;inconsistent_holdout_depth_signs,
454281036,2,36.16787542521964,1595.4908589829927,0.17198999999999998,0.007922012955016393,2.5658737796849445,0.3304505755629216,21.244298423174186,-3.662798007412294,3,fewer_than_three_discovery_events;dominated_by_one_discovery_event;odd_even_discrepancy;outside_initial_small_planet_radius_range;not_recovered_in_final_holdout;inconsistent_holdout_depth_signs,
454281036,3,25.9677886988465,1579.4384589829926,0.29575,0.003068337070293121,1.5968681107051887,0.5139930168800896,11.032171266653277,2.005350421415931,3,long_relative_to_circular_transit;not_recovered_in_final_holdout;inconsistent_holdout_depth_signs,
454281036,4,22.511201973988396,1592.5345839829927,0.1764,0.0033257660264524366,1.6625065342823748,0.6218308498022165,9.106662808577115,1.4813895314914731,4,fewer_than_three_discovery_events;long_relative_to_circular_transit;not_recovered_in_final_holdout;inconsistent_holdout_depth_signs,
454682563,1,13.596202731991948,1601.5681138402833,0.22931999999999997,0.0005949142248486152,0.3249380688857319,0.28215047452431086,6.249023174323758,-0.5937601955470024,2,fewer_than_three_discovery_events;dominated_by_one_discovery_event;outside_initial_small_planet_radius_range;long_relative_to_circular_transit;low_nominal_training_snr;not_recovered_in_final_holdout;inconsistent_holdout_depth_signs,
454682563,2,14.741278166131911,1609.4433624279905,0.29575,0.0008996880654236687,0.39959440449679756,0.2533129769477638,6.517345987554275,-0.9461006331352162,4,fewer_than_three_discovery_events;outside_initial_small_planet_radius_range;long_relative_to_circular_transit;low_nominal_training_snr;not_recovered_in_final_holdout;inconsistent_holdout_depth_signs,
454682563,3,8.83775830760284,1606.0422374279904,0.29575,0.00033965463107625934,0.24552300375031264,0.5010889202614288,5.279171608954932,-0.0716101786568468,5,outside_initial_small_planet_radius_range;long_relative_to_circular_transit;low_nominal_training_snr;not_recovered_in_final_holdout,
454816904,1,18.274790850104306,1616.1273570577462,0.29575,0.0016305846417997048,0.8730727868967528,0.5970458875267312,8.396856119507333,4.318784318944527,4,long_relative_to_circular_transit;not_recovered_in_final_holdout,
454816904,2,10.773123319656879,1603.9925070577463,0.22931999999999997,0.0013791602722953383,0.8029456456420577,1.207875270990292,7.259063025525962,-0.290086540254121,7,long_relative_to_circular_transit;not_recovered_in_final_holdout;inconsistent_holdout_depth_signs,
454816904,3,12.193641653207925,1611.4692945577463,0.238875,0.0013948303514302138,0.8074943133099801,1.0239993819718018,6.725178950964018,2.1869453758466064,6,long_relative_to_circular_transit;low_nominal_training_snr;not_recovered_in_final_holdout,
454816904,4,25.7876692429894,1620.0267070577463,0.16562,0.001628162284251808,0.8724240378394836,0.37722008619563197,5.1591467670226185,-2.0302306698920907,3,fewer_than_three_discovery_events;dominated_by_one_discovery_event;long_relative_to_circular_transit;low_nominal_training_snr;not_recovered_in_final_holdout;inconsistent_holdout_depth_signs,
454876960,1,6.127277502973132,1605.286937978258,0.29575,0.0035235136122130917,1.056547846068429,1.7748377908152853,30.57380228904699,10.162047959870426,7,outside_nominal_optimistic_hz;long_relative_to_circular_transit,
454876960,2,6.1214965003367965,1606.7998129782582,0.29575,0.0034959590600139178,1.0524085342395106,1.7770729646375714,29.414355645576002,17.772754168151113,8,outside_nominal_optimistic_hz;long_relative_to_circular_transit,
454876960,3,6.127807418387133,1603.705812978258,0.29575,0.0033946358154084352,1.0370454411007883,1.7746331498438934,27.609869844887257,12.919433327333824,7,outside_nominal_optimistic_hz;long_relative_to_circular_transit,
454876960,4,6.128049552874888,1607.5164379782582,0.29575,0.0034251957092213364,1.0417029350806923,1.7745396568969227,27.663854969884074,17.554883154844113,9,outside_nominal_optimistic_hz;long_relative_to_circular_transit,
457464640,1,5.44613208642431,1606.7356918369087,0.024499999999999997,0.004134890904007772,0.8496322441494856,1.020760486557001,5.2656727975509385,0.20757405849001356,2,low_nominal_training_snr;not_recovered_in_final_holdout;inconsistent_holdout_depth_signs,
457748137,1,4.338018578911204,1601.8994078986268,0.29575,0.009402897938633957,1.323593000617505,1.268588442862959,17.606952030111245,-9.786195328187722,6,long_relative_to_circular_transit;not_recovered_in_final_holdout;inconsistent_holdout_depth_signs,
457748137,2,3.4681052521883546,1603.6511578986267,0.29575,0.006544512611859109,1.1042368987398836,1.7096987800844068,12.85082126425766,11.210521989522599,8,outside_nominal_optimistic_hz;long_relative_to_circular_transit,
457748137,3,3.4866593682473797,1604.4587828986266,0.29575,0.006968902025094057,1.1394775685875398,1.6975787616984706,12.585802603411366,-6.379603682382438,6,outside_nominal_optimistic_hz;long_relative_to_circular_transit;not_recovered_in_final_holdout;inconsistent_holdout_depth_signs,
457748137,4,3.4499298599713653,1601.9221578986267,0.29575,0.00752247676101378,1.1838700347436149,1.7217190048027524,13.48668954408018,-6.382746760539976,6,outside_nominal_optimistic_hz;long_relative_to_circular_transit;not_recovered_in_final_holdout;inconsistent_holdout_depth_signs,
458453130,1,14.13542831878816,1742.5451544736486,0.29575,0.0022298020083939434,0.6393938049119163,0.2753387321000868,5.356345814055913,-1.2860757811982353,2,long_relative_to_circular_transit;low_nominal_training_snr;not_recovered_in_final_holdout;inconsistent_holdout_depth_signs,
458453130,2,5.4541824922968996,1742.2205119736486,0.124215,0.0022313691011308034,0.6396184466957071,0.9801812375566727,4.475981249793979,-1.4342150899157913,4,long_relative_to_circular_transit;low_nominal_training_snr;not_recovered_in_final_holdout;inconsistent_holdout_depth_signs,
459181676,1,5.502645551927072,1846.6472269956816,0.170625,0.0019574110748329016,0.7729912733780472,1.7105398795440712,21.28018669479656,-10.967719446778165,14,outside_nominal_optimistic_hz;long_relative_to_circular_transit;not_recovered_in_final_holdout;inconsistent_holdout_depth_signs,
459181676,2,5.489772429769659,1843.3027494956816,0.22931999999999997,0.0015619749529665993,0.6905110028250449,1.7158900928746015,19.656038619850175,-10.130019715173514,15,outside_nominal_optimistic_hz;long_relative_to_circular_transit;not_recovered_in_final_holdout;inconsistent_holdout_depth_signs,
459181676,3,6.339165072160648,1847.9553519956817,0.238875,0.0014211683475834971,0.6586524832776692,1.416399749182717,16.413665116430877,-1.2060182819395795,14,long_relative_to_circular_transit;not_recovered_in_final_holdout;inconsistent_holdout_depth_signs,
459181676,4,5.921504656875067,1847.5001244956816,0.17198999999999998,0.0017381190068248458,0.7284056818209694,1.5511453273599305,16.11568899123859,1.2442191908533355,15,outside_nominal_optimistic_hz;long_relative_to_circular_transit;not_recovered_in_final_holdout,
459192460,1,12.354152263591685,1683.7569476244375,0.17198999999999998,0.003935018282844627,1.246689647194465,0.828490910960965,16.777745776060083,-4.444010024621412,8,long_relative_to_circular_transit;not_recovered_in_final_holdout;inconsistent_holdout_depth_signs,
459192460,2,8.625677683929306,1687.2495276244374,0.16562,0.0031957591372591266,1.1234972026173151,1.337562384294404,14.195602716963704,3.5753135777478278,9,long_relative_to_circular_transit;not_recovered_in_final_holdout;inconsistent_holdout_depth_signs,
459192460,3,7.395891071901592,1687.8646876244375,0.16562,0.0029972613702561163,1.0880460682861992,1.6420422963594783,15.348560684223985,-4.936461477096494,13,outside_nominal_optimistic_hz;long_relative_to_circular_transit;not_recovered_in_final_holdout;inconsistent_holdout_depth_signs,
459192460,4,8.65033936868051,1689.3015776244374,0.11465999999999998,0.0037131445844582125,1.2110328001503923,1.3324803704867216,14.24216703881834,8.178399634725137,10,long_relative_to_circular_transit,
459211861,1,6.6744676759987795,1684.2881176157252,0.22491000000000003,0.0026394210185281025,1.0434721620912448,1.5846876660424594,18.334037595172138,-36.3671631278999,14,outside_nominal_optimistic_hz;long_relative_to_circular_transit;not_recovered_in_final_holdout;inconsistent_holdout_depth_signs,
459211861,2,6.02321661639954,1683.7406476157253,0.17198999999999998,0.002893125332314921,1.09247160040978,1.8171657680830622,18.871305829936535,-45.8078700818929,15,outside_nominal_optimistic_hz;long_relative_to_circular_transit;not_recovered_in_final_holdout;inconsistent_holdout_depth_signs,
459211861,3,7.8739524534603715,1684.9092976157253,0.22491000000000003,0.002507625685344383,1.017086492798944,1.2712827065743566,16.551520117243108,18.23527985329543,13,long_relative_to_circular_transit,
459211861,4,6.0453653511540555,1687.3360576157252,0.17198999999999998,0.002990613017138235,1.110725242053163,1.8082943271675411,18.114970000229725,60.85955834362803,14,outside_nominal_optimistic_hz;long_relative_to_circular_transit,
459220510,1,18.627542920693354,1689.4033165160693,0.238875,0.002893224251405811,0.9456501856973992,0.4231843021485168,7.826699523500346,-2.8489709855689225,2,dominated_by_one_discovery_event;long_relative_to_circular_transit;not_recovered_in_final_holdout;inconsistent_holdout_depth_signs,
459220510,2,17.85597521448636,1696.1036290160691,0.024499999999999997,0.00784294236455258,1.5569654504988975,0.4477396414237653,7.6276090232703835,0.24666173855140816,2,not_recovered_in_final_holdout,
459220510,3,17.283155728064504,1687.105566516069,0.238875,0.002408834114747911,0.8628651135064643,0.46763418937097617,6.993357179671076,-0.6424947329825075,2,long_relative_to_circular_transit;low_nominal_training_snr;not_recovered_in_final_holdout;inconsistent_holdout_depth_signs,
459220510,4,15.060679820601358,1691.3256915160691,0.238875,0.0022276097884591454,0.8297724714854885,0.5618377013487738,6.077592194942763,-0.5101798215997859,2,dominated_by_one_discovery_event;long_relative_to_circular_transit;low_nominal_training_snr;not_recovered_in_final_holdout;inconsistent_holdout_depth_signs,
459225605,1,10.771366446769264,1711.5030809731225,0.088725,0.0007839644839080112,0.7093323498518405,1.5012000102330438,6.79021621657921,-0.04114673690067138,9,low_nominal_training_snr;not_recovered_in_final_holdout;inconsistent_holdout_depth_signs,
459225605,2,23.018318072221987,1728.1814866718992,0.124215,0.0009858619469149533,0.7954440259744955,0.5453828923695705,5.887595991501674,0.5811440847216813,4,fewer_than_three_discovery_events;dominated_by_one_discovery_event;low_nominal_training_snr;not_recovered_in_final_holdout;inconsistent_holdout_depth_signs,
459225605,3,10.937610609291427,1712.3147266718993,0.08599499999999999,0.000800913678009535,0.7169591768698903,1.4708543959087625,5.896537990671149,0.2862277038858901,11,dominated_by_one_discovery_event;low_nominal_training_snr;not_recovered_in_final_holdout;inconsistent_holdout_depth_signs,
459225605,4,9.126768866326731,1717.0792591718991,0.22931999999999997,0.000417589349646484,0.5176977524444043,1.872306264615662,6.120570613029099,2.4810619279371764,11,outside_nominal_optimistic_hz;long_relative_to_circular_transit;low_nominal_training_snr;not_recovered_in_final_holdout,
459255955,1,6.171989110131732,1956.1012851884077,0.16562,0.004122390188184618,0.9465028023818564,1.007438007357547,11.31945565813362,4.397183372587295,2,long_relative_to_circular_transit;not_recovered_in_final_holdout,
459255955,2,3.951050409289928,1957.897730485893,0.22931999999999997,0.003670704206363382,0.8931451639020294,1.8260041994344842,11.747267477138212,3.011371204886065,4,dominated_by_one_discovery_event;outside_nominal_optimistic_hz;long_relative_to_circular_transit;not_recovered_in_final_holdout,
459255955,3,4.855770508094101,1957.8520029858928,0.16243500000000002,0.0050214632487364476,1.0446300159617667,1.387099649828553,12.567173796050708,5.8435856228068035,2,long_relative_to_circular_transit,
459255955,4,3.9509517479064025,1956.5750454858928,0.17198999999999998,0.004068020018914433,0.9402403763527843,1.8260649972242915,10.999129320609596,4.989494239816277,2,outside_nominal_optimistic_hz;long_relative_to_circular_transit;not_recovered_in_final_holdout,
459837153,1,12.930914503021953,1828.9047488289314,0.22931999999999997,0.004775040207623572,1.1695904199995573,0.47912554905041405,5.027339459930969,-2.141325644578144,10,fewer_than_three_discovery_events;dominated_by_one_discovery_event;long_relative_to_circular_transit;low_nominal_training_snr;not_recovered_in_final_holdout;inconsistent_holdout_depth_signs,
461086188,1,21.26235378715392,1581.6114219342135,0.29575,0.012798757058578237,2.1742533772894412,0.37485793532225087,7.865499632273131,-0.10982351241572343,4,fewer_than_three_discovery_events;dominated_by_one_discovery_event;outside_initial_small_planet_radius_range;long_relative_to_circular_transit;not_recovered_in_final_holdout;inconsistent_holdout_depth_signs,
461086188,2,16.099242814448296,1575.7093719342133,0.03919999999999999,0.017975993015969503,2.5767524694031385,0.5431768199912408,5.888743593814713,-1.4286871396808432,5,dominated_by_one_discovery_event;outside_initial_small_planet_radius_range;low_nominal_training_snr;not_recovered_in_final_holdout;inconsistent_holdout_depth_signs,
461086188,3,11.340033094527199,1578.0601469342134,0.031849999999999996,0.01870336320674799,2.628367626748847,0.8666878993793428,6.047125460902588,0.6313969371115564,5,outside_initial_small_planet_radius_range;low_nominal_training_snr;not_recovered_in_final_holdout,
461086188,4,7.158453908047825,1571.1691719342134,0.29575,0.0050495745254453194,1.3656947776633819,1.6005018669210471,7.030030724826201,0.058195804820701406,8,outside_nominal_optimistic_hz;long_relative_to_circular_transit;not_recovered_in_final_holdout,
461592543,1,13.946923505960594,1800.166811476436,0.238875,0.0039012669869616223,1.2890751258462507,0.6053178697342083,6.445671734889114,-1.5204174001030932,6,fewer_than_three_discovery_events;long_relative_to_circular_transit;low_nominal_training_snr;not_recovered_in_final_holdout;inconsistent_holdout_depth_signs,
461592543,2,15.663568614383658,1793.529498976436,0.29575,0.001873339446431067,0.8932718146987216,0.5185218977178607,4.827271035298722,-0.3641866401574277,4,long_relative_to_circular_transit;low_nominal_training_snr;not_recovered_in_final_holdout;inconsistent_holdout_depth_signs,
461592543,3,23.485557754880418,1790.931378976436,0.22491000000000003,0.0032054803007422156,1.1684817886055028,0.302148341989245,5.5155780444020115,0.08367544810331388,3,fewer_than_three_discovery_events;dominated_by_one_discovery_event;long_relative_to_circular_transit;low_nominal_training_snr;not_recovered_in_final_holdout,
461595886,1,15.131666501755424,1803.6703521162297,0.238875,0.0019501626647139547,0.9885596222007775,0.7549440105367139,6.698954653227998,0.8069265342465374,6,long_relative_to_circular_transit;low_nominal_training_snr;not_recovered_in_final_holdout;inconsistent_holdout_depth_signs,
461595886,2,24.26302517326579,1791.3906896162298,0.04725,0.0039911617779616665,1.4142204558092546,0.4022572005122168,5.479977930643869,-0.1751333999369673,4,fewer_than_three_discovery_events;dominated_by_one_discovery_event;low_nominal_training_snr;not_recovered_in_final_holdout;inconsistent_holdout_depth_signs,
461635002,1,13.843349250827638,1829.2921242474536,0.238875,0.0008613461379606026,0.5191794065880382,0.4850369716147591,7.447811661476708,-0.3651283541193531,5,fewer_than_three_discovery_events;dominated_by_one_discovery_event;long_relative_to_circular_transit;not_recovered_in_final_holdout;inconsistent_holdout_depth_signs,
461635002,2,15.469574053729541,1826.1166267474534,0.16065000000000002,0.0009135046904342923,0.5346677548266178,0.41827181761473897,6.133217188029509,0.7619627298846647,6,fewer_than_three_discovery_events;dominated_by_one_discovery_event;long_relative_to_circular_transit;low_nominal_training_snr;not_recovered_in_final_holdout;inconsistent_holdout_depth_signs,
462637035,1,4.272251429984697,1687.6696503986254,0.07643999999999998,0.004590700124975835,1.0432110118688533,1.831119760160418,18.704788036381743,16.693115361861512,32,outside_nominal_optimistic_hz;long_relative_to_circular_transit,
462637035,2,4.272306435984608,1684.050271378938,0.11465999999999998,0.003687857258624166,0.9350175271695824,1.8310883259741497,18.40088232250244,12.320585314798617,30,outside_nominal_optimistic_hz;long_relative_to_circular_transit,
462637035,3,4.273731959981237,1685.004406378938,0.11465999999999998,0.0037396169964352866,0.9415562334483728,1.8302740134087767,18.53526243617994,13.293271139549603,27,outside_nominal_optimistic_hz;long_relative_to_circular_transit,
462637035,4,4.272409018871413,1684.3737763789381,0.11465999999999998,0.0037906861839357383,0.9479635018479856,1.8310297056270322,18.45105751636732,13.94473321352868,29,outside_nominal_optimistic_hz;long_relative_to_circular_transit,
466538554,1,5.2993729746964116,1574.0129884391788,0.29575,0.0037579878758323493,1.0710537293496254,1.7223094826362293,28.059343585438068,9.67351043907385,13,odd_even_discrepancy;outside_nominal_optimistic_hz;long_relative_to_circular_transit,
466538554,2,5.304978026296385,1576.2311134391787,0.29575,0.0037046113673118585,1.06342018114912,1.7198836018562382,27.125303232095177,7.874458704339142,13,outside_nominal_optimistic_hz;long_relative_to_circular_transit,
466538554,3,5.298689627960519,1575.622248996279,0.29575,0.0034627251954507283,1.0281171032231597,1.7226056463905013,24.897060974005203,8.565678697504971,15,outside_nominal_optimistic_hz;long_relative_to_circular_transit,
466538554,4,5.304429531468732,1572.550998996279,0.29575,0.0035159466317683037,1.0359879586069338,1.7201207278308799,24.038510429405665,-2.968655943725797,14,outside_nominal_optimistic_hz;long_relative_to_circular_transit;not_recovered_in_final_holdout;inconsistent_holdout_depth_signs,
467178450,1,25.45615530639835,1711.5901886939575,0.238875,0.003273686452662584,1.0683861237551813,0.27663001312943264,7.782473883124668,0.0,0,fewer_than_three_discovery_events;dominated_by_one_discovery_event;long_relative_to_circular_transit;insufficient_holdout_events,
467178450,2,15.950038612965194,1721.227182998348,0.170625,0.002806632133201412,0.9892417674826217,0.5159497363751607,4.487688661062577,0.229843939156785,2,fewer_than_three_discovery_events;dominated_by_one_discovery_event;long_relative_to_circular_transit;low_nominal_training_snr;not_recovered_in_final_holdout;inconsistent_holdout_depth_signs,
467254810,1,41.064502041476786,1729.6729296071464,0.29575,0.00023725498301493188,0.6341070902507667,0.6201012781104519,15.19740564009913,0.9185921808753985,2,odd_even_discrepancy;long_relative_to_circular_transit;not_recovered_in_final_holdout;inconsistent_holdout_depth_signs,
467254810,2,49.93775197260579,1715.8409296071463,0.29575,0.00022771818085525877,0.6212319606223119,0.47772656328549107,11.22451445668583,-2.753922022531705,2,fewer_than_three_discovery_events;dominated_by_one_discovery_event;long_relative_to_circular_transit;not_recovered_in_final_holdout;inconsistent_holdout_depth_signs,
467254810,3,44.055301833863865,1730.6853046071465,0.29575,0.00019393658909200323,0.5733037922318978,0.5646168041946268,11.122681532863629,3.4106992699994736,2,fewer_than_three_discovery_events;dominated_by_one_discovery_event;odd_even_discrepancy;long_relative_to_circular_transit;not_recovered_in_final_holdout,
467254810,4,26.29855199746142,1726.3173046071463,0.29575,0.0001364210926220857,0.480834587349585,1.1233340550144488,11.006299730983674,-2.4678175023887237,4,odd_even_discrepancy;outside_initial_small_planet_radius_range;long_relative_to_circular_transit;not_recovered_in_final_holdout;inconsistent_holdout_depth_signs,
467302128,1,13.20391240432627,1581.5717526048688,0.238875,0.005222839669957548,1.175853464891943,0.47544383043149563,7.049069228655954,-0.3984019202136283,4,long_relative_to_circular_transit;not_recovered_in_final_holdout;inconsistent_holdout_depth_signs,
467302128,2,17.89620411200282,1578.244565104869,0.29575,0.004227319731106631,1.0578702516878287,0.31697243516623297,5.827294725419311,0.39767071530419984,2,dominated_by_one_discovery_event;long_relative_to_circular_transit;low_nominal_training_snr;not_recovered_in_final_holdout;inconsistent_holdout_depth_signs,
467302128,3,21.144008575507687,1584.951265104869,0.11465999999999998,0.007138437260512696,1.37467941562246,0.25377740987039626,5.109446485893977,0.6383895098517205,3,fewer_than_three_discovery_events;dominated_by_one_discovery_event;long_relative_to_circular_transit;low_nominal_training_snr;not_recovered_in_final_holdout;inconsistent_holdout_depth_signs,
467361606,1,7.572861639724591,1765.73727414635,0.29575,0.0013451286763282039,0.7809623817495869,1.7070047636129304,14.363349797342329,-2.533771499004309,14,outside_nominal_optimistic_hz;long_relative_to_circular_transit;not_recovered_in_final_holdout;inconsistent_holdout_depth_signs,
467361606,2,7.569928831512432,1770.8560241463501,0.29575,0.001425603673904425,0.803984363022548,1.707886610886579,15.290667672881817,12.607053080206445,14,outside_nominal_optimistic_hz;long_relative_to_circular_transit,
467361606,3,7.520341475477985,1769.69577414635,0.29575,0.001487026602030539,0.8211217729133885,1.7229182892987258,15.942567858324487,3.8329778459774886,14,outside_nominal_optimistic_hz;long_relative_to_circular_transit;not_recovered_in_final_holdout,
467361606,4,7.509623936041075,1767.14777414635,0.29575,0.001249115830058009,0.7525745979070174,1.726197607626034,12.173529090200239,8.902533964454722,13,outside_nominal_optimistic_hz;long_relative_to_circular_transit,
467465371,1,5.625272434124701,1739.0198519901994,0.124215,0.001367040002778097,0.6258004881068022,1.6051725180555176,9.796810893536527,3.1820367880405196,4,outside_nominal_optimistic_hz;long_relative_to_circular_transit;not_recovered_in_final_holdout,
467465371,2,5.621232396325596,1743.9056419901995,0.124215,0.0012228226708009436,0.5918709530587556,1.6067109077102486,9.110392707741523,2.6140909997873876,3,outside_nominal_optimistic_hz;long_relative_to_circular_transit;not_recovered_in_final_holdout,
467465371,3,5.631560992601201,1740.3093219901996,0.124215,0.0010812355388422016,0.556551608077609,1.6027830462553876,8.035948331630456,2.735622996275949,4,outside_nominal_optimistic_hz;long_relative_to_circular_transit;not_recovered_in_final_holdout,
467465371,4,5.62371567148837,1742.8659669901995,0.116025,0.0010397089337336866,0.5457593361225621,1.6057650060189772,7.564935684237077,4.347948806690195,4,outside_nominal_optimistic_hz;long_relative_to_circular_transit;not_recovered_in_final_holdout,
468297427,1,14.269468050331584,1791.5298800947724,0.09995999999999998,0.0037414690456677637,1.0954145723596085,0.506575030179651,5.1026427550855775,0.7533357623982916,4,long_relative_to_circular_transit;low_nominal_training_snr;not_recovered_in_final_holdout;inconsistent_holdout_depth_signs,
468874504,1,15.909139743420358,1826.5460763934436,0.29575,0.0018324440513524678,0.8881422909330012,0.5774616072271642,6.524924864681012,-0.9289489914644989,6,fewer_than_three_discovery_events;dominated_by_one_discovery_event;long_relative_to_circular_transit;low_nominal_training_snr;not_recovered_in_final_holdout;inconsistent_holdout_depth_signs,
468874504,2,8.280908104207985,1822.2792963934437,0.0357,0.002748806038169139,1.0877754094052392,1.3791603317731247,5.158567088426679,-0.9723964467997486,12,low_nominal_training_snr;not_recovered_in_final_holdout;inconsistent_holdout_depth_signs,
468874504,3,13.884816416122625,1829.1161438934437,0.124215,0.002463541040923491,1.029786252072967,0.6923598176819356,5.895507254916123,1.9492746507490795,7,long_relative_to_circular_transit;low_nominal_training_snr;not_recovered_in_final_holdout,
469392302,1,13.96795192633079,1721.5518930874468,0.29575,0.005646505329703154,0.919012633593041,0.21338264998073767,9.287158058110105,4.016405634230999,4,fewer_than_three_discovery_events;long_relative_to_circular_transit;not_recovered_in_final_holdout,
469392302,2,13.422647701548394,1721.5405180874468,0.29575,0.004429705882076647,0.8139899749208042,0.22501863767868,8.931646535498361,0.20695405912184672,4,long_relative_to_circular_transit;not_recovered_in_final_holdout;inconsistent_holdout_depth_signs,
469392302,3,5.953672447272733,1715.3095205874467,0.124215,0.0029125902713554915,0.6600415989630521,0.6652060083634722,7.844196726925583,6.891529334696003,7,long_relative_to_circular_transit,
469392302,4,11.12925700189584,1715.2847230874468,0.07643999999999998,0.004951094943204028,0.8605621441666879,0.2888780327393992,7.2228596364109565,2.506214954628923,4,long_relative_to_circular_transit;not_recovered_in_final_holdout,
469952937,1,6.974787705265477,1740.2181496791488,0.29575,0.013104170207557922,2.1250407955687662,1.3361516663360404,75.75904418931272,41.605098717180994,3,outside_initial_small_planet_radius_range;long_relative_to_circular_transit,
469952937,2,6.979457679366731,1739.3422746791489,0.29575,0.02414810803475344,2.884722648095861,1.3349597690060098,92.05467228063254,43.08035947368218,4,outside_initial_small_planet_radius_range;long_relative_to_circular_transit,
469952937,3,6.983826439638269,1745.4392746791489,0.29575,0.024583903797757226,2.910636244226103,1.3338464326198294,82.73906711088523,58.50610037376496,4,outside_initial_small_planet_radius_range;long_relative_to_circular_transit,
469952937,4,6.968194161996728,1741.1066008369032,0.29575,0.02649859423870311,3.021857123969955,1.3378376819113298,72.60551760261349,37.093528863052974,2,outside_initial_small_planet_radius_range;long_relative_to_circular_transit,
469952974,1,6.9747089050869135,1740.2181536084836,0.29575,0.006986717250347691,1.5881788932559207,1.3770472585861466,38.48150279331539,28.28264302423344,3,long_relative_to_circular_transit,
469952974,2,6.979456931356645,1739.3195286084838,0.29575,0.013395333304020384,2.199072755997364,1.3757983524135227,42.669540707022335,41.30289093380599,4,outside_initial_small_planet_radius_range;long_relative_to_circular_transit,
469952974,3,6.940284983240856,1745.4847786084838,0.29575,0.013950495012499444,2.2441797803496435,1.3861616798960399,38.86441622271823,30.490478198701872,4,dominated_by_one_discovery_event;outside_initial_small_planet_radius_range;long_relative_to_circular_transit,
469952974,4,6.9583765871355885,1742.8524365622534,0.24499999999999997,0.015658251460749586,2.377576325621035,1.3813584494360185,33.06451340628731,31.91578462765794,2,outside_initial_small_planet_radius_range;long_relative_to_circular_transit,
469971792,1,14.027107728742173,1338.960299131204,0.22931999999999997,0.0069406260978196075,1.3191097016724413,0.40755952780994353,8.674280226084425,-1.0724961650563298,1,long_relative_to_circular_transit;insufficient_holdout_events,
469971792,2,13.967140664072556,1325.4918441312038,0.17198999999999998,0.007797413281922602,1.3981599791464085,0.40989430495648205,7.3572258176432355,0.2703323116821779,1,fewer_than_three_discovery_events;dominated_by_one_discovery_event;long_relative_to_circular_transit;insufficient_holdout_events,
469971792,3,16.293428173223113,1338.0248453760796,0.238875,0.004762706818750847,1.0927190490853804,0.33378380901164406,6.462220414473574,0.0,0,long_relative_to_circular_transit;low_nominal_training_snr;insufficient_holdout_events,
469971792,4,5.792639222367271,1327.4681628760798,0.17198999999999998,0.0034524065403208682,0.9303418454419352,1.3252971158243276,6.28726899438827,-7.329171541209958,2,long_relative_to_circular_transit;low_nominal_training_snr;not_recovered_in_final_holdout;inconsistent_holdout_depth_signs,
47973606,1,24.903006079819335,1699.024779377552,0.29575,0.0011778097523565223,0.4984284248643979,0.22695361450776647,8.171677363593144,1.1754032822333678,5,dominated_by_one_discovery_event;odd_even_discrepancy;outside_initial_small_planet_radius_range;long_relative_to_circular_transit;not_recovered_in_final_holdout,
47973606,2,15.147085759773674,1685.0164668775521,0.238875,0.0008117530291945907,0.4137873291357245,0.44038652731459504,6.150933631272544,0.8326258629333182,11,outside_initial_small_planet_radius_range;long_relative_to_circular_transit;low_nominal_training_snr;not_recovered_in_final_holdout;inconsistent_holdout_depth_signs,
47973606,3,29.548961904807186,1702.6201893775522,0.22931999999999997,0.0010717420275417322,0.4754560297629399,0.18066880240291017,6.580791516865164,0.5429370582154583,6,outside_initial_small_planet_radius_range;outside_nominal_optimistic_hz;long_relative_to_circular_transit;low_nominal_training_snr;not_recovered_in_final_holdout,
47973606,4,12.291225898592101,1688.6576043775522,0.057329999999999985,0.0015429519108212972,0.570481314372076,0.5818520058600807,5.956435653380378,1.16597515706091,12,odd_even_discrepancy;low_nominal_training_snr;not_recovered_in_final_holdout;inconsistent_holdout_depth_signs,
49190174,1,13.375960195520955,1478.4923424626588,0.29575,0.0031073665695210096,1.0226313773579783,0.5902845611328126,7.869513215395838,-3.2508551037127575,1,long_relative_to_circular_transit;insufficient_holdout_events,
49190174,2,22.27768510506843,1468.447989962659,0.124215,0.0032221250362842757,1.0413436287030442,0.2989977820963855,5.8848015145132875,1.5137032268569253,1,fewer_than_three_discovery_events;dominated_by_one_discovery_event;long_relative_to_circular_transit;low_nominal_training_snr;insufficient_holdout_events,
49190174,3,13.621952469181311,1479.8685589858692,0.024499999999999997,0.0063632454846674616,1.4633971621093704,0.5761146255598831,5.2825331395367225,0.0,0,low_nominal_training_snr;insufficient_holdout_events,
49190174,4,20.708719884224738,1480.8083089858692,0.03266666666666666,0.006130638958658515,1.4364011357503907,0.32957711148374763,5.738007849959923,0.8759856946155679,1,fewer_than_three_discovery_events;low_nominal_training_snr;insufficient_holdout_events,
49306639,1,3.090052182248462,1469.7222788119036,0.29575,0.006285122776685094,0.9349625729190922,1.5631709508525973,43.376224094543666,-10.613666914024394,7,outside_nominal_optimistic_hz;long_relative_to_circular_transit;not_recovered_in_final_holdout;inconsistent_holdout_depth_signs,
49306639,2,3.0767518404574306,1468.8464038119037,0.29575,0.006306400845942611,0.9365438776719852,1.5721872441516729,43.63978246958022,-0.1927833455700686,7,outside_nominal_optimistic_hz;long_relative_to_circular_transit;not_recovered_in_final_holdout;inconsistent_holdout_depth_signs,
49306639,3,3.0898695466803465,1470.8142788119037,0.29575,0.00810697578943549,1.0618588262235793,1.5632941463134524,52.12274596982904,-7.609918286467586,7,outside_nominal_optimistic_hz;long_relative_to_circular_transit;not_recovered_in_final_holdout;inconsistent_holdout_depth_signs,
49306639,4,13.13302289063651,1478.8564038119036,0.29575,0.005841786378132566,0.9013846937008351,0.2270603443220007,12.176590236991016,-7.794499616797563,2,long_relative_to_circular_transit;not_recovered_in_final_holdout;inconsistent_holdout_depth_signs,
52183206,1,8.166413188170548,1797.3477342452184,0.238875,0.023223143809388985,3.361440768321843,1.327207204082946,278.0894634513888,0.0,0,odd_even_discrepancy;outside_initial_small_planet_radius_range;long_relative_to_circular_transit;insufficient_holdout_events,
52183206,2,7.152431651945772,1793.2413592452183,0.238875,0.024020582654291925,3.418666419321177,1.5838312518197117,285.29871152871124,-67.19663952401957,3,odd_even_discrepancy;outside_initial_small_planet_radius_range;outside_nominal_optimistic_hz;long_relative_to_circular_transit;not_recovered_in_final_holdout;inconsistent_holdout_depth_signs,
52183206,3,11.22893461868849,1795.2888592452184,0.238875,0.024323350572439152,3.440144276622245,0.8680187887685519,247.6383724919333,-35.97906924012475,1,outside_initial_small_planet_radius_range;long_relative_to_circular_transit;insufficient_holdout_events,
52183206,4,7.185896325488585,1791.1426717452184,0.29575,0.02308465548413891,3.351403014574273,1.5740043701806943,265.47804723987673,-171.046265481149,3,odd_even_discrepancy;outside_initial_small_planet_radius_range;outside_nominal_optimistic_hz;long_relative_to_circular_transit;not_recovered_in_final_holdout;inconsistent_holdout_depth_signs,
52932529,1,12.264513688288783,1529.486736002229,0.22931999999999997,0.0025338532425863863,0.8959668076864777,0.7678439441127677,6.368002826115915,-0.6721057193603591,6,dominated_by_one_discovery_event;long_relative_to_circular_transit;low_nominal_training_snr;not_recovered_in_final_holdout;inconsistent_holdout_depth_signs,
52932529,2,7.643996990559393,1519.8552960022291,0.07643999999999998,0.002633923303658643,0.913487806284646,1.4422683168401844,5.819765296971472,-0.3175800772138131,9,long_relative_to_circular_transit;low_nominal_training_snr;not_recovered_in_final_holdout;inconsistent_holdout_depth_signs,
52932529,3,9.206815520734187,1522.387826002229,0.03822,0.0037525201874638826,1.0903419231194589,1.1254533153663415,5.503222916237108,2.0831076396217045,7,low_nominal_training_snr;not_recovered_in_final_holdout,
52932529,4,15.200699032463453,1528.099441002229,0.29575,0.0021172989847394273,0.8190158128123527,0.5767514026925994,5.069460669231844,-0.7244008112473104,4,dominated_by_one_discovery_event;long_relative_to_circular_transit;low_nominal_training_snr;not_recovered_in_final_holdout;inconsistent_holdout_depth_signs,
53523370,1,15.531463017796423,1911.6644779419464,0.24499999999999997,0.0056888125626594534,1.1695337108128874,0.28771587779686675,7.038041595895477,0.0,0,fewer_than_three_discovery_events;dominated_by_one_discovery_event;long_relative_to_circular_transit;insufficient_holdout_events,
53523370,2,14.694252442375381,1900.8848104419465,0.11245500000000001,0.005327696930140852,1.1318052079888863,0.3097778228130024,6.834742808694438,0.0,0,long_relative_to_circular_transit;low_nominal_training_snr;insufficient_holdout_events,
53523370,3,20.91167928374945,1903.9128579480093,0.16243500000000002,0.003773627295667257,0.9525360792683782,0.19352115130160433,5.294988379240561,0.6684849252395233,1,dominated_by_one_discovery_event;outside_nominal_optimistic_hz;long_relative_to_circular_transit;low_nominal_training_snr;insufficient_holdout_events,
53897002,1,7.327021572405523,1328.7266618279664,0.29575,0.0051555515667255246,1.0428042591161106,0.7634901181853749,18.53229194121985,3.194933200224119,5,long_relative_to_circular_transit;not_recovered_in_final_holdout,
53897002,2,7.1822879811352545,1333.6975368279664,0.29575,0.0054947306075575466,1.0765604754586582,0.7840726308926097,14.267666477479175,7.015194687222595,7,fewer_than_three_discovery_events;dominated_by_one_discovery_event;long_relative_to_circular_transit,
53897002,3,4.918458421518224,1330.9789118279664,0.29575,0.005277367343707068,1.055052063910903,1.2989767408379225,14.544499238274975,-1.8327377811642565,9,long_relative_to_circular_transit;not_recovered_in_final_holdout;inconsistent_holdout_depth_signs,
53897002,4,7.299469021869056,1331.0585368279665,0.29575,0.003126886547710727,0.8121220286110149,0.7673350230166143,8.374439527794806,1.9033749753764417,7,odd_even_discrepancy;long_relative_to_circular_transit;not_recovered_in_final_holdout,
54144488,1,4.163966365733571,1545.4329946359392,0.170625,0.004752040937003343,0.933416254819457,1.424012404800819,26.007609697910507,3.795156755881049,17,long_relative_to_circular_transit;not_recovered_in_final_holdout;inconsistent_holdout_depth_signs,
54144488,2,4.158653367993604,1545.9107446359392,0.238875,0.0036863739007958144,0.8221195280499415,1.426438634171278,23.241105579690363,6.100108366912986,14,long_relative_to_circular_transit;inconsistent_holdout_depth_signs,
54144488,3,4.162536560690991,1546.8409921359391,0.17198999999999998,0.004096887285013714,0.8666869968236839,1.424664627835435,21.984112826894293,-5.106567575760147,17,long_relative_to_circular_transit;not_recovered_in_final_holdout,
54144488,4,4.1560803968262725,1544.520731739113,0.22491000000000003,0.0036291501616675433,0.8157136729983844,1.4276162065531186,21.20235533701609,5.897411898336774,18,long_relative_to_circular_transit;inconsistent_holdout_depth_signs,
54469098,1,17.163515319541812,1796.3750417862884,0.29575,0.0006591291277999267,0.8186187567506583,1.2101430886547737,7.935378027291229,-0.9661802121731603,4,long_relative_to_circular_transit;not_recovered_in_final_holdout;inconsistent_holdout_depth_signs,
54469098,2,14.109066645807834,1800.2254792862884,0.238875,0.0008516731649949984,0.9305354459954058,1.5714986089282468,7.1292942725154695,0.7850736390414456,4,fewer_than_three_discovery_events;dominated_by_one_discovery_event;outside_nominal_optimistic_hz;long_relative_to_circular_transit;not_recovered_in_final_holdout,
54469098,3,22.225786937064232,1791.3302292862884,0.170625,0.0013722730471468548,1.1811816893739955,0.8573711225767869,5.749393037910101,0.5882694764871416,3,fewer_than_three_discovery_events;dominated_by_one_discovery_event;long_relative_to_circular_transit;low_nominal_training_snr;not_recovered_in_final_holdout,
54469098,4,16.1123333714305,1799.0026667862885,0.29575,0.0005265116049583728,0.7316450070869922,1.3165392019209852,6.106997609557269,1.1914252690198155,3,long_relative_to_circular_transit;low_nominal_training_snr;not_recovered_in_final_holdout,
55481273,1,13.693978446034794,1339.396693413992,0.11465999999999998,0.002237288839110614,0.93487423467112,0.6680699846567251,7.346446240876974,0.9513484345587419,12,long_relative_to_circular_transit;not_recovered_in_final_holdout,
55481273,2,27.18294491065703,1339.806420913992,0.124215,0.0025202226830892526,0.9922283251326206,0.26779315587352615,5.777439985359193,0.05441267469613447,2,long_relative_to_circular_transit;low_nominal_training_snr;not_recovered_in_final_holdout;inconsistent_holdout_depth_signs,
55481273,3,30.22920718295202,1345.510528413992,0.12284999999999999,0.002377106280614411,0.9636436465675584,0.23243015425638622,6.460960151692604,0.522299286396243,4,long_relative_to_circular_transit;low_nominal_training_snr;not_recovered_in_final_holdout;inconsistent_holdout_depth_signs,
55481273,4,25.710658703641986,1339.864888413992,0.057329999999999985,0.002827066752865402,1.0508971015750272,0.2884322883103527,5.901117306652972,0.6645948234866196,4,low_nominal_training_snr;not_recovered_in_final_holdout;inconsistent_holdout_depth_signs,
55752859,1,6.527720114156082,1714.7684121343348,0.29575,0.0014571406699221412,0.6419261215175915,1.0719689832329595,9.645952039090718,6.283265795344586,6,long_relative_to_circular_transit,
55752859,2,6.576885234803102,1716.9637871343348,0.29575,0.001328896477841236,0.6130273964859548,1.0612977288922145,8.167485806627166,-4.462986701049338,7,long_relative_to_circular_transit;not_recovered_in_final_holdout;inconsistent_holdout_depth_signs,
55752859,3,18.577663757411393,1718.2150371343348,0.29575,0.0029611626545883426,0.9150934364620716,0.26579254079041825,10.041546558560183,1.785208876746628,3,long_relative_to_circular_transit;not_recovered_in_final_holdout,
55752859,4,5.439190353865761,1712.0611621343348,0.29575,0.0010012468396505033,0.5321142478833526,1.3671575831617377,6.850671947720734,4.674010920729078,8,long_relative_to_circular_transit;low_nominal_training_snr;not_recovered_in_final_holdout;inconsistent_holdout_depth_signs,
5597639,1,6.5382808925725,1550.2821341403414,0.29575,0.0011154070876487443,0.47775097641318864,0.8438527348796837,6.926013358449051,-0.8596747816977188,7,outside_initial_small_planet_radius_range;long_relative_to_circular_transit;low_nominal_training_snr;not_recovered_in_final_holdout;inconsistent_holdout_depth_signs,
5597639,2,4.443201790391758,1546.5213316403415,0.061424999999999993,0.0012554360253952033,0.5068531814204489,1.4123967568778997,5.37355755992794,0.9102433229518787,8,long_relative_to_circular_transit;low_nominal_training_snr;not_recovered_in_final_holdout;inconsistent_holdout_depth_signs,
57031043,1,14.39018328680792,1958.464458229944,0.17198999999999998,0.004888199327027979,0.8932518060425554,0.2290981999215536,6.0182573777625015,0.0,0,fewer_than_three_discovery_events;dominated_by_one_discovery_event;long_relative_to_circular_transit;low_nominal_training_snr;insufficient_holdout_events,
57031043,2,7.66157335732759,1957.179765729944,0.124215,0.002530409169152008,0.6426800603860889,0.5309082719275139,6.142845139506174,0.37344419493557085,1,long_relative_to_circular_transit;low_nominal_training_snr;insufficient_holdout_events,
57031043,3,11.004398193187765,1960.221895729944,0.238875,0.00276476139555978,0.6717818683661081,0.32760841483789166,6.711010035271359,1.1389672724834512,2,long_relative_to_circular_transit;low_nominal_training_snr;not_recovered_in_final_holdout,
57031043,4,11.925780020537667,1960.022833229944,0.29575,0.002453443544381153,0.632830619024248,0.29430279410263055,7.130074300743346,0.0,0,dominated_by_one_discovery_event;long_relative_to_circular_transit;insufficient_holdout_events,
57160643,1,15.282903700577375,1968.5309531403896,0.29575,0.0014819665149716785,0.8743717511649539,0.8106742130161363,5.614240105611299,1.269603774222326,1,fewer_than_three_discovery_events;dominated_by_one_discovery_event;long_relative_to_circular_transit;low_nominal_training_snr;insufficient_holdout_events,
57185991,1,4.044306502789063,1547.2733198799483,0.29575,0.0012375876364960786,0.5378109056046384,1.7971424500598265,9.92653645885498,0.9851762744450053,14,outside_nominal_optimistic_hz;long_relative_to_circular_transit;not_recovered_in_final_holdout,
57185991,2,16.999320582678685,1551.3796948799481,0.29575,0.003807883798519871,0.9433730535605529,0.2649308296345088,9.857913053726422,1.095200035452237,2,long_relative_to_circular_transit;not_recovered_in_final_holdout;inconsistent_holdout_depth_signs,
57185991,3,12.817735685885028,1545.9756948799482,0.24499999999999997,0.0018892890717778364,0.6644936416943034,0.3860345443551577,6.758490436764753,2.283585168174219,4,long_relative_to_circular_transit;low_nominal_training_snr;not_recovered_in_final_holdout,
57185991,4,5.391803915531302,1547.9899448799483,0.29575,0.001170626727115318,0.5230591951185282,1.224792350561419,7.6710038904847035,6.242610196023292,10,long_relative_to_circular_transit,
57186214,1,16.38688086866242,1555.3302794415654,0.22931999999999997,0.0023917608347639144,0.8384402430170831,0.41527851655419445,8.85499515308567,1.743020677015231,3,long_relative_to_circular_transit;not_recovered_in_final_holdout,
57186214,2,12.900942121253266,1544.6319344415654,0.22491000000000003,0.002538908670313451,0.863846900888904,0.571267201870322,6.562701372920518,-0.23333682642412265,2,fewer_than_three_discovery_events;dominated_by_one_discovery_event;long_relative_to_circular_transit;low_nominal_training_snr;not_recovered_in_final_holdout;inconsistent_holdout_depth_signs,
57186214,3,9.8263918940117,1546.8149465874362,0.29575,0.0010620780213651106,0.5587164406617573,0.8212506991718224,5.76974047581842,0.9570522874368581,5,long_relative_to_circular_transit;low_nominal_training_snr;not_recovered_in_final_holdout;inconsistent_holdout_depth_signs,
57186214,4,20.79917027328648,1548.5856549207695,0.03266666666666666,0.004274653036437763,1.1208917562278373,0.30218519240229813,5.607120172490037,0.30099005559082864,1,fewer_than_three_discovery_events;dominated_by_one_discovery_event;low_nominal_training_snr;insufficient_holdout_events,
57231454,1,12.984822092006725,1969.417351807535,0.238875,0.004679475026457006,1.3146944286738176,0.7289183187901317,7.081053296807659,0.0,0,long_relative_to_circular_transit;insufficient_holdout_events,
57984826,1,3.6114874850586576,1767.0609784355488,0.11465999999999998,0.0011335032716937939,0.4485230920358606,1.4933126915064678,6.5675610677832195,0.6307335747756102,2,outside_initial_small_planet_radius_range;outside_nominal_optimistic_hz;long_relative_to_circular_transit;low_nominal_training_snr;not_recovered_in_final_holdout,
57984826,2,7.370689105864194,1771.9979559355488,0.124215,0.001271040856776546,0.47495577636216935,0.5768392244354623,5.430164627553243,1.814540575580626,2,outside_initial_small_planet_radius_range;long_relative_to_circular_transit;low_nominal_training_snr;not_recovered_in_final_holdout,
59605392,1,18.916122675036323,1496.8709146194137,0.29575,0.002162416395502224,0.9140201196386714,0.46209278230468287,6.418060963561764,0.0,0,fewer_than_three_discovery_events;dominated_by_one_discovery_event;long_relative_to_circular_transit;low_nominal_training_snr;insufficient_holdout_events,
59605392,2,28.671283118022853,1510.600539619414,0.29575,0.0026012904043897374,1.0024910691582978,0.265405045755673,6.116425163016209,2.194708921103088,1,fewer_than_three_discovery_events;dominated_by_one_discovery_event;long_relative_to_circular_transit;low_nominal_training_snr;insufficient_holdout_events,
59605392,3,14.850786113591077,1492.9628729527471,0.024499999999999997,0.005542883305427636,1.4633693703111128,0.6380275371235646,5.164438720329041,-2.5329520794968894,2,low_nominal_training_snr;not_recovered_in_final_holdout;inconsistent_holdout_depth_signs,
59605392,4,9.725889660179003,1500.1962062860805,0.024499999999999997,0.004557666028968476,1.326958503985976,1.1218451031510048,4.812062751032462,-0.04108304691460837,2,low_nominal_training_snr;not_recovered_in_final_holdout;inconsistent_holdout_depth_signs,
59656000,1,19.55876116016372,1509.5312924715436,0.29575,0.003193647985769714,1.1046129777164768,0.4108566171055517,6.906981817167136,-1.526959504951733,2,fewer_than_three_discovery_events;dominated_by_one_discovery_event;long_relative_to_circular_transit;low_nominal_training_snr;not_recovered_in_final_holdout;inconsistent_holdout_depth_signs,
59656000,2,24.010514317670463,1498.6715799715435,0.08599499999999999,0.004877194847609263,1.3650597833928577,0.31256724138806086,5.957914876778839,0.3857320222667496,2,fewer_than_three_discovery_events;dominated_by_one_discovery_event;low_nominal_training_snr;not_recovered_in_final_holdout,
59656000,3,10.843751505169582,1502.0520024715436,0.03822,0.005139627485687891,1.4013042534018394,0.9020681202121046,5.405669862459387,0.2742824325622474,3,low_nominal_training_snr;not_recovered_in_final_holdout,
59656000,4,17.754943955666267,1503.2067924715434,0.29575,0.003674458337342375,1.1848497534330382,0.4674333226976025,4.404803782609545,-0.11927802508231607,4,fewer_than_three_discovery_events;dominated_by_one_discovery_event;long_relative_to_circular_transit;low_nominal_training_snr;not_recovered_in_final_holdout;inconsistent_holdout_depth_signs,
60074959,1,25.460332381594704,1503.1160421937395,0.29575,0.004325930330062904,1.3502407084598032,0.30617609841404414,9.418689583077006,0.2526601608320786,2,fewer_than_three_discovery_events;dominated_by_one_discovery_event;long_relative_to_circular_transit;not_recovered_in_final_holdout;inconsistent_holdout_depth_signs,
60074959,2,23.510746331460286,1496.3472346937394,0.16243500000000002,0.002869540018525978,1.0997084950700666,0.34048774796621223,5.927792637296687,-1.8293200672196759,2,fewer_than_three_discovery_events;dominated_by_one_discovery_event;long_relative_to_circular_transit;low_nominal_training_snr;not_recovered_in_final_holdout;inconsistent_holdout_depth_signs,
60074959,3,19.363209450384893,1504.5843271937395,0.057329999999999985,0.004510242497077531,1.3787051040953633,0.44104907843564617,5.4461893566668635,1.8771038245753744,1,low_nominal_training_snr;insufficient_holdout_events,
60074959,4,36.5701376185822,1507.2110421937396,0.29575,0.0019101396142175292,0.8972304264868668,0.18892434145487033,5.332344038814354,0.9162643256232054,1,fewer_than_three_discovery_events;outside_nominal_optimistic_hz;long_relative_to_circular_transit;low_nominal_training_snr;insufficient_holdout_events,
60421412,1,16.15307695781539,1523.892935263123,0.22931999999999997,0.1570398566228623,5.149505118954013,0.2357884611633158,44.72573394642766,2.4660471489000053,1,dominated_by_one_discovery_event;odd_even_discrepancy;outside_initial_small_planet_radius_range;long_relative_to_circular_transit;insufficient_holdout_events,
60421412,2,12.593752990280365,1523.922510263123,0.16562,0.1645119656155107,5.270590742374624,0.3285912564993024,32.233122279171766,-1.1289235667231394,2,odd_even_discrepancy;outside_initial_small_planet_radius_range;long_relative_to_circular_transit;not_recovered_in_final_holdout;inconsistent_holdout_depth_signs,
60421412,3,11.445361393595642,1523.781460263123,0.29575,0.08068135930395604,3.691026407855201,0.37327039867049183,25.85853437531341,-0.4307262780547141,2,outside_initial_small_planet_radius_range;long_relative_to_circular_transit;not_recovered_in_final_holdout;inconsistent_holdout_depth_signs,
60421412,4,12.729026812323179,1528.806935263123,0.22931999999999997,0.11030942113181719,4.315855066533474,0.32394351925731324,21.220560031487082,3.4243503368350465,2,fewer_than_three_discovery_events;dominated_by_one_discovery_event;odd_even_discrepancy;outside_initial_small_planet_radius_range;long_relative_to_circular_transit;not_recovered_in_final_holdout,
61334091,1,11.20804888323115,1657.4031360759006,0.06664,0.00475355490257151,1.023909926277494,0.4633088149831999,4.9406536967631745,-0.09351653121247322,1,fewer_than_three_discovery_events;dominated_by_one_discovery_event;low_nominal_training_snr;insufficient_holdout_events,
61334091,2,6.539110358789308,1662.8024460759007,0.017499999999999998,0.008558653564036279,1.373900304694467,0.9503546323365426,5.333767057338048,-0.3189304321341747,2,fewer_than_three_discovery_events;low_nominal_training_snr;not_recovered_in_final_holdout;inconsistent_holdout_depth_signs,
61334091,3,6.102641389550709,1660.7173210759008,0.17198999999999998,0.0021927956266467896,0.6954270418459308,1.0420457457470638,5.074082700323309,0.08170694253531424,3,long_relative_to_circular_transit;low_nominal_training_snr;not_recovered_in_final_holdout,
61587960,1,12.049827541583,1478.6860236452474,0.29575,0.0038431875619720753,1.0154315122933593,0.5338317869261386,7.8832176460042644,-0.2062952049188766,1,long_relative_to_circular_transit;insufficient_holdout_events,
61587960,2,13.155282863487594,1476.7750236452473,0.29575,0.005350667107223109,1.1981434361343795,0.47487424676608914,6.487857772310731,-1.874059813071344,1,fewer_than_three_discovery_events;dominated_by_one_discovery_event;long_relative_to_circular_transit;low_nominal_training_snr;insufficient_holdout_events,
61587960,3,13.049358141737779,1474.6146836452474,0.027299999999999998,0.0072922247880194985,1.3987331591634986,0.4800207426385118,5.211256299416091,0.49706793739272437,1,low_nominal_training_snr;insufficient_holdout_events,
61587960,4,9.95734079646066,1468.9235436452473,0.03822,0.005625664779388442,1.2285469888452554,0.6884214230862961,4.918718676705769,-0.5655876114065789,1,low_nominal_training_snr;insufficient_holdout_events,
63052569,1,4.989769442051825,1711.6675409986701,0.29575,0.01567575046909997,2.0097641420622194,1.6558498376383457,36.41746816947075,23.86000242382772,4,outside_initial_small_planet_radius_range;outside_nominal_optimistic_hz;long_relative_to_circular_transit,
63052569,2,4.975679209191871,1713.283498331869,0.29575,0.01629070822909732,2.048806320393799,1.6621048803699494,38.83977307467163,25.286074570385836,4,odd_even_discrepancy;outside_initial_small_planet_radius_range;outside_nominal_optimistic_hz;long_relative_to_circular_transit,
63052569,3,4.982408696386525,1715.001123331869,0.29575,0.017830382382690257,2.1434396047684214,1.6591123264807737,39.909781199405394,27.349750923316105,4,outside_initial_small_planet_radius_range;outside_nominal_optimistic_hz;long_relative_to_circular_transit,
63052569,4,4.971941247942292,1713.6816233318689,0.29575,0.0070013530085684846,1.3431419397026416,1.6637712079153004,14.314934915969184,12.7320928271046,4,outside_nominal_optimistic_hz;long_relative_to_circular_transit,
63126862,1,13.875236051744704,1696.9369377024436,0.238875,0.0025844719813477505,0.8104987654879557,0.605851583415436,5.430113977960915,1.6276649956490068,8,long_relative_to_circular_transit;low_nominal_training_snr;not_recovered_in_final_holdout,
63126862,2,12.968281867267262,1691.0285002024436,0.024499999999999997,0.00738357314413121,1.3699342834704245,0.6629948665898204,5.625520501597425,1.89245512121205,9,low_nominal_training_snr;not_recovered_in_final_holdout,
63126862,3,7.921139959183209,1683.5150752432603,0.12284999999999999,0.00230013953588981,0.7646162700349103,1.2792924546053397,5.3240326778035545,0.09489311791692633,15,long_relative_to_circular_transit;low_nominal_training_snr;not_recovered_in_final_holdout,
63126862,4,10.351593086392809,1691.5148771257407,0.07643999999999998,0.003526752095738118,0.9467905402956409,0.8953864100526681,5.485395431831926,-0.15393945725236943,11,long_relative_to_circular_transit;low_nominal_training_snr;not_recovered_in_final_holdout;inconsistent_holdout_depth_signs,
63781635,1,3.035699697278631,1792.7416082259579,0.124215,0.004269551254661165,0.8562211464099905,1.8202190460521586,40.94168636140409,-7.518364535227856,7,outside_nominal_optimistic_hz;long_relative_to_circular_transit;not_recovered_in_final_holdout;inconsistent_holdout_depth_signs,
63781635,2,4.139586743044064,1791.9194232259579,0.124215,0.004191824905286722,0.8483916796234288,1.2037216751083137,35.32247409613376,-5.170796401446866,4,long_relative_to_circular_transit;not_recovered_in_final_holdout;inconsistent_holdout_depth_signs,
63781635,3,3.5813419366432044,1790.8310632259577,0.124215,0.004174972229742883,0.8466845390026986,1.4601843175793878,34.299720038605074,20.733573603889496,5,long_relative_to_circular_transit,
63781635,4,3.8616468465360265,1791.644789759441,0.124215,0.0045576719835420335,0.8846395805458966,1.3206021245168327,33.880808094270904,-9.837899424567867,5,long_relative_to_circular_transit;not_recovered_in_final_holdout;inconsistent_holdout_depth_signs,
67072736,1,6.165284255580839,1740.4689119068903,0.29575,0.0041112333707075685,1.1902784590460989,1.6627588240026825,36.87639278487341,7.041954232268673,2,outside_nominal_optimistic_hz;long_relative_to_circular_transit,
67072736,2,6.170180805965339,1741.3675369068903,0.29575,0.004563929202112239,1.2540993956170339,1.6609996739741322,36.321910954099486,11.218778217923044,2,outside_nominal_optimistic_hz;long_relative_to_circular_transit,
67072736,3,6.180372489643324,1743.0737869068903,0.29575,0.004439487921989686,1.236883934208109,1.6573486040770269,37.47002443658164,8.512251605493555,2,outside_nominal_optimistic_hz;long_relative_to_circular_transit,
67072736,4,6.170473823998968,1743.9951619068904,0.29575,0.004834595524481205,1.2907513322595372,1.6608945066844123,39.194371064807406,5.672053859869864,2,outside_nominal_optimistic_hz;long_relative_to_circular_transit,
67402669,1,3.823606480105492,1902.0176180488809,0.29575,0.003550748837841006,0.8654165684212486,1.7165277525633003,25.66556508442422,7.50999586987213,3,outside_nominal_optimistic_hz;long_relative_to_circular_transit,
67402669,2,3.822730603016089,1900.2089930488808,0.29575,0.00370748605395695,0.8843109277166784,1.7170521681877222,27.245891974219774,8.588654583363985,3,outside_nominal_optimistic_hz;long_relative_to_circular_transit,
67402669,3,14.37054449788764,1902.4328645788396,0.29575,0.0028777327391254523,0.7790950724392844,0.2937542213627796,9.845937600030398,-7.66670560471338,1,odd_even_discrepancy;long_relative_to_circular_transit;insufficient_holdout_events,
67402669,4,3.8477422650924424,1900.7721145788396,0.29575,0.0016680996980096752,0.5931659741723796,1.702186399962252,10.332647373507726,-0.3081154031105732,3,outside_nominal_optimistic_hz;long_relative_to_circular_transit;not_recovered_in_final_holdout;inconsistent_holdout_depth_signs,
68073008,1,6.846026029594505,1932.069840214024,0.29575,0.002352355248424021,0.8791705465176789,1.408175154666044,6.45874457774279,0.0,0,long_relative_to_circular_transit;low_nominal_training_snr;insufficient_holdout_events,
68766754,1,22.006148800866235,1690.4269319337654,0.29575,0.0038252664058679286,1.4250394467308334,0.43559645641768907,15.190103101334218,0.6151651482571772,1,odd_even_discrepancy;long_relative_to_circular_transit;insufficient_holdout_events,
68766754,2,17.79917335685705,1694.1010569337654,0.29575,0.004098218625622206,1.475005380233314,0.5780205619208798,11.38480829023283,-0.26732727178120197,2,fewer_than_three_discovery_events;dominated_by_one_discovery_event;long_relative_to_circular_transit;not_recovered_in_final_holdout;inconsistent_holdout_depth_signs,
68766754,3,13.47845041730572,1690.9274319337655,0.29575,0.003633835219624607,1.3889245615598989,0.8374452905602003,12.244584267243598,1.2339284752044906,2,fewer_than_three_discovery_events;dominated_by_one_discovery_event;long_relative_to_circular_transit;not_recovered_in_final_holdout,
68766754,4,12.944317187305339,1690.4041819337656,0.29575,0.0028000324971703,1.2192073691152987,0.8838343371177274,10.908084174914446,-0.633729045812886,2,long_relative_to_circular_transit;not_recovered_in_final_holdout;inconsistent_holdout_depth_signs,
70901653,1,3.9024222273326172,1438.4474099917786,0.061424999999999993,0.010904007782459434,1.5165554885211405,1.6750318714555423,15.664396743935441,8.803941283815892,3,outside_nominal_optimistic_hz;long_relative_to_circular_transit,
70901653,2,3.9023724019614052,1442.0022059309495,0.057329999999999985,0.010871563617421113,1.5142976016755496,1.6750603871903453,15.074537142638404,9.240038615341149,3,outside_nominal_optimistic_hz;long_relative_to_circular_transit,
70901653,3,4.083690377496845,1441.2842159309494,0.057329999999999985,0.010848386141466358,1.5126825477647348,1.5766368566667441,14.165562607817597,5.911124973462346,3,outside_nominal_optimistic_hz;long_relative_to_circular_transit,
70901653,4,4.969085541541745,1438.6142759309494,0.057329999999999985,0.011664186221548854,1.5685286331433406,1.2136686101364895,14.643603803003423,8.028385726475753,3,long_relative_to_circular_transit,
71262585,1,4.368816097229214,1519.9374807373074,0.03822,0.010895303639555473,1.4133669836462548,1.2013362643114405,14.875661004183055,2.4045129944094463,8,not_recovered_in_final_holdout,
71262585,2,3.6839062044593867,1518.5260357373074,0.07496999999999998,0.006778913519675221,1.1148471288005128,1.5080121938537439,13.111903714820722,-0.4219120890837033,11,outside_nominal_optimistic_hz;long_relative_to_circular_transit;not_recovered_in_final_holdout;inconsistent_holdout_depth_signs,
71262585,3,3.4524470713943303,1521.5253607373074,0.0441,0.008276238917237612,1.2318328531166616,1.6442968815335173,12.960636267182585,0.6636603695539981,11,outside_nominal_optimistic_hz;not_recovered_in_final_holdout;inconsistent_holdout_depth_signs,
71262585,4,3.2233380599450303,1519.2367807373073,0.07643999999999998,0.006899172001340072,1.1246923965255242,1.8019461042167366,13.026837474062344,0.006403047972776266,12,outside_nominal_optimistic_hz;long_relative_to_circular_transit;not_recovered_in_final_holdout;inconsistent_holdout_depth_signs,
71432847,1,7.026182079392376,1842.8878453537548,0.16562,0.00323936956187739,0.8576753387345277,0.8974554370020413,6.240312493786041,-2.2403031136819362,2,long_relative_to_circular_transit;low_nominal_training_snr;not_recovered_in_final_holdout;inconsistent_holdout_depth_signs,
71432847,2,10.404612116690961,1847.7743178537548,0.238875,0.002667464528836154,0.7782909861831573,0.5317051913194071,5.500441369037794,0.7180601071426226,2,long_relative_to_circular_transit;low_nominal_training_snr;not_recovered_in_final_holdout;inconsistent_holdout_depth_signs,
7150628,1,17.16576151389326,1368.9045980697015,0.29575,0.0030337355441554625,0.727759390602582,0.20347302169258474,7.758607621018025,0.47849371931352047,6,dominated_by_one_discovery_event;long_relative_to_circular_transit;not_recovered_in_final_holdout;inconsistent_holdout_depth_signs,
7150628,2,18.622287517807543,1360.1654130697016,0.22931999999999997,0.002584481870213559,0.6717160153785604,0.18253531397513673,6.04745603027524,-1.267483726200311,5,dominated_by_one_discovery_event;outside_nominal_optimistic_hz;long_relative_to_circular_transit;low_nominal_training_snr;not_recovered_in_final_holdout;inconsistent_holdout_depth_signs,
7150628,3,6.759796291242894,1358.9192730697016,0.1764,0.0021324839744029777,0.6101573485483489,0.70493020977645,5.819548377084507,-1.1823247900249279,10,long_relative_to_circular_transit;low_nominal_training_snr;not_recovered_in_final_holdout;inconsistent_holdout_depth_signs,
7150628,4,6.110917296843333,1360.3298897363682,0.017499999999999998,0.006629329592281629,1.07580550884763,0.8064591847984521,5.718984166304087,0.07812746401678354,1,dominated_by_one_discovery_event;low_nominal_training_snr;insufficient_holdout_events,
71678774,1,3.646343134595811,1468.5630264300723,0.29575,0.002944004490201661,0.6695164703397176,1.3214028792051924,18.211776201335006,0.9241935914392547,6,long_relative_to_circular_transit;not_recovered_in_final_holdout;inconsistent_holdout_depth_signs,
71678774,2,3.655471001082909,1471.293991077257,0.29575,0.003120768987873241,0.6893231152496839,1.3170052456131056,18.982702837787897,4.014773777889057,5,long_relative_to_circular_transit;not_recovered_in_final_holdout,
71678774,3,3.650546682515915,1470.452241077257,0.29575,0.0035045919374297905,0.7304840876328577,1.3193745020761796,19.520121502539002,5.292679626960717,5,long_relative_to_circular_transit,
71678774,4,3.651035431136178,1469.473991077257,0.29575,0.003949750480517782,0.775491177843472,1.3191390152424929,21.830792266740374,2.755533675512196,6,long_relative_to_circular_transit;not_recovered_in_final_holdout,
74185907,1,38.44456843276015,1628.6511655820516,0.17198999999999998,0.003171627424975016,1.3713854363026503,0.232536776351577,11.661090380875018,-0.4261717933622446,1,fewer_than_three_discovery_events;long_relative_to_circular_transit;insufficient_holdout_events,
74185907,2,8.91623700669204,1629.8376111719579,0.29575,0.0011679612669854677,0.8322095037470532,1.6319098434913095,9.95041793235598,2.1403742759263094,7,outside_nominal_optimistic_hz;long_relative_to_circular_transit;not_recovered_in_final_holdout,
74185907,3,17.942234978102398,1645.8934236719579,0.170625,0.0023543536787308914,1.1815559814710725,0.642346823525883,8.38990006966702,-3.9981103377368608,6,fewer_than_three_discovery_events;dominated_by_one_discovery_event;long_relative_to_circular_transit;not_recovered_in_final_holdout;inconsistent_holdout_depth_signs,
74185907,4,15.78975779333482,1632.9941736719577,0.238875,0.0017173570265263361,1.00913378553325,0.7616772952671589,10.022032647691095,4.774852843622728,4,long_relative_to_circular_transit;not_recovered_in_final_holdout,
7422813,1,28.43621022166474,1447.9538545361552,0.29575,0.0017257924967390196,0.8936636683290917,0.3157271959644937,6.932391079587959,-0.9094056530031157,2,long_relative_to_circular_transit;low_nominal_training_snr;not_recovered_in_final_holdout;inconsistent_holdout_depth_signs,
7422813,2,14.679140968148273,1443.8383795361551,0.03822,0.002635862540154047,1.1044376240059597,0.7624419076151396,6.464408513724045,1.5187929099752029,8,low_nominal_training_snr;not_recovered_in_final_holdout,
7422813,3,13.852547653551767,1451.718979536155,0.29575,0.0013454504525152267,0.789066614048368,0.8236981243485249,6.021484165407228,-0.50611022388059,7,long_relative_to_circular_transit;low_nominal_training_snr;not_recovered_in_final_holdout;inconsistent_holdout_depth_signs,
7422813,4,33.77302128211728,1446.8061276239453,0.03822,0.0033503782142164313,1.245164504613834,0.25102350884198904,5.793292015750883,-0.36279451453377226,3,low_nominal_training_snr;not_recovered_in_final_holdout;inconsistent_holdout_depth_signs,
7695962,1,9.355467528760439,1411.7687013115908,0.024499999999999997,0.0018647977297267136,0.9761123309276477,1.5209287139927052,5.790624208535196,-1.1634754549644442,3,outside_nominal_optimistic_hz;low_nominal_training_snr;not_recovered_in_final_holdout;inconsistent_holdout_depth_signs,
7695962,2,9.684977667805061,1413.4065554782576,0.238875,0.0006784228118603395,0.5887543846868684,1.4523279272128047,6.5416098195415255,0.026331488979289695,3,long_relative_to_circular_transit;low_nominal_training_snr;not_recovered_in_final_holdout;inconsistent_holdout_depth_signs,
7695962,3,14.53968309129417,1413.6349654782575,0.08599499999999999,0.0012032925256141764,0.7840965495757058,0.8448694356953961,5.584171568683906,1.0484448652410556,2,low_nominal_training_snr;not_recovered_in_final_holdout,
7695962,4,13.694670940297419,1421.6247013115908,0.024499999999999997,0.002055218567808614,1.0247382344819103,0.9150834867616692,5.47941848015892,0.6680256575859028,2,low_nominal_training_snr;not_recovered_in_final_holdout;inconsistent_holdout_depth_signs,
77178716,1,16.283855735683623,1421.4380677185013,0.22931999999999997,0.028456260777853206,2.947287393544595,0.4653307515199631,39.03429183098857,2.0207247767349124,1,fewer_than_three_discovery_events;dominated_by_one_discovery_event;outside_initial_small_planet_radius_range;long_relative_to_circular_transit;insufficient_holdout_events,
77178716,2,12.403618071024407,1412.2918852185012,0.238875,0.004001919213961995,1.105268337725254,0.6689190567995231,9.645680627563753,0.4769618800986405,2,dominated_by_one_discovery_event;long_relative_to_circular_transit;not_recovered_in_final_holdout;inconsistent_holdout_depth_signs,
77178716,3,7.449821203847678,1413.2758227185013,0.29575,0.0029019641597983472,0.941194959439429,1.3200091727566168,9.28651571552083,1.1529996296058187,2,long_relative_to_circular_transit;not_recovered_in_final_holdout;inconsistent_holdout_depth_signs,
77178716,4,11.79678054823762,1418.9974477185012,0.22931999999999997,0.004249714914081772,1.138973104708424,0.7151877738424264,8.385797448818888,-1.181162797095637,2,long_relative_to_circular_transit;not_recovered_in_final_holdout;inconsistent_holdout_depth_signs,
7723060,1,7.53816668931211,1414.6321396757005,0.11465999999999998,0.002796512534579372,1.0971741677041924,1.6510209399748108,37.8688637427901,25.1816975082649,11,outside_nominal_optimistic_hz;long_relative_to_circular_transit,
7723060,2,7.543263031049334,1413.6247696757005,0.11465999999999998,0.002688064718796548,1.0756897964009102,1.6495338347627806,36.22565533923619,-6.964606315972125,8,outside_nominal_optimistic_hz;long_relative_to_circular_transit;not_recovered_in_final_holdout;inconsistent_holdout_depth_signs,
7723060,3,7.528067069259649,1411.1433571757007,0.11245500000000001,0.0031959032513479498,1.1729081405360937,1.6539749362440743,36.43893066910108,-7.91718888395989,10,outside_nominal_optimistic_hz;long_relative_to_circular_transit;not_recovered_in_final_holdout;inconsistent_holdout_depth_signs,
7723060,4,7.532880693518371,1417.1831233525766,0.11245500000000001,0.002942396149392483,1.125428115432343,1.6525658664786016,35.11549775843111,-3.59925901495631,11,outside_nominal_optimistic_hz;long_relative_to_circular_transit;not_recovered_in_final_holdout;inconsistent_holdout_depth_signs,
77289083,1,16.641528580487137,1421.880784726709,0.238875,0.003250364841263289,0.9898668218569985,0.4474173506028116,6.880226524017192,2.511390984495162,2,fewer_than_three_discovery_events;dominated_by_one_discovery_event;long_relative_to_circular_transit;low_nominal_training_snr;not_recovered_in_final_holdout,
77289083,2,18.799308087890736,1422.472284726709,0.238875,0.0023567270398687818,0.8428792343474304,0.38028975151386507,5.9810609062524716,0.9999570757466136,2,long_relative_to_circular_transit;low_nominal_training_snr;not_recovered_in_final_holdout,
77318593,1,9.375980660592896,1414.208209953181,0.29575,0.009078958148144196,2.424306443829775,1.5970706829343206,84.84930297916227,44.49749419372689,2,outside_initial_small_planet_radius_range;outside_nominal_optimistic_hz;long_relative_to_circular_transit,
77318593,2,9.391519690637562,1414.026209953181,0.29575,0.016612706535623658,3.279364609035545,1.5935483444812601,94.79424726575796,45.84689532403278,3,outside_initial_small_planet_radius_range;outside_nominal_optimistic_hz;long_relative_to_circular_transit,
77318593,3,9.403137708702703,1417.268084953181,0.29575,0.008954401953296231,2.407619219452734,1.5909236801730966,83.23736319415136,37.5703710811011,3,outside_initial_small_planet_radius_range;outside_nominal_optimistic_hz;long_relative_to_circular_transit,
77318593,4,9.364376982494655,1417.211209953181,0.29575,0.01844651951522553,3.4556259495204387,1.5997098647788945,86.04196070047124,59.06161141658665,3,outside_initial_small_planet_radius_range;outside_nominal_optimistic_hz;long_relative_to_circular_transit,
77340625,1,12.499054483802764,1413.6168934563823,0.29575,0.0032926924570155043,1.409846044739442,1.0719828216165246,39.97082316023762,9.605581515546643,2,long_relative_to_circular_transit,
77340625,2,15.047419630165358,1416.1648934563823,0.29575,0.003166144524440298,1.3824883283025624,0.8370305919075959,38.35691588690844,14.429420170890658,2,long_relative_to_circular_transit,
77340625,3,10.030821614399901,1413.7078934563822,0.29575,0.002946982871681507,1.3337821830215844,1.4373924675302978,32.165080949511285,12.876171033239157,2,long_relative_to_circular_transit,
77340625,4,10.032324211738478,1418.6218934563824,0.29575,0.0033689417710005332,1.4260766146535824,1.4371054262779022,32.927689868725764,17.68364643056828,3,odd_even_discrepancy;long_relative_to_circular_transit,
7739195,1,24.747636582404272,1418.2468582336305,0.29575,0.0019453242364663049,0.905456177041453,0.284430275875636,6.177425962191278,-0.3246855377590995,1,fewer_than_three_discovery_events;dominated_by_one_discovery_event;long_relative_to_circular_transit;low_nominal_training_snr;insufficient_holdout_events,
7739195,2,7.332883633417172,1414.7483632336305,0.04094999999999999,0.00270270553963677,1.0672614012079313,1.4398626669427592,5.777320155228851,-0.09554622489161048,2,low_nominal_training_snr;not_recovered_in_final_holdout;inconsistent_holdout_depth_signs,
7739195,3,18.383933114999163,1422.2517682336304,0.07643999999999998,0.0033720085386349653,1.192108459552454,0.42276875910806194,5.399618527952436,0.27646424226782956,2,fewer_than_three_discovery_events;dominated_by_one_discovery_event;low_nominal_training_snr;not_recovered_in_final_holdout,
78014053,1,25.03571326045342,1451.721435832151,0.29575,0.006421733963739944,1.5313617366170449,0.27799445071600554,9.000056935376122,,0,fewer_than_three_discovery_events;dominated_by_one_discovery_event;long_relative_to_circular_transit;insufficient_holdout_events,
78014053,2,7.4329552068428795,1441.5165441654844,0.031849999999999996,0.006429765575214153,1.5323190683367562,1.4035699589486648,5.508327851856775,,0,low_nominal_training_snr;insufficient_holdout_events,
78014053,3,8.694176877562354,1446.911175832151,0.03822,0.006640498995581504,1.557227247384232,1.1388804115911466,5.1168536142357235,,0,low_nominal_training_snr;insufficient_holdout_events,
78014053,4,8.395775575186441,1442.302654141345,0.024499999999999997,0.007669332830570851,1.6735181591915023,1.1931681639758407,5.06710982200512,,0,low_nominal_training_snr;insufficient_holdout_events,
78449800,1,12.489552576529455,1478.4923939794655,0.29575,0.0029781117217033103,0.7329750506755065,0.29837376816100575,5.969936590375593,1.2960181950381806,1,fewer_than_three_discovery_events;long_relative_to_circular_transit;low_nominal_training_snr;insufficient_holdout_events,
78449800,2,13.826876060607004,1471.5415106461323,0.02275,0.006447031003442899,1.0784464335560153,0.26052998819187545,5.3968221805898215,-0.3569728621566364,2,low_nominal_training_snr;not_recovered_in_final_holdout;inconsistent_holdout_depth_signs,
78449800,3,8.29882733671475,1468.8748314794657,0.170625,0.001979886643802239,0.5976389061152513,0.5145973056335281,5.259715911908429,-2.4156279598908137,3,long_relative_to_circular_transit;low_nominal_training_snr;not_recovered_in_final_holdout;inconsistent_holdout_depth_signs,
78823293,1,13.131687383487389,1478.8835974467165,0.17198999999999998,0.00302918145493786,1.2020048723886225,0.8726391413578557,7.134063637488688,,0,long_relative_to_circular_transit;insufficient_holdout_events,
78823293,2,17.051269618864445,1481.36200578005,0.024499999999999997,0.007031832561387903,1.8313773722499012,0.6160081249849312,6.236265637326295,,0,low_nominal_training_snr;insufficient_holdout_events,
78823293,3,17.005131642936753,1471.4607274467166,0.057329999999999985,0.003998864641186265,1.3810580553375353,0.6182375862985033,5.182144624904241,,0,low_nominal_training_snr;insufficient_holdout_events,
78823293,4,9.302467739788312,1477.0572274467165,0.057329999999999985,0.0035068207486062602,1.2933032447128348,1.381861463939009,4.994980109254325,,0,low_nominal_training_snr;insufficient_holdout_events,
79611981,1,14.210303130848686,1388.4739450099548,0.11465999999999998,0.00030173726678607457,0.2408972180983342,0.27089167308638856,6.963526004455995,0.9019339263119553,3,outside_initial_small_planet_radius_range;long_relative_to_circular_transit;low_nominal_training_snr;not_recovered_in_final_holdout,
79611981,2,16.07901164197758,1401.5681450099548,0.024499999999999997,0.0006976680051453621,0.36630404300778857,0.22974936109906113,6.093259130159921,-0.4058917243992015,5,fewer_than_three_discovery_events;outside_initial_small_planet_radius_range;low_nominal_training_snr;not_recovered_in_final_holdout;inconsistent_holdout_depth_signs,
79611981,3,4.228888610060792,1388.5804150099548,0.11465999999999998,0.00014860273990756787,0.16905604989675407,1.3634266670936905,5.90595548790834,0.6273256225830056,16,outside_initial_small_planet_radius_range;long_relative_to_circular_transit;low_nominal_training_snr;not_recovered_in_final_holdout;inconsistent_holdout_depth_signs,
79611981,4,5.125476580118295,1388.9471450099547,0.29575,0.00011453127795529844,0.14841553503923519,1.0550857900655255,6.7483285376605044,-0.07026096032603169,13,outside_initial_small_planet_radius_range;long_relative_to_circular_transit;low_nominal_training_snr;not_recovered_in_final_holdout;inconsistent_holdout_depth_signs,
80859893,1,10.858616259800888,1846.920045736024,0.17198999999999998,0.008287333520283185,1.1531318974889206,0.31714190092720507,11.293518877185491,0.9131899003611493,1,long_relative_to_circular_transit;insufficient_holdout_events,
80859893,2,6.171485576274701,1848.522765736024,0.05354999999999999,0.011214634281621375,1.341418015554105,0.6736484497061228,11.27302277880684,3.430662570974922,3,not_recovered_in_final_holdout,
80859893,3,2.9134442463325505,1844.072655736024,0.057329999999999985,0.0075595388193728805,1.1013344588653127,1.8326406846617238,11.363959872759127,-6.9478246944007855,6,outside_nominal_optimistic_hz;long_relative_to_circular_transit;not_recovered_in_final_holdout;inconsistent_holdout_depth_signs,
80859893,4,3.3822649901511905,1843.832415736024,0.057329999999999985,0.007898061257175524,1.1257237426343525,1.5020213254609986,11.105393541617236,2.5272366135818842,5,outside_nominal_optimistic_hz;long_relative_to_circular_transit;not_recovered_in_final_holdout,
81352708,1,12.569969275150413,1493.3253995696234,0.17198999999999998,0.0037399101124247704,1.3556269927848974,0.82682621559855,10.84876391972384,4.292791491919254,5,fewer_than_three_discovery_events;dominated_by_one_discovery_event;long_relative_to_circular_transit;not_recovered_in_final_holdout,
81352708,2,8.213334537433012,1494.9654470696235,0.238875,0.0016828762964966617,0.9093597390697349,1.4582562382708906,9.702798151414605,1.976415927003736,8,long_relative_to_circular_transit;not_recovered_in_final_holdout;inconsistent_holdout_depth_signs,
81352708,3,8.207437922895307,1492.7684795696234,0.17198999999999998,0.001765637663110701,0.9314518675778263,1.4596533132134035,9.216787555803618,-2.9456841307419532,7,long_relative_to_circular_transit;not_recovered_in_final_holdout;inconsistent_holdout_depth_signs,
81352708,4,13.673779539431056,1494.4535720696233,0.238875,0.001701957771188133,0.9145006442888264,0.7390521671543996,8.600807468185655,5.262880777393604,6,long_relative_to_circular_transit,
81506915,1,25.727443741785876,1791.0745511004661,0.29575,0.0028176892361395168,1.0375598679563474,0.2919563185060836,8.536784487319036,0.08062332505992714,1,fewer_than_three_discovery_events;long_relative_to_circular_transit;insufficient_holdout_events,
81506915,2,13.65451697037535,1803.8148981643938,0.22931999999999997,0.0025080321629370695,0.9788883717387479,0.6794303449045647,7.310437061533216,0.045868385256849206,2,long_relative_to_circular_transit;not_recovered_in_final_holdout;inconsistent_holdout_depth_signs,
81506915,3,11.183548847989057,1800.6003231643938,0.11465999999999998,0.0019858578010318183,0.8710452010301242,0.8866261637939653,5.691755689922737,0.013020466420345283,2,long_relative_to_circular_transit;low_nominal_training_snr;not_recovered_in_final_holdout;inconsistent_holdout_depth_signs,
81506915,4,20.69330664906608,1799.0123731643937,0.29575,0.0019500002872172195,0.8631453921277545,0.39030747633831836,6.491962850931831,-2.234330464570213,2,fewer_than_three_discovery_events;dominated_by_one_discovery_event;long_relative_to_circular_transit;low_nominal_training_snr;not_recovered_in_final_holdout;inconsistent_holdout_depth_signs,
82365136,1,17.96377016897256,1523.7803425191023,0.29575,0.004268850144367293,1.227149541283987,0.3888963989805282,7.00109954776014,,0,long_relative_to_circular_transit;insufficient_holdout_events,
82365136,2,17.73752731616982,1535.1844625191022,0.17198999999999998,0.005892154975034568,1.4417139982101488,0.3955242709793088,5.791827743999718,,0,fewer_than_three_discovery_events;long_relative_to_circular_transit;low_nominal_training_snr;insufficient_holdout_events,
82365136,3,6.735534057542903,1519.5805175191022,0.0315,0.006324523916549654,1.493674457005955,1.4383608703446236,4.755672464580635,,0,low_nominal_training_snr;insufficient_holdout_events,
82365136,4,7.956716933398598,1519.2708375191023,0.03822,0.006811191532964713,1.5500781024844001,1.1518219870749098,4.983812145606744,,0,low_nominal_training_snr;insufficient_holdout_events,
8347680,1,14.466075480791437,1972.6224763034568,0.238875,0.005945574060689487,1.0019762921692863,0.23579246863803943,8.858314943439021,-1.814006359618573,1,dominated_by_one_discovery_event;long_relative_to_circular_transit;insufficient_holdout_events,
8347680,2,15.189658483391671,1968.1691638034567,0.29575,0.004321672658375282,0.8542529424957949,0.22093620288495533,8.299961206748597,5.2707334712731955,2,fewer_than_three_discovery_events;dominated_by_one_discovery_event;long_relative_to_circular_transit,
8347680,3,12.09342560972204,1963.9376638034569,0.29575,0.0024778188670614835,0.6468377040418349,0.29940918226403157,6.078717984543396,2.242461752039466,1,long_relative_to_circular_transit;low_nominal_training_snr;insufficient_holdout_events,
8347680,4,5.13886497596426,1962.8115388034569,0.29575,0.0018240332399600823,0.5549794770212472,0.937219442653956,5.6138906955850745,0.08403122646902715,3,long_relative_to_circular_transit;low_nominal_training_snr;not_recovered_in_final_holdout;inconsistent_holdout_depth_signs,
8527476,1,9.223508746413195,2017.5847596455912,0.03822,0.005954246492260683,1.0111328929420353,0.4307315526373197,5.245281996946995,-0.6330650706400202,3,fewer_than_three_discovery_events;low_nominal_training_snr;not_recovered_in_final_holdout;inconsistent_holdout_depth_signs,
8527476,2,5.663186719899342,2013.5024996455911,0.03822,0.003457386332948112,0.7704931628563554,0.8253795998086989,4.658399192628541,-0.7015194547494844,3,low_nominal_training_snr;not_recovered_in_final_holdout;inconsistent_holdout_depth_signs,
85462495,1,5.925378175725616,1987.450679514968,0.29575,0.0014488123745121705,0.5611170038887936,1.251602481269619,8.398201314066876,4.965464541954124,4,long_relative_to_circular_transit;not_recovered_in_final_holdout,
85462495,2,5.8804397838501075,1985.858179514968,0.29575,0.001243339235440723,0.5198070621847425,1.264371711933398,6.765376243415718,-1.5336690769012509,4,long_relative_to_circular_transit;low_nominal_training_snr;not_recovered_in_final_holdout;inconsistent_holdout_depth_signs,
85462495,3,5.991438724261609,1989.259304514968,0.29575,0.0012214690961157343,0.5152151179465768,1.2332364454272435,6.333316363884974,-1.686133841903184,4,long_relative_to_circular_transit;low_nominal_training_snr;not_recovered_in_final_holdout;inconsistent_holdout_depth_signs,
85462495,4,10.764603524399408,1989.8053045149682,0.29575,0.001454028389868868,0.5621261633319478,0.5646211321478981,5.622237029548315,-2.1785673353771844,2,long_relative_to_circular_transit;low_nominal_training_snr;not_recovered_in_final_holdout;inconsistent_holdout_depth_signs,
85536691,1,23.792396063741275,1829.3736165503246,0.16562,0.002905878269783468,1.2067190184616117,0.35214615046588144,8.584211468833562,0.4156272127536533,1,fewer_than_three_discovery_events;dominated_by_one_discovery_event;long_relative_to_circular_transit;insufficient_holdout_events,
85536691,2,13.370263740128141,1816.3485590503246,0.170625,0.0012420113332603994,0.7889150265685413,0.7593707896724597,6.118467573728207,1.6802041217742307,4,long_relative_to_circular_transit;low_nominal_training_snr;not_recovered_in_final_holdout,
85644939,1,11.71091874190753,1659.3880178326783,0.29575,0.005034759053025958,0.9530332327004444,0.39619759996949305,9.169060345924752,-1.4991560569914757,2,long_relative_to_circular_transit;not_recovered_in_final_holdout;inconsistent_holdout_depth_signs,
85644939,2,5.612053104451359,1658.5917678326782,0.29575,0.0035605538574906854,0.8014519296473144,1.0565030810993468,8.432523942139944,3.48451162839184,4,long_relative_to_circular_transit;not_recovered_in_final_holdout,
85644939,3,3.936643453353052,1659.1718928326784,0.29575,0.0031451988684011016,0.7532562686279305,1.6951118289366016,7.428163193358215,-1.8489003001383144,5,outside_nominal_optimistic_hz;long_relative_to_circular_transit;not_recovered_in_final_holdout;inconsistent_holdout_depth_signs,
85644939,4,10.028633051126471,1666.1788928326782,0.29575,0.004493629394327131,0.9003623480149949,0.4872039599364756,6.9148012327449875,-0.7497391326586457,2,fewer_than_three_discovery_events;dominated_by_one_discovery_event;long_relative_to_circular_transit;low_nominal_training_snr;not_recovered_in_final_holdout;inconsistent_holdout_depth_signs,
8589633,1,6.2964103249656755,1957.520402293926,0.29575,0.0032822218268233456,1.088546036062464,1.5793306590754645,7.641512700774045,-0.2807912683131375,4,outside_nominal_optimistic_hz;long_relative_to_circular_transit;not_recovered_in_final_holdout;inconsistent_holdout_depth_signs,
8589633,2,15.92510451626787,1956.4138422939259,0.16562,0.007595657175809897,1.6559434952169563,0.4583044151542602,6.936144237120678,0.0,0,dominated_by_one_discovery_event;long_relative_to_circular_transit;low_nominal_training_snr;insufficient_holdout_events,
8589633,3,22.785216863901468,1958.663589793926,0.238875,0.004885268332486931,1.3280274369632634,0.28426684379441486,6.081593797475358,4.130370905209474,1,long_relative_to_circular_transit;low_nominal_training_snr;insufficient_holdout_events,
8589633,4,14.757503524554865,1960.290214793926,0.238875,0.00406100905783583,1.2108206390816463,0.5072786316205119,6.113193106338309,-0.9846048140499895,2,long_relative_to_circular_transit;low_nominal_training_snr;not_recovered_in_final_holdout;inconsistent_holdout_depth_signs,
86231879,1,25.686608316542085,1858.062726328676,0.29575,0.0050018645463022,1.7299261729441957,0.4232237588572626,18.141895632954693,1.0053677998425568,1,fewer_than_three_discovery_events;dominated_by_one_discovery_event;long_relative_to_circular_transit;insufficient_holdout_events,
86231879,2,11.901811522171167,1851.6301638286761,0.238875,0.0019687171141195437,1.0853086500886937,1.1803975515068212,10.790450816468237,1.6501002379654628,1,long_relative_to_circular_transit;insufficient_holdout_events,
86231879,3,20.604891926741985,1856.4477038286761,0.124215,0.004552501363775842,1.6503902465408693,0.5678303524185392,9.324447046941687,0.6470608889795465,1,fewer_than_three_discovery_events;dominated_by_one_discovery_event;insufficient_holdout_events,
86231879,4,21.216918949012626,1861.981413828676,0.238875,0.0021365286447174578,1.1306181839384193,0.5460963848093221,9.465896164769896,-0.17992306496281377,1,fewer_than_three_discovery_events;dominated_by_one_discovery_event;long_relative_to_circular_transit;insufficient_holdout_events,
86231880,1,12.945997799235217,1842.8145433670634,0.238875,0.004133836524239576,1.537568070178821,0.8559764875193681,16.093434907935222,10.575385076879877,1,long_relative_to_circular_transit;insufficient_holdout_events,
86231880,2,7.778342807201951,1844.3601306155765,0.238875,0.0028385308986398606,1.2741029335254133,1.6883394481203107,15.962993702686228,14.01188135753106,2,outside_nominal_optimistic_hz;long_relative_to_circular_transit,
86231880,3,7.76685841509832,1847.5110056155766,0.238875,0.003266237756384806,1.366726452110809,1.6916688644658016,14.498789905874494,8.511516727977272,1,odd_even_discrepancy;outside_nominal_optimistic_hz;long_relative_to_circular_transit;insufficient_holdout_events,
86231880,4,9.831153700824949,1844.4056306155765,0.170625,0.003243177063892,1.3618931409349975,1.2354823891870421,13.320316027191968,1.2384145987113828,1,long_relative_to_circular_transit;insufficient_holdout_events,
86265580,1,5.076582606871272,1844.552561404181,0.124215,0.007419291152517326,1.476707386782718,1.7539908756135105,32.80730009360821,-9.093311404824991,3,outside_nominal_optimistic_hz;long_relative_to_circular_transit;not_recovered_in_final_holdout;inconsistent_holdout_depth_signs,
86265580,2,5.078608088173871,1843.3463564041808,0.11245500000000001,0.0075010190182567636,1.484818511948719,1.7530582212350079,30.9275734169918,11.046690278877525,4,outside_nominal_optimistic_hz;long_relative_to_circular_transit,
86265580,3,5.078587192904378,1846.338891404181,0.124215,0.006800958900227168,1.4138336546911372,1.753067838253205,29.753178794064308,10.089056142534162,3,outside_nominal_optimistic_hz;long_relative_to_circular_transit,
86265580,4,5.076576099638167,1844.251123904181,0.09554999999999998,0.0079650554870184,1.5300571157291152,1.7539938733373588,29.795485533048005,-8.589192947556041,4,outside_nominal_optimistic_hz;long_relative_to_circular_transit;not_recovered_in_final_holdout;inconsistent_holdout_depth_signs,
86273642,1,6.96059756044429,1846.69894618224,0.29575,0.015752418600938907,2.3435990873840695,1.42818803853327,64.4610206075601,-55.817161040742825,3,odd_even_discrepancy;outside_initial_small_planet_radius_range;long_relative_to_circular_transit;not_recovered_in_final_holdout;inconsistent_holdout_depth_signs,
86273642,2,6.9742108126577165,1843.85519618224,0.29575,0.01582238848115266,2.3487982780520937,1.4244722620878834,63.428612595682964,35.61815542155378,2,outside_initial_small_planet_radius_range;long_relative_to_circular_transit,
86273642,3,6.9483172383693255,1845.25432118224,0.29575,0.017323763952649944,2.4577110774024935,1.4315545655547472,65.16792693471253,24.767131073324634,2,outside_initial_small_planet_radius_range;long_relative_to_circular_transit,
86273642,4,6.961362906341793,1847.97294618224,0.29575,0.0188114376435224,2.5610655353154415,1.4279786853090903,67.00333345874932,-60.91949911180409,3,odd_even_discrepancy;outside_initial_small_planet_radius_range;long_relative_to_circular_transit;not_recovered_in_final_holdout;inconsistent_holdout_depth_signs,
86339165,1,12.015370717784414,1852.3381155421678,0.057329999999999985,0.0027423365774793345,0.9835635206846336,0.8329761093986453,7.561593171199204,0.9416629873349566,5,not_recovered_in_final_holdout,
86339165,2,7.940827287548874,1848.4410405421677,0.05095999999999999,0.0026177018292104313,0.96095294683242,1.4469752801894562,7.144697389157236,-0.7971637078968568,6,not_recovered_in_final_holdout;inconsistent_holdout_depth_signs,
86339165,3,22.063495600372857,1851.0386355421676,0.11465999999999998,0.0021999290155637376,0.8809400781883592,0.37043870010357227,7.172611150419657,-0.20993480930692743,2,long_relative_to_circular_transit;not_recovered_in_final_holdout;inconsistent_holdout_depth_signs,
86339165,4,7.840333690582638,1844.9243455421677,0.29575,0.0009878832365396264,0.5903299842675762,1.471756794599082,7.282663271580973,1.3902067882984546,8,long_relative_to_circular_transit;not_recovered_in_final_holdout,
86378567,1,12.81524860448343,1845.5044910738409,0.29575,0.0024027315687630392,0.9474133091883232,0.6582141539659957,6.039487213726216,-0.6363713685030467,1,long_relative_to_circular_transit;low_nominal_training_snr;insufficient_holdout_events,
86378567,2,26.324536593038996,1857.124053573841,0.238875,0.0042459586372489986,1.25943202869052,0.2520706519435645,5.790719348002233,0.0,0,fewer_than_three_discovery_events;dominated_by_one_discovery_event;odd_even_discrepancy;long_relative_to_circular_transit;low_nominal_training_snr;insufficient_holdout_events,
86378567,3,11.39001760127071,1843.301153573841,0.08599499999999999,0.003534864593322376,1.1491408022390799,0.7702601041786192,5.418205425714572,0.1842786103636982,1,low_nominal_training_snr;insufficient_holdout_events,
86378567,4,10.593921453394113,1849.1748244071744,0.017499999999999998,0.009570274566430411,1.890815061003964,0.8483875099549066,5.90056363884019,0.0,0,fewer_than_three_discovery_events;dominated_by_one_discovery_event;low_nominal_training_snr;insufficient_holdout_events,
88722227,1,12.143483913716215,1873.2296217870637,0.29575,0.002553037222479605,0.6896872130305151,0.33327666604934303,6.295950545337078,0.0,0,long_relative_to_circular_transit;low_nominal_training_snr;insufficient_holdout_events,
88722227,2,6.664941094812744,1876.4525384537303,0.024499999999999997,0.007167130493006919,1.1555699951314964,0.7416532257918756,6.0532126371551795,-0.42532895982295765,1,low_nominal_training_snr;insufficient_holdout_events,
88722227,3,8.431755611340021,1870.5867717870635,0.049980000000000004,0.004923011756032146,0.9577210592777379,0.5420491031245153,5.456510178953167,-0.5869540340305675,1,low_nominal_training_snr;insufficient_holdout_events,
88722227,4,4.528852117308214,1874.5002000266745,0.03822,0.004672470191856283,0.9330327124052457,1.2414954274412675,5.3910604481880595,1.4111748961399135,2,low_nominal_training_snr;not_recovered_in_final_holdout,
88780524,1,7.043588791567276,1990.780183116145,0.29575,0.006250789935236701,1.7784770292874201,1.7467181782338037,25.062762617549218,8.56453183663883,4,outside_nominal_optimistic_hz;long_relative_to_circular_transit,
88780524,2,7.023918516735867,1993.6466831161451,0.29575,0.005722208751066266,1.7016202951288901,1.7532433969216976,22.825352138405222,-7.500588971824948,4,outside_nominal_optimistic_hz;long_relative_to_circular_transit;not_recovered_in_final_holdout;inconsistent_holdout_depth_signs,
88780524,3,7.00086707821888,1989.540308116145,0.29575,0.005148145440235285,1.6140099657721463,1.760944718175422,23.521791233162475,-0.27252126146524086,4,outside_nominal_optimistic_hz;long_relative_to_circular_transit;not_recovered_in_final_holdout;inconsistent_holdout_depth_signs,
88780524,4,7.043960218891633,1992.1679331161452,0.29575,0.005767103846067392,1.7082825080932904,1.7465953736111302,23.0725139320272,8.383787528593238,4,odd_even_discrepancy;outside_nominal_optimistic_hz;long_relative_to_circular_transit,
89032185,1,12.676521171826034,1985.237959683214,0.238875,0.0017718674611962937,0.8319702158416269,0.7238287320429806,7.670748054358335,0.5660491170515892,4,long_relative_to_circular_transit;not_recovered_in_final_holdout;inconsistent_holdout_depth_signs,
89032185,2,13.042954156922244,1993.416584683214,0.238875,0.0018237011468311155,0.8440516015018364,0.6968425199394105,7.3159210815791695,-5.0167693164524,4,long_relative_to_circular_transit;not_recovered_in_final_holdout;inconsistent_holdout_depth_signs,
89032185,3,6.554446724637017,1985.948897183214,0.29575,0.0010647996481741864,0.6449500965706012,1.744166266362192,6.699878603886577,-0.3139426541422053,8,outside_nominal_optimistic_hz;long_relative_to_circular_transit;low_nominal_training_snr;not_recovered_in_final_holdout;inconsistent_holdout_depth_signs,
89032185,4,6.327075934197982,1988.539212183214,0.16562,0.0011725019507321827,0.6767822339271963,1.8282343767002822,5.385089034764775,-0.6879911302534109,8,outside_nominal_optimistic_hz;long_relative_to_circular_transit;low_nominal_training_snr;not_recovered_in_final_holdout;inconsistent_holdout_depth_signs,
9069250,1,13.547314545377743,1941.2353105488548,0.29575,0.0032431356516199003,0.8892670126001837,0.36727180339132126,5.292800696591278,2.559283950181222,1,long_relative_to_circular_transit;low_nominal_training_snr;insufficient_holdout_events,
91924437,1,13.702968972186248,1471.6692536243609,0.29575,0.004719262419231014,0.8476744534806827,0.25922928117126603,11.421179718798554,0.4565361875241516,2,fewer_than_three_discovery_events;dominated_by_one_discovery_event;long_relative_to_circular_transit;not_recovered_in_final_holdout;inconsistent_holdout_depth_signs,
91924437,2,10.805670834063624,1471.6718786243607,0.24499999999999997,0.002386134397031058,0.6027531405781009,0.3558235129236351,8.16071201088805,0.7893881680634055,2,long_relative_to_circular_transit;not_recovered_in_final_holdout;inconsistent_holdout_depth_signs,
91924437,3,11.548749422122473,1475.1700236243607,0.057329999999999985,0.0043698475718345646,0.8156900700538958,0.3256294508867915,7.2669121780868755,-0.66779236884014,2,not_recovered_in_final_holdout;inconsistent_holdout_depth_signs,
91924437,4,7.1694117316287125,1469.2520661243607,0.08599499999999999,0.002792589277512055,0.6520720185365417,0.6148826778311889,6.366532742791326,0.5368007443732894,2,long_relative_to_circular_transit;low_nominal_training_snr;not_recovered_in_final_holdout,
9200076,1,6.9892286698862005,1823.153540713889,0.024499999999999997,0.01279815504284032,1.7171256338794836,0.8032321521115394,5.641903901471713,-1.2250399846821154,2,low_nominal_training_snr;not_recovered_in_final_holdout;inconsistent_holdout_depth_signs,
9378238,1,4.655350099698846,1902.7515482347992,0.124215,0.004082298725509628,0.9558429595471833,1.4829352582683932,14.625746164325887,4.968200638781332,2,long_relative_to_circular_transit;not_recovered_in_final_holdout,
9378238,2,4.659058010862418,1902.6155032347992,0.088725,0.005454045674043716,1.1048251203111692,1.4813618750609623,13.789896027202616,9.513047274364828,2,long_relative_to_circular_transit,
9378238,3,4.867756474428559,1901.4502482347993,0.124215,0.004038284352489346,0.9506761593820198,1.3972910043840556,12.61257138572059,5.050330689006713,2,long_relative_to_circular_transit,
9378238,4,7.082742489059934,1904.9755882347993,0.088725,0.005292315977964987,1.0883210715455687,0.8474681480241608,12.49711197929645,10.939986696435474,2,long_relative_to_circular_transit,
94933725,1,11.615705645037364,1630.7409528247993,0.17198999999999998,0.005007303546753126,1.1204269583413184,0.42208699275944905,7.116419563126998,-1.1913260159400965,5,dominated_by_one_discovery_event;long_relative_to_circular_transit;not_recovered_in_final_holdout;inconsistent_holdout_depth_signs,
94933725,2,8.296315120989673,1635.4724978247991,0.027299999999999998,0.008408931394212142,1.451951115140006,0.6611232748437884,5.910927639362152,0.02677912967134529,5,low_nominal_training_snr;not_recovered_in_final_holdout,
94933725,3,7.339544975351743,1634.5567578247992,0.024499999999999997,0.00862891036363141,1.470820142543889,0.7784617020249595,5.376754055660066,0.3885617185197561,5,low_nominal_training_snr;not_recovered_in_final_holdout;inconsistent_holdout_depth_signs,
9825486,1,14.07776387660631,1992.4165504434675,0.238875,0.0014364232543553179,0.7035641838079572,0.6080983713061924,6.189349692824529,-0.7250776829870288,2,long_relative_to_circular_transit;low_nominal_training_snr;not_recovered_in_final_holdout;inconsistent_holdout_depth_signs,
9825486,2,6.399538462564935,1989.6353629434675,0.29575,0.000954013508423145,0.5733763441296731,1.73975143829472,6.07792222560871,0.7783342380106429,4,outside_nominal_optimistic_hz;long_relative_to_circular_transit;low_nominal_training_snr;not_recovered_in_final_holdout,
9825486,3,6.359705175220965,1988.3727379434674,0.17198999999999998,0.0012024622256549399,0.6437218196706919,1.7542955633728747,6.029908409892823,-0.8020377605000745,4,outside_nominal_optimistic_hz;long_relative_to_circular_transit;low_nominal_training_snr;not_recovered_in_final_holdout;inconsistent_holdout_depth_signs,
9882031,1,3.035109108536979,1844.903447745332,0.29575,0.0029119228643809973,0.7012138450874095,1.891320606508639,12.17197893747554,0.4456793788762014,7,outside_nominal_optimistic_hz;long_relative_to_circular_transit;not_recovered_in_final_holdout;inconsistent_holdout_depth_signs,
9882031,2,3.1764830119412593,1844.3517602453321,0.170625,0.002649018503721824,0.668810442120735,1.7799269647038993,5.80453074398313,2.3960741424516647,6,outside_nominal_optimistic_hz;long_relative_to_circular_transit;low_nominal_training_snr;not_recovered_in_final_holdout,
9882031,3,7.6430086843654115,1842.887342745332,0.22931999999999997,0.002631167264683718,0.666553138718371,0.5520500171331307,5.557919869585183,-1.3759027835063848,2,long_relative_to_circular_transit;low_nominal_training_snr;not_recovered_in_final_holdout;inconsistent_holdout_depth_signs,
9882031,4,7.588324656070432,1845.34173827617,0.03822,0.005948029391901213,1.00218316283448,0.5573607227422205,6.03755398076028,0.8995194826614753,2,low_nominal_training_snr;not_recovered_in_final_holdout,
99329966,1,13.444306559591025,1722.7540724775167,0.29575,0.002549143946929682,0.766347187947832,0.3941006378545964,6.18618595794716,-1.775255139815626,4,dominated_by_one_discovery_event;long_relative_to_circular_transit;low_nominal_training_snr;not_recovered_in_final_holdout;inconsistent_holdout_depth_signs,
99329966,2,17.19188909168076,1718.78565581085,0.024499999999999997,0.004935754440435545,1.0663632275765373,0.28394019686675154,4.4740776848236985,-3.3924024765901266,5,low_nominal_training_snr;not_recovered_in_final_holdout;inconsistent_holdout_depth_signs,
99505950,1,13.206877966451833,1816.3543873173599,0.29575,0.0014154175778064845,0.7805657318078519,0.8761215595220432,9.41432030977279,0.0,0,odd_even_discrepancy;long_relative_to_circular_transit;insufficient_holdout_events,
99505950,2,18.26961728515147,1821.9851208833952,0.29575,0.0009382521845881115,0.635516719758051,0.5684060010100991,6.443835842694005,0.0,0,dominated_by_one_discovery_event;long_relative_to_circular_transit;low_nominal_training_snr;insufficient_holdout_events,
99505950,3,13.199280373277285,1829.0629958833954,0.18374999999999997,0.0018920674443580132,0.9024756549841491,0.876794025847501,5.069115181296022,0.0,0,fewer_than_three_discovery_events;long_relative_to_circular_transit;low_nominal_training_snr;insufficient_holdout_events,
99540776,1,12.916897656241924,1816.343069330041,0.29575,0.0012422326047400994,0.8544133474479407,0.9238524941020266,11.40041919382822,0.0,0,long_relative_to_circular_transit;insufficient_holdout_events,
99540776,2,12.25279422648274,1817.13254217277,0.03266666666666666,0.0016554891253149741,0.9863470008101348,0.9912124317855888,5.734737516269842,-1.3569452052418085,1,low_nominal_training_snr;insufficient_holdout_events,
99540776,3,22.279025479992352,1837.0212921727698,0.017499999999999998,0.0029712772071272503,1.3214117004357635,0.4466342325562559,5.444636972827885,-2.3400255628401085,1,fewer_than_three_discovery_events;low_nominal_training_snr;insufficient_holdout_events,
99540776,4,11.563871301939955,1819.92947967277,0.238875,0.0005356682408906366,0.5610667230435893,1.0707200310277587,5.466676994585607,-0.9180592862417631,1,long_relative_to_circular_transit;low_nominal_training_snr;insufficient_holdout_events,
