tic,status,period_grid_searched,sectors,points,discovery_points,holdout_points,tmag,distance_pc,source_sha256
10149468,screened,True,2,5860,3337,2523,13.52,27.93,6e4792c74bd68526d590a46964935abacba696a4a17f580aa7dcdd0265c0b8d4
101717144,screened,True,4,10618,5668,4950,13.08,28.09,92d0cf2f04c96b68a2646f13a29b9e077489e66a504527895ddbfedc7455ebb2
102678706,screened,True,5,16131,6837,9294,13.52,34.46,ed889e845cb6d9e665c050f228ad189c70001632811620664c9d619ad8660545
102903258,screened,True,6,19366,3866,15500,11.99,25.63,b7189dc0714211ccede19822a0ac6d5b151559fb5b44560ed05aefe12da9431f
103199821,screened,True,5,16360,6695,9665,13.1,31.41,0b23c4e5f62edd34760e13439b27265a4181acee67151128aef4123cef489791
103245015,screened,True,4,12823,6549,6274,12.71,11.65,e8007a410b6f6ea278087f7be593d92bf66cf72d4a5213d021b9ec5e14bc2739
103298945,screened,True,5,15630,6276,9354,12.43,30.11,e9bfc460012f2d3bacc7f4f8f61c7984c12174ceb7af724b31da4006a2c58f78
103581155,screened,True,8,26235,7472,18763,11.49,16.06,2052de6cdbb22fbc374cd0f048f665a94190dec5e24f2d601319f2fe036279f6
103632048,screened,True,7,23960,7472,16488,11.7,17.17,3248c9a544dcb954711ba079b9ee3208aa514673c826003e6b28058c4ca5501a
105513234,screened,True,2,6683,3716,2967,13.65,29.76,db28aec6b2ca599aca5308b69b06dd51d74647e914e5d1c7c269d3dc50d22295
105577069,screened,True,2,6597,3703,2894,12.85,21.2,f527dd239ae1fcf3182da908db9cd4b085c2213f3da40c1a9d4e6675463b464a
106504397,screened,True,3,10131,3668,6463,12.76,16.91,972416c159a626a3f9d5f2ca270d29b2308231411578cd11dc7f346fc9ad33d5
113425376,screened,True,3,8893,3187,5706,13.95,28.58,b292e6ed4cf78ca7a8e5bafe7f3f7bbe4a927c14751d61d9e0dfb214a9c670f3
114504403,screened,True,2,5650,3140,2510,13.99,27.62,2475ebeb21627547fcac7ffd590f1fdcb4ba984ea9c88a5b4a4364f0fd6749d7
115172395,screened,True,5,14805,7763,7042,12.55,25.04,03bb21bbe641a1b25acd96418f17ee2e36f963e2af40c02e516bfb831abc48bb
115287939,screened,True,4,12514,7073,5441,12.48,29.62,96763aad10878f0a34d5f7a54ef57358d44bb54c2b8fff06280870d6f9bde305
115656691,screened,True,2,6057,3540,2517,13.77,20.96,fcac7036662486a429c9b177df5f830098cecceda6d70317cba96e9c5ea4d4dc
116244652,screened,True,5,17351,6826,10525,12.54,14.76,4976709d5c8c18b8a124dc979631e230f1027e8f0f9ba0079b5e9f16b8c08ef2
116281239,screened,True,4,9472,3040,6432,13.31,38.96,f72386652ed5be7c69e4247833fe619d8d036574323ee55bf53ce41ec166bfe4
116306164,screened,True,3,8523,3108,5415,13.28,34.95,ef5f74314a44c8b0eebfcc0febbafb11b707d5d241756ee2b7ebddebf7ad6fbc
117123283,screened,True,5,16059,12608,3451,13.96,31.31,8f1b14015f8be33dc88c58a78cc57cb8c61c20f3291380d631614d1e61f7b6d0
117489874,screened,True,2,6743,3870,2873,13.82,28.36,118b72b491355712ad827fc8c22275e48bfaa2b3d6b08744dd687a8a7b17e463
117817258,screened,True,3,8671,6065,2606,13.12,27.99,abb8213846cf2cc89ab35459add896259811502966fcb45caaa7d003d9589b4b
118539745,screened,True,3,8620,8620,0,13.85,40.69,bd6a8c02de9fb86d0944aec9fbbffe4351c840929cb2d86f27365e7780707579
11914170,screened,True,4,12552,5227,7325,13.38,30.28,d2898e2aa12658fd333c474c607e169e49af2aca88e635decd3243b36b52147b
120609299,screened,True,4,12772,3665,9107,13.34,24.44,498077b3bb75082b3b371cb93078adff5e7b43b7138dd08e6e16d602a5898514
121305264,screened,True,3,9337,3590,5747,13.33,22.41,be336a157f8004431c291d909629662281d6d2bafba70444c7dd857d74a77b03
121593546,screened,True,2,6854,3449,3405,13.95,30.99,788f9b40904c738dccdaf74a18a5991608ded1b182be129080950dcdfcdf3298
122136861,screened,True,5,18362,7464,10898,13.24,20.94,7dc0297672d09a0999aed04723b9c065abd98a2d6f6fccd203d1ec0181c1fcda
122669742,screened,True,6,20602,6283,14319,13.52,31.21,1d8c460077ddcd7f0c2fa0d93b7e9e9dc544e8f5f74a425c27ea760c7c03611b
122832965,screened,True,5,14360,8335,6025,13.19,27.6,4c4e8efd61869768678237dc6ad90be03b48e67bb22cd424b7f0f37fcb3fa768
123013596,screened,True,9,28071,8387,19684,10.49,15.55,a07826cdc856aef32f1ea223712c57e25782033e2245d83815d3a1711c6f4450
123096698,screened,True,2,6818,3432,3386,13.91,37.48,1a56af9aa7d7631f1c6f0ab03efa7e6f69c94f7efb79fa9a1af5919b21c9157e
123480394,screened,True,6,17754,5777,11977,10.58,7.99,979f71c6056c216e6e56d6ede2fb1b19b6053af0077e30ab8cc324aaa1313622
126319133,screened,True,4,12732,9286,3446,13.46,24.41,2023c35616331dcf3e448ca1481f60a1e2b60d6490bee63d5425d767c1b47e81
129365196,screened,True,4,12200,5759,6441,13.24,27.48,e42df865a4760789032ec4bdf14fbd69ad6b000b52a185dc3276923831d9dfb4
129810476,screened,True,4,12073,6605,5468,13.01,34.9,5b98aefd33f32348e5e908c87a9122cdcf65a5ca3acbce5068aeef9645b7a663
130093212,screened,True,4,12184,5767,6417,12.51,26.87,7860090585f8112c131ca900804639dbf14d8f806e3efdd6b1f0d96402a3c1ec
131799991,screened,True,6,18512,5987,12525,12.02,12.48,db806a3cd6b982c6c8496dd83c53f982f73cfbc90c484928dadcaae44c4f835f
132157954,screened,True,5,16472,7042,9430,13.72,27.99,1e3a0f6245ff8de8c3c9f9dc66de12066a9c1275e45208d6b22eb0f6f85e9db2
13238985,screened,True,3,8235,5225,3010,13.95,45.56,046da479100b0efc0e9658b24fc3eb186542a362942902192d9582433d1628a3
132767357,screened,True,5,14927,6037,8890,12.79,31.34,47eec7d98a41ae829a086b8aa30b810d9305f3fc773000bb7cc0a5b5fe310f15
13385270,screened,True,5,16458,7414,9044,11.79,23.6,da2ad4a8b03d0971271cd23d50103185ebffd34f51bf8f014fd0231b1c88ad7e
135140399,screened,True,2,5821,3187,2634,13.28,21.98,df08caae0352a0e57a84f40fe5b4f098cbe2226c2fff69204c1a589406ba63b4
136403599,screened,True,4,11760,5286,6474,12.72,27.37,f9456cc4e705f856cd34a99b6dfcbe063073bbf30f64aa094187e666f89a3ba6
136945631,screened,True,2,6750,6750,0,13.85,36.27,26aff48cb64b09f881694a21285ddcd999eb8e4fcce2f1f6bf56a2e04ddc4071
136995130,screened,True,3,9089,5912,3177,13.29,34.49,8f1d0e5ef0e063da2e7e5e3a84d8916309a3f03113bcd4e8a9583daa2b4c3415
137025855,screened,True,4,11234,5711,5523,11.39,12.19,9ae5f73e919bf979b0f0ec2f1b48b3f208350751281c14e3b6c7875fd6f3c73e
137158728,screened,True,7,23231,6893,16338,12.51,33.43,6ae0f40f6032f9ece3f2ee139238ab401a80acab1edacd5f9ba2c1bb6ed376e6
137499354,screened,True,6,19473,3866,15607,13.04,32.66,df7d088982443ea8c63a9e2d5845ef893916df5842db266639d4140cbacd8fbc
137605535,screened,True,6,20118,3866,16252,13.51,29.08,2d35fb9d264e2c377a110c7a9c2ca6896dabcb4e9842830074361c066fd332e3
137649696,screened,True,4,12526,7020,5506,12.08,15.58,3bad29361bb0d5d789eb40133e3514ad67a4e83b77dee101a6f0f7c57623504a
137726810,screened,True,5,16258,6185,10073,13.33,29.23,b5bb435635a5b346dd0205782e3ebba0e81409bf6ca5a72a627ef1bf4acbc7d2
137729107,screened,True,6,18192,6180,12012,11.99,17.05,a789d25cbf61a94cdafbdd83f8e7dfe6639c4e8169772859a2f02926056ddf92
137833304,screened,True,3,8872,3310,5562,13.77,46.6,a8273da76909f3947dd43d251070433583f5f1562b6e05c76ed81481724ac8b3
138073313,screened,True,6,20420,6830,13590,13.86,36.4,5401f66f2c071c2d3203190e0b1ff5ac0f2688f5bdc4e7dfb9b4fb5687e15c2c
138471034,screened,True,8,25550,6747,18803,12.13,27.86,1366f19f9eb9aa52048a902b3384d060f3fc914b31306b8208cfff921d1634a4
138560336,screened,True,5,16682,6445,10237,13.85,29.09,f7f7e91ef17f04fcb3b19b1f4e76ea6e05567e970fa179606098c555d8ab8b77
138579249,screened,True,5,15904,6399,9505,13.83,37.0,c19d6b334a0166c77a643c2df3c206b66e8763793d662ff9ddae64a0f6d2a765
138618648,screened,True,5,16115,6473,9642,14.0,49.93,796d10cb41d2a3a07193a9a0f48baaad99147e7f1441703c6ae1f7c1c7eb8c9e
138649216,screened,True,5,16826,6414,10412,13.16,32.71,2e37ff556132d43cfc04d01bf415f49c891717806f06d12bae82dcd3962aa88c
13955081,screened,True,4,13002,6696,6306,13.29,29.55,1e85e0a7e9b1a11d49f18b0c57bf8e90403f0851ff524488f3c1459e651140b5
139693738,screened,True,6,18214,6492,11722,13.02,32.86,23e8f9bc0496f326072f9cc1ec753513a4c61ca6f9af8e18e600a2edd224c0f2
140689204,screened,True,18,55621,27737,27884,13.9,36.23,f30522be83771704edc8280758fb72e8ff1c1ee1fdda5074394b80e39e18f299
141029712,screened,True,18,57588,27832,29756,11.54,27.04,21711256cf8ec682549a5891ef4cbdd66248e9cadc90b9dd28040b7fee335ced
141154638,screened,True,18,59845,31744,28101,14.0,25.9,95ecc0a1ac780c5797a0d10bc416e04660783d38eee1b9834ae46a582c4047a1
141209440,screened,True,4,11352,5403,5949,14.0,36.22,6fea56c7385387c2e6d9a07aa7405498cde25a9749ddf1884c182aa9692391ee
141247467,screened,True,6,15215,5465,9750,11.59,25.03,176dbba309e0a393c162eff5b8ba0f53701b22b83f86873f3e3407a61f0c4eff
141433914,screened,True,7,22907,6553,16354,12.94,32.07,92b0e9fdf6b1322e438efb95f171636836b24200525a4d8209fc0a0b8a50e0ca
141676416,screened,True,8,25936,6786,19150,12.48,26.84,f3b70d205505aa1712dc25e6870d84ba1c766cabee403f99d195c546a05bdc08
141821609,screened,True,5,15047,6495,8552,12.59,26.17,03f9fd8a2e9887c153f5bac24752038860d365f22f121c63b6687da372132a25
142086812,screened,True,18,57363,27721,29642,8.2,8.84,12015edde73eddfd75ff63f6d2f258078268086899cfd2e3e90dfc9a5fbe293c
142086813,screened,True,18,57470,27815,29655,8.97,8.84,fa6d7cac13d5aa8ca6e0e6f30464d639c8afac7eb4616b9e282e2daf89133106
142319503,screened,True,7,22187,6635,15552,13.3,33.66,ad29b3d12b51bbc2ef8c1f5f26c3a3ddda4d1d489b44a43b5bbeb65b2e3a1198
142439770,screened,True,7,23351,7106,16245,13.46,35.85,c99435f88b17d3b8dfbae38b3be9ce3fe259b92fc297d6ecbc0f6c69edca1c0f
142439883,screened,True,7,23159,7096,16063,8.86,11.87,471b9e5e9c358637512f751a0792e0bf87dfc677d0ef15b70e0d9ddca5bb0bf5
142442450,screened,True,7,22991,7174,15817,12.61,29.39,f62a2965befa93fa6bfd18a0569a5f2ffefe3a61ed6e2f2f34d76fd334b7637e
142563406,screened,True,8,27033,7156,19877,12.31,33.82,a7001188b8d5403960fa5d1f9b190b2756cd0bdc7492a568174aac64e4903afa
142738700,screened,True,7,23768,7249,16519,10.64,18.35,f546259eba5e1904918f4ddec117703825606309ab0187c5bcf747987f3c6926
142808731,screened,True,5,15863,6208,9655,12.5,30.86,7212ef1130148cf0e5f2e96ab97eff6812bb45b5491e5af220ce70b0f619bc3f
142940412,screened,True,5,16680,6468,10212,12.01,17.53,d5c8e2db27efce7bb6afa5ffffb54a1df336dec2b74e990ff75a7ef8dba987c2
142963210,screened,True,7,22160,6885,15275,10.42,15.45,1871a56e5a281e4d01188f4e9c944473640f6cbcbb271368636e81cdabf06b88
142979644,screened,True,8,25088,6865,18223,11.62,17.38,f36fe967bf2616237bf2e4a65fc1fb93505b5c2c2db79691931b48ad63d267b9
142980026,screened,True,4,13423,6311,7112,13.43,35.73,f9861626c742c568dd85645edc1f4211f4e73a915f06cf0e7af15492d151426c
143394037,screened,True,6,18123,6340,11783,13.32,36.96,b963e1e0dc22d59fb3f17f1116978fa043ea49627b78461f2d54c7efea1dc83c
144143255,screened,True,3,9583,6294,3289,13.05,35.08,cd8002a7caaa5b1e5a350e4cfc0b13000f613792c03fea79f155b4942f86fbb6
144654557,screened,True,6,18794,7158,11636,11.08,14.56,9fa93a17db3d7b498e3d8624e7bfc83e4faeb68f521bd3a14b8b2b274ecdc5b1
145284936,screened,True,5,14850,6002,8848,13.49,36.38,29d26ec4d2f823651d7ca1b7565fe86dffd111ff76be0ac3b59f54189a5a7867
146428154,screened,True,4,12589,5874,6715,13.43,25.48,223f72dc2b4048a6a234cd574f977a9f91178a9a98f210599a4f6bf51ea452d0
146730512,screened,True,4,12062,6582,5480,13.68,41.16,2c81e191bf56eec3486cb00b5a1b53a4446bf9bcba2a1c5291b32258c436472c
146837940,screened,True,4,12573,5846,6727,12.84,29.76,fdf145ae309f4e9a373d284b348a084d5daff9d5b399fa7fe864a37002c8f2fa
147207061,screened,True,4,12197,3659,8538,12.75,16.91,3ed862a35adb8b333afe807e9c77c188d027c3c06553100e747e68c9b8e6a36c
147671245,screened,True,6,20430,7076,13354,13.78,37.93,676b1103eb85c568e61d1399490bc3d590b3f2e7b2d29f3a1e7b07ba9a452793
147680159,screened,True,6,19997,6930,13067,11.5,24.91,d51b981ae27f1c876114d3425e664d56afbb6f5d1a2a5f2b62c73a39941e403e
147948928,screened,True,2,6067,6067,0,13.72,38.5,4aabd57ae71029e45e5f6a52b54141e8ff233b2fcf386964306e2b9cae84ec82
148359442,screened,True,3,9178,3573,5605,13.46,20.69,5a1a27e0afc2076c15af9f151b427c007fd73477ea8bb86d99421edec7662a8d
148497173,screened,True,3,9226,3147,6079,13.77,27.91,447052ef8a2850b38b36812080d5c09258e55900fa89e2cc32b9b60dc6dcddd1
148781504,screened,True,4,11034,5042,5992,13.98,46.6,7d2b174a592d4d684868f9b02a41c8043662b3d329eae4b35e963ff24e85fb5e
148909368,screened,True,6,20426,6587,13839,10.28,19.56,b2bccb05ad161368c1d266f275af43949f52ad494e5fc9a6d7eba36a5a3535c1
148968978,screened,True,7,23672,6856,16816,12.24,23.18,9c9015af7490d98a2f706d8f57e12236e9f885101b70849a2428b0622f3fe983
148969057,screened,True,6,20107,6820,13287,13.79,39.12,e87406a491e47d97f06d2d8cea15abefb929d2907e998dd53255b1b7097e48da
149415767,screened,True,5,15917,12459,3458,12.73,18.8,34cf43be4ae6b5d0881b9fbe59a1f57405c09d62c5dc4536892d7bd2c3352595
149423103,screened,True,18,57522,27494,30028,11.88,17.09,9d0127c1d196a9dfeb811a03ea86bf55e0a0fd4d4ae0978e90ec7bd5d8fceaad
149470658,screened,True,3,9654,6491,3163,13.59,27.99,988d9f513912d60e4ed574b50c6a0e4528ddce24167b3a314558af9ab3d54d68
149927512,screened,True,6,17524,4215,13309,12.18,28.3,c09cc7facfa8d49c3e9765b35faee0f240fa785292cf710b79edcb0c35bbc855
149988104,screened,True,18,54660,27160,27500,11.12,20.28,b5285ab97d0f4565adab4daa983a9285b767c8357b8f5765b793a2570bd715d3
150100106,screened,True,18,56890,32090,24800,13.63,36.32,ae4b92c414aff7b9d17dad4adffa88568cc6edcd296f13f34d3aa3b7fbc24941
150342546,screened,True,4,11887,5816,6071,13.03,33.39,ceca2de8e4405ae12aaf5ed222baa432daad6606179ccfd49015a8b317945f8d
150359500,screened,True,18,34643,19106,15537,9.75,13.44,fea9933a9088255b0b87698c8b4c98786dd38e0cdd20b4f57af13d47289ff3c2
150362418,screened,True,4,11220,5485,5735,11.35,24.61,8d234332ed76e1384598db4d7ba5f9a2fd6846d9a18c13dff364111a18f934d8
150387899,screened,True,5,14268,5630,8638,13.15,24.56,1b421d38e05dc9b96f1ee1df1d9dd8d925c7b1ae0631db288dedad2c93139ec5
151827657,screened,True,4,12616,5890,6726,12.6,32.21,1b42100702bbb33e8252bed1454952dfa6aa83316e9263f0f379f641e8519e5d
15231995,screened,True,3,10222,3867,6355,13.34,23.81,c679f747be442a6f836dea1226eb5a250dd9f339cc5dd2587098821bad8ebee5
152475404,screened,True,3,10751,6140,4611,11.25,14.68,bbcd774933cebf3637bb96a290f513a241e62a5e037b5344ebce2f0273ab59cd
152851749,screened,True,6,17860,5511,12349,12.92,17.58,7714a3d19461a38ef9158c82956a97a0f1d7eeba92f435e83d1743a64d74c2fc
153949589,screened,True,5,16904,6664,10240,13.53,39.29,a1b656f372da450850f7f1b4b2f462198857b16ea129549760af17fe80b04349
153977439,screened,True,8,25458,8915,16543,10.79,20.42,4baf4c4bb0697cfe4ddbacfb1a614a978d395aafd5c044c22d9820cce389e32b
154070383,screened,True,8,24953,9467,15486,12.44,16.24,23bba24dd806f1c4032244f755f8ae48eaaf04e77cc2746a570edd52a9398dd3
154090326,screened,True,8,25394,8675,16719,13.28,39.43,0dfaf8dfe4df06c33e4fb56f4681b0d7917908390eac9e01abcb1c16c47b3530
15420746,screened,True,2,6139,3681,2458,13.96,25.89,ddc30f9002201aca3466f331a3a70ed4a95dd932a925816e9170f2a92edd0321
154341239,screened,True,8,25927,6820,19107,10.35,16.84,3d0de5cfd36bb797b8557201e66300dc983337a113a3ded649b8913fa01a856f
154567574,screened,True,9,30004,7228,22776,12.95,24.12,217e4c8622902ef195bb3793c5e7a8cfae3b93fbe6b864387229f4922d3cfc8f
154998483,screened,True,5,15881,12423,3458,12.88,17.62,3422567a9046aac43e619f6999de02f6424649b830746ddb533f5996ffd44838
155441032,screened,True,4,12190,5748,6442,13.14,30.21,d10faa551508d26920df9c123e5fbce58e586a1a96e3604ea05c97d28b80d7d9
155894324,screened,True,8,26841,7455,19386,13.56,34.73,e78c3fbbd6e0d0d7a89712c2583605e76be3b03feaa698674af5ee59caa31cd9
156004616,screened,True,4,11446,6726,4720,13.73,35.8,e6be56bde1b262851f2b1b7b60c4c21da182bd2c219fe2e93b9b16bb472288d7
156152778,screened,True,9,30766,7368,23398,13.06,25.64,6548329100c0ae588849ab0df48707373c0f10f5ff407e23997d30ef5f2826a0
156152779,screened,True,8,28303,7370,20933,13.07,25.74,867a6bbc7daffec6b765b3144dfa1e8814ba17624de85558f0096f5200a660a7
156171605,screened,True,10,33652,7340,26312,13.86,25.02,7277f84d73e1c97c006cfb58fc0fd00fa990f81e2d989623292f59dc6b3b4398
156462029,screened,True,10,33034,10477,22557,13.7,41.59,88e031467da39458241b154374dafaa303df7b3f2c124194c931939465919f34
156491690,screened,True,11,36351,13779,22572,11.45,14.52,6fd967b30b88533c031753630cfd243e8820765650b45a18158ca8614f162ba7
156495054,screened,True,11,37354,13920,23434,10.05,17.81,35fb99e5e7646d4fb5583c02eb487f5624a26da186c90fbbfd5a5587455df206
156495056,screened,True,14,44895,13920,30975,10.51,17.83,f593a3ecf3ac775a88c57bd7cb025cbd80310258e7efb6206c9a939be37df30b
157246219,screened,True,7,22883,6908,15975,12.4,25.01,5100a74eff1a7c71a3152a922cd4fd60ed8059112346f512f114a5660c5c459a
157631248,screened,True,5,15957,6751,9206,13.81,28.4,7beb4d586ebd1603cea889c9fe51b64f2d8a469626c9f38fb3eaf45d4cedfa97
157853745,screened,True,4,13848,6818,7030,10.86,12.49,b306ef2f791d00c51508eded79ccd8ebcdd23fdd8603845306aa30b4e47b09c9
157912382,screened,True,3,8394,6377,2017,13.65,36.91,e3cac7e01b3ffb62c9d077b91ffe99dad70d1a33e077e7ff4dff89880e613972
158014412,screened,True,11,36515,10418,26097,12.57,31.23,f4a45864d002058b2981f52226a0dcc0d9c7066cd2d6f57958f0675afc127869
158032985,screened,True,4,11087,5078,6009,13.35,20.85,35204aeb968d43b4c78c9d8835ce0629efa48a228d76d6ae43012eeb816812f9
158035258,screened,True,4,11060,5075,5985,13.53,31.53,ed7a9f256048dd123315f046736401748785d166a5a0ba3cff06c36b50e36099
158213116,screened,True,9,29862,9041,20821,11.4,20.54,fa0a238afff672e7159f888613573cbd3bb2cef28f2064f24cd71cb7ae2229f3
158319116,screened,True,6,21002,7472,13530,12.26,21.64,2c190b0714647b38bd70a9628eec5427b339aa641456aa3a174128b1772db714
158534472,screened,True,6,16740,6161,10579,12.7,19.23,cc8a36011ca319a0144cb4c65e636c8228bd75ab42075e1462833f4759a7221d
158710279,screened,True,3,10174,3866,6308,13.91,30.85,166b5f73decf24e18b4bc9bf23b5456ca7f31a1e99b8edf9b75c865e3cfdc0cc
159183511,screened,True,4,11914,5808,6106,12.78,28.34,832a068f178d27aa712d902ec51f12109ccec2945f98420bbbac22ea1ac060ad
159190480,screened,True,6,17128,5795,11333,11.69,25.35,cd27261182bd89315e9104ffae950b900dffa905ca9ee2e82a1b54eedc95f331
159210154,screened,True,3,9012,3377,5635,13.86,42.25,4f2446623e45c63a465fa10ca9813c7f382b56ce369685b72cab616d49e38646
159302845,screened,True,6,20785,7250,13535,12.69,32.42,f4f507932affe683c2e01690b78c1015b0ab89c3cd200fdbd9624adc4b4cd9c1
159505118,screened,True,7,23910,7457,16453,12.99,31.93,cd02c78080e27ebe3bd843737097bff228713d7c0cd5ef9d68c789af993495ed
159584661,screened,True,6,18446,5968,12478,12.97,23.95,12b58785151ac37a8ee5eaf81a7591f4558a911188d36eeb85aca48c137a71d5
159818290,screened,True,5,17364,6839,10525,13.25,34.39,5e429acab87e140d9d5887b2a372e3f02994553b4876f505a2e4efee7fe48f1b
160083748,screened,True,16,52256,17263,34993,11.66,27.8,0c9a9121ee42ebc90e4d99281e732c934c294742286ae9a7a818bec8e64162cb
160115906,screened,True,10,32900,6834,26066,13.35,38.57,bbd3d307ba470f88505cad2510f2ec494a0c768e1ae958c1555a4ef7f58cf406
160222231,screened,True,9,29628,6792,22836,12.72,27.87,49bde909e19c39145f510349b0a4768f186d3fec1daabac34657e847a4e17c69
160227297,screened,True,8,26827,7472,19355,13.13,28.43,db650e3f4c6953d87711243d63e97f3263ffb57c6cc73c8cc9299585e3e7f855
160228580,screened,True,9,30022,7213,22809,11.07,21.61,19d34d1931fe39d2bab9a345b0901c82aec5b939329632b94fe8cb505ef67102
160264738,screened,True,4,14867,6847,8020,13.76,25.06,a3bfc8fcf951710d0024014a727bb296be3e035edf98e3cfc6b7dd3e6a955ef6
160270470,screened,True,10,32072,7472,24600,11.46,24.71,0c8521ac0e97d6cb8789bc5e739c344578e55672cbf6457d3c6b94d2b39a687e
160491312,screened,True,18,54542,28110,26432,13.74,37.49,2676b5c07e6b53f23517ea4a8589e4625864e9472bcebb146ce209f7676e2516
160602790,screened,True,17,52940,33592,19348,12.54,29.7,a4fbb56e0427cdc59484928b8d4e35f058c39b3e192aaff4c0175617d1e8b060
161028382,screened,True,5,14549,6485,8064,13.44,32.48,26fd4a492092478085817634eb0614abc78717c1124b7d6a35887559534da7e8
161174284,screened,True,5,15532,9213,6319,11.88,11.91,09ab48f4fc6ef2778f5c890c895805e838bca407f3800473720d1cf9eec37c67
161174286,screened,True,6,18501,9216,9285,11.72,11.91,6856df9b12f5a55a82b54ec19236ebe6974dc662bb211a44a757d435a09fc687
161554904,screened,True,3,8884,5278,3606,13.12,31.95,60abdf1be89d94e64dcf1b4d3819ef4ea9781adf9b6359294f5489b81a4b1a9f
161614517,screened,True,5,15834,9162,6672,13.93,33.23,96f6344388573f67baff483584bfe2848dad02832a8c23fa610864be1809fa72
161725589,screened,True,6,17377,9986,7391,13.96,42.85,383adff8877c0946f22d3144802b953bc36945d6bceaf1bdbfd3e03b02c424f8
161746333,screened,True,7,20226,9370,10856,13.23,30.89,9bcf2f5f37b20813383fedb1b5d85195c458393b80447955c62e301089fbd156
162239797,screened,True,3,8587,5142,3445,12.89,24.25,9c0610163a0d2eb74aa845691c50df15a06be8f30bf396896b74938c30354d51
162337456,screened,True,3,9054,5164,3890,13.43,35.58,e092c0ff48d3d536dc68438f02d86a47095542b08d83a62433724ecbd70fab30
162462099,screened,True,3,9060,5165,3895,13.03,32.89,0be714e364f99e5e8271ec2b028d692ec1473eba64be0e5c32ef6c383954ed3b
1630433,screened,True,5,16029,3600,12429,13.36,22.76,88036b8c56e143f7dff86371b9c155a13b499df718317fd2541e1f7896038499
164644375,screened,True,9,25433,6044,19389,11.5,19.17,c41996e7265bf97328262ff411cfd59ce6352cbc3528f69f05c287fc95193f70
164829562,screened,True,7,24542,10043,14499,12.51,21.86,ea84c2e2edf9f176752ce739cee6461524d262618616933b82daa1f8529b1806
165122755,screened,True,3,9192,3672,5520,13.96,31.14,be5f0efd61b29a3c5109568ec50196c91d75c493dc8b0618f7cea7af372e1afc
165162636,screened,True,5,18079,6419,11660,13.12,20.85,8cbde2730244803689b07b6ddf7c74ddc7b4d18d50653c86214734763909cb16
165528645,screened,True,18,52439,27810,24629,13.67,32.55,6147e8e946d13adc3e1b7055f7deaf3aff3dac87441be91a70e976cb84f9e443
165530589,screened,True,18,54720,27910,26810,12.56,32.02,9e769cd9ab72cedd91b63ee88a5be49748b1462cac7d4be11f00c3f9c08364b5
165597292,screened,True,5,13995,6215,7780,13.44,39.09,f8d3d9a0bc745dec06ee6873f756c668c2b3de0e5a929c76958f0e26bc70f0b9
165599289,screened,True,5,13796,6138,7658,13.15,29.39,f793b60cf0556f5a4a1b691d199392c26b5aefc1f9a539c6efb417a786fc181b
165688799,screened,True,6,17153,7287,9866,13.41,36.54,8625fe0d924bc0bed9f4ac23f3a7029300d8dd434d5cb08e3e051376b363fa6e
165715382,screened,True,5,13772,6013,7759,13.83,34.5,a5b873224117df2c84aafae4533e794a24591d3818dbf2953e082ed78bc5ab12
165721554,screened,True,7,14753,6529,8224,11.59,23.04,9c32890a67e6e61eb18434e87f81970be9c673d11c295cfaa982aab562cea825
165830128,screened,True,3,8749,3439,5310,13.51,24.25,c5553285d1f1ae786d6f63088c956dd40e50a0382a497c0d997920e6f5edea17
165945176,screened,True,2,5351,2748,2603,13.92,20.64,ad397c95a54a6de8b02a135b4b669a7e85099e15930f6693e97c7603d583f407
165993932,screened,True,2,5329,2733,2596,12.14,14.1,6aeee1472cb974ea58905c81971bdd2bf0dd9eaf244088dc3c9c679ebece7a48
166004965,screened,True,8,25510,9430,16080,12.15,30.25,efbef8160603cbe9752598cb470d0e04c87f21023171d0b9d7b0733202ecb41e
166006493,screened,True,2,5126,2594,2532,13.29,21.41,8507642af7f0dc869a8985c9d309fbeb0812119df6e33620c0b37140aaae06f7
166012664,screened,True,8,25508,9434,16074,13.69,39.79,52cdc3b826c36299d861cc14b2cd98e5c10db22de2f2fb4166f4791de1cd93d5
166073877,screened,True,8,26255,9891,16364,12.64,18.92,eba18415739da011698fa0b5e5505675edf880a742f9f98c913097db70d8d61e
166088525,screened,True,4,11389,5753,5636,13.55,26.92,939e33a3289dd4af53d0994b2eb06af881e5453af49d0aa1d22e41bdbcbb8c91
166174962,screened,True,7,19539,7831,11708,12.93,16.43,9127e8de2f25d27e4ffa519f1c5d7a4865e459806fc254d09829b5202a9b2178
166650364,screened,True,2,6140,3104,3036,13.34,20.26,12196f307838c05c62b4fd4f8ef0c3c448fcba2f233cd76720fc47241a5141eb
166832907,screened,True,2,6118,3251,2867,13.82,23.8,29d7c835b2b67c45219dfd340997b6e12d472037847ec027bdc92f35f1a61de3
167010837,screened,True,18,53944,26651,27293,12.7,33.49,fb66a64a4db29cc02441aed9b0ac42869e07893840fbe849e5435ca1437942bc
167042097,screened,True,18,56927,30036,26891,12.46,26.86,93d9b67550cb17cc08423cea120f0301472a7f01fc73ccb5fe893b6d41bf1475
167460835,screened,True,4,12821,7615,5206,13.86,39.14,62b963bbce8d36e41c45fd35998854d267d94c5980ad134924437b0e3a5b83cb
167525513,screened,True,18,57919,30543,27376,13.32,24.52,04d70028c5640e7375df29c5957158ab3f9c26a72bcb6362dbf0c42715e4acc6
167812509,screened,True,18,57689,30627,27062,13.01,18.51,768d2c9da0feb44e749392f0fccdc76aec0b8d12006935ce92ec098af0dda729
168726017,screened,True,4,12618,6265,6353,11.62,18.05,14e29e93f5d208187d83435438372f5b9d572e4115fd52036cfc40a6bb06dec6
168767379,screened,True,4,11110,5096,6014,12.24,20.8,23e12557c362eb9b899f925e00998023e6e87df9e468aa78acf0b9f4083575d9
168873515,screened,True,4,12915,6761,6154,12.77,29.21,c5349a7ec1899d93ebb5200fdbf48849d30bdcf9c7d38501735ca1b559c81a78
169228466,screened,True,5,15824,3751,12073,13.68,23.41,85e8e803b030ae2cf951b5b0b2bcaa8fe2f4fa1934c96bd360ab3922bb1a1833
169747618,screened,True,5,14196,3667,10529,13.15,18.2,b510f74f6e749c60202e48510a3a591c4cfefade06b0de6dbd311708bd3fad9f
170636897,screened,True,5,14521,6182,8339,11.07,13.4,ad96acfb72c3878957345c2fbe7b317422ee3ed0b92852c2569c4a384b704623
171648455,screened,True,4,12752,9629,3123,13.46,17.29,b0615e795ee315a35ea35b2f855c08a1cd516ff3c2f7b5f0103d5fa34c299abe
172405494,screened,True,4,12289,6096,6193,12.62,26.85,71a5c7b4719287aeddf235a61b1dc66a9535d6a6e13a4ff2170021b8de8f8340
172994232,screened,True,2,6104,6104,0,13.91,40.02,a22ecc54e41208b0545b8644a19b042ada0740a617ba9b72029ffb1584067066
173614751,screened,True,2,4905,4905,0,13.81,42.07,e1be56b564a3ad50a1bc21f243ef3c916e81cf1be42ab354115ccf10920915ca
17470294,screened,True,4,9644,6254,3390,13.81,28.29,b5a4ccc03ad3fd00bf5182f35907232833453ba4ec4f65713b7269be3d6c19e4
175456846,screened,True,6,18487,5863,12624,13.83,29.26,49cc21048519b897e28f08d4ffae6a3d8109266b8773546d1e380699036dce75
175516858,screened,True,7,23915,6615,17300,12.53,14.26,c26a145ad27f5c5250fd7f9a43e25ca1d618e8a72822ef84fcfd776d3d10df3d
17562763,screened,True,4,9669,6257,3412,12.08,17.59,89e02159cb4023dbbea7c7996fc2670ccf682dd651e1aaa958aa0b509653c112
176935123,screened,True,18,59704,32213,27491,12.47,13.49,fe60ff294e43286ec7946f2499f5f249204e463954c66f1ccc83a4acb42f8477
176948652,screened,True,3,8703,5169,3534,13.55,35.78,37dccff148b9f514901805e08db7f26cc4eaadf30df8608d57c21977e7174796
176955267,screened,True,18,56766,29816,26950,11.36,22.98,b9dc3b60748763597ddbbfd0ef0d1e38b7666af510beca196117e63fb9a34dee
177036977,screened,True,18,58979,32230,26749,13.73,30.77,0ef7f0f142f1de20a1502273dbaca6664885e28720d3c4ad1cbc04eed313324f
177313167,screened,True,18,57666,31023,26643,12.88,34.39,e007ecf333aa1fbf52c79eb1b3be9c6ff51fcd8a375d5461372bb6c1e0247737
177385959,screened,True,18,56655,27558,29097,11.48,23.92,84f359697cec42c4bd3d1be71fd697de6ad731068b88099fb09ee7a6b4a45594
178241984,screened,True,3,9505,6279,3226,13.76,41.63,140ae9f56f4181e925b61ddf567e98b521ff099d4ebeb1c6b85095dbc96fb86c
179048228,screened,True,4,12979,6695,6284,13.83,31.01,dad158b3459762c2eee8134991545c113b1b7739b7c2f0838e84feec03a7dfee
179232002,screened,True,4,12981,3812,9169,13.81,22.64,5c8eb6be48b6c99597a2afcab446379f7a089cb4b8cdf1c32f73d7f0bc575008
179279545,screened,True,4,12179,3113,9066,13.79,28.46,f4bd2cc4fec9e3e731c3004e7d12b03500b3b54b199223c29ded8e3ad1949a1d
17970570,screened,True,2,6343,3333,3010,13.39,17.68,45efa2b0377001d22b10a617376c85d5b17f148eec1e2041384718e869cd3404
180628643,screened,True,3,8290,5694,2596,12.46,29.09,50e961507a3cf6f12e5a40a0e5091f8652b4806345f1e37a2710f59101bf3a9a
180671104,screened,True,3,7917,5375,2542,12.38,28.05,7d11e123ffd088a0f0ad06b9929b52b648664e717c7f3acbeeaa9a20fb810485
180672231,screened,True,3,8068,5527,2541,13.66,21.63,cf470d211e9abec51de6f52429bf26e19ab30f7d1ba9584e26613da9b185a903
180695497,screened,True,3,7963,5425,2538,13.61,30.5,5283df2412ab172a97071767aa1ea82257e52e52f0db52c78ae6b2a22311771a
180696669,screened,True,3,7932,5386,2546,13.96,34.3,ea98b07438b86cdc5f4670e5081d8506823378a5c19e57829b0d30082e401af2
180972066,screened,True,5,16038,9392,6646,12.18,26.95,eef7a7eafb6eb8436e796049b60bd23a99a69cce8df62fc7100a9249d4339676
183306102,screened,True,2,6824,3689,3135,13.72,39.85,b99dee0678eee521a23f72eff04c3dd563981a84863341e279078bb67f07df0b
183494855,screened,True,4,13071,6263,6808,12.91,27.59,6fa5ca0309848a08134bbf7dd6bbe764a00c04ac8ddc9906a7aa8fb9843222d6
183588144,screened,True,5,15080,6208,8872,12.91,22.74,3a409e84dafbfc290b79067b9f750d6b0c9ac2320ed71629aeb5b526fbfda4c8
183641863,screened,True,6,18693,6217,12476,13.29,38.43,3fbcaf33816690ac6eb670d4334223054723ab3c7226d2d20c4349577b2a63c8
186130100,screened,True,4,14128,6626,7502,12.96,25.79,22ee479a4f5e869494cd97ffd0445cd1cd9a489e10893b6f742bb3ff064a02a6
186236329,screened,True,5,17846,7615,10231,13.52,34.42,6c91ab4a460d80a9f24cf69bd710705bef17bf52ece1dfac99f0ea0561507e00
188691615,screened,True,8,23454,7641,15813,11.76,17.9,ebd0c5dfeee82119696525273088782cf21560d52c70f80f905b5b84aad5bc6b
188694544,screened,True,15,45845,23867,21978,13.29,32.21,9bb56db5d80037ff5e792854eed4de0ee57dbe71368ce873227936376a888bb0
188777430,screened,True,10,31155,18049,13106,12.71,29.16,878b17b63c4eb8007b13a6747de31f071c8e731af6140cc435d0d22b8a72227e
188777432,screened,True,10,31191,18071,13120,12.41,29.11,0780db0c7d1d31a14fb4aaa5eb678e2eabda421caaadc8bc70bacf1eb7cd75c4
188819782,screened,True,16,47132,26512,20620,13.11,26.91,7249e64ba2d5b296045745913e61ba39a3b83a5aa58839b9b125e05aa75c5359
189565557,screened,True,6,17281,5511,11770,11.2,14.33,1dbaaf62e7582afd1a8df015f777c9638d5bac2100a7dca66391f3b44079e412
190138951,screened,True,5,16382,6317,10065,11.1,5.32,5c5fad4152a170b6a9524bd769938b7e3fa31a8cc02ef0c09708fbf8b09bc112
192642951,screened,True,5,15757,3507,12250,12.89,11.26,52175b2afc5f9c635708c781c1e8197322fceb6d3f4d70d7324ead82c78bbe95
192847535,screened,True,5,16158,6887,9271,12.39,24.06,0caccccb9f5f363dd0e96ec963662ac90ae3fab4bb54768f36985e190805f852
192850384,screened,True,4,13169,6888,6281,12.75,34.27,d5f97db73cdc8e158b2dfa65b7faee1e8bf3f95b9350c36365a54bfa2b0f3d33
193948885,screened,True,5,14411,6703,7708,12.76,28.62,02ad353a1385d84b67bcb535e0906d998a33f7ab086da6d6ab2d11e4a1b66b68
196947528,screened,True,3,9056,5376,3680,13.79,47.22,8372c8e8f3a2dd18377e954fdd23133ddec9f79ce48538771adc3a20ab2fd7fc
197866266,screened,True,8,26271,9261,17010,12.09,27.22,929a5407850c49c8070bc06e27864e9699a0d5e419aa8ebf966e82bf52b99e22
197987557,screened,True,6,18681,6180,12501,13.6,27.76,531838d370348ed3207b959064fe7dc8b85995e0e93ee9b35fe07657611026e5
198080032,screened,True,10,30949,12377,18572,13.2,29.85,f21fe28968cb4fb3d1a9c4b8415bf5d4f92a0d8a7d94984a1e0d1f5d032ae61b
198104202,screened,True,4,11486,5857,5629,13.55,23.77,1cbf8677100697a4600a9151aab15a17a399acf569830e440b79b587ebec46f7
198150180,screened,True,4,9823,4405,5418,12.82,31.01,8b77f6f1ba9c88dd86008fb993e07edfe052b11a4ab30c14a3b0de404f565918
198313420,screened,True,11,31628,10607,21021,11.82,30.1,09c8846003bd9ee3c9b4fb41e1a40ded6e765444241520cdbafab21be61065ec
198614833,screened,True,6,19958,9254,10704,12.47,26.01,d3fe611398191b885f34fc5922eaa47c1d90683f251f967bd346da9505d71d30
19913469,screened,True,3,8217,5537,2680,13.95,39.31,71e551511c8d007a8bd03b22f672103968c085cd8a146730f2d9c40470948acf
199573123,screened,True,18,55064,27505,27559,13.36,37.36,1062214dbf22e6515081f7600d6b79be109d54d9d5d2e3fa60f11e98cdc413ac
199574208,screened,True,18,45726,22230,23496,10.16,14.84,3628d65ec7c300e600a4617ea29084b736b58b26846ba5f21c6bbf988e2d37de
199659329,screened,True,10,31602,15616,15986,13.07,35.22,543a96e960e2cd29e864e9c5dc20a9fa2c8de71b3ee8b4af6bde2f7bbeba7772
200368010,screened,True,3,9004,5772,3232,11.32,20.47,2ea8eab43e62559d1f96f563ac8033cb2072013cdb605f2ea01b983a689f5f51
200784259,screened,True,5,14515,6195,8320,13.01,25.97,898a7b75cb169368d3e57da4d6a26c81ab49558e6b63644f5132d74e9cd5ca9e
200805651,screened,True,4,12022,6557,5465,13.33,33.47,767df89e44caba416ca14a2b8205f89b003789fd145016d2281289665c63b545
200924141,screened,True,2,6645,3873,2772,13.86,28.5,16591e1b941e646029d1dcfe60576266584aa3ae097fcfbb4389ca1745676c1a
201251167,screened,True,10,30417,7354,23063,12.36,23.75,47d2c0041ff2b51c4522f2da96fe9075f09b5b0c371b1ba38a43a2ad38ddcbb0
201289286,screened,True,11,33111,8957,24154,11.58,23.8,07851de9c1e3281d542b25567eb3b36db5350ad9c1d9c066486175d066da2db9
201292812,screened,True,6,18321,7357,10964,13.2,35.31,f0c8d891960812ce7312ab67ed17ae7583415f1b4ab5ddf91175804dad88684e
201688405,screened,True,5,15603,6160,9443,13.84,18.07,fb5b1de1db605966af4f9c6890037b76ac70de67891d26af55b8f04637b47fea
201792346,screened,True,7,21280,9124,12156,12.33,14.68,9b3ec072c1214219a8b04e6b68ea13fbcc2c900ece66b6e8cd53c02fb01c017e
201794109,screened,True,6,21268,6358,14910,13.25,34.52,857cd5cec8236ff93d242e88b880da4f2fa053e25c6d7e3c6880812645a9073f
201878287,screened,True,7,21798,8481,13317,11.15,10.06,bb26ec0f23feb3e87f76dac14d4727bda3d753979334dc577403918eb3055774
202280283,screened,True,6,19394,3668,15726,12.11,15.06,26da2ae8cb10a34fd6602ee1db07198e68f983bb275559f0a906b1c8a99fb4b5
20305594,screened,True,6,12786,5702,7084,13.03,17.61,46b255f54e9dd5d1e12a9d87d16d28a98e3b4e76dfa662e343eb135ff2762070
203476189,screened,True,3,7938,3596,4342,13.34,24.02,d313c1847582c8ac61227b1d84c33bf46bdcf95080f81a66de79720528af9cd7
206361339,screened,True,11,33179,9177,24002,11.74,19.46,75a01fc62a96560d1218b4b34dd6ae58af41e72382c72133198e4b5aa3b8fdff
206402318,screened,True,5,17939,6504,11435,11.41,12.28,d1b98be8da034db958e0ab048b7ce78b951875e6cbc7738cc3c02337acd70e58
206496404,screened,True,4,11792,6436,5356,13.78,45.05,b05591e490ca99295169ab69914db764c97e8aee0226094cb5e52ee9d5582bc0
207148580,screened,True,7,23624,8682,14942,12.21,22.02,4f2b4bf32294e0e94ae0685a92ecc12577dc0f2493a4a2013f95f86f95085464
207211020,screened,True,2,6138,6138,0,13.87,41.75,1f90687f8b15069389ddfc4d47e5f1cf239e3ad475bc4a1910ea85fffac4119b
207238086,screened,True,8,27384,9379,18005,12.46,22.59,60423fa11166cab9544977aa13a688f918b1d99c25aa73716fb11033043cdc75
207339173,screened,True,8,25014,3668,21346,11.44,14.42,fa1f85591698950ab1731274dc7b379b0dfd2e4fb26befff7b3526edd8d92b55
207339690,screened,True,7,23580,3865,19715,11.95,17.8,5e8a5f73385c75ce27b34e03c39240c04f52af81d6a81f7dbcf283581d6ed8dc
207398617,screened,True,9,26079,12937,13142,13.81,36.99,be55be5e3ca4281333f614e1bb6f0fb19609733a5baf6527b75d8ace4cbca899
207491443,screened,True,18,50097,19057,31040,11.76,28.78,7ab4d3230e3a01bde37b7cf38d419c42980b5952e4b977231ac0f24d8e72cf50
207492082,screened,True,13,35925,14054,21871,8.02,6.47,1c6b2f1632fe5c1cc09ef67094ed6a74f63a0077c3354288f92a156ec576d059
209394625,screened,True,3,9368,3679,5689,13.19,23.85,1381f98fc60681a7fbd254ae3acfa4491c10b12dcba514ee1320596619219a7c
214972970,screened,True,3,9114,3491,5623,12.64,16.17,7fe5f3f014e469b30b00c7148fa67e3d507db23bcbd5fd7cfb0bb184950a966a
215402573,screened,True,3,8730,5407,3323,12.66,33.84,004e21f155b07d05474a76fb52c97e0013d51b40dc2f6005715ef4e078342adf
21650187,screened,True,4,13151,6864,6287,13.54,26.67,30257e5a3dd7d5e4fe9ed2a798bd7d0cd7ccf2c4fd44bc669cca3d7022832239
21898604,screened,True,2,5422,5422,0,13.6,31.31,89691a066564be65cefca03cbc3417ba057dbc962727ea391df217792f1d2681
219004642,screened,True,10,31544,9902,21642,8.73,10.93,f88e34eec696233ea27e393aa60413c1f53fd80da16b64bcdc5afb72f2497c36
219037593,screened,True,4,12011,6522,5489,12.81,27.6,8e28473738c1779a223d942c9d69cc0f023909fc05c93f389b427e7966e4872d
219223683,screened,True,6,20827,8654,12173,12.26,28.47,58fe0c49cc2b95cafa89d4e6cdc176d0789ddc02db24cdff2a9cfdd33a761691
219223742,screened,True,6,20972,8729,12243,10.51,7.11,aeb6b5fb02f2d40f6f824ed79c9eeb0009c6de70b3115625b2e06213f0f7916d
219244444,screened,True,6,18617,7420,11197,12.63,21.19,db53b6d9cd98a717ab04b10f4cc63b9d32f537e3ca6d701d78f198273f97aa39
219369255,screened,True,18,53894,17315,36579,11.94,23.0,fa20631702faa4500eecb60f7ab766aabef08d2f4d5e077f82a5c5461ac05a0e
219376911,screened,True,16,51000,13407,37593,11.91,27.71,08c42fe1375697336989185b8404b02c7da1a6e9f63518cadc8d30527d79a77d
219432571,screened,True,12,38614,10488,28126,11.54,26.64,3379337340560b1de22bc04f4d047f7ed73ac1240895e3cf6e5fca34b0a589f7
219463771,screened,True,11,26868,5695,21173,10.25,13.25,e0ca89eafebb8edf68f28efaabd5ebe66f6bdd20bdcd7f8c94d2c3be2efb6c6c
219480910,screened,True,4,11406,6851,4555,13.94,45.68,0d2155032e2452c15b4cf499e6b30b82fce1a39148073fdfaaf68649a1d8018b
219502530,screened,True,4,12367,6794,5573,13.11,33.79,1b94378ec0d39650cdf9c05f18b059f192678f063099c02a110ee7a2500744a8
219704346,screened,True,4,13532,3866,9666,10.08,12.28,90b45c2cdc656b29101dbbdd8b1a1848a3786294b20f81562dddb501bf991350
219733024,screened,True,14,45268,20124,25144,12.78,31.89,58547e7a582b82cf2b25771d783e1e07ae96c11d0d5e7a2661789446242c83e2
219773818,screened,True,18,54123,28003,26120,13.11,24.02,7410718f04efb1f1b40a5e3fa2651e7a98da35456df29012b8a256dde7a68f6d
219775481,screened,True,18,54316,28011,26305,12.97,23.72,34d8c0c01361a69f3329c9cd327d74c05c3d59c17b4f885d5dae7f440cf9046a
219823668,screened,True,5,13029,5843,7186,13.54,36.92,a24cf101e4b0a890d1320ed8cddf8dd9d1850cceb7a11772b967b1545c4ca61f
219824489,screened,True,5,13020,5842,7178,11.78,21.19,7c86b9518446dd695a7a09f8fed72f7be3205901c3a944679f479e4ff6f43298
219855010,screened,True,18,54628,28301,26327,13.27,29.95,ca7090b51887fdc3900551b051d0217d1a06328d47cac25c0d1d4c91601253a7
219872288,screened,True,18,54761,28262,26499,13.87,36.06,f21fd5f98ae32f68fb83589de7291ddca3fe94bdbbfc82f5bdf0733c5a0cede2
219881072,screened,True,18,53819,27511,26308,12.97,24.97,7e4efcacec90f256d1e73b98c8b54fb29f881a623f27391129929c56316341c4
219884888,screened,True,18,54517,28852,25665,11.36,18.94,82963179eafffe7b8e1bc228f5c59875bc0ccecf7a56df89050cc28c0f5a4ff8
22007699,screened,True,2,5774,3179,2595,13.64,28.1,b04e6af1f41d52814460e6651c41f20d7332e5119da4bff6730d00d7ff3c333a
22021999,screened,True,4,11257,5586,5671,12.24,25.76,c910ad6ffcc5950420bb61bf49c6f7a46b0f5e5deb95c29da262599791c44a18
220423218,screened,True,10,30203,12765,17438,12.99,31.44,9c62a25b2eb60263d4410f772c80cf55a2b21bed66bda960555adc4e17dff278
220433363,screened,True,18,40458,18446,22012,8.71,11.09,9dca4ad16376dee8a96fed98d6af8ece811b669eb45bb4f384256675e1ca85bd
220433364,screened,True,18,38419,18468,19951,9.43,11.09,0d3c0e60624962872f4dff12752708d30d66fcf2a034d22be4e2d9bdee0a4a21
220554236,screened,True,8,24671,9894,14777,12.62,34.41,82e818c413ae4265afa87512c497ef272ffc239070af6ac0b1a086b683dbe5f8
22413602,screened,True,3,9904,3865,6039,13.98,30.44,e2ee0c7a40a12d580520cd01b72eb7534731e660afb7d8864d2587caddfe29a3
224289450,screened,True,4,12903,6871,6032,10.82,15.24,1b59a909edc8a5da33bbde4c6cfb53670d317ef89221fda8fb553ec8c8a79515
224303868,screened,True,4,11239,5443,5796,13.4,36.84,49e69a0b746dc423464669d32ea7444bc8dbd8d974aa64c29e869ef2c42130ed
22535327,screened,True,6,19890,6888,13002,13.09,15.88,c54afe44cfac5ef80a2cdbb876b248a3ba84bda53f99f09c00deebcc0b02f57d
22742321,screened,True,3,8136,5577,2559,12.86,31.91,afaef2d327142b1219d0d254b3075342ce983373f33b2879e739f58a37924a71
22872366,screened,True,2,6510,3620,2890,13.92,30.38,f376107c6331e59c71b809a9b08f7851543a565151e8f533f51e29f23a32bc4d
229142295,screened,True,8,24496,6255,18241,11.18,17.45,f1b4e84fdaf2995c5bacf58a9b7f1628976d216bd8a28233462e10d2ff47a5ab
229152539,screened,True,9,30577,9130,21447,10.92,13.41,f3379db64ceb9cf132249e7fa122fc58802203d86ffbf6faf8cfc917c4be0115
229157898,screened,True,6,18494,6273,12221,12.22,21.99,76416531a734bb61756f41066b567a277e1cd4d4f93bf15f31fdb1bb259c44a7
229158889,screened,True,2,6240,6240,0,13.98,42.23,37523181f4b700644c621b104aa70fa3449b8a06204768965a3b4ef4d4b54d3c
229400552,screened,True,18,54204,27138,27066,13.66,40.06,71ee09a33bf0278a272e3c968a5abd0d602e53574f1c9d5ebea728b5434d5969
229404121,screened,True,18,53992,26964,27028,13.88,34.4,3a15130dda3ea3f2beed010d8ed814959b42b5b3d9274c6003ed4da01e7fb6b3
229455419,screened,True,18,54485,28181,26304,12.74,31.87,c16797fad08310c14cde970e8fe6d777df01f1e01554c741caa503a653658391
229535299,screened,True,6,19405,6641,12764,12.72,27.52,36cdeaa1cefc393041761d4043244dd2ffb67338f8ef0d5d91c51d89c72ac33a
229535724,screened,True,5,16983,6595,10388,12.72,32.32,ecacb9c0857c081a3a203b4cf2f6aee3e8b17d2b08a68751f71c2c83ad7badc9
229565468,screened,True,3,8081,6611,1470,12.75,25.48,61f3b60665ae03fe377bc1a880c7a16c1d94d1e33f7dff01dffe38d821f1a415
229572009,screened,True,3,8065,6609,1456,13.28,37.4,876ce4dfe415d35dbb02ac47658f8f0c7fae94963345a63eb5bf3390857b316a
229575381,screened,True,4,9341,6349,2992,9.85,10.01,aa65098dc6b73a06697b00fd6cf3e819fb816ecc95e807dc145f25622a394395
229614158,screened,True,18,52302,28487,23815,11.84,23.67,3905663ef73ccdc9e5d396f6f5cea1b9d7545cfec58451f8730ddec96598cf57
229647609,screened,True,18,55774,27982,27792,13.75,24.38,2949a70c6237cc96de51d67ff1956eb3dfb96d6b1f323b015df3d861a5b70ed7
229738650,screened,True,17,52457,26794,25663,13.68,35.95,caf092dbf61324642d164a4cb40bb133460f040860c2ffae07a1a8f7f1ff05f3
229744768,screened,True,18,54617,28445,26172,13.61,40.81,072194b688a2113361a3814f654a7c085b0ddd8e274d7f7cb4acd2efe5814778
229943561,screened,True,18,53555,27168,26387,11.92,30.2,8b99c2bd3aa1321aa9c9c0c838eb0683137b52d78545f6b855335d5e50ad9cd3
230050730,screened,True,18,53841,26821,27020,13.1,33.3,a2a1ff612da188280b7d61d6f1e81973887919fb346858ec0755c5d580c82927
230060668,screened,True,14,39213,20921,18292,12.13,25.07,8010c6f80fef93255e3a9d439d3d0ea673aa7f1ea37a2b2d436e318efce39d08
230090756,screened,True,18,52931,27196,25735,13.31,30.36,4102a751282c53872a55233778f132dc177261d762ab7634db7c2e319b3680dd
230235775,screened,True,7,23070,10451,12619,12.52,34.67,61e3876c305de3dbed19bc790865c6ae3fcc9bf9aeeeed2950179bbe969ba370
230437453,screened,True,4,11510,5243,6267,11.93,17.8,bde25a605afc1905d3a31ff5996c9a1bc8cacbedebb2646ee6864cbb8b198a3c
231008047,screened,True,4,12162,6240,5922,13.91,33.33,522ab3ee960d55cd0929be0fad252f6d32dce6f12a21a86d287021c3c05a709e
231022436,screened,True,3,9207,6241,2966,13.15,34.27,849e1c93c4759010c9a3e47ce041f3bdeed37a03e72eadd3e97982874f8a4722
231057252,screened,True,4,12137,6230,5907,13.58,32.52,aa39837a76b7b746bccc9b896cc55f0405595d976acf576ec6e147272788559b
231290860,screened,True,4,14419,6024,8395,12.19,27.26,cce9d4fc14d014118934c29def82a7854c55396fa69f6bb5dd5dfbf48f7617bd
231733039,screened,True,13,39847,12439,27408,12.24,14.58,8c61d4f0846dd77f99e4f13c46feab05e2ac43fca127980196a1bf6ab0d6ec22
231815113,screened,True,18,54927,20946,33981,12.96,24.67,bcbe1df32c182322f5010de296372f022b75f3cf6e646b09d42211695e940cd3
231833973,screened,True,8,25190,7245,17945,11.71,24.46,ef23f7a7bb637c1039aef288731cd5a60af67bba2a5c3566ad597c8f4c0c97b8
231917352,screened,True,7,25024,9532,15492,9.74,11.18,eb423669e0f1c16975cd89ad7f680ec1e63f88f279fb9d3fcb8acd5e62ff7d4f
231973593,screened,True,10,34588,10164,24424,13.38,24.86,eeb03fb1b68e7f91b2cdcb7da4bcc4165caecbee6887b3e7cc9a00d901919118
232048036,screened,True,6,19386,10211,9175,13.66,32.68,0e28d3afda4799ca5b6c405010423569411f51ebfe6e64185afa8d30d9971d52
232075203,screened,True,8,24947,9132,15815,12.7,32.9,0d1889a9d92ce9417514322b24792a87a6acd320ff2a771aa8b42cb64ead5189
232521209,screened,True,9,30089,7419,22670,13.47,32.52,6f68efd3e13c759f5ff71de4ed8347c5fe543f741703f8d99554f3b3981a44d2
232524921,screened,True,7,23931,7368,16563,13.55,40.08,5ac8190c73ae59d75274e798c9d4d936c27d29aa5b46c52dbe3da354e9dcbb44
232607684,screened,True,18,53618,27846,25772,13.62,22.22,cee283187a527129148b6bb41464cb01f9eea0dc77bb5dc02cf74eb2fac09615
232612888,screened,True,18,54467,28049,26418,12.72,24.54,71c147289ff46f2c0e6f93eebf89ecf78b29b001dcbeb0a23b6844292b0a5dc7
232814030,screened,True,3,8849,5243,3606,13.97,44.51,5c57120bfba6e24191b7469e7db5871740bd6ba3d3bc199ea7998d0c28a2a0b8
232970271,screened,True,9,27294,6463,20831,13.51,18.02,552716dd76887d81f744b46fee4be7e60c830a068d83df9ad301d7ec8d35328a
232979974,screened,True,10,26770,7692,19078,11.42,26.25,d3a3dc4e74440e99a2cef50aa6f0dfd61b7d1057b0f6eaebeabba52fb3bd3932
232981773,screened,True,8,23093,9453,13640,12.76,25.89,aff8cd5405610c7df1da00bff56ab17ca443c394d9442594df2851ba3ddd36ed
233049114,screened,True,18,55287,21916,33371,13.68,34.9,b2ee063b77daa6d130144d07fb2d07ab376620c97b7d2f4022bbf56c268a91b1
233068870,screened,True,18,55509,28037,27472,10.34,7.78,079d0fc016000fe82a4599e46cfc9c02ec5c8dd9b332dd49013421a9c2022f1a
233070089,screened,True,18,54713,28519,26194,13.67,31.97,cf4330e02e88f8f6e94589a3b13c750ac9759e5103cdc045019ef88f99322337
233170203,screened,True,10,32856,19561,13295,13.38,32.2,8d2cf8f9019f115a95192f03051fe915dc80b25d8ea7c2b1257d437cf991f869
233176655,screened,True,9,28129,8856,19273,13.41,33.95,dcfcddbe5c0fe34222d6391a42942151c8b04e3f2a352e939370b4cbf1bdc02d
233306304,screened,True,7,23404,13311,10093,13.83,37.38,93fa1551e232156eb337a7caf6567ce980cd3fd1c3a27bc783e873a8a8d8d150
233461993,screened,True,5,14614,6594,8020,12.27,29.26,b1c6ad63582da171c92975ab3e54cca1992c7c79eeb5fb602b998e3203c8fa78
233463911,screened,True,5,14558,6548,8010,12.74,25.82,ddc61e3278a747709218608a414fb192408313f8d733139b38f71aea81f7f556
233640927,screened,True,5,14455,6721,7734,12.34,21.11,2820538285988c6fef1ce6072ea69502e5cb93a18d36238ce50c34948f973208
233738219,screened,True,18,54318,27889,26429,10.99,18.51,f77c592515675f9958ccd9abeae4997c31042d317f449132b9f5a803c97f312c
233959273,screened,True,6,18025,6217,11808,12.57,31.18,87d24934c1be12905b7c5ba063a6fb700e8c3819b567b6685f1f8392d5c70170
234504902,screened,True,6,19379,7357,12022,12.15,29.01,dc2edffc992ef9ea9949301f3a7b1443de3277846752ea5d7768195d09fb3369
234526939,screened,True,8,24995,7209,17786,11.1,12.47,887f647ceafc80c3541e8348aa96d232980a808df71d498b51f6841d470e119a
235062311,screened,True,4,13104,6856,6248,12.73,30.45,8f32caf01a43d01bdacf935c628df6a420c073be7111f9065bea145d38d2796c
235564220,screened,True,9,23654,7567,16087,11.12,16.41,f1a0acbcfa7dbf1241006e09d5375cd3216ad72023dd412e6697506ae4f1afe2
235711434,screened,True,18,57402,30360,27042,13.55,22.79,fb094576805b8fa2009ccbeedb154553108abc5f19e57acc76bcecd4d3213db8
23580752,screened,True,5,16243,6016,10227,11.97,20.58,8be66adbecbf07d2976a8c19137486d0a45ad63a55c1bf2783e5a47933f31f5b
236320474,screened,True,3,8047,6579,1468,13.72,35.99,aa1da83acde0c25263f52b9f4ba8ede76dd7cd8c8b92c29f1d6202ba09081a92
236391010,screened,True,4,10013,6578,3435,13.11,27.85,471bbe107d285d009e842699a0873941e184700e2b270f4548ce602c50656641
236770208,screened,True,18,57292,28406,28886,12.49,18.86,b5efc62cd155c1c6a3e925fb2d069bbd6f69dc02f8ca3180584a266e32d7a8b1
236874149,screened,True,18,56321,22696,33625,13.15,38.89,823f8e734e52d6994b980d95f15777e16f8e2b6c311b4a910033ab329ee9895f
237076895,screened,True,7,23045,13999,9046,10.79,21.54,16f13e12739ef7aceedf8b73ab9b878f0fc26eef1df482c952ea5c1e8226029c
237199341,screened,True,18,54968,28386,26582,11.88,25.12,cdc6c95fadefb4ee299490774227145a6c77bcb0fe8d95d2885191d9823ad562
237915132,screened,True,18,57270,18095,39175,11.88,24.73,9714236b7284dadb6607621c08b0248f2cf3cf6626037640238982e3133fbe2f
238010220,screened,True,10,32149,10349,21800,12.77,23.22,a43cd1b1ac60eb549dadcaec05b51609f84410b5998e6ecb01df6c99854841c9
238022708,screened,True,3,8635,8635,0,13.87,42.84,5db9ce3b23ee2f094680521faa93ede96b1ec4310ab00423126c0a5e0e1e05c0
238030337,screened,True,7,20654,9316,11338,12.89,27.53,c4ff65f985be76ede2e9143d1d74d1521b14782684cb3c9b94260800f635168b
238034112,screened,True,9,27326,9399,17927,12.97,24.25,afe0200cfb533e934b8dfa6b11607e6680536f54d6b6d5709565fa42050d579c
238041040,screened,True,6,17860,9404,8456,13.01,31.78,885ee78a6df5cfdfd1555efbd2bd0ee0c2ef20b12d0954ffed0b12485d4e1f2e
23872097,screened,True,3,7483,2980,4503,12.72,28.03,d083727389e8ea704ee67540a781afdccea507a371da5c40e34789e63b19bcaa
238950307,screened,True,10,34408,10175,24233,10.76,11.66,72468ea2c8a512e25c5142b0dc99a65a0c689c879bb39918d255fa8b715dd9ce
239154651,screened,True,5,15156,9338,5818,13.74,25.56,d5881f206098a0e2a669029d214d2fe792f1dcd9363e6843be9828279a9244d4
240403586,screened,True,2,5219,5219,0,13.01,33.93,a058932d340a128562cf414d33716056035cd75e50be2ca0ffa5d8a58d926fb6
240821194,screened,True,2,6331,3422,2909,13.18,21.79,f2673bf8e5c2ff249cb226195c18fd01e0e787e6740e5d2fcc4b5a88c828d9f0
24088071,screened,True,3,8238,6094,2144,13.39,40.44,d5e5efd12cc38d767479029d7164edc2ae4c6a0b9969d955e53d737d982b5ea3
24090627,screened,True,3,8312,6168,2144,13.64,33.66,70e43844a3cf08e3e5abc588bc6d65d500d90357f38fe7e57708e0d951582a71
24108819,screened,True,4,10363,6236,4127,13.23,15.76,ced1353ebad849f3473f1534d8fb6a046b680c463136f9af95593f11d6724e5f
24186139,screened,True,2,5698,3147,2551,13.99,26.9,8e1635c414137c2fb054318bad06a1613661c42b05ed892336dc4f0b2fb007d7
242064626,screened,True,2,6340,3433,2907,13.77,25.43,fcd5519c1c864c43c7e46b77d395965fd9a7a81972f9bfcbf6df32987f60ca00
24344174,screened,True,2,6878,3461,3417,13.71,25.19,e2b6bdcb796dd3198c1898049210068f3359d4df4a88bd6347ae2e6c40e0a039
24622364,screened,True,2,5490,5490,0,12.54,32.0,5c01429ded44001d1f26048269ff06d702ee4d7c04a3b311f59420f49b9ff627
24692354,screened,True,4,11351,5514,5837,12.99,34.03,d040009aa9e09b5a85614cb745960dfb6658b7d77d5f67588459a47117464ca4
24796342,screened,True,4,11282,5448,5834,13.06,33.38,7d45c4a0f1e9c30d8a3a7427ba08e76e204766c8d48f72de538378c5629be55d
248070834,screened,True,4,12016,5161,6855,12.45,27.26,f74cc795e2a7d98e93ac125ab2cb115fa007822f35429bf945e7cbc53f4f44ce
249744004,screened,True,3,8883,5345,3538,13.27,25.52,05a540234c3c2cc5d85b93b8d9b31e816ad666b68036467bbd4aea4ec075d03f
250189641,screened,True,2,6798,3412,3386,13.58,25.41,76cffa289c6632989c9e7473a6dfb0c92714aa2e18f946e2382a6fe005b9919d
250834020,screened,True,2,6618,3717,2901,13.89,26.49,8a5c0f537d0e081594059e0f2dad99aaa5003d3af41b91cedbfc69d1bace8e92
25153167,screened,True,18,58635,30522,28113,13.57,31.35,d4594466fd30266e95fb7662291d38f1d498aefac45c91eba98167579f02259c
252110114,screened,True,2,5218,5218,0,11.68,11.12,6eeb99139edd35ef16ac63a4de885dae16eb9d13bc75e2d9838fc392476eba59
252748546,screened,True,3,8486,4946,3540,12.64,22.93,03e964a9806ca7c8cfa0cfe82997e377b130d91fbb17ad47ed4dbad02dc9ad3c
253790710,screened,True,2,6255,3448,2807,13.72,26.63,aaf64a0e13cadb3ab455c749946bb6c07e2c9fd361b275a2c420df15a93e8ceb
255929154,screened,True,4,12184,6899,5285,13.04,35.04,172c95d99ae7689d51638afce1131dd47d708cd9e34b1b6e9d9d13b9affca8de
255932726,screened,True,4,12104,6898,5206,11.45,11.25,b04f686067333c618c1da243e0d23fd774470cb44eeffcfafac243c3266b0bb3
25605269,screened,True,5,15281,5438,9843,13.45,23.08,0e0d837175e6c6dea533f0283679abad97a5f6e61bc8adbf92df784c1b06ad40
256516370,screened,True,18,57140,27808,29332,12.44,28.55,9032a5e6176a25aca05bf9d567bad4bc4b9b18bcb4bb9b35750d827a1f516137
256771035,screened,True,8,25268,6825,18443,12.26,25.24,8f648edcd5ab9241b0dbc07386b6bc31dec63c08661733fb49664cc606e7d636
257398691,screened,True,3,7808,6055,1753,13.86,23.36,007273e50aa2080018786f87b420a64e871912355a86569de7d13fc4e5e35831
257798328,screened,True,4,10414,5927,4487,10.07,10.75,94eea1915f87a30b945bd62725464480cd6d5fc9be29e119c0d9eb3308f0a76e
258280834,screened,True,6,18398,6655,11743,12.18,22.54,62a4929a5439fdcf3ccba08c643b66f1f4612da8af6568b1bf6f3d6372c18a13
258399091,screened,True,3,10011,3865,6146,13.89,30.71,e084a3fe1f6f9a6e7cbd0881a1293e63862f6e3c697bda6839f10b9164a27748
258680351,screened,True,6,18751,6815,11936,11.79,21.92,58b8f16db0fff6971ee2a5f5ff330291e69ecae7c6660bfd5c4d3120d360bb2f
259373187,screened,True,6,22189,9932,12257,11.59,20.83,6bf5dbec25aef24b0015d3535291a25d921497a757699f1f12c79da6f9429267
259374524,screened,True,6,18047,9885,8162,13.48,38.29,16043e64195b17170a50bc39297e32ebd8d1a0517bcfef662554a26ed6eb442d
259701898,screened,True,7,21356,11665,9691,13.44,34.9,62cf8e4a4d3bf9086b647148939f6078b173aac67e05e5196bb4475fdc11cc7f
259861569,screened,True,8,24677,9901,14776,12.98,33.57,2f84a982aa303abe48e575f8ebcdb010bac1847d27f36a5d1a2dfd64130d66c5
259901346,screened,True,11,32834,8984,23850,11.69,12.74,fb91e527905e1f18b769727c11e46ffa2e0f501b94cadc0ffd6f2608843e3d18
260609189,screened,True,18,58462,30804,27658,13.83,40.22,af9541cf93e7bd6240b8bd8de9044fa7a6e1c7791ea9afaecbae347c2dc4bee9
260972843,screened,True,18,52068,23627,28441,13.3,33.61,5b2f95bbe7386d3b62ad7c6aa3ae6a2b516fcf3104f0d3e52fcf93577fe2f208
261333545,screened,True,18,57328,27242,30086,12.02,23.55,569412a26c039ccc3a8f8bddb0f96d4aa027dddd01045f21fb8ebe741ce6a4eb
261396626,screened,True,6,18030,6054,11976,12.39,15.09,e8bbd77f0710ec26678622c94d721334f74b1151f35cff9c886c7977efe2211f
262465715,screened,True,2,6771,3398,3373,13.88,24.93,6b4b637fcfda95c15ba17a003779ad7aff1397f6ca93c6d9db1958299838f956
26417386,screened,True,6,20284,7250,13034,13.17,30.76,7cfef26e396fdce7bfba062cbf407d3a714d6bdeb369df30d546d9b438797503
264178910,screened,True,12,39957,20111,19846,12.8,24.15,32a74a6f99ce23fb19a6cbadf1969f567772b4cd3a3847c326d6331879d4e54d
264992033,screened,True,7,21561,7415,14146,10.15,15.38,f5d4b8f3809e592cf9adc861b14fc9fedd7885ceb0a0ce31c4a535ca81e533e5
267858535,screened,True,6,20351,11146,9205,12.77,30.87,31716c7bd71fe2ebc3e59feb7c996b9ab1d7997dbe46c945b6ace77a9cec15d8
268337013,screened,True,5,14981,6005,8976,13.42,25.98,b441318a411a063835685b1bb2e5eb517ccc05703bd20f69536b92d9e27dfe0f
268626115,screened,True,4,13599,7414,6185,13.02,23.28,341b7cc3bbf81b7257ecc185f020ae421775619dc490819796ae8d3afdea887a
268860915,screened,True,2,5827,3275,2552,13.29,19.26,97379ecc61c5e8ee3c8e7b16db5be71b09af2ee1309e5e793683971838f24b5d
269105266,screened,True,5,16622,7415,9207,11.98,25.51,6ec26a58ae9fc63ad6756f62a4567ab17e0446ddd05419fcc090204940fb3514
270672809,screened,True,18,54055,17885,36170,13.0,25.36,b56ec28906ca36bdb2701bdf84ef138fe7b227aad509a29e3c424141fe45f084
27117515,screened,True,4,12809,3652,9157,12.27,15.31,9e8b3fedaa535a7919f567051917501340d4bfdc6fba585b52f0024b5b90695d
271642286,screened,True,18,54863,27333,27530,13.46,32.05,cea3851e41f5252fe0241f41c8aed108d715094567b0ecb8a2ad442f1723fcc4
271883146,screened,True,10,36045,7565,28480,13.38,20.47,cc2b4b5573f786753adbb94c6a9cd926aeda5a0207559627591eac4ca43e0d52
271946648,screened,True,8,24923,9138,15785,10.55,13.07,d39e64158d67aae7818932ede6cad3745678d0dea197a567746c8a50decb842e
272232401,screened,True,18,48654,18720,29934,8.94,10.89,59f366fe35efaf7fa4e75851bfe994f2477abbc811284228e551fc9131ec2d7d
272279254,screened,True,5,17356,7250,10106,13.54,35.33,ff1ddb87f967d50a66d8b457e2f41fbaf7201df5a44550f2f28c1c1ce7c99256
272635703,screened,True,16,47556,19875,27681,13.81,41.32,e060b69ec1ef7b790e83043b1786b166ace5c5af6dec0bc52cb9fa77e019af63
272748597,screened,True,18,53676,26918,26758,13.56,32.26,1cc29bad8d7303f2887f945e00bdd96a961b1ad8be9751338130166ebd66526f
272781325,screened,True,18,56688,28068,28620,13.37,35.67,e1ae42056e3056a0199a5dd1c52be0bc44b9fb45a375f09bbda860a82880b216
27322306,screened,True,6,13019,4444,8575,12.63,24.41,ef177badb81ecf0b55debb117ac9fb3baa72f697187991756167ee734098261c
273369281,screened,True,10,30958,6290,24668,12.41,12.43,a540568013c9f752b9469355444610b2ebcd76d32b63a889fd379529feae4549
27349742,screened,True,3,7583,3006,4577,13.92,39.79,8f95eca7b052c64bf74c551605d1d64d43036bafec6ce471cb60b5b028dcb5d8
27350220,screened,True,3,7345,2971,4374,12.18,28.56,ec09b4ce4275f10bde1e492458aa574abc143401741570b3079b1492aa720fc6
273515033,screened,True,8,25097,6295,18802,12.25,23.19,3fa707ae1095ea95441ca567094092c6bd1f6563fd6cf409b7a5160f883286dd
27351599,screened,True,3,7602,2942,4660,10.47,13.59,51620747e9fe1031940550a7167ef756b1c7e81eac6c748e09c166c89b850867
273589987,screened,True,9,26889,7137,19752,10.25,11.97,1f8222ee51b5a07c694cadd0a2698eedfa346cf9c64dd8eb217efa38b87756f2
273631732,screened,True,5,15962,7250,8712,12.82,34.11,2063496a14c6adeb2f8fc4680fda0999e5de3854f704e724d885f0c1ff7da824
273647353,screened,True,2,6631,3364,3267,13.87,22.7,ebb12279911722a2fc67f3417faadbc5b515ea060e71f61f9d8275a66ab58923
274127413,screened,True,5,16975,6957,10018,10.35,4.66,aa57c50f39bed5873a1fa26ead2a94af5322322d6811b391051de55d04beeaeb
27416154,screened,True,3,7680,3040,4640,12.9,21.59,34237c92c9a1b1ddd608ada9c6ea72fbffd26e3396b240213b6e73d33edfedd1
27435948,screened,True,3,7681,3040,4641,12.12,21.55,883740ce3e394773d6f68114d8d1f1add9894581c27feb3800b4116c809fad84
274393297,screened,True,4,12578,7559,5019,12.76,24.46,658dfe550ae26e82d2de8a5d44f951ff96910f19d270e92b17ec296629408323
274626553,screened,True,7,20578,10836,9742,10.59,9.91,9912fa093ddc8bf6a148c253777732952f74322df22ab88099ca743fbada3d60
274845559,screened,True,7,23102,7070,16032,13.82,19.76,c7a812707f4f6b57aba62463cead2bc2a35b7b3c6ab2fd456617e9e96d863583
27489586,screened,True,3,7554,3039,4515,13.07,35.21,fc060613947387ccff04376dc7aa3c3311f546f436578bd1b82b5bd688aca56e
275190266,screened,True,11,35153,7064,28089,11.94,25.87,66aa12b652183714f03d917f4babc183cfd6812522903bfe21734d10d8cd7c5e
276832928,screened,True,4,13026,6314,6712,13.1,36.02,675c70790c12e9d776c5d2c4d03f7589c516aa31004095a24387155a7242ec79
276976190,screened,True,6,19257,6315,12942,12.1,27.04,3fe329940b57bb0180bf9688528ea5a1c828c80ac9422fc709a011fb71771bc2
277771912,screened,True,10,30815,9000,21815,12.88,21.21,b5c78bbec3025c801bb85050e25f076b9931c91c8190744f24d0cb564d83a9b0
278614475,screened,True,4,12082,3649,8433,13.63,25.34,add0fdba90a866be50fec82f801a4ab1d0dd1895b9a0c98fd0e88b7e6e5413fe
278615421,screened,True,3,8732,3652,5080,13.75,30.97,8c9ffcec2d0839b8da9fe115d15fdbe1138b3c385b6f8d005ee2a4c10811eb12
279293709,screened,True,4,12002,6785,5217,12.38,14.52,9268a289917462b4092dd307f8709c1a049ce98fe0802543d53bda5747622924
279354493,screened,True,5,16386,6941,9445,13.79,41.84,f1a69b751f64aa5be431333589bc7676df47f6ebf430827456f8c1963af89a36
279674929,screened,True,12,36708,12418,24290,10.79,18.58,f1bbd87fcb46a29574d0fcb327cf9fdc84d4d00af5fc1904c904076c0130da1e
279742501,screened,True,9,26744,12047,14697,12.84,32.51,b6b02a42e2967289991d5f352f6d69aa5ece7f7cacea7b0f7ea205a4e5517c81
28053247,screened,True,2,5682,3141,2541,12.86,15.36,20bee6970668b72240424d3dfa58bb10a6520c65f02cf33fde3c4711da7fc5f1
28069786,screened,True,4,11845,5904,5941,13.48,21.43,ffe37c9f83cc360900240c7153cb20d1118b54fd970d4714debf5de20c2c9632
280801342,screened,True,5,15503,6033,9470,13.37,19.88,3268f8a06845eb1b8b1f0cfedbc7abd11116c292ab3c416f787322e925637aac
281193283,screened,True,6,20013,6827,13186,13.4,22.8,c5c1052867660d0d58bcc9ee3b9caab712e20185a6da24b1f12fffa5448faee3
282052574,screened,True,11,32862,11427,21435,13.46,31.75,d2ef0c8d9566900397594c6eb090f0dcf4dbdb69ce0770b02302eb7d5dd588cd
282427587,screened,True,4,12578,6318,6260,13.7,30.17,de046334a5d9a7111fdc6f22b3cb3c6ac20f24c75a51cfc790b91ffd46d7f2dd
28260969,screened,True,5,12373,5915,6458,11.05,19.77,39b2a57bf41fef537a17753b1431aa57a195be783939e8f5a583f4a326e6dc0d
28286950,screened,True,3,7381,5447,1934,12.68,29.28,14332c3828258a57dfb87595ccacc2a7777ded8dce85681e3d300a9cfa41d168
282923395,screened,True,10,29735,9640,20095,13.82,34.86,edab411b2e895917e1a199eca9fa827647649b56cb98a25bb7bff26b66172771
2835989,screened,True,5,14778,3661,11117,12.56,16.77,4203181d47243d1a5d78107d81f924d2ea4fcae6df550c3e0c5eaa1877db7d1f
283784435,screened,True,6,18347,9486,8861,13.66,22.84,0cefc79fa57c3d4e33491b6ca0e03c035707a5bf6d2484764fb4bdea6df2f6c3
283869316,screened,True,2,4515,3098,1417,13.85,28.11,f74f195d7bd59ff64af5bebc4bd2c9e63285ad0600544f887a85412877fd85be
284190375,screened,True,16,46686,20676,26010,13.85,26.85,f2652f79413633f3f7c755cf6f874f39f33f4cf4fa95adf283fa837b1dc6ef15
284596951,screened,True,5,16314,6767,9547,13.55,35.86,6a9b3645533ea575694ff79d7eed30467b06601a74e36dfd5f7f6dcdbfb0fe8c
284800109,screened,True,8,22279,7721,14558,11.03,16.75,ef59516ac95f34c4327dd185c84a222f83cff4352f486e70c8d5af00e1aa1e5d
284892663,screened,True,18,54620,28735,25885,12.19,28.92,c71915a23d1823050eeabc88b05ce0ab6fadf8f2817ad8ffc981c107b0828db0
285042210,screened,True,4,12177,5485,6692,13.34,26.37,46e1a7d681838e1a3c36a07c74a720cc0918efca62db07c107886ccea7cd10d7
285129058,screened,True,4,13099,6384,6715,11.83,14.3,18671ea00b0983d2fcbfd2f79ace39568202b96d47f9da8906bd999c2c9f9b9e
285903673,screened,True,6,16910,5336,11574,11.56,19.13,17f44147ed6ad89b595f29be45293fcc35ae0a9107dfb99f0f366673e77839f3
286126698,screened,True,4,13428,3872,9556,13.92,37.34,757859d2bcdb0034fe704033086475ccd565d1d477ee2f564245e93d53daa8d3
286332367,screened,True,5,16271,3468,12803,13.53,24.13,0dd8542013f4f4ad78e1a11e832cd6ba8d0a0d4441b815f404ef90e9c50bfca4
286898565,screened,True,5,16370,7565,8805,12.68,21.35,35a0c19352b072951bf3d9993729077fc7019e2ef36baf6f9ea9ce8bbf9e4f4e
28694153,screened,True,3,8968,5375,3593,12.98,31.71,ee1494c6774c9c8a1965df82128862b029bbad5387620da44a487bdaed536ddd
286944183,screened,True,3,8510,5957,2553,12.95,25.79,dd512af642abefa2dabb01caad2fa65120941e07eb5423f06fceb4e2c1bd5ed1
286945883,screened,True,5,15145,6528,8617,12.73,23.13,8e54aeb5c7826cc8935e7158dafca2b15e79826c577b7aac1ec75323f608f875
287148041,screened,True,3,10345,3690,6655,13.52,29.18,631752d2cc891bc7ded33167869b4850969847509a339880a119e4e153b2922f
287149955,screened,True,18,54070,28016,26054,12.69,29.76,9edae4c2aeddb5a4f17719907872781243e51c7a935548404a5f3bffc47df007
287254711,screened,True,6,20779,7472,13307,12.4,23.08,d5ecad3dc33251b7860f5eead869b70fd0ff97205ac70e294720c30f1eaeb396
287350462,screened,True,18,59141,24509,34632,12.25,23.55,fd6aa6e5e52d66b32e135407d33fa9618ada73cacb663223756ffeb81920fb9c
287444500,screened,True,3,9161,5265,3896,12.48,31.08,5c2b39852f10f86b5909573fa8c232b49228ca0e751c9e630166f38e7ef7bc46
287488930,screened,True,18,57420,17124,40296,9.63,15.6,951470f9c43b6dea0a561bc71ca28066ba09e426c0cdb3a3a73af52dbac027f6
288314668,screened,True,16,51065,12922,38143,11.31,12.86,c196941849628f7b7aa91bbb368abba4c1f1360284464c75b900f54374be15a3
288404936,screened,True,4,10952,5725,5227,13.98,35.04,a663ee81d359e472ddb62bff79dfde3a5e258481e99b4e1ffb6f4db2d466bf8f
288452865,screened,True,4,11316,5836,5480,13.45,21.4,509cf634e7e2f67b93a5683332517f41c0f98541f088236416791f79430101f6
288507043,screened,True,3,8271,5716,2555,13.68,44.24,bb080875952f4348519c71bb2e8e839b8b1af4bf3a5cf3e68402f1cc71bfed36
288512235,screened,True,4,10983,5845,5138,12.47,23.73,e8ae3c8680aa22368302a164f2668b154a0a922d911ff6f5817643c81415869a
288516176,screened,True,18,51844,28931,22913,11.61,24.12,a4403747012aa5c4c07e6d64b1a0349586a28654a5563dcc81a394b7e6ff7780
288634843,screened,True,18,56836,29820,27016,10.59,16.4,5e22105db2475947b006c815e20843cbe412bbe081393191f63a78947f49ae17
288953054,screened,True,4,12342,6753,5589,13.47,25.31,61768984ac20139b7498caf9a0013743530ec4ab346ed29bdc4ec897b621ceda
289113766,screened,True,4,13509,3848,9661,12.3,9.17,ee792f6f1971b435d37e20ebcc1b08b9fba84c050112f62564ba0b8aa6748686
289536553,screened,True,18,50865,28594,22271,10.96,21.41,0c77cd35a0672810ee7fe9ab88eeabc720b18065defcde9600a9cfb71acb828a
289567943,screened,True,6,18768,6215,12553,12.49,28.09,c72867b3e101c9c8bf38e4d602f916394f310540580927db023a11c8ac652c5f
289575374,screened,True,3,9178,3666,5512,13.04,17.03,8eae33a157531d6ce543a825197a4179d2b2501f357e3a609473a3393725bc1d
289589923,screened,True,18,52459,27208,25251,11.38,15.22,cb9c1f78a09376689a49c27b13f8931b3a7bb58a204584478464858b3715ed2a
289719891,screened,True,3,12060,5881,6179,13.51,22.76,f4846f9961826363b4dcba097dcfffb4ba5c5e936009c48fb9dc1acc94280c57
289909994,screened,True,10,32492,6837,25655,14.0,30.7,23f3b2c63cd1100fcb15b59f48effbf6e3a99ac7f4b46cd01153eee52441b566
289922302,screened,True,8,25865,6812,19053,12.53,31.26,1d39468228139c6a1c7d37aa01bdd919408f326033b64bd5bc4cf7a1c58ddc7a
289972535,screened,True,11,20766,3810,16956,10.43,13.09,997f1db18ad03996ddb90435d55a90c3f0e548a4eeba234e9a6a85dd1faa91a6
290183543,screened,True,15,48083,13565,34518,11.82,16.73,07409758a9e733d5ced2cf682f9766b840ba10466487218bafdaab1c1b9078ab
290305163,screened,True,4,13063,3692,9371,13.16,35.06,ad03190fb2babc526a0c35d38dbcd02928b83cf2c79b3dd8f99d62e7f18c4b1f
290408720,screened,True,6,19192,6312,12880,13.11,24.58,b04433b49b4919f5a2d5cb8e66956144b3319e27826d3eb61a7251dbaa9abec7
290647853,screened,True,8,24696,8974,15722,13.57,23.05,9321d3b28a90237e09ecad156e51bb9e7ee01707007159de92baa7131e42a594
290777240,screened,True,18,55251,20969,34282,13.1,26.32,e5f4b798a692543b5ab70a298c2fed740d860fd0f4c240fa3062b178dc495864
290949039,screened,True,4,12305,9102,3203,13.88,32.49,064e1f2c23163a22f98896b7a471cb72c1e4b0ea3271a55731a35e2f488f6086
293162811,screened,True,12,36822,15325,21497,13.33,35.3,ef7f28a0f3d565ffd9516a970de68c8cf75f6aa7cbef996c7640cf525c30d5dd
293164461,screened,True,9,29377,18980,10397,13.51,32.71,f71fb3811863b47324d323b128d55093cf14a65f7c789dccefa4f6801d9bc6e2
293686825,screened,True,5,14705,6034,8671,13.7,33.04,194992de2c1f2d2df51258552f92ccfb3160b470b40397100e81e257bee2cbd0
294093302,screened,True,18,58269,31190,27079,10.85,17.27,f960b29dfbb326f1952eb049cf27d9b9b6f8a3e708a5e1baaa8e6adf1eec616d
295017824,screened,True,6,20408,9471,10937,13.97,40.48,6f07e4ef5002e18eabd11ba63ac0b532d76a24d0f25f1b42f15d4a0bd30dce67
295798308,screened,True,2,6328,6328,0,12.86,35.54,13dacb11dc544541dfa7a237a77e659de2e4df31de6a085e937d8c462a4c4651
295893467,screened,True,4,13102,9383,3719,13.97,40.94,f13aa78e07cdc054cc2c6865be574dffc3f2f4dd32f335c11875a65b0198a2d0
297823453,screened,True,8,23703,6311,17392,12.74,29.8,038413f5ef165f94ef15d67d42178fa12844785e59e096f6b42cdce16c8cefec
297905922,screened,True,7,21577,6646,14931,13.88,27.56,eb93cc45129f260bb90375afc5c3677e6f5a1935d730a20d12d6d758566c274e
298160985,screened,True,9,27747,8806,18941,13.31,31.24,ea30935d8dbcea2c4dfec9b8884d0eb23a6161db5ce1389fd1debf92c704ff5c
298265889,screened,True,18,54477,28326,26151,13.31,36.25,53283d1f20defaeef90f88896301ea60c326bc299c238bf2e519e1e38f49d9b2
298336896,screened,True,2,4673,2722,1951,13.22,20.89,d2c6ff564a2a1b24081e3d91c0d338bc34241aed8b7c908157e265e61fe1bbbf
300577723,screened,True,3,9352,3673,5679,13.85,31.85,1e344581b378fdd7c9d89692d7aa648c9eebe55bb73edfa982898b0a01f9faf3
301894987,screened,True,4,12708,6095,6613,13.25,30.23,e0d52a067c29e635685a59b6bc4ca41e0cbbd866a29b5e14e18cfc360a374124
302444623,screened,True,12,38224,12997,25227,11.8,17.54,031a5a077e84760bb1a2da2f0d37cc4c08910646f776a8b142d139d5b5a71dc6
302554247,screened,True,4,11822,6235,5587,13.92,38.9,dbed23595f600a8a6a823eb77677019cddea7d202c573fe749458e9bd85f1385
302923645,screened,True,7,20872,9159,11713,13.11,34.4,6471ef45b8bcb8044009f365ec767be5b917cddb5a1cc63a4a0a6a120b06496e
303301402,screened,True,8,25091,5972,19119,12.09,14.47,e63f40e89ce881b7936d93ac17e147e8b62e0dbb1783f29b20222f8c9dbc396e
303911833,screened,True,8,25147,9108,16039,13.11,32.16,14b989f3c0f7bcbb2ad0f806bba24266bad6db10c83f2b61d1734597b8f3092d
305794603,screened,True,12,37903,10776,27127,10.92,21.97,7fbcaee37808b309dfb21c5f6f4d3583e8a25b98e84dc6f4ccbe76cd5102b536
306114021,screened,True,2,6543,3322,3221,13.97,19.67,9dfbb407c55b3fe6ba30ac068c89dbdf9d28a8e9b912dfc58e7675718533dc0c
306262188,screened,True,6,16378,5994,10384,13.72,24.73,2eefe4869b3e9758a4bec1a6236fd53c29f46805a63543461b56dd79981bf1b2
306357678,screened,True,4,13027,6314,6713,12.65,30.34,273abd8cd9def3e3043ad4bf829667974a3a8a2d44839b29768bfd99d5625d3d
306980405,screened,True,4,12572,6312,6260,13.0,33.13,d501941998edff67475d79c7491b3580503b658ae9f9f7d65e07867b8f00112d
307290964,screened,True,18,56249,20824,35425,11.78,26.53,f89607fb2b00cfb5fd9332ee7b74b731af95bac03d0594fe0b160f773d706d17
307438562,screened,True,18,55738,17137,38601,13.21,35.15,c334f558a3ca1501daa5549d65d18c5c0d134944f06e2848fbb6ca8f962186fc
307616783,screened,True,2,5774,3275,2499,13.45,25.25,f75b5f8fda37439f8ae81d45acbfe85bda7f5fec9f66bc00293d851c701f94d5
308664596,screened,True,18,57383,15352,42031,14.0,29.22,a7d435b6bbb60c7fbcf53d07524d0b22f121eb493c6179de31a8ed85cdf7d13f
309416650,screened,True,2,6615,3337,3278,13.96,31.33,8fe4c80afd0d8774ed8969e6bb8f2a49d9702e5f9d0fae64e8240c20aab94e88
309434653,screened,True,6,19369,7037,12332,13.46,29.89,445cdbda7ea99e3c753392561e253c8047f6cd1f74c0a24c261541ac0b10cd00
30943870,screened,True,3,9687,6271,3416,12.92,25.41,914406253a02a41a03978699b325b64175b1518ea0a9fcba3f9e59396e7c0f55
30947458,screened,True,3,9707,6279,3428,12.77,18.23,fa2f6cc91c02c5e29c00c633c1ff38caef2fc943856d5582b8f819d9c9774627
309707247,screened,True,3,9229,3505,5724,13.76,25.87,f965070c062cfa420358529fb7764b13249a25a69ab213291d7b04f57cef61ed
309781635,screened,True,15,47065,16471,30594,12.79,27.33,79c8b2b67f586b17297edae9d9f816c9b0f22e0acaadddc0bf9899be7b7e821d
309850275,screened,True,5,14311,6893,7418,12.56,23.18,b71834c157413dc1eb5ca96c147c95f214a84553c62a76615749c208f5f82fea
309857585,screened,True,13,39964,10773,29191,13.76,40.03,4be812ea6abdbb6d89abd0a9de4392c285e47b19d379e93391dec132f0320ccb
310128088,screened,True,9,27594,10534,17060,13.39,29.07,74936a091619273746bb4140b0303e9e126730e1d0d927942d2f0798620aaf61
310657449,screened,True,4,12569,6314,6255,13.19,34.41,7296240b47489f2c407d0090391de04e9a78dd0bffa3bc5a2e18f78ab4fbcca9
310836370,screened,True,5,16568,6697,9871,11.76,25.26,82ab8727a2f82572650c71ebf0ffc79edd3a7f0a1406a58e53b5e7ff58111227
310995878,screened,True,5,15030,6576,8454,13.69,42.48,e6a37ab051aba2b2149dd4e39d45716c795ca5c0f7526bd7e06dc3cd540f0470
311931991,screened,True,4,12370,7041,5329,11.61,17.16,23091c21fbca0efffa47218b1310e0bcb96c8707f599d37b1f89da360ae8f6bd
312546580,screened,True,3,8862,5508,3354,13.33,37.74,350a9006a9d277971c5d706516f23f3afae3be4af290d4f043e0af5913a447ad
3127674,screened,True,6,18447,5817,12630,11.82,12.13,07202967700d6d4aacbddbc25a6c61564499a7291114eb8b877abdaed53408a4
312885008,screened,True,6,17962,3405,14557,10.38,14.65,79d03f839de5ac9e5c063f6970917ec5ef4b7a3d334001029702441646c5ac4c
313386497,screened,True,4,11280,5890,5390,13.69,34.6,c6600e8d0ac179f314c2c50bfa2a6c67b8c6d31f220248124f2b30510bbee112
313610499,screened,True,4,10253,5870,4383,13.57,37.8,05d3897c0589a542a1998572d2bfc9ce179eea6013c3367fd246dc3a0b0b0904
313625338,screened,True,5,16758,9323,7435,12.51,22.37,9fa654fa23c4d73c4d711a39fd54cb09d0e4d42d0ffca0465982045fb6d8bc46
31381302,screened,True,18,59560,31816,27744,12.49,11.42,83e5368c6d428924d50a199f52f079550bb94b4cceaae32445e805fc64c703a8
313975570,screened,True,3,10037,6143,3894,13.73,36.62,a5879c2cd6b865e2ef99e7539cfac21fe8bde50c67b967cf02f95d92fd411f11
315301271,screened,True,4,12095,5272,6823,12.5,16.37,6a825293d1b2a33d64027a95860673608e19ad22e1ea4c9dcd11ea5efaf054ab
316404611,screened,True,4,13594,7435,6159,12.01,28.66,ff2d6bb94d26b712933b2aa18c2629e55dc444de13e141e9b32d583330ff0fb1
316417885,screened,True,4,11158,5481,5677,12.04,25.81,f79b7b776959bdc9f71e80da7e6abd85c23ce348f76c493f03b1254f9d0fce48
316451175,screened,True,10,30092,9877,20215,13.92,38.19,52c7ffa62c09c9fc3b3c651069ac68992a79177e4a015bf0234e40d36eb30b53
316627328,screened,True,3,9359,6204,3155,12.18,10.49,061587c7b07710b66199b1ad03b0645a3cce5c69c832a381c7c2b9703264b697
316880751,screened,True,4,12367,5541,6826,13.64,26.91,933a31f926ec30f587d9ba85f9db3d7ab0e56ff293682b75067d1f41b7a2640b
316976049,screened,True,18,55005,18416,36589,13.03,24.97,71cb4d7e1b9c942150eb2e800c1eda80144a62d926b2996a50b6c9c3e3ad18b1
316976676,screened,True,12,37513,12184,25329,12.01,25.55,106aaaa44d889c4854d66bdf6370de03fe979fc2ae67877ded62786e6b30812a
31704987,screened,True,11,32409,11775,20634,12.91,25.56,df669b9ea75667ff509db62f56e5e657df3321073714fb4da1f847a32ff2571a
317180704,screened,True,4,12589,5432,7157,13.72,21.08,3f3fec6ea06e04e8d95b4649f6c46dc0d4d39be4b53aa8276285888e5d125883
317394133,screened,True,7,23199,7073,16126,13.64,40.52,fde6655d48ddea909f7c49dbea8676f9daaa30549a1318b35aac35d3a802104c
317475082,screened,True,10,31515,7073,24442,11.73,22.76,e8806dcafa5c77f7f5c2379ed143350c3d44cd50ba2a95aacfd5cf8bbc4c7e77
317837723,screened,True,6,19433,7074,12359,13.09,20.55,d9d5a6928702b964306ca05a44520ba804f6bda6095541b4e3a71cc1e091a821
31792609,screened,True,5,15625,6124,9501,13.83,23.29,25f348b86d624de40b4bf674c4f9fc3456498211e826250261c06568ac1a1128
318606698,screened,True,7,21953,6033,15920,11.7,19.35,f955983c4dbcf0df70940e05d3336ef2d3ef167d8c025d5725f1686881ec3e74
319474472,screened,True,8,24470,12805,11665,12.8,28.09,b55dbfd04d13f48fe568f3c6bc1434b2d3110abe242908e4b88258b58ebe79c9
320208632,screened,True,2,5818,3331,2487,12.72,18.55,60086c03aa134f897be6798ea7893c54069bbe347251ed89f6b310365a3f9909
320209338,screened,True,4,11523,5857,5666,13.17,32.0,25e93b0124fe0c0f8106f3e562c3cad0de3c462688a5bb14642ae5d3260a9a56
320323745,screened,True,18,53358,27628,25730,13.23,42.09,8020748ef55b5d4a302302d7bf4047aa5f037ba80a9a25a49757d8b8ab8c5cfd
32050414,screened,True,18,55448,27121,28327,13.97,25.04,15f38e5252e49f3d74fdb9c226958ebd39670c4e95b69083d8d651c5a3aaa6a3
321595102,screened,True,10,32361,10954,21407,11.84,26.6,739fe47eb0138d098b611a78d9f47573e0f85ef6f255ec7006453d182cb3a960
321816376,screened,True,4,9686,6055,3631,12.99,32.95,620d7833655006b8bcdaf48e7bfaea387d205acf2a3b56419bd9390aeb45e763
322391844,screened,True,8,24880,6989,17891,10.46,16.01,f76f2efd95aeec85e0272f605e9126ed7d267c6768f5e337c4fd82a98358a2f7
322777970,screened,True,3,9559,3401,6158,13.58,25.8,300e1ea9f14cdf7397db3da3f630e83b0df345d3d08e542339b4ce43504a5791
322860313,screened,True,2,5882,3588,2294,13.99,33.04,87332f6dfbe9695ade2674bef28bb9d63b7744be309384eb13fe784287c3a57a
323057249,screened,True,9,29114,10431,18683,13.75,24.16,98bea7c7386915af0e905ce0268593dc9da5a984c149b554d95960227d21fecb
323429176,screened,True,9,28456,10392,18064,12.18,22.08,229ff48c8584f25ff977430cb8283c7d3a3f660662eee201611fba4ddc47a67d
323598320,screened,True,6,18412,9507,8905,13.64,26.16,204fbb3aa6e0c1453e12495f5d048b5238adc98eed7eb47848f57fcd4a6832c3
325278705,screened,True,5,15623,6059,9564,13.33,21.1,a999a9aa36d120d3327de60f1271bd8532be6e5445c2952894c283ec78de74d0
326209200,screened,True,18,53424,27770,25654,13.5,33.92,7a7d6a34f1a581cb789c8237067ec0f5b7a68350478f5a66a65fa320305d6895
32677026,screened,True,5,17506,6835,10671,12.33,27.45,cb5ca74739ab5acd353ac670edd2209ad1e15776c9a69d7dfe86acce90515831
327188003,screened,True,3,9033,5402,3631,13.24,32.38,0aad7d431ed5e0f58263fbf6f626ac6dfbc37049407e8e2fa0ec7c5afd56936c
328254412,screened,True,2,5477,2754,2723,13.97,29.63,b1ac70ebc1b88bd675dab3de71953aefd75cde30d42f00742acf6108f49cdf2b
328401671,screened,True,2,6087,3191,2896,13.14,18.81,dc4301e292a780f83726a04b2db03b81283f040317c21fa3043966b3f9a91032
328463799,screened,True,2,6066,3185,2881,12.66,16.88,491833c68fd40d266aa03e137fb40a53277d21601e6165bd898c33fc891dac89
328591096,screened,True,8,25294,8926,16368,10.77,14.44,a03697fdf5ed989dcbb1530f706915bce8fcaf0b508be03c216323895db76f78
328799321,screened,True,11,34468,6666,27802,10.98,19.25,9d5e9d2988e3984e4904a46b0b83146ef200a5f622745a2d3a925caf1405ca0e
328800211,screened,True,9,29567,6780,22787,11.97,29.26,e0adf08a57b5a9b8605c105a1fd93aace785c32ee534923540eda87b2ef5b2ff
329118618,screened,True,3,6911,3459,3452,13.86,30.29,e601f3a805e05228d5f037c0b1433dd602d840648fb2c622943f85156e921560
329291443,screened,True,10,32541,12530,20011,13.17,23.23,ffbc28df66a869ff0ed56da0d40db38b5cd444574b3a0f79c46072ab1b3437be
333278247,screened,True,3,8721,5189,3532,12.88,33.87,d2da5ae21e9fc92ee8ce2b6352095b5f31bea334015254e52c25293f5876362d
334483267,screened,True,4,13056,5894,7162,13.99,35.18,4755860faf2ab493c57cd836579cde9dd686df492b6332ce1a40e499a86432bf
334519921,screened,True,2,5794,3151,2643,14.0,31.32,e2258da107249a3028899e732f4bcdf4d85976836b73a209fd1b4dc5c0242656
334651091,screened,True,17,47013,14787,32226,11.8,27.56,84c7914721442b39d7bc7c57c898162c01351e3d70348e40965f5697d1dc43dc
334799215,screened,True,18,57814,26038,31776,11.47,24.2,2d47c7e28d467632f0fa5dc4de28fce9212a8b8a2c8f8fce9a76677b517b17a1
334802880,screened,True,5,16682,7087,9595,11.95,23.49,69ccf7f5b0047ac07dc97f2cd502eb757fc66b1072c348f66b94872ade610e76
334835095,screened,True,6,18710,9963,8747,12.32,31.07,e47b0aff59ead72f4d9c5e7af958ed2f7a87cdf89504918d790a1259fdd3c50e
335797473,screened,True,6,19550,8862,10688,13.03,28.63,3c6e9601dc559aef4cd7b3fee9b5282e6fad81d6f443ac937295901cc8633a97
336538915,screened,True,6,19635,8897,10738,13.83,38.97,a8303030725af779367dbe65413c85c9d0b61cf2813d3093f724fa59aefa2822
336541591,screened,True,6,19321,8688,10633,13.34,36.26,ecf7ef158a2482daa2d9ea27edfdba416873ceddc5f4458f29d5429ea3e85174
337705501,screened,True,4,12702,5160,7542,12.31,24.07,65b5f6de456bcbc42a4b2d35d54d4367ffa6da9715f4f30c1ff30ffa3d6d363c
338137771,screened,True,3,8806,5160,3646,13.32,35.48,8b00479429348e1994ccd4fba89b75b506677a7d59c60283bf5e6a07385db9b3
338288128,screened,True,5,16948,7413,9535,14.0,42.43,3b7ce9c44f04ff3df23aed28912261485be7054a1b6687355edde5019fff07b8
33880418,screened,True,18,58329,27774,30555,13.51,34.41,5bf331a1c8267c887e617223efeeadf18e8849ae157ed3e15149598e6277096e
339956143,screened,True,11,34471,12440,22031,13.54,35.39,1e24ebb7f69483d9dacfa241e55442b1feb8e8b2fad32074ffe5a2d07bcbd719
340009136,screened,True,4,12426,6154,6272,12.55,12.52,c4e0bec2c2807860b6c582fd33879e081632cb6d87684518f61b7d9a5a1b7334
341267102,screened,True,8,25081,9884,15197,13.65,32.4,fe8c9ae74655c1cdf9237e05a0452b6f039a51aea076e87ae7c445db1f1aa07f
341417608,screened,True,9,27840,9923,17917,13.09,34.72,b82029b400c336eb342c2d4ae803eeb29089c2798c5a476b6e968cb9853f9674
341705385,screened,True,5,16881,6861,10020,13.8,44.59,d2a46d91b628728da219cf5b27fcd304bfa82ff3aa708dd8e8ac8f7915028110
341787179,screened,True,6,15790,5535,10255,11.94,16.76,7bbd7652731045dd8f3ef78a35a1a4e442c3133f04877ff2f3c9fa44696c9e41
341845611,screened,True,4,11044,6634,4410,12.29,24.25,8c26b94589c69deb8c60d2044e35c5d6a8481408b71f56a3359cd3ce958dab2a
342888849,screened,True,12,34570,9550,25020,10.44,12.9,3f5e8ac529fc106fa59fbebec0b60310324acda3939a555e490bf4b9088992a1
342888854,screened,True,9,26586,9570,17016,12.34,12.91,c4d3894cf46f1451bb97c3754276590c6dbe76ff4d2c1f2716857a7b3cc73706
343268431,screened,True,9,27664,13203,14461,13.07,27.39,582586c8eccdc726da40a1fa2a02a69e2d453375b7f20035e50a1ee63014008f
343404892,screened,True,5,15130,6171,8959,12.24,27.9,88e68b3cf3cce559b247aa842149b71dd610280fbf002356fa90b4bb2bb7126f
343410928,screened,True,8,25024,10878,14146,12.27,25.48,87b7bb2dff5d780c0bda03bbfa7a1cc1ae206fea5d318117ab03341577d71cf7
343722317,screened,True,4,12494,6314,6180,12.76,31.21,57ef68398133e84ae5ed1950cf20fb7b4bf64f62d1c2e1ce41a1d5f79f56b33c
344012137,screened,True,4,12917,9023,3894,12.87,34.36,beadcc41ac27ec1c0ad7d6ba01cd2d2ee0ef51fa040b7e2f0b1b77538c069a9b
344097064,screened,True,5,16695,9260,7435,11.4,24.17,67683a7e2c1b5fae8a7826570f48fa7e73e0180de15478db78e096224f4371a6
344136084,screened,True,11,34312,11721,22591,10.39,18.46,d0880d9ca1da832ea1efa3717219a1d5e27733d2e348ec85efaf63ac06423144
344290932,screened,True,5,16491,9056,7435,12.46,33.93,ad93156a3521be312829e71888a365d88e24ae0a8cf594c4cf45b6fb783d9111
345874162,screened,True,5,12600,6616,5984,11.11,15.87,58a8d4cce2948d4ef5209329c2161d9a90228ed3ee702be04aee2dee192a88b5
346565207,screened,True,3,9356,3542,5814,13.58,36.69,73baa7b427b0e65335069a468e9e2a6c2437da000bb36cae926486d94d5afda5
347308021,screened,True,5,15636,7276,8360,13.31,25.87,55aaee757aaabece023d9a2ac7c48e65abab5fadc421081654d8ccb8e0b087c5
348772142,screened,True,9,28366,8619,19747,13.48,32.35,9af8ac7a0716a235a47b3ee7ec05c938b3911c12f235c3822e1eb766e5e41ffa
348795308,screened,True,18,54558,22094,32464,12.9,26.6,ccac9c5bfa534087061459307e82742d5aeed48319e8f51f6b4536ab1e170251
349306411,screened,True,18,58182,31098,27084,13.39,33.7,425d8743d6ee480ca787f73dca2ac06099a271b4b9bd44359052bac6feda1f88
349374765,screened,True,18,59796,32720,27076,9.91,11.21,6017e95004753c9a66b8f2002a5833c9c660b758a5dea2a46cbaefe3baaace13
349645035,screened,True,18,54184,26949,27235,13.27,33.42,22062e22b160847d1c06a73efa2b9bc0998549cda57a6f5c66c1ed3a3c1b3317
349683816,screened,True,18,57977,31143,26834,12.42,26.65,a1bfda5a2e18eae86f0b8302a159c9c5a9864fcc4f35a60aa9ebe1791ea5a990
350142099,screened,True,18,58287,28216,30071,11.67,26.0,8a7b2eb6f6ee83a81166aa958eb445f8ef1d5b906211f8bbe28f609c7f1557bf
35025268,screened,True,6,18445,6082,12363,13.02,14.92,4c63b2561ac2d9ba1fb3a3340a1a37b7f78a9b0a7be1cb95e46c627f554400d5
350342912,screened,True,18,53583,26156,27427,13.84,48.0,e51462c9e21ea944e80ba83aab4e7da299c45be572ec700076ba53eabb92989a
350433330,screened,True,11,31195,17203,13992,13.8,42.16,3fd0d137b852f029e06079fe92bcda46a306372ea7dbe6d76b4ea8c7004939ce
350708370,screened,True,18,54823,27726,27097,10.59,20.65,988e3f0391bdd522088f67fb5a8eb019ec62931112bcbac3db7376978bb4fa4c
350734035,screened,True,18,57380,22947,34433,13.19,34.8,a2b9324895df7c3151d59e48f5f23cf6e0c7332d831912799b70b1edca5497c6
351697960,screened,True,4,13243,6657,6586,12.39,21.96,e82c99cc600d299f78ffe455dded44dc22311b228d5d4a67276ea981b83fddc5
351808240,screened,True,3,9362,3453,5909,12.36,14.0,b22ef2dac2efc291813b7d5c9343726d1c7f98984dd5a2fc23629ca15ab3dda7
352617553,screened,True,7,23182,10674,12508,10.91,9.58,db37c9f1674e4b6132a12bbd25f1c343834ab9fda2d76f47d33c65c3a5ce4623
352949913,screened,True,6,19243,8324,10919,13.4,29.91,66726c7cc307fc59fbb433a6983a17ad9670196e882df4f4c765499c39fd6418
354287347,screened,True,6,20716,7411,13305,13.16,32.91,0b3013f5c24cd862bb2514fec5a40407d35e7d7f49fbd9607d4690d9919182c1
354572301,screened,True,4,12318,6501,5817,12.53,28.28,bc0d539600a2fd04c386c5c98f79cd7c4b0a2fc77630d21ec4eb71a29e2d17d9
354785188,screened,True,5,16562,7021,9541,12.43,22.69,6800cd9a95709903bcbf8f0b05a8645b2a4f2cb73a3ed18385604d413ee6ea41
355147124,screened,True,2,6612,3357,3255,13.49,19.4,b036bb2207e436c2baf6eeb8fcc0c2a36f6393bae82bd25e6cb5297796ddf8d6
355704636,screened,True,2,7357,7357,0,13.49,35.06,8d7f363f91395a2e4a50ba1162ae9d81b7abd9bcf08cdad1b34902ceef8cb631
355867542,screened,True,6,20777,7472,13305,13.64,38.42,26a08d237becc0e716debfaf4b16a539230114391464d394df14375408689c19
355918065,screened,True,8,25358,9514,15844,13.51,37.64,ef3d15f8825a27ffa8e03f9e0f6a2f430bdcc95c15da5629a2fd3b972739ae87
355935333,screened,True,2,7171,3664,3507,13.72,40.08,a100f4379e2cef14b740c4af115207196ac7ae27545d4ec4c8982357208308fc
356062524,screened,True,3,8270,6467,1803,13.85,34.27,26513e3b73f2686877ca9cb708761cd5b051006bb5f16c7e78abe38830c2a6f5
356090892,screened,True,2,6075,6075,0,13.62,31.49,4df07e3e0acea9958e5b78c3f8f9e4156fa061c551887d820f76ef56d7b5597f
356241590,screened,True,18,54976,21249,33727,12.71,26.92,99b8d5bdbfd14c3d17fbf271dc0175ab395573ab42d9846628e7957e7c075ee2
356838394,screened,True,11,35150,9893,25257,11.96,17.97,46cbe4980ab8407aede7c7a66af07868b6857162f5b7413ae8880b0c362f017e
357397987,screened,True,3,7659,3040,4619,13.54,37.84,42dd14046e85af6104dde014ae44896b789f2048a16338ccf4f0a01701f0fb03
357509778,screened,True,6,18870,6883,11987,12.37,22.57,48a4075c71a8162b6c8ada7fc45510bd8249927882a10ec8ce194055b87bc1e1
357831022,screened,True,6,18609,7061,11548,12.93,30.97,78abd33a05c6911201547d6273e55917423c3c92adfb2c25447a3a0e25cf2e38
358015762,screened,True,8,25709,6711,18998,9.74,12.5,c49c66e4165a9078c69e151214c8ded87011d9b934c7407ac267bd98a1ef4ee9
358237020,screened,True,4,11679,4426,7253,13.76,21.89,7c9255a7b677b31629fea2023ba3b5d49fdb413a7f3c8d5bb56dd61c1cb2b7f8
35845292,screened,True,6,20452,7587,12865,12.76,17.25,75d2f253e878a79ad1ef22edc8b07adf0fc68abca45ef44f86ad636c7c9a6985
35858101,screened,True,2,6089,3179,2910,12.81,16.75,1240a2330c8cf5d6016df57532c235e2b36e0d8ea961b4a9b872930824dcc7ba
358615829,screened,True,9,31120,7472,23648,8.29,5.26,383ea2d941fafa42eb998cb4810edb9a3ef6320718c5438a448b2c159e6eb14f
358767556,screened,True,6,19047,7070,11977,13.59,38.35,f4625a547cc010742c15975140fe511c6b87e257978ed2199b4d983158636264
359158317,screened,True,10,33068,10647,22421,13.44,34.29,bef7c3c562f80f8f403ffb31938fe5cf7e96f9f23bff202001b6931ca09dfeff
359356484,screened,True,6,20253,7631,12622,13.01,34.13,2076e96fe005c94e88bc30e0d6765b37d16c3babf26850828a0c3ba548df8d7c
359414978,screened,True,4,10254,6055,4199,13.44,31.47,83f2efbe782ca4bd6535098dcbd3e4223f79899999564ed5e78d50cea3deaadc
360020321,screened,True,18,56976,27810,29166,13.1,18.84,5288fc6c950b72cf51fd5872c760e847dd33cf0e49226545c5bffb4dd58a915d
361113777,screened,True,6,19666,7320,12346,13.97,36.09,31689a1d15c6447d00903f922dbb99aff1c7ec0569db47d11e4080becdae5855
361871362,screened,True,6,19825,7465,12360,12.54,30.75,1fb156967e1e41484a47927b5953abe4dca63164441159e1e43f19aeda234dbe
36202057,screened,True,4,13015,3407,9608,13.31,22.98,03893a8361250bdd8aae654bc52fbb77aee275ed595c75a2b9172a77dcdcd129
362063292,screened,True,2,6670,3410,3260,12.52,16.48,e0c8270e1304be47daa1597ea567dcedf6ae528ce2db8c1a81e9b19b45e8b455
362253884,screened,True,5,15404,6272,9132,10.39,10.48,18dae7518f7a1d63ab4d37f4b4e5650c835529a8136c8a82a896080f57a49337
362379202,screened,True,4,12281,3820,8461,13.21,18.23,37ec0eb6614152c226febefc25e177f32fc89a4d69bef0124c450977b64d29f3
364075630,screened,True,18,52310,26562,25748,12.19,17.02,aebba833a42836890429a6fd2c26f378c6e5284cb5997142cd17580b345961e9
364181187,screened,True,11,33979,11518,22461,13.53,27.0,0d035bddd0efbd4f30541034fefc2aad0b34f91eaf56b4441f16d3a6fcd54c29
364264680,screened,True,8,26093,8911,17182,13.5,38.47,fd01ec06ac7f6bb7379bb975fd0e7898970455737922b84144088fc7a2d6c549
365949661,screened,True,6,19501,7366,12135,13.86,24.78,6e5aacea91d8db4c2aa5512c7e33b59fe5d71cfc153bed663c9be4d686be05aa
365967778,screened,True,3,7630,3296,4334,13.71,30.19,221550ff22ea839b9d60d192de7568f742afa51d736e5fd44e7a21af18192b77
366174207,screened,True,3,9311,3569,5742,13.6,24.94,4f23052d3f082df81e17ebc2b6d1214eb9ddada8a06fecb1a42fc3a2d78239fd
366778750,screened,True,2,5962,3238,2724,13.87,32.23,f38c127fd16afc55fe09c28db2013c9a5535cf4b8270c3d8f6e2dfa78695414e
366872042,screened,True,9,28853,10042,18811,12.09,16.54,06eb8b132c053738f8259c1c47e5e2505f4bff236ed6a23c9630c9eeb8782f57
367279806,screened,True,6,19260,8674,10586,10.36,17.88,af2b164f2963c3f38c1b43d6c5487ce48231fbfb2a120bc99923e107206f666a
367357090,screened,True,7,22483,7074,15409,13.56,34.06,2a1e4310d05d8d3c73449d763ebb90af16da5d6ab76026c95aa11eb9a8a7d417
367359428,screened,True,9,29062,7072,21990,10.87,15.02,b8ddc57591ea72a30c55cd4d9c3793b13abd6cd38113e58499e9f7536ffe707f
367598907,screened,True,2,6284,3335,2949,13.98,30.48,783a926c7828d3fa6ec48046cbab3247bbb84a33e29e3d8e2b9de9192d816335
367681716,screened,True,18,52158,27731,24427,13.09,35.02,0491229de6500c421740a9cd53c50a758121206dd78f06eba56094ab16e9471e
367856004,screened,True,18,54855,27617,27238,13.74,43.47,f8f347abb29ec50ce6f15a8c730e758899e914857379fd4de5c940a8395c185a
368923404,screened,True,4,13441,6672,6769,13.86,37.61,f0a76185c1f523dbe0324edaef8036bda60be7bf860cedad5ed1f284a475283a
369707376,screened,True,9,27736,9907,17829,9.99,14.82,6a688771fdfd766de42218d70b41ee73e47f5d51cc3d4b57718a9399a25f1b05
369819319,screened,True,6,20543,7466,13077,10.61,14.21,d4b063a1e607851e7fabaddea532b59e0f1fd78ebdea446e68321ccf2f41a135
369869349,screened,True,4,13324,6314,7010,13.13,29.53,3aa8465fcc64b7a1c5a8d0b44f7108afc80aa6065fa8ddc71a129757b8963753
370004962,screened,True,7,21200,9179,12021,13.63,39.35,4795843e67650271ba8da38230f999c2ed69d2cd276a3ef24b41375b4e503850
370955883,screened,True,8,26172,9919,16253,9.74,6.5,7c5b5a235bf2bf88a9602f0e6f92f425b2293e1ac22b17d9d05d7cbf3c8396a8
371867468,screened,True,7,22042,9876,12166,13.63,26.38,b2b15bbfce87219e7bef1658efc0ec829c676e1afe642e8e0b4b107828ed9a88
371901012,screened,True,3,9964,7473,2491,13.41,26.66,d87c25000aa7d4e2465b95bf17142806b9780c9d35e5d997c82aa54291796633
372061167,screened,True,11,32365,8281,24084,13.36,31.42,c591d792eff6b29fa0777a312cd275361b72105980db38839d834e9a8399e18c
372595278,screened,True,8,25960,10687,15273,12.12,26.97,d5bb6431f1cbc425e3da4935e59078ba638cc8a7a897c093e3f3c97963378962
372731881,screened,True,8,24998,4859,20139,11.88,27.72,8d6c6a4249fc7375f4e16dbca97371b0b33ccf2e197cd1d9b19a3c009289e90c
372848247,screened,True,18,58438,23953,34485,12.25,31.38,d6c29a4e7ddde166340a119633f455055e33d517b877b847bf49e7470bcf0263
373675061,screened,True,6,18117,6971,11146,12.43,28.07,a40002ef13a5248318c6f1209dc2bb271825e884f27efe21a794d69cd06178b6
373985178,screened,True,18,58997,27694,31303,13.87,29.97,3418951d652333e20d870c56ed962ce9e40d212534aa254744373be8a28fc4b4
374029463,screened,True,5,17055,6967,10088,8.75,11.9,b48cb8b9ac027d5a83c3a0b7fe5e487a57603e20ceb4dddd8e841ff883b1a1d8
375273689,screened,True,7,20634,11034,9600,13.91,43.5,58b4d88829d394f143736dd29add52d0a85f152f22802af80381c71bf4926842
376639349,screened,True,5,16642,7279,9363,13.48,39.81,dd9e6f592d33e6e3869fb8a10ba1ad8ceda76bee046b032f1c8db22ba7ce0557
376935746,screened,True,18,56501,14424,42077,12.64,22.02,86dfc5fa345eee8c6fd291f95d62d2cf35d11fefcefd1eec13f5e30d7c3e1497
377862259,screened,True,18,52551,18926,33625,11.3,23.92,867c8a96548501bebd71a3a2f73e4281153fc65bd32982d8e717c95bb42ca1d2
378527773,screened,True,6,19631,6966,12665,13.93,39.19,37d7fbe077a5a1afdd4995d9ed613836b2af25e3220b50e6374dd900d6b6c6e3
379084450,screened,True,11,36693,7047,29646,7.75,8.23,bb9d1cb73867c11434c52728818f4cb6f2cee8ce70349b3c1a25276facacb707
380035826,screened,True,8,24315,9411,14904,11.95,27.44,5edb6cec9b36ccd254d90e50309dc755a74bf34d23ae9f950f60d1d254c56091
38141631,screened,True,5,16104,6495,9609,13.94,21.38,9258c73f65689f1be798e40439c6564014a566c013a905c833c2ac8ff4020636
3818153,screened,True,2,5522,3145,2377,13.74,26.1,793a864c693c432397ab9330a992d8321fd72bd238f9b5c0af900c82ed64726e
381983159,screened,True,8,23634,8997,14637,12.63,11.61,1c2f51d5066ead9597835bef3a8a18797174a23fb01af1afef890df6d791a5ce
382268851,screened,True,18,54703,27405,27298,12.33,29.53,83a83440b4efc91a00dc302e91b95c30876009942dc1da606c9c56039fb5b138
382461771,screened,True,7,21643,7357,14286,12.63,22.52,8ac1fd8c0a94a946eb38e17532cf34109db4c011d4020359d5a390b1fbf523a3
382521361,screened,True,3,9003,3435,5568,13.68,27.45,48fa8d763e5b0fe208fc8d5fe21a853d319c191b83ff73d4b6898090c9360979
382581300,screened,True,7,21286,9642,11644,12.59,29.55,66b50838519b5ab29dcc509056349e80d0eb12822a2267c0b8dbfb1e91349ced
383381662,screened,True,6,19601,6489,13112,13.04,33.31,4f126a5ae26e19c83cd8af38b61784cbed5f483b431a55b09cb741920f9056ca
383553281,screened,True,12,39536,13257,26279,12.96,22.8,459477cec6405832a0b7fc883a30e7caf5d040a2a0b267577cb8fa3bda8d7be0
384667852,screened,True,4,13134,6238,6896,11.81,23.87,b22f2dd7f1b34f5120f5b1debdaecc2d158ff74e0bd339ad1523e9a22f689772
38541212,screened,True,2,6193,3282,2911,13.89,31.85,c444c0ae07a264c07905903b88537d5c924a3936a72002900f9df3b5e75f7df5
385445333,screened,True,4,13022,6256,6766,13.99,44.47,c5ce52894ebb1709ff4af0c759c6f00606abf8a969755497086de1f35a771d6b
386740034,screened,True,4,12915,3602,9313,13.87,23.46,84ff962664052cc7c0622935cdf99531f9eeab9015b25ba4ffd4ffb8e79f3f09
38698751,screened,True,18,57457,27539,29918,13.49,22.77,7e2d3f4d24a66b2ca9a1f017857d7d5d046d3f28767b818948dc0aa83a1d5c33
387070235,screened,True,9,29682,6837,22845,13.09,28.07,e2bfc25a43be88c1be429b650f5b42d11a26f669915a99ff617b25bf048d1d57
38759628,screened,True,18,58273,30879,27394,10.5,18.23,c625a64d5e971bb916c73e30ea9c521a50b6ca0241278861cb6a21572c361892
387998188,screened,True,7,22750,11007,11743,12.68,27.35,8c1af881e83514ac186d08fa9db8378b37d2642005a26234cd8ac7196836723c
388087903,screened,True,3,9632,3307,6325,13.8,23.98,68c0aac6bb9d97a36a66226d9d74f7c4ad6289e06df267e8760dbf2aa61f8c1c
388566007,screened,True,11,34977,10459,24518,11.31,25.61,2a95657aaf191cacd0429abb1e7f71cd199aa92edd70b902437e4ef4444bdf68
388566010,screened,True,11,34975,10459,24516,11.6,25.68,a4216a9d328c55f0f161794f504ff087dec8cf7717fda2896e3eccbf211cc8b9
388606196,screened,True,8,26084,7007,19077,13.76,36.2,767d389b281691f8fffc43bfaf3c45a0a5483c563ba5478c71a85a661b783044
389051009,screened,True,11,32889,11908,20981,13.03,13.86,eb8557f69ddd74da05dd4c31d4ac24d53693c14dd7b4d32c092a2e1a366c463c
389839182,screened,True,4,13736,6883,6853,13.24,33.41,4c7fdaf1517a3e294da86ee1d113f96623552edf1ee3829529b865b4a6138811
389902064,screened,True,5,16850,6826,10024,13.17,23.7,7647bcd65d0b0accab604c3a7b25f1cba3c953b02e53af5062c65146820a75a5
389913701,screened,True,18,53348,24284,29064,13.48,30.08,4809a44a01e3412a5413dd10fa478263d072e0b8433263ea75c3713bb6fde161
390465657,screened,True,4,13014,6921,6093,13.89,29.99,03207ef642588219f74bcb9d9b045ed0b519392a1f298a24c06f3527c18a98b3
390531051,screened,True,4,12263,3449,8814,11.93,10.97,c8775539a9cef38f24a00d76a1f766adf0f3483964755bbaf670ee985485a959
39084331,screened,True,2,6489,3453,3036,13.98,28.12,f67f4c90aba640578fa4127adcee905ea99ecc7c8243b2b5f34498d464e09611
391039604,screened,True,7,22834,7450,15384,10.33,4.83,7cd5ec3fcab38cd49e59b77a14fe7efb1dbbe20820fffde9f68f67c8f7d885cd
392917676,screened,True,2,4857,2753,2104,13.64,27.58,63a4614f3e0d26282e935c85c81b4cf10e7f399a7d4339853f9f32125eee9021
393894294,screened,True,3,8443,3171,5272,12.7,34.8,3d3ce2a6cb8e862afecea003246076bdf36e977a6eeb127f467247e82b5c5dfa
394244919,screened,True,2,7087,3655,3432,13.82,31.11,729eae2b9078ba8a7cc79d85f3c2c91adeb3ca7166500344ae52c024e5a5d0f4
39427536,screened,True,4,10206,5720,4486,12.66,28.75,11b76b26fc7032df4431d7b69332c28b8cf2b29a8a5d053ad45109821ca69a1c
39464614,screened,True,4,10297,5842,4455,13.84,26.82,dd75f4cb7dce68c8e83578ad694e660ecc428370803c1c8347d10422adc0c5f5
39466100,screened,True,4,10189,5854,4335,12.69,27.02,20897eb5182bf67e944598c9083f4f248a55bb971830cf14e4fe2c7817d09fb5
394730744,screened,True,8,25388,8606,16782,10.94,20.68,d6ce2f8938ebf70fe2efb0613c719ee8e3684fa8d600487240cfd17b41fefcb1
394816687,screened,True,7,22253,7432,14821,10.73,14.32,181b96bd31c7d2960ca81ea02c47becd4f1a2ecd7d61795734d542117c88b63d
395602605,screened,True,5,16376,6866,9510,13.73,43.05,6758a2ae759c86e2901750db52b2cedeb986191975ebca8b46b5100747a14c8a
396740078,screened,True,2,6538,6538,0,12.93,29.83,2d7ccc666631463cf67ad2da939b634f08a5ebba208fa4f6d5e7283cf8afae85
396741152,screened,True,3,8925,6546,2379,12.87,28.47,7dabeb1e690c42dbb7f54a6477dec8b66e7b37bbbcac11fd893bb74661a16c16
397098265,screened,True,9,26453,6420,20033,11.92,13.52,74ae79b3cd15b2b0531bbcf6aefbaef73cd8ac6f90a8dfb5837f878042d49458
397137307,screened,True,14,43952,12952,31000,11.54,24.33,e1cf9182dea4da7425d0bbdc36119abb50085252f6a330691749b4a087113169
397533163,screened,True,12,39577,9623,29954,13.27,36.57,8883ee944b80a5d581fe8650ebc93758bf0cc0f435fd7e60a1f8cb06ddc74cca
397635513,screened,True,3,9414,5966,3448,13.45,20.51,3b81f619add512bbc50a3fda2dde85b596bdef950f8935fc097d067614fd3e00
399623138,screened,True,5,15721,6237,9484,12.99,25.69,52c24b358583040e89c01833e95838b16f021be3f8091115809c011d5955f689
39980837,screened,True,4,9786,5717,4069,13.26,27.63,5a7eb6fdae4ec5438aa2a911ad2d39bccd7588f0bc4f72c4a67ff8bd6bb33e59
399912139,screened,True,7,23143,9572,13571,12.44,30.43,f8cba9d59a0a474fbf1c92da06f8abe4a6779b6c4ca390d799919387732a4a60
400891204,screened,True,5,14612,6850,7762,12.92,19.84,5e18ba554c824dc808c33aa7c2fa964a70335aa66f0bb1103c0e50b8361f284a
401532771,screened,True,9,29101,6831,22270,12.11,16.31,af76b78abaab20dea3cc8be38e38e931332a8d08225671b4997d9729c7bbb15a
401834404,screened,True,7,22109,6316,15793,11.53,12.72,ec1981615c63703769878b26134373774dc5611b29725be8abeceb3ad960f96b
402980664,screened,True,12,29773,6388,23385,11.11,21.32,ef8ee0d1cd515c24f2bd1f887df9777a9bbd92e932de58eb8338fee26be7b505
404449695,screened,True,4,13273,3688,9585,13.31,35.22,8c538a392040f6929f40d59d5c0ac4627c26d3fa21be8d0e529ac604131d19d0
404507259,screened,True,2,6267,6267,0,13.2,34.27,36d55cbbb30ffd8ff7704d16370bbd19fa043cda3807fc589ad01993f012596e
405253504,screened,True,6,18539,6303,12236,12.82,32.37,c8be91b23e830e155b6dc7e0a47b9685ab5e0b100b38debcef40528e80a51bc7
405503787,screened,True,6,16943,6147,10796,12.08,11.46,8706d384f1ec6cb0a43b20ce726dd5ef475702fd09b6ed48a67e243aebf01b93
405902579,screened,True,11,38128,11146,26982,10.69,21.28,0fffd6f0d53344a1f99eac27e337709a30ee08bb9d7f5d426f8cd461dd452a52
405981059,screened,True,5,16716,7651,9065,13.27,17.26,78d3f738e4e1b66f040c5ddc3237e453013357b32e4cea0098b2107077ecf7ce
406484174,screened,True,6,18375,6174,12201,11.75,23.04,b90f7cb8b57483e62177dc0341279bf6999a515ffcfd2bd5c65dc799e6fbd3ac
406517901,screened,True,12,39760,9662,30098,11.84,14.24,2a9ac37f8e508ef166484bb7eb66544b3828e73569b976367895f046aeac9633
406857100,screened,True,18,54899,29065,25834,10.53,7.65,10f8eefaea1623f8cbd555884b6fbf11d3fb44e6a2c0959e0f9a01a5df704d80
407457207,screened,True,7,23657,7073,16584,11.55,19.14,dd6c5c7e8482e41fa4c7f8f9e224406f0582db94c3ac1be28fe81329b17fcfce
407657403,screened,True,3,8757,4861,3896,13.96,25.33,0c33e1ae88c00ec6658ba9ec266eb3a4c34f90792bbd25bd24a0d36fb9736d61
407688400,screened,True,5,15862,7046,8816,9.54,7.04,36db2c709e812ad866839d951526a8ce9d8089c521088d5bc048ec3b9eb8c324
408094501,screened,True,11,34122,8850,25272,13.6,38.11,63c0da1ed088b866eb00060a192c3f561ad41384bab38a96e0fad456872389a9
408094624,screened,True,6,19839,8809,11030,13.83,44.76,123480429164161009eaa9bfad285843b99be8f925bc36db63c75db93753b18a
408232559,screened,True,3,9663,6259,3404,13.84,29.86,8f208d05d5a74108ba441a8f4b071b9be8a0bf8ba73407e52efdb513938e63c2
408702840,screened,True,7,22825,6837,15988,13.4,36.06,6d24ad4901e181b2059a113147ec73af1ea75f822d61607fab4a9eb2d2d8e7cd
410366850,screened,True,7,22191,9251,12940,13.81,33.75,0d9780c0bec252c541f0113d9ed42a1537b466ce340333a6d0f4353513e2f334
412650616,screened,True,5,16922,7434,9488,13.22,18.64,1c8b5ebe3a539caf134a67556dd255a29263dec92ca2fcce5641fb898215a9bd
41317489,screened,True,2,5203,5203,0,13.26,34.42,2b6af9b01f66a375878b2d01af5a8cfbc4beb6653ed8db65d4c06281319f8c4f
415009765,screened,True,8,26859,7460,19399,13.11,23.36,ca2730d9d94c0093ac93d3a97b690d0e7b3540f04d4d4fae532bbda5d2acffa0
415707542,screened,True,7,23129,3866,19263,13.36,33.7,09750d569045e4765b7c23b21021ec7351b4c9d6c04a0be7b23274e9886a6829
416576682,screened,True,4,10439,5748,4691,11.93,21.54,2caa793bd9dd387ff8b93a20d04d068e754b2f24362e1f148305024f5113d563
416781089,screened,True,4,12703,5160,7543,12.34,29.48,a4a47dda5447143dc778e68f94a7e0c14b2207591d26f8f76d7d8407e800c9c5
417114341,screened,True,5,15445,6732,8713,11.82,20.51,b53215f96a8d441bbec386d5141ffbdb969cc23a4fbfe33c0e52b1ce185dae4b
417118702,screened,True,3,8349,5751,2598,13.08,36.02,8660caed210f2c1b8726e364c692152fbcf367c74da50a4605fa391de9815233
417153632,screened,True,2,4761,2775,1986,11.96,11.88,7021a0217f7472cd50e782dcdacadf1b494f3e8cc4f294c3864ae3852810b75d
417235334,screened,True,5,16065,6630,9435,13.97,47.41,6dbe0909ea455a5beb7d5d9d8ffe4b19f49f502fb6202acac9ebd070f7cfc239
417767357,screened,True,7,22883,7074,15809,11.94,20.85,b25caf9de4dea21908346e6a20e0c310dcca8e3089eab62d9e45e8f443bfd76c
417839594,screened,True,7,23614,7452,16162,11.59,25.74,2f6e2d0185af22cdff44badb454f1129200452c359640d28cbd8c5077f3e6c32
417919247,screened,True,6,20396,7081,13315,12.22,27.37,638f4876d4f7fa0ac00939b84fca6d5c2ad4132ebb1ce317cf279c6f3da34656
418223113,screened,True,9,29519,10421,19098,12.79,29.18,4c26264e40e2b126f00c350c8b0eb2eb50d66f29e6f256d083ffda8b8e71f57b
418289392,screened,True,5,16590,6826,9764,12.25,25.58,e24ab2f6b68dea624d20f52a8e341b211d575ed4b590dc72bcbafccd2c7d674f
418291587,screened,True,5,15817,6247,9570,13.15,33.91,acc59e7f6ca21a3a8c6bd359cf7a9f6ff24a9d22976d22e1aa72b4e941f261a3
420130591,screened,True,18,52955,28017,24938,11.87,10.63,567c543b7915fe247b65c2a345b3818a92983838c2c751bf201f54cf259a2803
420801158,screened,True,10,28687,6660,22027,11.91,23.68,4013b96ebe2008c32ca9be0360c1b71547c6061bb2533d0764ea5fd50471545e
421856903,screened,True,5,16962,7432,9530,13.87,42.57,a1400231666210d5ae22963f9545a6149f504e244b3edf2bd7151d80aa142902
422351737,screened,True,4,12445,3589,8856,13.05,18.21,5101105f3003962f11aecd84c5256c771cf3e8ad79e739392cdb22fcfe2d13c8
422846384,screened,True,4,11516,5431,6085,13.75,22.53,9447d78f11cffffc2909e9c1e97e3c698d68f9eb0c6e3e65aded94cd460b217c
423236614,screened,True,6,19133,6289,12844,13.64,39.47,935c6d013c440a92236cd34467c006044009bbc13edd80067fc397d6734e5f0e
424389265,screened,True,18,56575,28096,28479,13.15,23.23,dfdf7a6dbfaec58fe9e5458f08a32595ae965d085c5c12c83bc18ef616f15ee9
424801289,screened,True,4,10117,6490,3627,13.29,33.7,afb0d23139e449188a7a813f72a22c21b68f2ac8fb1cc733fe4d6aedd4cb1632
425717549,screened,True,4,11784,3446,8338,13.14,19.61,cb53134dfa788a73d98fbf557c3050af7f7b2a77acfa470108ab1ff7a2dce95a
427323148,screened,True,5,16815,7415,9400,12.28,26.04,a864eb75383bc9eaba4b3cbcb4e25e85cc84cc69f1a8d5d1e69b4086cdf1e365
427466954,screened,True,6,19975,7414,12561,12.71,22.31,6a542357d4669044f591baff030b2b3c6734815066043118c759361e3a040a56
427515821,screened,True,4,13319,7074,6245,13.87,38.74,f5571c773af5764f6dee03ab3d5f0f00ce5fece36e60f30ba058be87a92ab6f9
427809432,screened,True,6,19975,7414,12561,12.73,22.52,5426b3df528112a62b7ce5a1c5f4bd5d6897283954b6e19910ff00e8e1e02543
427919495,screened,True,3,8460,5185,3275,13.28,36.3,98cfba44adb258fc2bcfc9186f7c839d97765b7ed8064f6f886d1bc89628b87d
428681517,screened,True,7,21849,6515,15334,11.61,12.09,bd894b0e5c1b7a78b1dde720721e4e829722ce9e0e095784078a554d833ec503
428738405,screened,True,7,23019,7073,15946,12.38,31.25,a2a6cc71479919f5dcbf21bc43b76e6068e4b8b2df1a3b4f10791c5d6dc75fa6
429000467,screened,True,12,36468,10402,26066,12.48,18.93,2da9c88d9ba4502af01f7606b8bbd5b5f6bbb176531a9b56b8838ebd982d7b46
429759333,screened,True,4,13453,7435,6018,13.44,32.49,c4834c4517e7ab8cb2b353f77330013880194df619740c3b04d86a02937e0311
431383040,screened,True,15,47567,20434,27133,12.49,29.19,7441b78d02ddbdcda589f465de6627808af76ad4e7494b0b7a56469cffb9e6a7
434261118,screened,True,4,12977,6164,6813,13.99,20.78,b27be59e959be54a3dc6afd8b8f155ddb944d1f69a2690246ba1e8580193a7cc
436230630,screened,True,4,12173,5325,6848,13.91,33.24,2cef802c6922ccb712cf24aa67edeff05e19a914b55fab6f5cdfb09c55d9fd27
436631912,screened,True,4,13080,6235,6845,13.86,26.57,50a07caba681a6b132d9e98525cff6abe5887dd767ac871c4d30774dfff8486c
440955956,screened,True,3,7941,3189,4752,13.54,27.99,e7697afee84a293bb3081672015b4646feef2eaa04d4960774ab37e742ba0e19
441067400,screened,True,6,19759,6996,12763,12.99,28.31,e91b6be7fa8e45b1efba8183d6da1e788564ceb5266d0b407b62ddc5e735f106
441410570,screened,True,3,9644,3585,6059,13.58,29.73,fe3f60e663d6510260079d02775262e0acc982a40f05ae0ac36501c66b871f85
441466487,screened,True,4,12313,3667,8646,13.94,23.51,12c50323f0e02c85238b67153d39e3beeb02f19c84b58fab0a51fa74004184f8
441507745,screened,True,2,6152,3281,2871,13.3,23.52,54051c2847a00fd953ada47d05ab756b56288a52a5344736c36be7595890339b
441605415,screened,True,8,23376,4534,18842,11.56,25.4,1106bfeac98bb5ce23986511fad60d9b8131c8730ef3ff01075f3c601217fc23
441606549,screened,True,8,23568,4384,19184,13.39,36.64,bedd7963c6bc95e1e888215f12ca653d544f716fb78d820f74d28331b966e7a8
441628564,screened,True,5,15743,3863,11880,13.8,42.03,30f9a9b6ff712bbb78e733ed2677d9aea5bde97a3e2d26e8888d5baf3c120337
441662762,screened,True,4,12282,6284,5998,13.58,41.07,0559eb32d5476d04512f1d852e1bc1fee6a73614c3f62086980131672a756511
441664609,screened,True,5,15146,6513,8633,13.23,34.84,001f846b2e0a8c8e225af4b2182dc90d36054803d7f0b5cd08b30f53465265ea
441686652,screened,True,4,12094,6166,5928,11.53,22.94,3dce6ba28316341a381f6a533754199ad61f18586c79d9f43f71ac4ab520b12a
441721594,screened,True,18,54213,29081,25132,11.07,15.76,9bd7e3fdbad6666f9eb9e5c29c488acc8a2a1b0f24bf1437252cc2974b723c20
441740483,screened,True,18,54648,28102,26546,13.22,34.73,73588a8681c367fb35e271fb301a49435877755b2c7211378ea2f73cb240523e
441803471,screened,True,18,51746,27865,23881,11.47,15.57,96ae701c2cbe7b377ea912f34d16a00830f8118b5648df54476b8b7306b23c31
441811392,screened,True,18,53804,26459,27345,12.79,34.46,dce9052f0ba0569849b41b581455c4f42d9963758b02fda694cbc063deae38c8
442897934,screened,True,2,6268,6268,0,12.93,32.99,02130c9575e2a18ab49fb506f37d00b238ab2589a1617273c00dbdfa5b3d40a5
444415612,screened,True,4,12068,5529,6539,13.94,40.05,bb8af874425d40e14a1c589c76459f03003d4988016e8faa0523e8c9e037a75e
444830499,screened,True,4,12137,5347,6790,11.39,23.4,f93ab3a1404dd62ca455908c67c5fa4c4ca794778ff51493751421d96bbf3e5d
445018193,screened,True,3,9058,3505,5553,13.9,24.25,e8c3558d3eea9a13ce958e4e8537f794a526e305ef9a7ef491e2967c259ff997
445064836,screened,True,3,9176,3494,5682,11.58,9.49,e92881d9c37ebb43012ab0555dd43c26f6a9370a8c2eff7046dc4e543387b9fb
445285461,screened,True,3,9034,5464,3570,13.07,37.25,456ed5454c106de91b5841ba5442fa225785ed2f7a334b50067ec4c476f052e7
445367562,screened,True,2,5487,5487,0,13.83,37.38,a4e5118cc492f8270a9c47b2425423ee55f29e4c8d57592d6cea79bebad53982
445835414,screened,True,7,22146,7077,15069,11.66,25.2,b6af276af305571ab1ca132aac7e04e39e4e7ef27d9c806db4e688cea702bd09
445863003,screened,True,6,16928,6052,10876,13.26,23.85,4f62023478f3b796a3fd86f61ba4de1653f4e7874bcc3166fae6761c849c5ccd
445863676,screened,True,2,4738,2754,1984,13.76,29.85,a54d4c79c802bd6611c18d4d89a8c72ced6f97adc8cfd645d6fa851d63331c48
446157830,screened,True,11,33704,6761,26943,13.68,40.26,f0b120a6819ad1a35b69fb3d3a470411af9409b59c998c6605b44eefde6e65b7
44646061,screened,True,3,9478,6246,3232,13.43,35.86,ee7709aa7af1f772e9c43b8fdc13735f88e10255f79792776ca02c6aec17cbbb
44647136,screened,True,3,9496,6252,3244,13.79,32.96,db97be2ad4b9c287113c8a0bf4100665889b555369bb1636613732c529a91337
44739264,screened,True,3,9482,6258,3224,13.83,28.25,5c7e4bd99aabcfc73e7fb49a3d95e17696a16849ea3230a2a6289c196d900b42
44795539,screened,True,3,9422,6261,3161,12.57,32.21,0f6f8481188e4af268b81d2e7b8e151d1faf8826aec9369f7de48931e31ce9a5
44799420,screened,True,3,9487,6274,3213,12.35,27.57,881ccfe1825a6e4a5e129525e972d02116605fc80a6883dfca3fcc6074748e68
448416124,screened,True,3,9763,3660,6103,13.97,29.07,af8f370c8971830dfb64ec6906d41b2658d876ff9838f696b866253ec9c29822
448939026,screened,True,2,6817,3426,3391,13.23,23.44,75334514053302aaa9e54132276e2f0214bbea06f94e29247187cd6855584a7e
449046160,screened,True,9,28451,11962,16489,12.11,12.86,10bd66ce7d8493598fba9ea5460a06d5976ff038644266e7e4c4b0be16c85fd7
449798870,screened,True,7,23420,10607,12813,13.83,41.56,7e669d948c257f51be7d0b671caea4c4514539fac17e0abee6b9463078ff1a2b
450348875,screened,True,3,8348,6352,1996,13.96,28.63,2b659ed0408c0d1849eb89a6cb71940f9141b42b36a93940a036f0605c805970
4510637,screened,True,5,14259,5637,8622,12.26,26.46,ab36c6b687c2ba303992d2acfb6ad25d3566ecd8006bec1c0a419e92fe2e76fa
451530352,screened,True,6,19054,6314,12740,11.57,20.47,96b66058c83e24bb02d85cd404ef45cb5b90e01e4fd9002fd6761a56e5f1f5ad
452465896,screened,True,10,31245,10273,20972,10.16,9.51,33c91e433582c00a8c5e04f8ffb269d00773b5ccd4ec76ad60172476a3e5950d
452882423,screened,True,7,20761,7276,13485,11.93,9.31,79dfa53cd098cc28284f2ef97d74df45c2991ccf4d2e71060cc866b2261d8753
454281036,screened,True,7,22460,8211,14249,11.93,27.57,fae7d8da6d5e191e3f8bf45a8245c1cdc1e566464a0a788fc36022903ec6b605
454682563,screened,True,5,14935,5160,9775,11.32,8.38,c34e3b1d077c4af6a4050eb5bae14d76eb1e68ff8cf9ed7d705a0584095e235b
454816904,screened,True,6,20256,7653,12603,12.63,30.54,7d525771fef6f0f46b4efab763dd72ea4736b9d97056a1a27981ea0fbd1284ec
454876960,screened,True,5,16336,7419,8917,12.59,24.14,ef76532034556049824cc3efbd6147c7a02a801a85b469bb605aca052075bd37
457464640,screened,True,2,6155,3863,2292,13.05,20.25,d9d0d72e57cb71ca6dd740705a9598c7098e431533695366b62aa425a9288ef5
457748137,screened,True,3,9728,3800,5928,13.88,25.69,ab5a003f1625e262c1269ca136b026830526cc63352892b1ec008b02f997a0dc
458453130,screened,True,4,10982,5845,5137,13.56,24.2,2667e5addca8977bac5a7e93f6502d2e2b6f86c7432d59f520330aaabc2218be
459181676,screened,True,6,19352,3857,15495,11.8,14.96,b01070ab9c56c2d9bc8a32c60db606f3d0176f855692716142ad15799472a00c
459192460,screened,True,6,19675,3659,16016,12.76,28.63,e91a308dee70a2f8f92f5796b6dfe57ec0d901d4016f347c27de56730ed68ed1
459211861,screened,True,6,18193,3666,14527,12.14,19.81,64c8837a5b20814b24c13636fb6e9ea88338f9d522121747d835d7568e5d9e80
459220510,screened,True,5,16744,6791,9953,13.36,36.2,2a760aa2f55a179672b8014b8bfff9f833d63db2962ad6fc33e0c39cd21c5c62
459225605,screened,True,9,27695,7132,20563,11.52,21.24,a03f485bc84417c4f59b3b626862464ede0bbdf544ee0d48f0e6b377fd8afa8f
459255955,screened,True,3,6238,3399,2839,13.28,23.71,eb7253d4364b21994259289b2e1ea285e36dee82066720c379ac01eb2bc2ce09
459837153,screened,True,9,29210,6837,22373,13.65,33.0,4ad89fbbae676b8d6dbb86b1999187842cb5652583db3446f1e03855952c4a9d
461086188,screened,True,6,19460,7450,12010,13.76,45.28,7d93abd646b79d4450ea1a90f751bda35167b377b05830bcebc1192288e3e01a
461592543,screened,True,7,23369,6837,16532,13.45,36.0,11d28baa21eefc13e98a474e97cd0eaf6d7a7923c044b2c2f5b4f0326139e20a
461595886,screened,True,8,26509,6837,19672,12.87,33.1,3e32c3e908970c9ac18f92488bcddbe05b202568bc5afd5b98d9a0f8b607f857
461635002,screened,True,9,28012,6837,21175,11.69,14.47,ad306a448a52ff2d290f88d9d115e97779be6191d4fb442cf1b32b839ce03abc
462637035,screened,True,18,55575,28706,26869,13.93,33.8,ffb1d8b9395aa4e453c4a2a5c5ef8f8ee1199f1439447092ff5e3ea7be3ed7d0
466538554,screened,True,6,19955,7036,12919,12.06,16.58,2e56d6eeb131c9e1d34a036ac6f654d4afc7eaa35e9d7051a930e3ee3657ee1c
467178450,screened,True,4,12284,6538,5746,13.15,31.95,97ad1cb404065ce67fa6143a5c6cace865a2b43a573e27aeffefdbeedc550dbd
467254810,screened,True,10,32872,14854,18018,8.24,8.08,f5b74969c88d8f6fb4f6ae460d9eb49d4cdf2f53296822c7f771fa8a2131fab7
467302128,screened,True,5,16171,7037,9134,13.73,35.53,2c33bdeceb39d5077d59a33588b27535c6a848fb735d3a306f9694bb46ecdde5
467361606,screened,True,8,25734,8733,17001,12.33,24.5,8744d90aa09b936f7135639555b1662b4505ac2ec97c4ab4a91dea791de93b23
467465371,screened,True,4,12926,7419,5507,11.94,15.67,b0a2840a0b883b424556388707ee16f84b80d95dbdc1bcbecaad186093930864
468297427,screened,True,5,16095,6838,9257,13.75,40.16,e610814ae850407721a30c45ca0f5bf1b3df0817b7229c15627e8b34095433d1
468874504,screened,True,7,23063,6792,16271,12.86,30.22,573f3e36819e1a745dcd7f1ed0b1fd88a44a6b93fbde062cf6a021ceb487063d
469392302,screened,True,6,19557,8810,10747,13.47,17.89,db3eee0fc8fdbe89fed36ef00412fdb2624519455f17f2f6d0178b3ba254253b
469952937,screened,True,4,11575,7375,4200,12.84,25.8,53607be37b3a6ebe50ebe3ccc1279470d9ad51e68d9ca02f714ca5ccb9ade6e4
469952974,screened,True,4,12967,7402,5565,12.83,25.7,7fc8e2366c91a6fc0e9d673416de281af09e01334f55220c11388a891316f66b
469971792,screened,True,3,10129,7356,2773,13.88,34.88,637b945eeaaec9d15b39ee9ea2792295c1ff4eaca8b5f30b04392a80f19e253a
47973606,screened,True,14,41371,17198,24173,12.56,20.49,f47be41d1c2f50f8d71a4765e32d667770026b51653a2b3c94b6307e3cc5d5a7
49190174,screened,True,3,9509,6076,3433,13.18,31.88,e0b23e30764017864ef9cc8f669619cfa6ba040c987b844297e008bfe602d15f
49306639,screened,True,4,12412,6050,6362,13.28,16.67,063b1a6e14de9fb55d818273f025040c1e160e81d64d95da4766b631f97ed216
52183206,screened,True,3,6410,2526,3884,10.48,9.84,bea7361478d42ccb8ef011a3b00cd5aa7fb7f7ef58279b470ee6cf242de3cd4f
52932529,screened,True,6,18201,6420,11781,13.23,32.96,983806afd78ff53c7398204d4d77f14c4b5f0d3f16ddd17bbeb844e928b57ee1
53523370,screened,True,3,8363,5263,3100,13.73,27.74,98c050509c3a3cc60822ef83ee48c0fa78f29b095aa34f00206aad48a57d7b04
53897002,screened,True,4,11836,3218,8618,13.4,24.17,63e5a13efad3a5390798cdf3a01c144cc70ae5624660e50b35d675c1ddbe587c
54144488,screened,True,5,16365,3648,12717,12.95,18.35,6542d9adc0746ac606888272dd089c7aaa8c5a00b3291ccca08d346d24305e42
54469098,screened,True,6,19324,6883,12441,11.09,22.68,aeb58ef0ef566dd775b022cb62a8af98ae464561f62937aa58eeaddd2fb1cc06
55481273,screened,True,18,55566,27231,28335,13.68,42.11,7ed1406b1c0432739f1562f6bb5db1b88002f886968da7bade53da3df3b56cfd
55752859,screened,True,5,16010,6774,9236,12.78,20.02,5f3f9a56fca2cb5ce2423aca060368bd27cac706b67d0e89675046cff01ebe3c
5597639,screened,True,4,12605,3394,9211,12.59,16.64,cc45179ac22e9958ce4015f2f75e8279339a460da0777e1b7ec234c959093209
57031043,screened,True,4,9466,5397,4069,13.14,17.68,ec1c5f42ac89e19fd2f6e73132044715d73f3b588b40ce6c0ebe78ecef0942ef
57160643,screened,True,4,12410,7036,5374,12.8,34.45,267a187b2977c772bb6a05a11a76d6f997676f3ded8cea65533e8500b4929a02
57185991,screened,True,5,16323,6002,10321,12.96,21.0,9f4442ce0c5ff70db1ce1a8d49a873b45ac9d53924ae1963ddabfccde48b5ee9
57186214,screened,True,5,15809,6008,9801,12.88,25.32,585a59c59bb97951ca1ee8fb85cc32ffa2b9bba252df7d9f1b7f78015cd812b3
57231454,screened,True,4,9335,5189,4146,13.61,40.16,56f10df8bb025357cd6651372f3c07d4496c6f6a7b3b779c505695a942ea8383
57984826,screened,True,2,6093,3540,2553,12.37,12.25,1a0a41e7ded5ec46827a999c51a2ffe9c96e75d01dc4708b4d49c8b21a9e413b
59605392,screened,True,4,11837,6108,5729,13.43,39.51,686e1975fa9e9fe3f562fbb82f9fbec3aa151034091b9f1581744ce275bcc141
59656000,screened,True,5,15084,6107,8977,13.66,40.93,aa709e83a51f00bfd22ebe12b0b7c7266f144dbcf60a2c5bea3b9b51795727f2
60074959,screened,True,5,14927,6113,8814,13.45,39.76,14f90073e58d4b3471b560020de68fb6836d06c0a9a9ec08b611413683c7b4cb
60421412,screened,True,4,11704,6037,5667,13.99,28.78,515b17594794276ff22fff5b09e0b94828e7ac3bb30806a24a03ae35cb316a90
61334091,screened,True,3,8825,3447,5378,13.72,29.73,665c8ae3a066018521fc0431d45bf99c435df96f386058a021e06cd5091b8192
61587960,screened,True,3,9510,6077,3433,13.59,31.72,4066f2ca568046a9ff83e6f40930be60432ca268686ff05f2b960f92d2ee3811
63052569,screened,True,4,13395,7380,6015,13.62,31.24,b02ccc52953698eeca0087ddbc770b018c41ca647499c78a87ddb6740794b6ce
63126862,screened,True,9,31720,7473,24247,13.74,40.06,f1fc8f9e13b299093edb9af37ea8586506e652c9ff11f33d0ce20028f0819c62
63781635,screened,True,3,8721,3430,5291,12.12,10.34,dbb8ab410910b1b59b5fec423b8598dbf737511206b4d18698aa0098943bc42f
67072736,screened,True,3,8361,4822,3539,11.96,17.85,059f2631830ec518989ed52ea089b81c6ab6f0900ca0732c473a47114a712443
67402669,screened,True,4,12276,9077,3199,12.99,18.97,41fbe8eb6450096c3fe1a0e8deedb1ea7bab0f16f79dd183568886035566ccd1
68073008,screened,True,3,7517,5604,1913,13.53,35.99,7d112897a6e75229d4b88a6573541fe50ed480eb4119b1983a0f1758933a4405
68766754,screened,True,4,11343,5904,5439,12.76,30.83,e55bf888aa6eaa2cfc2fa2c7ffbfcd42f9059bf360bd8f278465a882ce9d0902
70901653,screened,True,2,6796,3440,3356,13.96,29.95,386d41880827f34d1e5aab1baba2b4ea2b44c1d2ebf2833d1ee2acb30bff094a
71262585,screened,True,4,11652,3308,8344,13.78,24.07,6bd6d6ab6288382823988775aaf5a4d9843710379f3346273f629e44f8ca5173
71432847,screened,True,3,9143,3505,5638,13.98,33.87,01d95e5198ded5868db32ad413bb862705c9763debc4f6cd3152901ffd4d8fc6
7150628,screened,True,7,21818,9276,12542,13.86,26.72,24af6400ba30e4cf1ccc311a04b6046d13b482470df2ea466e1da4e85177dd4a
71678774,screened,True,3,9297,3431,5866,13.03,15.27,89acab98f6dd1a3fa18de539def4bab42d2f66de179f31a15d3a8db8e9af7a7e
74185907,screened,True,6,19434,6507,12927,12.11,25.53,a19adb63a4d1c7d51e776d24f37c0ef353bbd18e608354562eeb3f1515b3bbb9
7422813,screened,True,7,24890,10138,14752,12.92,33.5,14f0e493a15fa9299237e3554697f14a6c2647239203b74e11df31ba340b0f5f
7695962,screened,True,4,13004,6735,6269,12.18,25.34,a67c240e024b2ce25254eb348cddf20dba22da6adc5a307b2278b89519a94167
77178716,screened,True,4,13031,6750,6281,13.36,32.91,f3f8974d84512bb0abb74ab52cdd32cb3cb6b5aba15c9180f507acf6e9fe3c6b
7723060,screened,True,5,18065,6715,11350,11.22,14.32,4ee3b5a8549e9f9fc585f18247fe9a7111308e6766da509debfa9a1c3608d239
77289083,screened,True,4,12999,6703,6296,13.58,36.55,b310d7839109f45e6e2f883ca6b86f1c61890aaf2ef5c0f72eb1850c0225240e
77318593,screened,True,4,11084,6209,4875,12.17,26.74,221f52409906ece76bed24849053922662823c8951c24bb2a216c080fa8d81ab
77340625,screened,True,4,13002,6727,6275,11.74,21.42,6311452f07c9d4f3200874667bfc3de6cd19b857b57da283692279445018fa3b
7739195,screened,True,4,13047,6759,6288,13.26,33.67,7b1fa6bdd95320ea17a832d520f7ae72ab6d184675266a61539118a38ef4cc00
78014053,screened,True,2,6287,6287,0,13.84,43.07,4af26ddd4fc4ebfbbd2b6287dc94fab8460cc0e255ef97a9dc821373ec75ca51
78449800,screened,True,4,12432,6059,6373,13.51,21.59,1728c76f81d8a3db54ce2561b8dd64fe8594d61431f6536722ba0004937045f1
78823293,screened,True,2,6055,6055,0,12.98,33.85,222b5888decd19afc21b6208c194e2d67eda33731cf1ef57f4fe5d7f25c34994
79611981,screened,True,5,18190,6610,11580,9.47,3.67,8cdeaa600ee8ffd2583e9a673e836fe4747e8fb08b533b8be83efd2d554b4c8d
80859893,screened,True,3,9151,3506,5645,13.86,22.91,d561a9c737fb5f0b9c3ace18290c6fdee4ee07697a3e683ebd1143571f1ba4b3
81352708,screened,True,6,18143,6337,11806,12.91,31.67,c70d962dc6172044eb5faf63689a674747d51c006d3fc63662f910a8f56b4c85
81506915,screened,True,4,12972,6887,6085,12.85,28.87,5aa6cc271af803e0ec8ea75c77fbf48a9482252f0158802ca839a1c458d9e74a
82365136,screened,True,2,5632,5632,0,13.64,37.2,c484d75e30832e33e3a8c0cfcebbd79929bbccd7abaa3b1dd9222eb2e45876b2
8347680,screened,True,4,10132,6039,4093,13.61,23.11,38b49c827acdb6913420940958d2d49f4479bcbd4b8a4e497e38c6a054274473
8527476,screened,True,3,10211,3867,6344,13.09,17.37,82efc894fe6a8d9170111ad443c16cbc4267a5ecd869f463b30627cafe80be6a
85462495,screened,True,4,12394,6827,5567,12.83,21.21,91c00f04266a46f208c78d08588481161b2b1268b81317d4eece4b02ca70974c
85536691,screened,True,5,16598,6816,9782,12.17,22.12,eb9737bfcf9325c632b678d9b83e5b92dc5d7f915683c93a81262e6ce1908c4b
85644939,screened,True,3,9816,3497,6319,13.62,27.63,dd7f756bb8509102f3a627a32de30f752cd4a571fccccec5a2bf892d1e87fa65
8589633,screened,True,4,9707,5552,4155,13.87,43.02,ca81d03a45aed1d4a8904dc5553b4bcacc0af5a8ceaf1e0c1d9bd3d4d516c90c
86231879,screened,True,3,10211,6996,3215,12.55,31.59,8954170f7780d0856697f4b74bbd60031c38bec3eec491842246f0ee7d44d9f7
86231880,screened,True,3,10237,7005,3232,12.76,31.92,03cacd474566ddd579425feb2f6a5e9f31414569449d5c214bee8b6bac2fb0b4
86265580,screened,True,4,12747,7027,5720,13.09,25.76,9549a6786627a4a4e58cbb29c47f18cb4a9c701d46baa076476306bbbe204e17
86273642,screened,True,4,12629,6990,5639,13.27,31.93,bb47868926c39a3b6b4f07871f4d8ecdc767a36472133c68cde48e6f234a28d0
86339165,screened,True,6,18176,7044,11132,12.59,25.36,9d5231fcd01920a0fdb06952d125705cc934e99e470957f26be0835877606302
86378567,screened,True,3,10108,6880,3228,13.77,40.38,26907ae324a76c20824f13737666012adc0b60e53823d82464b4fca76359e1a6
88722227,screened,True,2,6354,3715,2639,13.69,25.08,5fc67cfc5a79d6d777f6bd0715a1214b382f6e98cdf1b0d5a922b4640b67cdcd
88780524,screened,True,4,10855,5832,5023,12.91,31.07,45ce77cf0bbf7406ccb14ce6b3e8f955022c0ef47f33d00e13790cc0863fed42
89032185,screened,True,5,17373,6839,10534,12.63,26.69,e246c6f46b2967b1797c8c0e334dc401df3b9668333356647d7788f05a87ea85
9069250,screened,True,3,7890,5888,2002,13.56,27.27,5744400e780ee8dc814b1d5a69075f3aec75107b9a38d83b67ba8d00eec19a2d
91924437,screened,True,5,15817,9497,6320,13.27,19.02,3933339c1e3b82f87cf4cb79310bf6d876d415c60d05b97bcdd4165c44695553
9200076,screened,True,2,6540,3345,3195,13.96,30.08,4a59f937a192ae4a8381faba282768a69aee06dae3d6a1d38170a9420dd6580c
9378238,screened,True,2,6357,3348,3009,12.66,17.59,d43c4b5734982d116f1502d1b467cb2aecf0f06ceec549be089fbfe317a10dd0
94933725,screened,True,4,13083,3597,9486,13.6,27.49,6f2faa3a3a988d392baee3145ae1b32173e0f02776e9625afd6082ae4f837072
9825486,screened,True,4,10249,5724,4525,12.56,24.14,5f64246acc82e41bba0cb7fe3468d3e797dc55a3cfc8bce7eaccaac0f0152784
9882031,screened,True,3,8896,3277,5619,13.78,23.8,e82fffffe41910372539fab218a65710d54ccace48756c53e47cb2063fe8ad0b
99329966,screened,True,6,19348,7148,12200,13.36,27.44,bb821fbdb93264348433208b0fa3130cf85122c3b7b141954c6e154bfa0fde28
99505950,screened,True,4,12234,6695,5539,12.33,25.58,9be41b2fa10abbab27777ce6f4772a89f6c62e40f0e6afd93d53e9aaf8dc760c
99540776,screened,True,4,11404,6689,4715,11.64,18.85,35c21882859eb308c6e539f671149f0fa0bbfa5af256257561a0e3541fd44b34
