tic,seed_iteration,period_days,epoch_btjd,duration_days,depth,radius_earth_estimate,irradiation_earth_estimate,nominal_training_snr,holdout_nominal_snr,holdout_events,flags,target_vetting_note
10149468,1,9.751917394680266,1905.7092232475984,0.03822,0.006151903885330831,1.1990751268963,0.5966504548815491,3.7777043946160016,-0.052759762682945535,1,low_nominal_training_snr;insufficient_holdout_events,
101717144,1,17.83042211497903,2001.2752213526196,0.22931999999999997,0.00299498567901985,0.9382328079772653,0.38445901540871646,6.607637404624786,-0.03319252836393547,2,fewer_than_three_discovery_events;dominated_by_one_discovery_event;long_relative_to_circular_transit;low_nominal_training_snr;not_recovered_in_final_holdout;inconsistent_holdout_depth_signs,
101717144,2,6.534274785319275,1988.8919413526196,0.22931999999999997,0.0016609270649064227,0.698696425099873,1.4660058067694095,6.739640937403346,1.399757725153871,4,long_relative_to_circular_transit;low_nominal_training_snr;not_recovered_in_final_holdout,
101717144,3,11.842514264160435,1996.8198613526197,0.22931999999999997,0.0018562388456987821,0.7386354863108002,0.663448159583434,5.0209244263695325,0.4223830687229122,2,dominated_by_one_discovery_event;long_relative_to_circular_transit;low_nominal_training_snr;not_recovered_in_final_holdout;inconsistent_holdout_depth_signs,
103245015,1,9.453714134901999,1689.7093116171961,0.29575,0.003282166474825999,0.6318518539515628,0.30809383069692664,11.740364302007126,0.8932979498578411,3,dominated_by_one_discovery_event;long_relative_to_circular_transit;not_recovered_in_final_holdout,
103245015,2,4.897826337388171,1686.355506617196,0.22931999999999997,0.0026613144165783384,0.5689617291579779,0.7404262038189374,9.435904477701103,0.10918147353011216,6,long_relative_to_circular_transit;not_recovered_in_final_holdout;inconsistent_holdout_depth_signs,
103245015,3,13.177314285326595,1690.9491866171961,0.29575,0.003847063638066493,0.6840685855200084,0.1978717300052293,9.86948244080052,0.22927641268596405,2,odd_even_discrepancy;outside_nominal_optimistic_hz;long_relative_to_circular_transit;not_recovered_in_final_holdout;inconsistent_holdout_depth_signs,
103245015,4,3.838833298551372,1684.4313116171961,0.29575,0.002044771261485484,0.49872062349582,1.0245990575744903,8.680262447485935,1.809296948192362,6,outside_initial_small_planet_radius_range;long_relative_to_circular_transit;not_recovered_in_final_holdout,
103581155,1,18.46049431494226,1690.4775402988366,0.22931999999999997,0.0007592757339693756,0.5747073020245221,0.4838236896263873,8.320043635213084,0.7388208555652811,4,long_relative_to_circular_transit;not_recovered_in_final_holdout;inconsistent_holdout_depth_signs,
103581155,2,8.068673609825744,1687.3566952988367,0.16562,0.0005533307128309677,0.49061332938071595,1.458619559589527,7.153077966397979,-2.7906817856606403,12,outside_initial_small_planet_radius_range;long_relative_to_circular_transit;not_recovered_in_final_holdout;inconsistent_holdout_depth_signs,
103581155,3,10.164432402282467,1691.3037852988366,0.14994000000000002,0.0006167355928461248,0.517960285428343,1.0720969347274758,6.85848777032761,0.16179820979950754,9,long_relative_to_circular_transit;low_nominal_training_snr;not_recovered_in_final_holdout;inconsistent_holdout_depth_signs,
103581155,4,18.096974111777644,1692.4185702988366,0.05095999999999999,0.0009798620065836726,0.6528740611055398,0.4968251932107662,5.279240976090679,-0.5314651640572897,5,dominated_by_one_discovery_event;low_nominal_training_snr;not_recovered_in_final_holdout;inconsistent_holdout_depth_signs,
103632048,1,17.180756517154514,1698.6557039931392,0.29575,0.0007900842622641587,0.518724783323374,0.5017153441366607,6.920735683316915,0.15335985725337564,4,dominated_by_one_discovery_event;odd_even_discrepancy;long_relative_to_circular_transit;low_nominal_training_snr;not_recovered_in_final_holdout;inconsistent_holdout_depth_signs,
103632048,2,19.794044466513913,1702.1928039931393,0.0588,0.0015716473548746323,0.7316069885574583,0.4154011605237072,6.060374921903451,2.10913677939588,3,low_nominal_training_snr;not_recovered_in_final_holdout,
103632048,3,6.43954249846588,1687.3899039931393,0.22931999999999997,0.0003855669266869222,0.36236828388948056,1.8565518209169711,4.9202545535601026,-1.1952059366715302,15,outside_initial_small_planet_radius_range;outside_nominal_optimistic_hz;long_relative_to_circular_transit;low_nominal_training_snr;not_recovered_in_final_holdout;inconsistent_holdout_depth_signs,
105513234,1,7.0119424334004945,1870.631313627947,0.17198999999999998,0.0032099722669255027,0.8785218597851998,0.9442356414146191,5.665808934303912,2.2034700043573774,2,long_relative_to_circular_transit;low_nominal_training_snr;not_recovered_in_final_holdout;inconsistent_holdout_depth_signs,
105513234,2,7.676901796315031,1872.0350319766444,0.057329999999999985,0.0045312226611056465,1.0437815932968464,0.8367907392870302,5.204565616640272,-1.28767150206467,1,low_nominal_training_snr;insufficient_holdout_events,
105513234,3,7.80631137071799,1870.8530656059263,0.07643999999999998,0.0033263921546855036,0.894311171750706,0.8183461031212321,4.597035375437817,-1.3671682970724457,2,long_relative_to_circular_transit;low_nominal_training_snr;not_recovered_in_final_holdout;inconsistent_holdout_depth_signs,
105577069,1,5.931477340688915,1872.676253645436,0.116025,0.0020050724491993857,0.7481179125232209,1.1028093079470498,6.987272755947248,-0.43427585743412384,1,long_relative_to_circular_transit;low_nominal_training_snr;insufficient_holdout_events,
105577069,2,4.089513322855597,1874.4490561454359,0.22491000000000003,0.0012818752307716726,0.5981745017713704,1.810598212835688,6.5472810212534265,0.19287109005076453,3,outside_nominal_optimistic_hz;long_relative_to_circular_transit;low_nominal_training_snr;not_recovered_in_final_holdout,
105577069,3,4.040642418980512,1872.7006886694712,0.21658000000000002,0.001103355915119667,0.5549614706714214,1.8398554297972955,5.734586812052356,1.5494441196655582,2,outside_nominal_optimistic_hz;long_relative_to_circular_transit;low_nominal_training_snr;not_recovered_in_final_holdout,
105577069,4,5.275371385751592,1874.9285961694711,0.08599499999999999,0.001973788973326477,0.7422588386880205,1.2893778484239016,5.364026075670661,-0.205872202830436,2,dominated_by_one_discovery_event;long_relative_to_circular_transit;low_nominal_training_snr;not_recovered_in_final_holdout;inconsistent_holdout_depth_signs,
106504397,1,9.365448902152117,1544.6613977243137,0.29575,0.0012020350489111368,0.46945485892431466,0.47669559647917065,7.290555932454428,-1.2559292810976812,2,dominated_by_one_discovery_event;odd_even_discrepancy;outside_initial_small_planet_radius_range;long_relative_to_circular_transit;not_recovered_in_final_holdout;inconsistent_holdout_depth_signs,
106504397,2,4.979825986377863,1549.1096492564773,0.042466666666666666,0.0019935961854988782,0.6045801303980938,1.1066077705537836,5.389001856906804,0.15125659675107295,4,low_nominal_training_snr;not_recovered_in_final_holdout;inconsistent_holdout_depth_signs,
106504397,3,7.608010536097556,1548.138375923144,0.03822,0.00281806440181012,0.7188044049672591,0.628904155778136,4.9411906068066,0.15323593695077062,3,low_nominal_training_snr;not_recovered_in_final_holdout;inconsistent_holdout_depth_signs,
113425376,1,7.481851255050783,1659.8071619592852,0.22931999999999997,0.004943443148931186,0.9289957562275442,0.6073367982375638,7.087884796166315,3.232987976830883,3,long_relative_to_circular_transit;not_recovered_in_final_holdout,
113425376,2,3.759184511509753,1660.8136219592852,0.29575,0.002739031722107981,0.6915084463472334,1.5204897560418815,5.943221447014057,-3.2921157241291317,6,outside_nominal_optimistic_hz;long_relative_to_circular_transit;low_nominal_training_snr;not_recovered_in_final_holdout;inconsistent_holdout_depth_signs,
113425376,3,3.310099200737725,1657.5919086719891,0.17198999999999998,0.0028228053515900425,0.7020037371781794,1.8015805155138687,4.349346700161349,-0.4104085543377568,6,outside_nominal_optimistic_hz;long_relative_to_circular_transit;low_nominal_training_snr;not_recovered_in_final_holdout;inconsistent_holdout_depth_signs,
113425376,4,3.791002154614835,1657.8430980800622,0.17198999999999998,0.00437689405318432,0.8741419755784883,1.503498435028015,5.544553109837659,-1.0521697342551284,5,outside_nominal_optimistic_hz;long_relative_to_circular_transit;low_nominal_training_snr;not_recovered_in_final_holdout;inconsistent_holdout_depth_signs,
114504403,1,6.294288404490371,1386.3801422544864,0.03822,0.008047856789043184,1.0971644574038792,0.7220119812622037,6.234332265303182,1.3684149671690002,2,low_nominal_training_snr;not_recovered_in_final_holdout,
114504403,2,5.002315689022453,1386.1658372544864,0.057329999999999985,0.0053835997380312405,0.8973626556093549,0.9807954919777299,5.422901719408286,-0.26699909352917145,1,long_relative_to_circular_transit;low_nominal_training_snr;insufficient_holdout_events,
115656691,1,13.137086638495749,1772.7074086495345,0.238875,0.005128000764691971,0.8367031540025428,0.22390682200039327,8.933420181670748,1.0301162203762866,1,fewer_than_three_discovery_events;dominated_by_one_discovery_event;long_relative_to_circular_transit;insufficient_holdout_events,
115656691,2,2.8033050656203984,1765.3373186495346,0.124215,0.0028313379309515578,0.6217176818668585,1.7559235178813921,7.531033241518437,0.6800642103182867,3,outside_nominal_optimistic_hz;long_relative_to_circular_transit;not_recovered_in_final_holdout,
115656691,3,3.601595818952722,1764.9476111495346,0.17198999999999998,0.00311123264845049,0.651723842219219,1.2572050398135424,8.230140864498816,1.6770071424054498,3,long_relative_to_circular_transit;not_recovered_in_final_holdout,
115656691,4,9.606708538203213,1773.8435726604398,0.024499999999999997,0.00923281146745602,1.1227016196227222,0.3398598998435314,6.099894015614741,0.643639566292423,1,low_nominal_training_snr;insufficient_holdout_events,
116244652,1,3.8042258974063072,1985.346117699143,0.29575,0.00408429763386938,0.9421196187382395,1.6970777678375806,34.550269375228254,2.172792013810579,12,outside_nominal_optimistic_hz;long_relative_to_circular_transit;not_recovered_in_final_holdout;inconsistent_holdout_depth_signs,
116244652,2,3.7937713533115973,1985.960367699143,0.29575,0.0021334732160899184,0.6809119463464645,1.7033161751078914,18.341447981829226,-0.6499545899824486,12,outside_nominal_optimistic_hz;long_relative_to_circular_transit;not_recovered_in_final_holdout;inconsistent_holdout_depth_signs,
116244652,3,3.8260044272502918,1984.561242699143,0.29575,0.0017111622932065968,0.609807774722892,1.6842097742595752,13.721546367694694,21.940844189567336,13,outside_nominal_optimistic_hz;long_relative_to_circular_transit,
116244652,4,3.80233782783937,1986.415367699143,0.29575,0.001306592953253563,0.5328653883529396,1.698201450574875,10.003022317479164,-2.9957517161934812,13,outside_nominal_optimistic_hz;long_relative_to_circular_transit;not_recovered_in_final_holdout;inconsistent_holdout_depth_signs,
117123283,1,19.088015939647047,1880.4450793686883,0.29575,0.0037270561457311067,0.8133105128527119,0.2196323917025031,8.146826734414166,0.0,0,long_relative_to_circular_transit;insufficient_holdout_events,
117123283,2,15.247611696848692,1877.1042418686884,0.16243500000000002,0.004197282050910777,0.863092803572709,0.2963295841491289,7.314435198523626,-1.4743170211530936,1,dominated_by_one_discovery_event;long_relative_to_circular_transit;insufficient_holdout_events,
117123283,3,13.533549219946229,1875.4464493686883,0.22931999999999997,0.004705201098281549,0.9138239020330798,0.3473989492340689,6.785027269414003,-0.22474560769510504,1,long_relative_to_circular_transit;low_nominal_training_snr;insufficient_holdout_events,
117123283,4,15.379947500004786,1871.2544293686883,0.0882,0.006155247884330074,1.0451922774246944,0.2929348028680637,4.952964351913584,0.0,0,dominated_by_one_discovery_event;long_relative_to_circular_transit;low_nominal_training_snr;insufficient_holdout_events,
117489874,1,9.616326688633443,1792.0216385617086,0.024499999999999997,0.010682247818718847,1.4333380606663315,0.4962623759607646,5.72805607954663,1.0854509253788545,1,low_nominal_training_snr;insufficient_holdout_events,
117489874,2,13.105828767605708,1795.7530352283752,0.07643999999999998,0.005673740932996472,1.0446049021688544,0.3284260848081473,5.128179751455373,1.5216750459997963,1,dominated_by_one_discovery_event;long_relative_to_circular_transit;low_nominal_training_snr;insufficient_holdout_events,
117817258,1,14.9660591956737,1478.4008174368976,0.29575,0.0034186117105321056,1.0279319188841813,0.46171990192160806,9.301867782895133,0.0,0,long_relative_to_circular_transit;insufficient_holdout_events,
117817258,2,13.140150130575556,1476.7741924368975,0.29575,0.0030986888601666485,0.9786523633621192,0.5491885027028531,8.565200967073821,-0.03852829405542613,1,long_relative_to_circular_transit;insufficient_holdout_events,
117817258,3,7.590485217687007,1471.1606299368975,0.238875,0.0018855749214945281,0.7634161804185425,1.1415523204797868,6.883738949142613,-0.13365060285576574,1,long_relative_to_circular_transit;low_nominal_training_snr;insufficient_holdout_events,
117817258,4,10.117974400046622,1474.4605174368976,0.17198999999999998,0.002140237958749409,0.8133369353236787,0.7781508054107876,6.097639909441496,0.0,0,long_relative_to_circular_transit;low_nominal_training_snr;insufficient_holdout_events,
120609299,1,12.586044090849839,1354.342489244928,0.22931999999999997,0.0022306451973738797,0.6859310737944543,0.39729940491418647,7.443382537024458,-1.5013563426443712,3,long_relative_to_circular_transit;not_recovered_in_final_holdout;inconsistent_holdout_depth_signs,
120609299,2,4.283252967229221,1356.005740615992,0.29575,0.0011155455348307616,0.4850749860221268,1.6721373477220247,5.923708602002245,1.6105825618046594,10,outside_initial_small_planet_radius_range;outside_nominal_optimistic_hz;long_relative_to_circular_transit;low_nominal_training_snr;not_recovered_in_final_holdout;inconsistent_holdout_depth_signs,
120609299,3,5.87676020657125,1356.8991156159918,0.024499999999999997,0.00485195652680675,1.0116346105220955,1.0967802446737833,6.36995248649331,0.6198071198163091,8,low_nominal_training_snr;not_recovered_in_final_holdout;inconsistent_holdout_depth_signs,
120609299,4,11.699176354643825,1358.6629406159918,0.12284999999999999,0.0029854360644079145,0.7935405353911804,0.43795537704716186,5.28380737571836,-0.017086292578126012,3,fewer_than_three_discovery_events;long_relative_to_circular_transit;low_nominal_training_snr;not_recovered_in_final_holdout,
121305264,1,9.989671747343536,1603.7426011823422,0.057329999999999985,0.004655664632157538,0.9164516205792214,0.49168354047043644,6.7233763021023965,1.0206658999914038,3,fewer_than_three_discovery_events;low_nominal_training_snr;not_recovered_in_final_holdout,
121305264,2,7.754967044531889,1601.7900211823423,0.05354999999999999,0.004006596176464624,0.8501713887114379,0.6891504095272268,6.138947313426061,-0.03606311896223944,3,fewer_than_three_discovery_events;dominated_by_one_discovery_event;low_nominal_training_snr;not_recovered_in_final_holdout;inconsistent_holdout_depth_signs,
121593546,1,6.456788430716567,1438.2748660271188,0.08599499999999999,0.003976537265937922,0.9364940545039437,0.882907469064804,5.8125884323887815,1.2485709644918976,1,dominated_by_one_discovery_event;long_relative_to_circular_transit;low_nominal_training_snr;insufficient_holdout_events,
121593546,2,7.399347101661694,1438.4572508051938,0.049980000000000004,0.004889130226739113,1.0384086538384814,0.7362286803408578,5.1105704083482255,0.4951319484028069,2,fewer_than_three_discovery_events;dominated_by_one_discovery_event;low_nominal_training_snr;not_recovered_in_final_holdout,
122136861,1,14.63319939441636,1688.582269620258,0.29575,0.002571248999724303,0.708754167033781,0.269350963674041,8.322888418735715,-1.3648166364408922,4,long_relative_to_circular_transit;not_recovered_in_final_holdout;inconsistent_holdout_depth_signs,
122136861,2,4.042128378227839,1684.6180821202581,0.238875,0.001280448782910914,0.500155055837193,1.4972378037327143,6.243042854579382,-1.5771278783957587,12,outside_nominal_optimistic_hz;long_relative_to_circular_transit;low_nominal_training_snr;not_recovered_in_final_holdout;inconsistent_holdout_depth_signs,
122136861,3,5.0843491178397,1687.028217120258,0.08599499999999999,0.0022394656536117246,0.6614480804786659,1.1026993091011457,5.24894250675966,-2.5779374421040346,10,long_relative_to_circular_transit;low_nominal_training_snr;not_recovered_in_final_holdout;inconsistent_holdout_depth_signs,
122136861,4,10.54639856779583,1693.825917120258,0.061424999999999993,0.0031916489550955097,0.7896435937324412,0.41683612259335645,5.030984580620344,0.8067999429355706,5,low_nominal_training_snr;not_recovered_in_final_holdout,
122669742,1,21.450028406231105,1396.899444740938,0.29575,0.0028498116346624717,0.8744055881058554,0.24455405004151357,7.502664635716602,1.0655952804593987,3,long_relative_to_circular_transit;not_recovered_in_final_holdout,
122669742,2,5.528997049596131,1388.0405947409379,0.16562,0.0015577530667111044,0.6464786015153052,1.4907913956703593,5.436857031669904,-1.3331115068717727,15,long_relative_to_circular_transit;low_nominal_training_snr;not_recovered_in_final_holdout;inconsistent_holdout_depth_signs,
122669742,3,4.974180184933455,1390.850219740938,0.16562,0.001732182176303799,0.6817130842531146,1.7165244910876614,5.780714359856674,-0.22486305262185263,16,odd_even_discrepancy;outside_nominal_optimistic_hz;long_relative_to_circular_transit;low_nominal_training_snr;not_recovered_in_final_holdout;inconsistent_holdout_depth_signs,
122669742,4,5.8544447550309835,1390.043525774498,0.05095999999999999,0.0033086166270215253,0.9421673949358015,1.3813309377709941,5.2780331577104045,0.4545628118632824,14,low_nominal_training_snr;not_recovered_in_final_holdout,
122832965,1,6.40340488810899,1685.4661575058267,0.29575,0.0016919942283498096,0.7411343982128379,1.3119484395235026,10.069383292628073,0.14716788234401487,4,long_relative_to_circular_transit;not_recovered_in_final_holdout;inconsistent_holdout_depth_signs,
122832965,2,11.882471027308378,1689.9055925058267,0.17198999999999998,0.002925247468378198,0.9744932563169378,0.5753370817463491,8.993882084792691,-2.1585509485920005,2,dominated_by_one_discovery_event;long_relative_to_circular_transit;not_recovered_in_final_holdout;inconsistent_holdout_depth_signs,
122832965,3,8.467445960487716,1691.4039075058267,0.29575,0.0016478550109131878,0.7314034936305799,0.9039161378363149,8.277373064556205,0.11269326735710593,3,long_relative_to_circular_transit;not_recovered_in_final_holdout;inconsistent_holdout_depth_signs,
122832965,4,6.581429933335616,1687.6558450058267,0.238875,0.0018367482547370383,0.7721867582509694,1.2648461468317682,7.305124215563358,-5.245650467637623,3,long_relative_to_circular_transit;not_recovered_in_final_holdout;inconsistent_holdout_depth_signs,
123480394,1,24.22667943004598,1515.799206211972,0.29575,0.001988988394893993,0.7792013476649848,0.21317531936422215,27.280548558307142,-0.309345306522066,3,fewer_than_three_discovery_events;dominated_by_one_discovery_event;odd_even_discrepancy;long_relative_to_circular_transit;not_recovered_in_final_holdout;inconsistent_holdout_depth_signs,
123480394,2,16.326778823972173,1504.9099744921407,0.29575,0.00190187828298415,0.7619472923850915,0.36079576673879904,27.22077559787841,3.730270871540273,6,dominated_by_one_discovery_event;odd_even_discrepancy;long_relative_to_circular_transit;not_recovered_in_final_holdout,
123480394,3,7.476076689023505,1493.7283494921408,0.29575,0.000519355622618251,0.39816766591479674,1.0222656838307502,10.871582113083972,2.22533096643507,9,dominated_by_one_discovery_event;outside_initial_small_planet_radius_range;long_relative_to_circular_transit;not_recovered_in_final_holdout;inconsistent_holdout_depth_signs,
123480394,4,14.730021745393234,1498.2385369921408,0.170625,0.0007847160423661201,0.48942915452785324,0.413863946992642,10.301064421672837,0.5443646568384746,4,odd_even_discrepancy;outside_initial_small_planet_radius_range;long_relative_to_circular_transit;not_recovered_in_final_holdout,
126319133,1,5.210233330904795,1870.571041776152,0.29575,0.0014840331153776285,0.5258300444203274,1.1475924141376737,8.252175932689163,0.4606486778120397,2,long_relative_to_circular_transit;not_recovered_in_final_holdout;inconsistent_holdout_depth_signs,
126319133,2,12.759911906376797,1875.4841657196264,0.29575,0.0033102662638653463,0.785335201989377,0.34764314045499184,6.603764712189779,0.5688022407129932,1,dominated_by_one_discovery_event;long_relative_to_circular_transit;low_nominal_training_snr;insufficient_holdout_events,
126319133,3,7.793615536437183,1875.8923007196265,0.22931999999999997,0.0019318746531663204,0.5999472583036546,0.6708291539274962,6.626246679835194,-0.534586180698942,2,long_relative_to_circular_transit;low_nominal_training_snr;not_recovered_in_final_holdout;inconsistent_holdout_depth_signs,
126319133,4,10.815128538512965,1878.2284982196265,0.08599499999999999,0.00349197271607712,0.8066014932120668,0.43339941289537304,5.887366988139338,-1.449844998625672,1,long_relative_to_circular_transit;low_nominal_training_snr;insufficient_holdout_events,
129365196,1,13.162257231076461,1491.8162648983246,0.124215,0.005676086687720732,1.2751750176099859,0.4955886725192899,7.479649858240538,-0.17300694337911784,2,long_relative_to_circular_transit;not_recovered_in_final_holdout;inconsistent_holdout_depth_signs,
129365196,2,11.465013886191754,1502.9037474884915,0.031849999999999996,0.007261074552414132,1.442267223089593,0.595747767039326,7.243358453248963,-0.5987502191428382,2,not_recovered_in_final_holdout;inconsistent_holdout_depth_signs,
129365196,3,10.516192541860656,1492.2855641551582,0.17198999999999998,0.0026750822402837773,0.8754147402429618,0.668472939515952,6.024403999274333,-1.6057193564151904,3,long_relative_to_circular_transit;low_nominal_training_snr;not_recovered_in_final_holdout;inconsistent_holdout_depth_signs,
129365196,4,5.7731621184689015,1492.8108558218248,0.024499999999999997,0.005718323455621309,1.2799106260641515,1.4871115007071902,6.65507991258822,0.0928317646191044,2,low_nominal_training_snr;not_recovered_in_final_holdout;inconsistent_holdout_depth_signs,
131799991,1,12.935158869228779,1503.7648416966767,0.29575,0.003371166737874853,0.8749491041034055,0.36050929168671925,16.030726934593456,-0.27690597199482037,4,dominated_by_one_discovery_event;odd_even_discrepancy;long_relative_to_circular_transit;not_recovered_in_final_holdout;inconsistent_holdout_depth_signs,
131799991,2,18.937648573950472,1504.0719666966768,0.29575,0.0021136979541372136,0.6928099841145743,0.2168589819311523,10.492570315329441,0.567063012953681,4,fewer_than_three_discovery_events;dominated_by_one_discovery_event;odd_even_discrepancy;long_relative_to_circular_transit;not_recovered_in_final_holdout;inconsistent_holdout_depth_signs,
131799991,3,18.677252875463207,1500.5115916966768,0.29575,0.0019025156602406716,0.6572896508831432,0.22089954445926627,9.219743391020238,2.0078740253777805,3,fewer_than_three_discovery_events;dominated_by_one_discovery_event;long_relative_to_circular_transit;not_recovered_in_final_holdout,
131799991,4,4.151454178387373,1493.0782566966768,0.16562,0.0006598525948093371,0.38709373156954485,1.6406344263561516,6.8078135243217925,1.0460504006955027,15,outside_initial_small_planet_radius_range;outside_nominal_optimistic_hz;long_relative_to_circular_transit;low_nominal_training_snr;not_recovered_in_final_holdout;inconsistent_holdout_depth_signs,
132157954,1,22.37809919238482,1557.3922484443956,0.16562,0.007837697693681235,1.2760913745385691,0.17179930306566712,8.190060401909204,0.9269895611462311,2,dominated_by_one_discovery_event;outside_nominal_optimistic_hz;long_relative_to_circular_transit;not_recovered_in_final_holdout,
132157954,2,12.788983836773825,1544.1286996076217,0.22931999999999997,0.005966679528093834,1.1134068148474432,0.3622465620747641,7.483818794787042,-1.4368846831933888,3,long_relative_to_circular_transit;not_recovered_in_final_holdout;inconsistent_holdout_depth_signs,
132157954,3,5.569132303614106,1548.642847133553,0.124215,0.004345806594833543,0.950216825675693,1.0974943082712807,7.162222326968334,0.7759655246067452,6,long_relative_to_circular_transit;not_recovered_in_final_holdout,
132157954,4,12.316792869667454,1549.160637133553,0.08599499999999999,0.006197684266623319,1.134755360271272,0.38088055951857525,6.116398292462663,-0.47164921811525756,4,long_relative_to_circular_transit;low_nominal_training_snr;not_recovered_in_final_holdout;inconsistent_holdout_depth_signs,
135140399,1,10.402910997866016,1900.1516232667161,0.238875,0.00274191082491334,0.6918717866076141,0.4359042337882144,6.0560261787129415,1.4971393380962812,1,dominated_by_one_discovery_event;long_relative_to_circular_transit;low_nominal_training_snr;insufficient_holdout_events,
135140399,2,8.307659083224358,1906.4731794588104,0.06824999999999999,0.004414674688447698,0.8779065945871535,0.5883368387484315,5.142344176305147,1.7320499835666858,1,fewer_than_three_discovery_events;long_relative_to_circular_transit;low_nominal_training_snr;insufficient_holdout_events,
137025855,1,22.52809799110706,1715.451248515797,0.29575,0.0016956792915865766,0.7194579710714804,0.25404867743954207,15.476647175452507,0.5801751391523486,1,fewer_than_three_discovery_events;dominated_by_one_discovery_event;long_relative_to_circular_transit;insufficient_holdout_events,
137025855,2,12.266664281230563,1721.775748515797,0.29575,0.0010051817246439123,0.5539312447654454,0.5713659222738694,11.72711589535336,2.5106987347277503,1,odd_even_discrepancy;long_relative_to_circular_transit;insufficient_holdout_events,
137025855,3,5.406948368549889,1714.359248515797,0.29575,0.0006539669550545136,0.44679825925054323,1.7032563252241124,11.617952780136449,1.8794060261531889,3,outside_initial_small_planet_radius_range;outside_nominal_optimistic_hz;long_relative_to_circular_transit;not_recovered_in_final_holdout,
137025855,4,7.164564413991181,1714.270978515797,0.22931999999999997,0.0011032597887658182,0.5803265835541074,1.1702983289172735,11.904549262277555,-0.3857979545414572,2,long_relative_to_circular_transit;not_recovered_in_final_holdout;inconsistent_holdout_depth_signs,
137605535,1,11.686041989185604,1694.139874878205,0.21658000000000002,0.002499121145470829,0.7369550697331507,0.47865998633212603,6.615664031136289,0.22423278986744188,8,long_relative_to_circular_transit;low_nominal_training_snr;not_recovered_in_final_holdout,
137605535,2,13.040837040000461,1690.8959232115383,0.017499999999999998,0.00771416112700074,1.2947672601149796,0.4135326045519817,4.609156013830047,0.6360010578414848,4,fewer_than_three_discovery_events;dominated_by_one_discovery_event;low_nominal_training_snr;not_recovered_in_final_holdout,
137649696,1,19.70970243135715,1842.6830482383514,0.02275,0.0025462105258151524,0.8099870530092657,0.26242533146277264,6.0346161145877,-0.99773977359365,1,dominated_by_one_discovery_event;low_nominal_training_snr;insufficient_holdout_events,
137649696,2,17.9456942307427,1843.0414365716847,0.22931999999999997,0.0007201253595557259,0.4307596099634599,0.2973711457685307,5.4674037131689825,0.0,0,dominated_by_one_discovery_event;outside_initial_small_planet_radius_range;long_relative_to_circular_transit;low_nominal_training_snr;insufficient_holdout_events,
137649696,3,9.870087918980595,1848.2834565716846,0.029399999999999996,0.001667701998185529,0.6555263401700367,0.6599096555594756,5.7891039864512575,-0.7888070810794128,2,low_nominal_training_snr;not_recovered_in_final_holdout;inconsistent_holdout_depth_signs,
137649696,4,25.778368408457364,1845.1617365716847,0.05095999999999999,0.002032076172841712,0.7236039256265017,0.18347290739809183,5.6950050131133105,0.0,0,outside_nominal_optimistic_hz;low_nominal_training_snr;insufficient_holdout_events,
137726810,1,11.10976132849495,1686.12057102236,0.29575,0.002631383273962829,0.8738366204763492,0.6191445410835051,9.664574807770862,-5.8681504519029515,4,long_relative_to_circular_transit;not_recovered_in_final_holdout;inconsistent_holdout_depth_signs,
137726810,2,21.87757793327063,1699.78194602236,0.29575,0.005026864060418622,1.2077770044798877,0.25084148749423135,11.837119805089987,3.3547648549781472,3,fewer_than_three_discovery_events;dominated_by_one_discovery_event;long_relative_to_circular_transit;not_recovered_in_final_holdout,
137726810,3,7.971338194034837,1685.2446960223601,0.29575,0.002429797656481053,0.8396982354316622,0.9638808979607361,9.275515515069008,-2.642935840902658,5,long_relative_to_circular_transit;not_recovered_in_final_holdout;inconsistent_holdout_depth_signs,
137726810,4,13.263209935752226,1685.49949602236,0.16562,0.003626828767736264,1.0258921627348112,0.48887762597544476,7.09428216071869,0.29965379239274936,4,dominated_by_one_discovery_event;long_relative_to_circular_transit;not_recovered_in_final_holdout;inconsistent_holdout_depth_signs,
137729107,1,14.704879950987712,1694.0299195622736,0.29575,0.002684862551533026,0.9222787894739909,0.48552129889814566,12.4585493409872,4.418409211722941,4,fewer_than_three_discovery_events;dominated_by_one_discovery_event;long_relative_to_circular_transit;not_recovered_in_final_holdout;inconsistent_holdout_depth_signs,
137729107,2,5.415502418442752,1688.4789195622736,0.29575,0.0006677392772374666,0.4599436777249493,1.8392407982953758,8.788898814855619,3.6221301049184698,10,outside_initial_small_planet_radius_range;outside_nominal_optimistic_hz;long_relative_to_circular_transit;not_recovered_in_final_holdout,
137729107,3,23.943539535035395,1684.0686045622735,0.16562,0.0018328878144126212,0.7620248499994345,0.2534578782288197,8.619496148867352,-0.42129965352204957,2,long_relative_to_circular_transit;not_recovered_in_final_holdout;inconsistent_holdout_depth_signs,
137729107,4,8.310632922006919,1687.5177320622736,0.170625,0.0009943548771324503,0.5612700860321992,1.039069979083977,7.799904858813638,-1.8380856544947988,8,long_relative_to_circular_transit;not_recovered_in_final_holdout;inconsistent_holdout_depth_signs,
138560336,1,14.998551961913796,1693.497569591695,0.238875,0.0037385496996660576,0.8212403481530837,0.27667010992319785,6.540455205698501,-0.6046756637288234,2,fewer_than_three_discovery_events;dominated_by_one_discovery_event;long_relative_to_circular_transit;low_nominal_training_snr;not_recovered_in_final_holdout;inconsistent_holdout_depth_signs,
138560336,2,12.547093406475607,1687.085937091695,0.057329999999999985,0.0051483726353251736,0.9637262441743265,0.35099735508783975,5.682137765181684,-0.8327417036480649,4,low_nominal_training_snr;not_recovered_in_final_holdout;inconsistent_holdout_depth_signs,
138560336,3,10.073175119300965,1688.782632091695,0.22931999999999997,0.0025291394636941552,0.675468480544927,0.47040598632696723,5.578904951105827,-0.3688312882768323,6,long_relative_to_circular_transit;low_nominal_training_snr;not_recovered_in_final_holdout,
138560336,4,7.764199786337155,1684.608007091695,0.29575,0.0016955160531533068,0.5530566927072591,0.6656292774850345,5.093902431249105,1.1293721075427539,5,dominated_by_one_discovery_event;long_relative_to_circular_transit;low_nominal_training_snr;not_recovered_in_final_holdout,
13955081,1,10.359626833297433,1413.4117495461285,0.29575,0.00256003865822881,0.89505941262542,0.7182541992372752,11.7894357616457,0.5953343084107814,2,long_relative_to_circular_transit;not_recovered_in_final_holdout;inconsistent_holdout_depth_signs,
13955081,2,6.325020993381795,1416.7364345461285,0.22931999999999997,0.001554389525105557,0.6974426997082968,1.3867165363774168,7.250435937288335,-1.0127307548720916,4,long_relative_to_circular_transit;not_recovered_in_final_holdout;inconsistent_holdout_depth_signs,
13955081,3,5.392271062598875,1412.4223520461285,0.124215,0.001720583585557573,0.7337810468890523,1.7154367201500538,6.859590147908675,-2.720114227494695,4,outside_nominal_optimistic_hz;long_relative_to_circular_transit;low_nominal_training_snr;not_recovered_in_final_holdout;inconsistent_holdout_depth_signs,
13955081,4,6.095252717056693,1415.4216245461287,0.1764,0.001775388386514777,0.7453758020046317,1.456849538024871,7.450887844101713,-0.8447399606263699,4,dominated_by_one_discovery_event;long_relative_to_circular_transit;not_recovered_in_final_holdout;inconsistent_holdout_depth_signs,
141154638,1,13.390204196249785,1337.2191397188244,0.17198999999999998,0.002292466352343544,0.6274026068175774,0.2620305762400925,7.080796546730796,-0.30451130678703087,12,long_relative_to_circular_transit;not_recovered_in_final_holdout;inconsistent_holdout_depth_signs,
141154638,2,12.483458404541153,1335.9724397188245,0.29575,0.0014800857458280295,0.5041250427797636,0.28771003760372577,7.1414235517728,-0.1847259920676001,11,dominated_by_one_discovery_event;odd_even_discrepancy;long_relative_to_circular_transit;not_recovered_in_final_holdout;inconsistent_holdout_depth_signs,
141154638,3,12.14427165686683,1337.4853147188244,0.22931999999999997,0.001450097325156588,0.4989918007769206,0.2984738405856141,6.236930487383661,0.026413285657142217,9,outside_initial_small_planet_radius_range;long_relative_to_circular_transit;low_nominal_training_snr;not_recovered_in_final_holdout;inconsistent_holdout_depth_signs,
141154638,4,10.591605708254397,1333.4602330224982,0.29575,0.001300949253811315,0.4726340561630438,0.3581947079061156,6.5386018994712805,-1.4149145786509982,14,outside_initial_small_planet_radius_range;long_relative_to_circular_transit;low_nominal_training_snr;not_recovered_in_final_holdout;inconsistent_holdout_depth_signs,
142086813,1,64.67008726927682,1349.0874840683884,0.29575,0.005532425630344781,2.5422351410252735,0.23366975328820327,37.1707967949148,-3.8739383587164364,1,odd_even_discrepancy;outside_initial_small_planet_radius_range;long_relative_to_circular_transit;insufficient_holdout_events,
142086813,2,45.97143617962576,1339.8964840683884,0.29575,0.002894004592726361,1.8386858476032515,0.368318048204488,23.067727349864356,5.779860847845787,2,dominated_by_one_discovery_event;long_relative_to_circular_transit;inconsistent_holdout_depth_signs,
142086813,3,58.435813381396486,1348.5436890683884,0.22491000000000003,0.007481772589415042,2.9563794655656443,0.26748635830831563,19.525983752340107,-2.8019801141321916,3,fewer_than_three_discovery_events;outside_initial_small_planet_radius_range;not_recovered_in_final_holdout;inconsistent_holdout_depth_signs,
142086813,4,58.52825652963398,1348.2116090683885,0.29575,0.004054736555003164,2.1764026524318467,0.2669231939850145,14.976646247430155,4.811991295278233,4,fewer_than_three_discovery_events;dominated_by_one_discovery_event;outside_initial_small_planet_radius_range;long_relative_to_circular_transit;not_recovered_in_final_holdout,
142940412,1,12.08521556719689,1690.250180671645,0.29575,0.0006929704127493573,0.4829255861618113,0.6402787429207705,7.31163563045267,-1.3296735418117323,4,outside_initial_small_planet_radius_range;long_relative_to_circular_transit;not_recovered_in_final_holdout;inconsistent_holdout_depth_signs,
142940412,2,17.96374106625347,1687.960620671645,0.16562,0.001263836090531045,0.6521811556945277,0.3774382445366238,6.349209766901352,-0.24435641934732502,2,fewer_than_three_discovery_events;long_relative_to_circular_transit;low_nominal_training_snr;not_recovered_in_final_holdout;inconsistent_holdout_depth_signs,
142940412,3,9.659819639999268,1683.578743171645,0.238875,0.0006365976745433342,0.4628661201383538,0.8631433493424214,6.553464104855299,2.0895655947226013,5,outside_initial_small_planet_radius_range;long_relative_to_circular_transit;low_nominal_training_snr;not_recovered_in_final_holdout,
142940412,4,12.00438099946694,1691.5620526569535,0.03822,0.0019880834113047384,0.8179752634101569,0.6460338257079438,5.790550444028178,0.3066915508158362,4,low_nominal_training_snr;not_recovered_in_final_holdout,
144654557,1,17.903979681318667,1528.7740196361817,0.238875,0.001084671702503907,0.7300603810676549,0.5491489920544496,11.350855494085494,1.4177981005002,4,dominated_by_one_discovery_event;long_relative_to_circular_transit;not_recovered_in_final_holdout;inconsistent_holdout_depth_signs,
144654557,2,20.557819560676624,1517.9375121361818,0.16562,0.0010314374476157035,0.7119198022977512,0.45672371166754605,10.037709778743912,2.492694241851069,4,long_relative_to_circular_transit;not_recovered_in_final_holdout,
144654557,3,11.277256104196965,1526.5310173910548,0.16562,0.0007592907788059216,0.6108206186032062,1.0170720074169908,8.574964096580322,1.1356252865919254,5,long_relative_to_circular_transit;not_recovered_in_final_holdout,
144654557,4,23.997422011953198,1526.196137391055,0.12284999999999999,0.001076214738242403,0.7272087457655824,0.37159526716503766,7.881065055380295,1.0212113284333946,1,long_relative_to_circular_transit;insufficient_holdout_events,
146428154,1,12.718418621332797,1544.6402088286911,0.29575,0.004394250025566347,0.8975892753938537,0.36967865645736214,8.272082231079077,0.7770971282492756,2,fewer_than_three_discovery_events;dominated_by_one_discovery_event;long_relative_to_circular_transit;not_recovered_in_final_holdout,
146428154,2,9.257282667264535,1547.3021768896665,0.0588,0.0038812600965371733,0.843571010240264,0.5646211790132054,5.581308053424255,-0.22539932672851698,3,low_nominal_training_snr;not_recovered_in_final_holdout;inconsistent_holdout_depth_signs,
146428154,3,7.9119094685837155,1548.9289068896665,0.16562,0.0019509407534573971,0.5980772920972348,0.6961349720415357,5.431500726455045,-0.9543973752821481,3,long_relative_to_circular_transit;low_nominal_training_snr;not_recovered_in_final_holdout;inconsistent_holdout_depth_signs,
146428154,4,14.355883700705649,1557.7995868896664,0.03822,0.005206711019469956,0.97705049724199,0.3145540558135572,5.01509431475882,-0.9840330371850791,2,fewer_than_three_discovery_events;dominated_by_one_discovery_event;low_nominal_training_snr;not_recovered_in_final_holdout;inconsistent_holdout_depth_signs,
147207061,1,4.331939614711638,1326.3271206949491,0.061424999999999993,0.0018199876556531818,0.6568510849386412,1.5305349102321755,6.379472599988702,-1.4260526645117586,8,outside_nominal_optimistic_hz;long_relative_to_circular_transit;low_nominal_training_snr;not_recovered_in_final_holdout;inconsistent_holdout_depth_signs,
147207061,2,4.428243066480113,1328.5209031949491,0.027299999999999998,0.002473304702064181,0.7657226823038412,1.4863160368275252,5.780518057346299,0.5023280247712208,8,low_nominal_training_snr;not_recovered_in_final_holdout;inconsistent_holdout_depth_signs,
147207061,3,4.310880425784191,1326.1777931949491,0.03266666666666666,0.0020927724839591693,0.704358416911816,1.5405121569396454,5.206920423068922,-0.41348143190232467,8,outside_nominal_optimistic_hz;low_nominal_training_snr;not_recovered_in_final_holdout;inconsistent_holdout_depth_signs,
148359442,1,9.497366980095938,1606.6660937849674,0.29575,0.002364839454336271,0.6106779785490004,0.3993892053909167,7.07308845001645,-0.7712984907462079,3,dominated_by_one_discovery_event;long_relative_to_circular_transit;not_recovered_in_final_holdout;inconsistent_holdout_depth_signs,
148359442,2,5.016766342558718,1601.5184512849673,0.124215,0.00235932632634059,0.6099657292755797,0.9353384403818252,5.930366280785954,0.025264887911037526,4,long_relative_to_circular_transit;low_nominal_training_snr;not_recovered_in_final_holdout,
148359442,3,8.574593545550528,1603.8543820408029,0.03822,0.004796417364401261,0.8697008838001302,0.4577017347644358,5.4236222078454075,-0.9631189383171471,3,low_nominal_training_snr;not_recovered_in_final_holdout;inconsistent_holdout_depth_signs,
148497173,1,9.811260294592053,1545.6236812818072,0.03266666666666666,0.006207024187439413,1.1270069708663442,0.505415741214771,5.440714735829096,0.069884032422857,2,fewer_than_three_discovery_events;dominated_by_one_discovery_event;low_nominal_training_snr;not_recovered_in_final_holdout;inconsistent_holdout_depth_signs,
148968978,1,15.699050911906843,1692.19577053509,0.29575,0.0007166796319362434,0.5115807183878079,0.6554160276758453,5.519456806154057,0.6747792738351372,7,dominated_by_one_discovery_event;long_relative_to_circular_transit;low_nominal_training_snr;not_recovered_in_final_holdout;inconsistent_holdout_depth_signs,
149415767,1,12.744705061698026,1871.093297105856,0.17198999999999998,0.0016425081050267006,0.5354916691369039,0.41072019793933445,7.751287935043681,1.1429976265272541,2,long_relative_to_circular_transit;not_recovered_in_final_holdout;inconsistent_holdout_depth_signs,
149415767,2,8.053565972889114,1873.996652105856,0.03822,0.0021557323730485778,0.6134743087125829,0.7574165997811318,6.016817351809607,0.867274545511465,1,low_nominal_training_snr;insufficient_holdout_events,
149415767,3,14.233378115359905,1870.730662105856,0.29575,0.0013737911575441991,0.48973294032129827,0.35446644605589284,6.946746522480526,0.0,0,outside_initial_small_planet_radius_range;long_relative_to_circular_transit;low_nominal_training_snr;insufficient_holdout_events,
149415767,4,14.342241324066936,1881.506185348334,0.29575,0.001097224981626104,0.43767002278312483,0.35088360713563155,6.4047952364181775,1.7588433928378169,1,outside_initial_small_planet_radius_range;long_relative_to_circular_transit;low_nominal_training_snr;insufficient_holdout_events,
149423103,1,27.047093380871814,1353.2683984127625,0.238875,0.0008714973246614378,0.5609134644647095,0.24777940477561397,6.9266308891996715,0.9227492426985359,4,fewer_than_three_discovery_events;dominated_by_one_discovery_event;odd_even_discrepancy;long_relative_to_circular_transit;low_nominal_training_snr;not_recovered_in_final_holdout,
149423103,2,33.14092043545154,1336.7575859127626,0.29575,0.000590606386381283,0.46175531754171417,0.18897597054992765,6.842728776592828,1.8472238842729607,6,outside_initial_small_planet_radius_range;outside_nominal_optimistic_hz;long_relative_to_circular_transit;low_nominal_training_snr;not_recovered_in_final_holdout;inconsistent_holdout_depth_signs,
149423103,3,21.627871724263773,1343.6594809127625,0.17198999999999998,0.0005401160609645355,0.4415769362254953,0.3338419889475377,6.881413972750681,-1.4413499367740463,7,outside_initial_small_planet_radius_range;long_relative_to_circular_transit;low_nominal_training_snr;not_recovered_in_final_holdout;inconsistent_holdout_depth_signs,
149423103,4,9.05222886309686,1334.8938359127626,0.24499999999999997,0.0002526154726617524,0.3019901722374666,1.0663144764229828,5.830707049471494,0.8687187314506853,17,outside_initial_small_planet_radius_range;long_relative_to_circular_transit;low_nominal_training_snr;not_recovered_in_final_holdout;inconsistent_holdout_depth_signs,
149470658,1,5.768697940362965,1903.340610415732,0.29575,0.0026781569962096674,0.8137557980527445,1.1487134014590858,8.373868765036779,0.30357385820577026,2,long_relative_to_circular_transit;not_recovered_in_final_holdout;inconsistent_holdout_depth_signs,
149470658,2,5.715088487132423,1905.331235415732,0.29575,0.0029206938555333,0.8498046406323537,1.1631029072003098,8.852929109266654,2.4621678257963904,2,long_relative_to_circular_transit;not_recovered_in_final_holdout,
149470658,3,7.693999917591863,1900.790790415732,0.22931999999999997,0.003356079513385398,0.9109450929216694,0.7824306419208239,7.12680564400724,0.75239443151429,1,long_relative_to_circular_transit;insufficient_holdout_events,
149470658,4,7.376081875178293,1901.440985415732,0.29575,0.0033646304023720736,0.9121048442078951,0.8277155512677339,7.234573716722411,-0.609524067187131,1,long_relative_to_circular_transit;insufficient_holdout_events,
150387899,1,6.658980840589416,1717.5840739219577,0.170625,0.0016793672433923434,0.657814983457357,1.041385647281833,6.424328070802915,-0.5225989390320145,6,long_relative_to_circular_transit;low_nominal_training_snr;not_recovered_in_final_holdout;inconsistent_holdout_depth_signs,
150387899,2,12.414638808772267,1719.9273239219576,0.238875,0.001773327854218557,0.6759669155104973,0.4538473701835925,5.973725585161237,-0.651784647454116,4,dominated_by_one_discovery_event;long_relative_to_circular_transit;low_nominal_training_snr;not_recovered_in_final_holdout;inconsistent_holdout_depth_signs,
150387899,3,8.163365736350057,1715.3666314219577,0.05095999999999999,0.002900171262725158,0.8644557053414913,0.793711980810844,5.446804408162797,0.4397623625409329,6,low_nominal_training_snr;not_recovered_in_final_holdout;inconsistent_holdout_depth_signs,
150387899,4,5.592062124072431,1715.3998464219576,0.057329999999999985,0.0025401573684399412,0.8090236808704427,1.3143951812588939,5.552177509392892,-0.2051969378556343,7,low_nominal_training_snr;not_recovered_in_final_holdout;inconsistent_holdout_depth_signs,
15231995,1,10.215775053747347,2020.23513445554,0.238875,0.004017089433991691,0.9343360517628504,0.4995576935658043,7.282551089128034,-0.12483273061379944,3,long_relative_to_circular_transit;not_recovered_in_final_holdout;inconsistent_holdout_depth_signs,
15231995,2,5.2411429097653714,2014.68049445554,0.08599499999999999,0.00440746861242458,0.9786828327496423,1.2163150432008745,6.585270764122389,-0.44893443001395095,4,long_relative_to_circular_transit;low_nominal_training_snr;not_recovered_in_final_holdout;inconsistent_holdout_depth_signs,
15231995,3,4.944066229699329,2013.4765644555398,0.11245500000000001,0.0041039938768820585,0.9443885399679391,1.3147253611504843,6.862275752181432,-0.49659742373728055,5,long_relative_to_circular_transit;low_nominal_training_snr;not_recovered_in_final_holdout,
15231995,4,4.020658543572063,2013.43629695554,0.12739999999999999,0.0032642257456643427,0.8422430756226126,1.7320130411957244,6.599709253436484,1.3112865340537447,5,outside_nominal_optimistic_hz;long_relative_to_circular_transit;low_nominal_training_snr;not_recovered_in_final_holdout,
152475404,1,11.312850213514762,1418.2636124159637,0.238875,0.0012512022358771972,0.7879660591439379,0.9372254502672853,15.051332556173916,5.790583646694238,1,long_relative_to_circular_transit;insufficient_holdout_events,
152475404,2,12.482448974194932,1413.5099999159636,0.22931999999999997,0.0015388211272916062,0.8738518809022027,0.8220036071503868,14.166434849420538,-6.924543759975881,2,long_relative_to_circular_transit;not_recovered_in_final_holdout;inconsistent_holdout_depth_signs,
152475404,3,17.678520396395808,1418.5837049159636,0.17198999999999998,0.0018353650764928872,0.9543440870069132,0.5168274483251424,12.688786736855862,-4.0631626814399615,2,fewer_than_three_discovery_events;dominated_by_one_discovery_event;long_relative_to_circular_transit;not_recovered_in_final_holdout;inconsistent_holdout_depth_signs,
152475404,4,8.25134244112181,1414.3904249159636,0.17198999999999998,0.0010144093987693144,0.7094967123861895,1.4274929570840746,10.461490509823511,3.6980343072984807,2,long_relative_to_circular_transit;not_recovered_in_final_holdout;inconsistent_holdout_depth_signs,
152851749,1,17.59847150073923,1582.609139173697,0.057329999999999985,0.04620105634412309,2.8165715391439203,0.19182112262666268,43.14130890909374,-0.1443465492618332,4,fewer_than_three_discovery_events;dominated_by_one_discovery_event;outside_initial_small_planet_radius_range;outside_nominal_optimistic_hz;not_recovered_in_final_holdout;inconsistent_holdout_depth_signs,
152851749,2,13.850262246220359,1573.0386691736971,0.29575,0.001709503038668192,0.541788487400625,0.2639889195373447,7.3380987510286095,-0.17549202865825794,3,long_relative_to_circular_transit;not_recovered_in_final_holdout,
152851749,3,13.525787591460455,1577.710626673697,0.11245500000000001,0.0022008548476403515,0.6147386713211391,0.2724663935305818,6.1639173872277695,0.5498494374856718,3,long_relative_to_circular_transit;low_nominal_training_snr;not_recovered_in_final_holdout,
152851749,4,10.269286620451272,1572.595044173697,0.12739999999999999,0.0022348712783022678,0.6194711580850895,0.393377328636483,7.033040844819301,0.7097954117279615,6,long_relative_to_circular_transit;not_recovered_in_final_holdout,
154070383,1,14.109851535666438,1695.910287145314,0.238875,0.0010285347243967288,0.48328370639555585,0.34489164915516446,6.238856583646613,-1.3599924542246793,6,dominated_by_one_discovery_event;outside_initial_small_planet_radius_range;long_relative_to_circular_transit;low_nominal_training_snr;not_recovered_in_final_holdout;inconsistent_holdout_depth_signs,
154070383,2,12.991313045539536,1684.6205996453139,0.29575,0.0011439006411246555,0.5096673651368349,0.3850423866246553,6.723394844866225,0.13436301572410436,8,long_relative_to_circular_transit;low_nominal_training_snr;not_recovered_in_final_holdout;inconsistent_holdout_depth_signs,
154070383,3,5.90704781802401,1687.813334645314,0.17198999999999998,0.000595491627585773,0.3677312212649963,1.1012483965429927,5.37515651235962,-0.02182909425450401,15,outside_initial_small_planet_radius_range;long_relative_to_circular_transit;low_nominal_training_snr;not_recovered_in_final_holdout;inconsistent_holdout_depth_signs,
154070383,4,7.9235146815940825,1685.713474645314,0.18374999999999997,0.0006471389322423828,0.3833464432629968,0.7444269978495037,4.980890479757019,1.269393076894911,11,outside_initial_small_planet_radius_range;long_relative_to_circular_transit;low_nominal_training_snr;not_recovered_in_final_holdout,
15420746,1,6.764766305169619,1714.638653925283,0.29575,0.016893728702185237,1.7173614732597668,0.651636039010777,16.764282127562968,1.0726612431818354,1,dominated_by_one_discovery_event;odd_even_discrepancy;long_relative_to_circular_transit;insufficient_holdout_events,
15420746,2,7.639250457261979,1717.323153925283,0.29575,0.014327704803618304,1.5815658198882852,0.5541251061144081,12.209219799808455,2.0090282661170047,1,dominated_by_one_discovery_event;odd_even_discrepancy;long_relative_to_circular_transit;insufficient_holdout_events,
15420746,3,3.5450413462729182,1712.591153925283,0.29575,0.007699533884698424,1.1593943386801975,1.5423410568247642,12.069313411394724,3.4193012679117465,2,outside_nominal_optimistic_hz;long_relative_to_circular_transit;not_recovered_in_final_holdout,
15420746,4,6.017728043356216,1711.635653925283,0.29575,0.011565810094251568,1.4209767976491987,0.7616674856662808,10.395983428436836,-1.6538649217172228,1,long_relative_to_circular_transit;insufficient_holdout_events,
154567574,1,24.73165467925371,1684.141686717681,0.08599499999999999,0.0019437729557221447,0.6980786530761192,0.21489804696051296,5.270112645220747,-1.0323116782848845,4,fewer_than_three_discovery_events;low_nominal_training_snr;not_recovered_in_final_holdout;inconsistent_holdout_depth_signs,
154567574,2,17.00310253155246,1689.966369217681,0.29575,0.0010455039634882633,0.5119699039151415,0.3541596954786504,5.660865523396858,1.7459322159139956,8,long_relative_to_circular_transit;low_nominal_training_snr;not_recovered_in_final_holdout;inconsistent_holdout_depth_signs,
154998483,1,20.881715914852073,1884.080040329131,0.17198999999999998,0.004561625226517536,0.9587750874474456,0.17031058661148193,12.85231042611456,0.0,0,outside_nominal_optimistic_hz;long_relative_to_circular_transit;insufficient_holdout_events,
154998483,2,4.618244252508119,1874.8458153291308,0.29575,0.0014331726319645282,0.5374105565565642,1.2733878187256356,10.506949425122528,0.6606741141106991,2,long_relative_to_circular_transit;not_recovered_in_final_holdout;inconsistent_holdout_depth_signs,
154998483,3,17.233557139995064,1887.2546207168189,0.29575,0.0029685051495566333,0.7734386013956561,0.22000369977391604,9.971388459270917,-5.436904489733135,1,long_relative_to_circular_transit;insufficient_holdout_events,
154998483,4,17.078778698116068,1878.746120716819,0.29575,0.0024636202401372067,0.7046019192071643,0.2226661196411287,9.78876395742354,3.0915529227189027,1,long_relative_to_circular_transit;insufficient_holdout_events,
155441032,1,8.702790824184325,1492.310866213378,0.29575,0.0014374860740211737,0.6375821232071572,0.9964563564019533,6.108088432368826,-1.507023802041567,2,long_relative_to_circular_transit;low_nominal_training_snr;not_recovered_in_final_holdout;inconsistent_holdout_depth_signs,
155441032,2,15.8252052094936,1492.761771213378,0.057329999999999985,0.0034074300053668237,0.9816299044775092,0.4489560982001023,5.375046083132273,-1.4510500091147305,2,low_nominal_training_snr;not_recovered_in_final_holdout;inconsistent_holdout_depth_signs,
155441032,3,20.180338885283085,1502.798616213378,0.29575,0.0030501410882328786,0.9287402615609852,0.32466220613351937,7.722684087875494,0.0,0,fewer_than_three_discovery_events;long_relative_to_circular_transit;insufficient_holdout_events,
155441032,4,8.307959973689591,1493.143341213378,0.05354999999999999,0.0037642410864452748,1.0317465466890785,1.0600926288761012,4.556489272521927,0.3921067013490176,2,low_nominal_training_snr;not_recovered_in_final_holdout;inconsistent_holdout_depth_signs,
155894324,1,19.852060650023077,1696.097093156932,0.29575,0.0029259896450770846,0.886015336222632,0.31742672022363994,8.962585236809165,-2.879601191802241,4,dominated_by_one_discovery_event;long_relative_to_circular_transit;not_recovered_in_final_holdout;inconsistent_holdout_depth_signs,
155894324,2,19.413160180256046,1694.561468156932,0.29575,0.0022008141199712284,0.7684162291331678,0.3270312760802313,6.187101456975624,-0.927622526095676,3,dominated_by_one_discovery_event;long_relative_to_circular_transit;low_nominal_training_snr;not_recovered_in_final_holdout;inconsistent_holdout_depth_signs,
155894324,3,6.3577280531988904,1684.830155656932,0.238875,0.0014543115879388743,0.6246454474839911,1.448710728943424,6.350549740604915,-0.3103423607462916,15,long_relative_to_circular_transit;low_nominal_training_snr;not_recovered_in_final_holdout;inconsistent_holdout_depth_signs,
155894324,4,12.819460655490943,1684.036968156932,0.24499999999999997,0.0019394065811096537,0.7213387772299868,0.5687105278554049,6.233766090647521,-0.37529698689239394,7,long_relative_to_circular_transit;low_nominal_training_snr;not_recovered_in_final_holdout;inconsistent_holdout_depth_signs,
156152778,1,14.466627366761607,1695.470241565756,0.29575,0.003065198056252321,0.955212386555546,0.44932570909430836,10.142996208981284,0.02003068768019453,8,fewer_than_three_discovery_events;dominated_by_one_discovery_event;long_relative_to_circular_transit;not_recovered_in_final_holdout;inconsistent_holdout_depth_signs,
156152778,2,20.492447846693622,1688.144741565756,0.29575,0.0017885107591171408,0.7296531357943978,0.282439788130556,7.2191554244533,-0.519836285176177,6,dominated_by_one_discovery_event;odd_even_discrepancy;long_relative_to_circular_transit;not_recovered_in_final_holdout;inconsistent_holdout_depth_signs,
156152778,3,16.253931742537063,1690.075236565756,0.05354999999999999,0.0028254845687786237,0.9171009527106301,0.38468603395741,5.407277956466504,-1.271998416678104,7,fewer_than_three_discovery_events;dominated_by_one_discovery_event;low_nominal_training_snr;not_recovered_in_final_holdout;inconsistent_holdout_depth_signs,
156152778,4,10.195883207503746,1689.384616565756,0.29575,0.0011407734198825758,0.5827340180557994,0.716392766857827,5.733460195626201,1.5769983568506454,11,long_relative_to_circular_transit;low_nominal_training_snr;not_recovered_in_final_holdout,
156152779,1,14.112768040478125,1684.4933693431747,0.29575,0.0021023680214794093,0.7860815645517709,0.4607743075201761,8.25750387192306,-0.4222810528392719,7,long_relative_to_circular_transit;not_recovered_in_final_holdout;inconsistent_holdout_depth_signs,
156152779,2,15.09288116588449,1695.9448093431745,0.16562,0.0025289369743753815,0.862148830102496,0.42131635949640717,6.440579945359972,-2.8771664413735336,8,fewer_than_three_discovery_events;dominated_by_one_discovery_event;long_relative_to_circular_transit;low_nominal_training_snr;not_recovered_in_final_holdout;inconsistent_holdout_depth_signs,
156152779,3,6.259296386695066,1685.3646943431745,0.03822,0.0019732447735467777,0.7615592908135606,1.3622929351694073,4.954093787969873,-0.1665225491323722,15,low_nominal_training_snr;not_recovered_in_final_holdout;inconsistent_holdout_depth_signs,
156152779,4,6.096845272304903,1685.6511168431746,0.08599499999999999,0.0015349537940581907,0.6716776439190136,1.4109045317475173,5.285468135256792,-0.7905506976739878,16,long_relative_to_circular_transit;low_nominal_training_snr;not_recovered_in_final_holdout;inconsistent_holdout_depth_signs,
156171605,1,15.102516287433092,1696.2210857673922,0.29575,0.0029928567973298128,0.6869962978417693,0.210750117186354,7.054728163167105,-0.7242014028817154,12,long_relative_to_circular_transit;not_recovered_in_final_holdout;inconsistent_holdout_depth_signs,
156171605,2,17.08676206186812,1690.772005767392,0.11465999999999998,0.0032258625030814497,0.713237804214091,0.17876694266388604,5.660393026117839,0.09827833907662326,11,dominated_by_one_discovery_event;outside_nominal_optimistic_hz;long_relative_to_circular_transit;low_nominal_training_snr;not_recovered_in_final_holdout;inconsistent_holdout_depth_signs,
156171605,3,8.316684190153097,1691.514565767392,0.03822,0.004194645891618168,0.813315558090282,0.46691012819300115,5.474445304153854,0.8292612527460003,17,low_nominal_training_snr;not_recovered_in_final_holdout;inconsistent_holdout_depth_signs,
156171605,4,11.136609040931134,1692.3526757673922,0.22931999999999997,0.0020154834321735146,0.5637688088462727,0.31634643421460784,5.49845531026984,-0.696717940602713,12,dominated_by_one_discovery_event;long_relative_to_circular_transit;low_nominal_training_snr;not_recovered_in_final_holdout;inconsistent_holdout_depth_signs,
156491690,1,15.20136200281098,1718.2155546613542,0.29575,0.0012495349304305976,0.6484807222609235,0.5586234844142967,16.143237282918243,0.9184616824324847,8,odd_even_discrepancy;long_relative_to_circular_transit;not_recovered_in_final_holdout,
156491690,2,36.14776683692029,1721.3664296613542,0.29575,0.0014334323097277147,0.6945627118187794,0.17600319897270408,15.011730036545133,0.2590129838395581,3,dominated_by_one_discovery_event;outside_nominal_optimistic_hz;long_relative_to_circular_transit;not_recovered_in_final_holdout,
156491690,3,29.051923925124925,1735.198429661354,0.29575,0.0009314396906465077,0.5598868141724397,0.2355389095938482,12.462890184120944,12.903811200446512,5,long_relative_to_circular_transit,
156491690,4,33.45794636965574,1720.6498046613542,0.29575,0.0009265914256107546,0.5584277711336672,0.19511776692990684,12.169834561785404,1.1841986371615532,3,dominated_by_one_discovery_event;outside_nominal_optimistic_hz;long_relative_to_circular_transit;not_recovered_in_final_holdout,
157246219,1,15.34862374317359,1476.8310197236679,0.16562,0.0013374840154823197,0.7268240276270075,0.6111368417323416,6.834305413829498,0.7662645874329167,6,long_relative_to_circular_transit;low_nominal_training_snr;not_recovered_in_final_holdout,
157246219,2,7.415621353529333,1471.3531872236679,0.11245500000000001,0.0010686281939567728,0.6496781934002989,1.6120097227812542,6.291931785718835,-2.160111706186635,12,outside_nominal_optimistic_hz;long_relative_to_circular_transit;low_nominal_training_snr;not_recovered_in_final_holdout;inconsistent_holdout_depth_signs,
157246219,3,11.907556025602435,1469.447734723668,0.017499999999999998,0.0035119121463806345,1.177759991637363,0.8573027311482394,5.882723199884476,-1.306537427598269,5,low_nominal_training_snr;not_recovered_in_final_holdout;inconsistent_holdout_depth_signs,
157246219,4,9.515761610678226,1474.4989347236678,0.0441,0.0019217757894171143,0.8712370476544448,1.1560403176618301,5.698101736937627,0.9262918950570463,10,low_nominal_training_snr;not_recovered_in_final_holdout,
157631248,1,13.671384376942214,1476.966722030926,0.29575,0.00810138892767135,1.3760092851668237,0.31970793069148895,8.648589066944622,0.9608269037261082,2,fewer_than_three_discovery_events;dominated_by_one_discovery_event;long_relative_to_circular_transit;not_recovered_in_final_holdout,
157631248,2,5.457594098687579,1473.656597030926,0.29575,0.0020857749323067044,0.6981927667972168,1.0876815406491112,7.345001177791411,3.070607216075476,8,long_relative_to_circular_transit;not_recovered_in_final_holdout,
157631248,3,10.858654821963016,1475.699410247627,0.124215,0.0037831329509310286,0.940302142039375,0.4346456767051865,6.146189727032228,-1.9259020687476567,4,dominated_by_one_discovery_event;long_relative_to_circular_transit;low_nominal_training_snr;not_recovered_in_final_holdout;inconsistent_holdout_depth_signs,
157631248,4,3.981379864577919,1470.583617747627,0.05095999999999999,0.0030839121551064505,0.8489705452574382,1.656247543114521,4.763067971601235,-0.41086353638884116,11,outside_nominal_optimistic_hz;low_nominal_training_snr;not_recovered_in_final_holdout;inconsistent_holdout_depth_signs,
157853745,1,21.62331626912813,1697.5926638436142,0.29575,0.0012476172295724027,0.7289807728805078,0.4160786731861053,14.798587274452828,-7.588616245406969,1,fewer_than_three_discovery_events;dominated_by_one_discovery_event;odd_even_discrepancy;long_relative_to_circular_transit;insufficient_holdout_events,
157853745,2,19.741683293278253,1698.036288843614,0.29575,0.0007801961262252228,0.5764707640477359,0.4697782970616309,10.651956503246254,0.11354664312248584,2,dominated_by_one_discovery_event;long_relative_to_circular_transit;not_recovered_in_final_holdout;inconsistent_holdout_depth_signs,
157853745,3,23.190336549481973,1695.010538843614,0.29575,0.000895522029809144,0.6176088760740366,0.379020285729189,10.542361240357094,-1.051242388608026,1,fewer_than_three_discovery_events;long_relative_to_circular_transit;insufficient_holdout_events,
157853745,4,11.734311109703263,1695.112913843614,0.29575,0.0006145069251341038,0.5116097149380585,0.9400011652705842,9.667376182413504,-0.8370071345907892,2,dominated_by_one_discovery_event;long_relative_to_circular_transit;not_recovered_in_final_holdout;inconsistent_holdout_depth_signs,
158032985,1,5.148762045344039,1738.9227163794797,0.238875,0.0013186573538416548,0.4956665154530642,0.9997563939086966,6.178221665825474,1.2659497269363449,4,outside_initial_small_planet_radius_range;long_relative_to_circular_transit;low_nominal_training_snr;not_recovered_in_final_holdout;inconsistent_holdout_depth_signs,
158032985,2,8.972948772744916,1739.8998617148882,0.238875,0.0016455233299258536,0.5537014015099386,0.47670645629830577,5.7162592738357265,0.2534154290148875,2,long_relative_to_circular_transit;low_nominal_training_snr;not_recovered_in_final_holdout,
158035258,1,7.1851450701461665,1744.0699519257116,0.29575,0.003906784220286222,1.0169733414296966,1.089560770357744,15.599223860390511,1.2900444891365264,4,long_relative_to_circular_transit;not_recovered_in_final_holdout,
158035258,2,7.072054100494569,1740.8394519257117,0.29575,0.0038223402602289096,1.0059225144501223,1.1128537162720773,14.084515214215152,-1.3400656271856322,4,long_relative_to_circular_transit;not_recovered_in_final_holdout;inconsistent_holdout_depth_signs,
158035258,3,7.1822550588179865,1744.8718894257117,0.238875,0.003507302079469353,0.9635770386873865,1.0901453693167888,11.522443143332119,-1.5808274909546154,4,odd_even_discrepancy;long_relative_to_circular_transit;not_recovered_in_final_holdout;inconsistent_holdout_depth_signs,
158035258,4,7.22377724430729,1745.7648269257118,0.29575,0.002732942486123566,0.8505798736903557,1.0817985267175374,11.181348960919204,-0.808500171571677,3,odd_even_discrepancy;long_relative_to_circular_transit;not_recovered_in_final_holdout;inconsistent_holdout_depth_signs,
158319116,1,19.854156205165907,1697.6663073138845,0.238875,0.0011284327603574135,0.6969554711981633,0.4099932470085815,6.701963588913407,2.739102435219904,3,dominated_by_one_discovery_event;long_relative_to_circular_transit;low_nominal_training_snr;not_recovered_in_final_holdout,
158319116,2,22.059717024082264,1690.4998298138846,0.22931999999999997,0.0010799613249619017,0.6818224395191395,0.3562695456438953,6.4455410185212685,0.611481891758066,3,dominated_by_one_discovery_event;long_relative_to_circular_transit;low_nominal_training_snr;not_recovered_in_final_holdout,
158319116,3,8.342374928721311,1684.6153148138847,0.17198999999999998,0.0007046510384586889,0.5507496589225086,1.302743786170291,5.564788796323826,-0.9123288775267611,8,long_relative_to_circular_transit;low_nominal_training_snr;not_recovered_in_final_holdout;inconsistent_holdout_depth_signs,
158319116,4,7.383236834165071,1690.6024323138847,0.238875,0.0007204339178366726,0.5568833896929664,1.5331437723833836,6.222017721431136,-0.7605394453534504,9,outside_nominal_optimistic_hz;long_relative_to_circular_transit;low_nominal_training_snr;not_recovered_in_final_holdout;inconsistent_holdout_depth_signs,
158534472,1,18.31493425735982,1711.590874349272,0.238875,0.0013932050844379779,0.5502434501678037,0.259521643460299,5.928260735570027,-2.350445569745567,2,fewer_than_three_discovery_events;dominated_by_one_discovery_event;long_relative_to_circular_transit;low_nominal_training_snr;not_recovered_in_final_holdout;inconsistent_holdout_depth_signs,
158534472,2,16.714375116886853,1713.1971251902348,0.238875,0.0016029329756553285,0.5902079266953673,0.2931751854860132,4.8112611426477,-1.6724722145438733,2,fewer_than_three_discovery_events;dominated_by_one_discovery_event;long_relative_to_circular_transit;low_nominal_training_snr;not_recovered_in_final_holdout;inconsistent_holdout_depth_signs,
158534472,3,13.457428833240934,1725.3171876902347,0.29575,0.0014464494247006976,0.5606592384800586,0.3914094250106447,6.659379273786971,-4.263638132999009,3,long_relative_to_circular_transit;low_nominal_training_snr;not_recovered_in_final_holdout;inconsistent_holdout_depth_signs,
158534472,4,5.796695032137909,1713.3194016802297,0.0357,0.0016056508452420143,0.5907080813519993,1.2032063952310783,3.744182979119857,-0.2564560194158915,9,low_nominal_training_snr;not_recovered_in_final_holdout;inconsistent_holdout_depth_signs,
158710279,1,12.057064673638058,2018.47307506239,0.124215,0.007706042495271149,1.294085753366111,0.3829913437128716,6.610774498230554,-2.00107724211985,2,long_relative_to_circular_transit;low_nominal_training_snr;not_recovered_in_final_holdout;inconsistent_holdout_depth_signs,
158710279,2,3.907885677392874,2011.75431756239,0.22931999999999997,0.003612607377881448,0.8860489974729808,1.7202382966491427,6.95926455678735,-2.9346649843513437,5,outside_nominal_optimistic_hz;long_relative_to_circular_transit;low_nominal_training_snr;not_recovered_in_final_holdout;inconsistent_holdout_depth_signs,
158710279,3,4.55299723780427,2011.93859256239,0.12284999999999999,0.004886834417197828,1.0305312553860462,1.403183803352076,6.124331119330669,-0.04457294799792769,5,long_relative_to_circular_transit;low_nominal_training_snr;not_recovered_in_final_holdout;inconsistent_holdout_depth_signs,
158710279,4,10.26904878574008,2011.32252256239,0.29575,0.004447049755201915,0.9830675268547405,0.4743921086468795,6.311313195592695,0.3621046520779852,2,long_relative_to_circular_transit;low_nominal_training_snr;not_recovered_in_final_holdout;inconsistent_holdout_depth_signs,
159584661,1,12.697394085779374,1711.5903398625553,0.238875,0.0022271069576402943,0.7317664085555295,0.4849491011738994,6.549466474623746,1.0586143401729928,5,fewer_than_three_discovery_events;long_relative_to_circular_transit;low_nominal_training_snr;not_recovered_in_final_holdout,
159584661,2,8.191847590585699,1717.0356589771222,0.29575,0.0010827760436807657,0.5102361810843841,0.869907627916865,5.956886458734723,-0.09693911038000877,9,long_relative_to_circular_transit;low_nominal_training_snr;not_recovered_in_final_holdout;inconsistent_holdout_depth_signs,
159584661,3,14.578334848916315,1720.6451739771223,0.17198999999999998,0.001674363916707404,0.6344930366866229,0.4033713626053208,4.882280942962126,-1.3103549197780773,2,fewer_than_three_discovery_events;dominated_by_one_discovery_event;long_relative_to_circular_transit;low_nominal_training_snr;not_recovered_in_final_holdout;inconsistent_holdout_depth_signs,
159584661,4,7.589684029220083,1714.2483289771224,0.03822,0.0022585893153729904,0.7369203790247183,0.9631280455908124,4.794317170227118,-0.6315037742665076,7,low_nominal_training_snr;not_recovered_in_final_holdout;inconsistent_holdout_depth_signs,
160227297,1,12.67440597224286,1696.129491244349,0.29988000000000004,0.0017410007481833596,0.6834461882727347,0.6191111026712448,8.87758999753793,-3.9503703449441794,8,long_relative_to_circular_transit;not_recovered_in_final_holdout;inconsistent_holdout_depth_signs,
160227297,2,10.145065720945817,1691.6465602007065,0.03919999999999999,0.00217841176186426,0.7644953240281294,0.8330394931207765,4.862666396362362,0.8359378318848526,9,low_nominal_training_snr;not_recovered_in_final_holdout,
160227297,3,26.207549670391227,1697.3025602007067,0.29575,0.00406332187715782,1.044108088199967,0.23501929586112164,7.035116929991068,0.7558441218427738,4,fewer_than_three_discovery_events;dominated_by_one_discovery_event;long_relative_to_circular_transit;not_recovered_in_final_holdout;inconsistent_holdout_depth_signs,
160227297,4,25.77908272112063,1694.9813777007066,0.088725,0.002263852696042792,0.7793435209143587,0.24024192404982272,5.144241651484635,2.2295191692603207,3,low_nominal_training_snr;not_recovered_in_final_holdout,
160264738,1,13.42292703849251,1477.1048194217317,0.29575,0.00801224187894822,1.2804478911953445,0.2765734264688578,14.389152216889222,-0.901516660445913,4,dominated_by_one_discovery_event;odd_even_discrepancy;long_relative_to_circular_transit;not_recovered_in_final_holdout;inconsistent_holdout_depth_signs,
160264738,2,15.135852914028984,1470.6893194217316,0.29575,0.0023794284011504586,0.6977843165020992,0.2356482531127518,6.215230934877442,1.1861368714784866,4,long_relative_to_circular_transit;low_nominal_training_snr;not_recovered_in_final_holdout,
160264738,3,12.39120990487766,1468.5451319217316,0.238875,0.0023748020895581323,0.6971056370499352,0.3076959673124121,5.086647880156592,-1.60304418495925,2,dominated_by_one_discovery_event;long_relative_to_circular_transit;low_nominal_training_snr;not_recovered_in_final_holdout;inconsistent_holdout_depth_signs,
160264738,4,5.748925812714966,1469.5130087659463,0.057329999999999985,0.0033665951428306492,0.8300042758159614,0.8566915512040421,5.340225926153473,-0.8484898274195671,6,long_relative_to_circular_transit;low_nominal_training_snr;not_recovered_in_final_holdout;inconsistent_holdout_depth_signs,
161028382,1,16.045814127802824,1751.8680240695633,0.170625,0.006630439358414517,1.271512924296636,0.42708760023998954,7.289694299755322,0.0,0,fewer_than_three_discovery_events;dominated_by_one_discovery_event;long_relative_to_circular_transit;insufficient_holdout_events,
161174284,1,6.004584349965771,1327.1815882947517,0.29575,0.0031062174716948274,0.8216054006578384,1.0118862413617769,35.86384314004296,7.860307767706177,4,long_relative_to_circular_transit,
161174284,2,6.0072559454555305,1326.9995882947517,0.29575,0.0036474947122743986,0.890317052755952,1.0112862668537692,35.345835366205044,-0.47822713010163026,4,odd_even_discrepancy;long_relative_to_circular_transit;not_recovered_in_final_holdout;inconsistent_holdout_depth_signs,
161174284,3,5.930749759866034,1329.2063382947517,0.29575,0.002998660702827941,0.807255514452837,1.0287175703375981,35.850609922256616,3.060729571315098,3,odd_even_discrepancy;long_relative_to_circular_transit;not_recovered_in_final_holdout;inconsistent_holdout_depth_signs,
161174284,4,6.086140638858182,1329.6272132947518,0.29575,0.003199355300749439,0.8338320665007779,0.9938472622722196,36.91661248360116,9.881311052138274,3,odd_even_discrepancy;long_relative_to_circular_transit,
161174286,1,6.004578825120346,1327.1815879647688,0.29575,0.0025928652167926847,0.7562100886061498,1.0848781683556301,34.72431255910447,8.493479522449773,8,odd_even_discrepancy;long_relative_to_circular_transit,
161174286,2,6.007325658937898,1326.9540879647689,0.29575,0.003116179837048157,0.8290176038735498,1.0842168085229071,35.36399958189629,-15.756666188026786,8,odd_even_discrepancy;long_relative_to_circular_transit;not_recovered_in_final_holdout;inconsistent_holdout_depth_signs,
161174286,3,5.930755110323617,1329.2063379647689,0.29575,0.0025342382060310254,0.7476119130345616,1.1029209373980287,35.273922621470085,13.364525809570413,7,long_relative_to_circular_transit,
161174286,4,6.086097857346254,1329.6499629647687,0.29575,0.002699461958275944,0.7715980154174737,1.0655466357485763,36.38585428045898,-1.9319029635996658,7,odd_even_discrepancy;long_relative_to_circular_transit;not_recovered_in_final_holdout;inconsistent_holdout_depth_signs,
161614517,1,14.6821603270676,1422.1133277216359,0.29575,0.006790454080198328,1.3317561514922964,0.3449832007857695,9.981590087628568,-1.9472038030853107,1,fewer_than_three_discovery_events;dominated_by_one_discovery_event;long_relative_to_circular_transit;insufficient_holdout_events,
161614517,2,20.021102061677983,1418.3482027216357,0.29575,0.0037348918452765733,0.9876755847782434,0.2281395553857947,8.639239667550406,1.1557860707309613,2,long_relative_to_circular_transit;not_recovered_in_final_holdout,
161614517,3,21.944270345253027,1424.7352652216357,0.238875,0.0034853950017231074,0.9541162776900304,0.20187833005918693,6.881161385391612,1.2838446364200422,1,odd_even_discrepancy;outside_nominal_optimistic_hz;long_relative_to_circular_transit;low_nominal_training_snr;insufficient_holdout_events,
161614517,4,8.200239951021478,1413.1667152216357,0.08032500000000001,0.0033026830435640775,0.9287712245826643,0.7500366452927046,6.264468297817361,-0.284561113899396,3,long_relative_to_circular_transit;low_nominal_training_snr;not_recovered_in_final_holdout,
162239797,1,12.008515701908914,1713.369612636991,0.238875,0.0025584622925532777,0.8505969456324636,0.5913263110869972,8.066872236307313,-1.1077242555981102,1,dominated_by_one_discovery_event;long_relative_to_circular_transit;insufficient_holdout_events,
162239797,2,17.103785492892385,1717.7262376369908,0.238875,0.002891393815140356,0.9042487820090349,0.3689974136564238,6.96635638523308,-0.8853846421944552,1,fewer_than_three_discovery_events;dominated_by_one_discovery_event;long_relative_to_circular_transit;low_nominal_training_snr;insufficient_holdout_events,
162239797,3,10.074905623738474,1714.207040136991,0.17198999999999998,0.001754072168879888,0.7043005661924039,0.74729428612449,5.238300422790735,-1.2918616742249769,1,long_relative_to_circular_transit;low_nominal_training_snr;insufficient_holdout_events,
162239797,4,8.079210375017139,1712.590425136991,0.29575,0.001246001843397741,0.5935996702586444,1.0030465485899316,5.42159832468288,0.9341537234364992,1,long_relative_to_circular_transit;low_nominal_training_snr;insufficient_holdout_events,
1630433,1,10.43393635003747,1577.0547335353338,0.0882,0.003679507994770631,0.8809679404710404,0.44952829369002617,7.166133255353946,0.909506131342234,7,long_relative_to_circular_transit;not_recovered_in_final_holdout;inconsistent_holdout_depth_signs,
1630433,2,10.553242816213073,1575.2876535353337,0.049980000000000004,0.004474528083312167,0.971491148123413,0.44276508667092396,6.600541458886795,-0.7856379676213612,6,low_nominal_training_snr;not_recovered_in_final_holdout;inconsistent_holdout_depth_signs,
1630433,3,6.751116075045826,1576.1673085353339,0.02275,0.004776857937033013,1.003775038359356,0.8032557488522672,5.532749601909539,-0.9209704500138784,11,low_nominal_training_snr;not_recovered_in_final_holdout;inconsistent_holdout_depth_signs,
1630433,4,12.056931612554557,1571.7821002020005,0.024499999999999997,0.007208582331972913,1.2330768953020261,0.37071390752275485,5.926651159429261,0.2740481914705764,5,fewer_than_three_discovery_events;dominated_by_one_discovery_event;low_nominal_training_snr;not_recovered_in_final_holdout,
164829562,1,27.86093966523936,1710.0252964292038,0.29575,0.003306343004582,1.0611438107098514,0.22096077405914627,11.690553403180017,-0.18468469265192364,3,fewer_than_three_discovery_events;dominated_by_one_discovery_event;long_relative_to_circular_transit;not_recovered_in_final_holdout;inconsistent_holdout_depth_signs,
164829562,2,22.59371332979208,1697.6151714292037,0.29575,0.001603128917947788,0.7388980432656271,0.2921859824073713,8.440780740013292,-0.3098498380580746,4,dominated_by_one_discovery_event;long_relative_to_circular_transit;not_recovered_in_final_holdout;inconsistent_holdout_depth_signs,
164829562,3,12.978920216156666,1685.5462964292037,0.29575,0.000960458713855002,0.5719257401873374,0.6118685231407333,7.419384597587621,1.5997086207118552,4,long_relative_to_circular_transit;not_recovered_in_final_holdout,
164829562,4,20.273188055823418,1691.3589214292037,0.29575,0.0013115326324044975,0.6683282866109784,0.3376085710321939,7.207450592037627,0.6881334972841476,4,long_relative_to_circular_transit;not_recovered_in_final_holdout;inconsistent_holdout_depth_signs,
165122755,1,8.37949731643361,1325.8761366975893,0.057329999999999985,0.006897136539948503,1.1154577134973926,0.6256444648851475,6.899454458419447,-1.6017362549847287,3,low_nominal_training_snr;not_recovered_in_final_holdout;inconsistent_holdout_depth_signs,
165122755,2,9.228131583221893,1327.8986116975893,0.21658000000000002,0.00360462730230791,0.8063969623083859,0.5501315136070831,6.442231168511088,1.616689297555228,3,long_relative_to_circular_transit;low_nominal_training_snr;not_recovered_in_final_holdout,
165122755,3,4.141838804889736,1326.1798491975894,0.088725,0.00374338566871028,0.8217713307168835,1.6008868529146079,5.687348607099657,-0.783238789522911,6,outside_nominal_optimistic_hz;long_relative_to_circular_transit;low_nominal_training_snr;not_recovered_in_final_holdout;inconsistent_holdout_depth_signs,
165122755,4,3.742337772115703,1326.6952416975894,0.029399999999999996,0.005359577338164141,0.9832953157665035,1.8327121157871964,4.893070804262869,1.3522601673144465,5,outside_nominal_optimistic_hz;low_nominal_training_snr;not_recovered_in_final_holdout,
165162636,1,4.041818468335185,1413.3335745072475,0.29575,0.0011155003634865574,0.4741238454378083,1.6215761356042346,8.177272342636037,-3.4093019056376006,16,outside_initial_small_planet_radius_range;outside_nominal_optimistic_hz;long_relative_to_circular_transit;not_recovered_in_final_holdout;inconsistent_holdout_depth_signs,
165162636,2,21.03507087472799,1424.7711370072475,0.238875,0.0029037682117254967,0.7649585680373093,0.17979644899258604,7.709388930006627,-1.8665804234138426,2,outside_nominal_optimistic_hz;long_relative_to_circular_transit;not_recovered_in_final_holdout;inconsistent_holdout_depth_signs,
165162636,3,8.786554795055155,1418.7480745072473,0.29575,0.0015126376280808092,0.5521084446992431,0.5758131613438624,6.655014568840606,-1.613199893213809,6,dominated_by_one_discovery_event;long_relative_to_circular_transit;low_nominal_training_snr;not_recovered_in_final_holdout;inconsistent_holdout_depth_signs,
165162636,4,5.655105122588337,1412.9013245072474,0.29575,0.0015410855119498948,0.5572759602236259,1.0362204837623343,7.27041798952549,2.931490384447181,11,long_relative_to_circular_transit;not_recovered_in_final_holdout,
165715382,1,13.975881853122528,1748.7746855542523,0.170625,0.006184029781191504,1.2451376811047352,0.4042181367205176,6.049071697862886,2.697626514699673,4,long_relative_to_circular_transit;low_nominal_training_snr;not_recovered_in_final_holdout,
165830128,1,8.75284902713535,1606.108750968626,0.29575,0.002146171880909033,0.5868185409343474,0.5298977100458784,6.727849242279528,-1.5395507535094075,3,dominated_by_one_discovery_event;long_relative_to_circular_transit;low_nominal_training_snr;not_recovered_in_final_holdout;inconsistent_holdout_depth_signs,
165830128,2,4.278129720263674,1602.446000968626,0.29575,0.0011558473728884994,0.4306473926323594,1.3763198099551919,4.76005983328504,2.2384939224327347,4,outside_initial_small_planet_radius_range;long_relative_to_circular_transit;low_nominal_training_snr;not_recovered_in_final_holdout,
165830128,3,3.551923315495364,1603.827625968626,0.024499999999999997,0.003824558006333053,0.7833614633572401,1.7637614722005583,5.092743410366383,1.5972309230989754,6,outside_nominal_optimistic_hz;low_nominal_training_snr;not_recovered_in_final_holdout,
165945176,1,4.53884441939226,1932.6693329349093,0.29575,0.0034561095389276488,0.6483786575404558,0.8276463023573983,5.4020092915022735,2.0335493517489067,3,long_relative_to_circular_transit;low_nominal_training_snr;not_recovered_in_final_holdout,
165993932,1,11.435513939582446,1934.8378134760756,0.29575,0.0014278123880321957,0.5735403286626116,0.44903604063783426,7.081537222396852,0.0,0,fewer_than_three_discovery_events;dominated_by_one_discovery_event;long_relative_to_circular_transit;insufficient_holdout_events,
165993932,2,6.028853546005975,1931.5447509760756,0.238875,0.0007584904322935394,0.4180261414984789,1.0543281561445552,4.668854704168795,-1.1768990365330483,1,outside_initial_small_planet_radius_range;long_relative_to_circular_transit;low_nominal_training_snr;insufficient_holdout_events,
166006493,1,5.813127736060958,1931.6054370730815,0.29575,0.0018890826381342887,0.5647887370199268,0.8986882676280784,6.332211667298329,-0.07255672372416078,2,dominated_by_one_discovery_event;odd_even_discrepancy;long_relative_to_circular_transit;low_nominal_training_snr;not_recovered_in_final_holdout;inconsistent_holdout_depth_signs,
166006493,2,6.5420145943173,1935.4929424764764,0.124215,0.002577018578577336,0.6596587445971894,0.7677271193742021,4.855894535313253,0.5664896654534084,1,long_relative_to_circular_transit;low_nominal_training_snr;insufficient_holdout_events,
166073877,1,25.54190517357419,1685.6502991659477,0.238875,0.008863335121464363,1.4392631580521658,0.1744326867522082,11.129707412732747,-1.575148416378836,4,fewer_than_three_discovery_events;dominated_by_one_discovery_event;odd_even_discrepancy;outside_nominal_optimistic_hz;long_relative_to_circular_transit;not_recovered_in_final_holdout;inconsistent_holdout_depth_signs,
166073877,2,9.368917943872344,1688.5006116659476,0.0882,0.006325898797760033,1.2159136762880483,0.6643235895229441,9.143079327485772,-3.8082004869031536,9,long_relative_to_circular_transit;not_recovered_in_final_holdout;inconsistent_holdout_depth_signs,
166073877,3,12.260587387522923,1695.3729666659476,0.17198999999999998,0.004502510732437716,1.0258148973446208,0.464106037686516,7.7037639556106505,0.8922194658353632,7,odd_even_discrepancy;long_relative_to_circular_transit;not_recovered_in_final_holdout,
166073877,4,24.04422638773382,1697.4234241659476,0.170625,0.00872889995800265,1.4283063976310644,0.18906791863413266,7.415408016819572,2.6243121604974684,4,outside_nominal_optimistic_hz;long_relative_to_circular_transit;not_recovered_in_final_holdout,
166088525,1,5.673191115197144,1715.9245037376786,0.238875,0.002354198493584875,0.7947424037349005,1.1847036349336866,8.134906624990743,-2.373427821208079,4,long_relative_to_circular_transit;not_recovered_in_final_holdout;inconsistent_holdout_depth_signs,
166088525,2,14.371986140081397,1718.6372137376786,0.124215,0.004770941100121673,1.131375772183293,0.3430498392206785,7.549989293977172,0.0,0,dominated_by_one_discovery_event;odd_even_discrepancy;long_relative_to_circular_transit;insufficient_holdout_events,
166088525,3,13.848131290895763,1718.7070562376787,0.17198999999999998,0.0034720484902859916,0.9651564953439622,0.3604608008796896,6.889914475949453,-1.6347562223102385,2,dominated_by_one_discovery_event;long_relative_to_circular_transit;low_nominal_training_snr;not_recovered_in_final_holdout;inconsistent_holdout_depth_signs,
166088525,4,10.53676531328366,1720.3122962376785,0.22491000000000003,0.0027946776717293308,0.8659059211058553,0.5189233307587084,7.265187071938843,1.386218065828786,2,long_relative_to_circular_transit;not_recovered_in_final_holdout,
166174962,1,13.239731885749002,1711.6646310224542,0.29575,0.0016576490448840062,0.5201705294692792,0.2617633367195621,7.041365728593942,-0.9381222711902011,4,dominated_by_one_discovery_event;long_relative_to_circular_transit;not_recovered_in_final_holdout;inconsistent_holdout_depth_signs,
166174962,2,16.015469887616444,1724.5529650409424,0.08599499999999999,0.004098345908491663,0.8179066796292168,0.20309293925066044,6.738877719420603,-0.9064134375245063,6,fewer_than_three_discovery_events;long_relative_to_circular_transit;low_nominal_training_snr;not_recovered_in_final_holdout;inconsistent_holdout_depth_signs,
166174962,3,7.543339658494015,1715.8342550409423,0.238875,0.0010001517135168054,0.4040474695073907,0.5541953200665635,6.279742942773285,-0.9242002105813395,8,outside_initial_small_planet_radius_range;long_relative_to_circular_transit;low_nominal_training_snr;not_recovered_in_final_holdout;inconsistent_holdout_depth_signs,
166174962,4,6.572169628042838,1715.9500525409424,0.05095999999999999,0.001962164796311426,0.5659358285547919,0.6659925736552567,5.607902704387976,0.34597035389972675,8,low_nominal_training_snr;not_recovered_in_final_holdout;inconsistent_holdout_depth_signs,
166650364,1,10.359837453874778,1902.0009822971952,0.04094999999999999,0.004939021477322775,0.9132317593885576,0.3947405192682905,4.75575023214659,1.2230673467263538,1,low_nominal_training_snr;insufficient_holdout_events,
166832907,1,3.824858536369656,1414.570632241245,0.017499999999999998,0.008385955765914048,1.1399734132679167,1.3196561954962667,6.184240810080062,-0.5007819927526344,1,low_nominal_training_snr;insufficient_holdout_events,
166832907,2,3.3015883028774797,1411.945632241245,0.03822,0.004331762895789603,0.819314757778596,1.6056494975910875,5.336991843857641,0.19059825885981063,3,outside_nominal_optimistic_hz;low_nominal_training_snr;not_recovered_in_final_holdout,
167525513,1,20.74695878726123,1334.1736159725042,0.29575,0.002051327395853297,0.7121862259419152,0.21273923845445444,12.58129804883835,-1.5941098034460024,6,long_relative_to_circular_transit;not_recovered_in_final_holdout;inconsistent_holdout_depth_signs,
167525513,2,12.70840691710527,1327.7069284725042,0.238875,0.0014404532417469763,0.5967956686573553,0.4089454459451269,9.370313369441071,-2.1241921797273906,8,long_relative_to_circular_transit;not_recovered_in_final_holdout;inconsistent_holdout_depth_signs,
167525513,3,6.430278174726121,1326.211115972504,0.29575,0.0009113284612736425,0.47469378613505364,1.014255048156644,10.326758370630735,0.7414447300750759,19,odd_even_discrepancy;outside_initial_small_planet_radius_range;long_relative_to_circular_transit;not_recovered_in_final_holdout,
167525513,4,8.011735775948575,1330.7611159725043,0.29575,0.0009353067845817838,0.48089816753412357,0.7565158565681045,8.817614958529699,-1.486690536739419,17,outside_initial_small_planet_radius_range;long_relative_to_circular_transit;not_recovered_in_final_holdout;inconsistent_holdout_depth_signs,
167812509,1,13.578317746412658,1328.9068300749211,0.29575,0.004407572751401901,0.9569456304355276,0.3053097246780204,20.431619145660953,4.501353282267679,6,dominated_by_one_discovery_event;odd_even_discrepancy;long_relative_to_circular_transit;not_recovered_in_final_holdout,
167812509,2,18.012013655092804,1337.6801400749212,0.22931999999999997,0.0026381564237448456,0.7403512095160373,0.2094685874576674,12.636192700921915,2.0547982799750706,7,long_relative_to_circular_transit;not_recovered_in_final_holdout;inconsistent_holdout_depth_signs,
167812509,3,18.60355565630748,1330.681330074921,0.29575,0.002470062076269505,0.7163767013638856,0.20063528672404693,13.790203628933758,-5.244931206934918,5,outside_nominal_optimistic_hz;long_relative_to_circular_transit;not_recovered_in_final_holdout;inconsistent_holdout_depth_signs,
167812509,4,16.867947885408068,1329.8737050749212,0.29575,0.0021942347387886117,0.6751947584618438,0.22862247748108705,12.303281254835714,1.3173317120998842,7,long_relative_to_circular_transit;not_recovered_in_final_holdout;inconsistent_holdout_depth_signs,
168767379,1,17.33778255503684,1748.653936261032,0.29575,0.0013535928317576424,0.6990477769559024,0.4409397207134952,6.778560894734376,-0.4847888027339457,1,fewer_than_three_discovery_events;dominated_by_one_discovery_event;long_relative_to_circular_transit;low_nominal_training_snr;insufficient_holdout_events,
168767379,2,11.27111028246696,1742.659311261032,0.29575,0.0007211194702074594,0.510230536477471,0.7829758367850262,6.2462047593526595,1.5791862753855093,2,long_relative_to_circular_transit;low_nominal_training_snr;not_recovered_in_final_holdout,
168767379,3,15.956100624763705,1747.071218761032,0.124215,0.0010874767909792539,0.6265746707055289,0.49257035422023615,5.349167000531182,2.12595502631124,2,long_relative_to_circular_transit;low_nominal_training_snr;not_recovered_in_final_holdout,
168767379,4,7.481024202050127,1743.392998761032,0.238875,0.0007197768467030664,0.5097553262646851,1.3523503326361344,6.183313934599799,-1.8899471913380097,4,long_relative_to_circular_transit;low_nominal_training_snr;not_recovered_in_final_holdout;inconsistent_holdout_depth_signs,
169228466,1,9.932290472929848,1550.4816231579669,0.16065000000000002,0.010746528041416677,1.2565236137811693,0.3886486562987208,16.283291203006822,-2.2632591321679842,8,fewer_than_three_discovery_events;dominated_by_one_discovery_event;long_relative_to_circular_transit;not_recovered_in_final_holdout;inconsistent_holdout_depth_signs,
169228466,2,6.3865957762526016,1547.3377656579669,0.124215,0.004895035684126738,0.8480364075347724,0.7002672473275431,11.035171597098957,-1.5216578402826038,11,long_relative_to_circular_transit;not_recovered_in_final_holdout;inconsistent_holdout_depth_signs,
169747618,1,7.892053845888145,1356.394665899228,0.03822,0.0035443162366653987,0.7931213678644791,0.5475392600611294,5.630582597722769,1.4587540335475675,5,low_nominal_training_snr;not_recovered_in_final_holdout,
169747618,2,12.87956331028775,1354.414050899228,0.29575,0.0024443869325876558,0.6586556098632306,0.2849708689427427,6.608303908656558,1.9396630239158317,6,fewer_than_three_discovery_events;long_relative_to_circular_transit;low_nominal_training_snr;not_recovered_in_final_holdout,
170636897,1,24.91989381267559,1422.091927444735,0.29575,0.0019482293671191986,0.9639702394491286,0.3254683904372157,25.51323974878754,-3.1852699656893066,2,dominated_by_one_discovery_event;odd_even_discrepancy;long_relative_to_circular_transit;not_recovered_in_final_holdout;inconsistent_holdout_depth_signs,
170636897,2,19.210635805678745,1416.848052444735,0.29575,0.001364102724608057,0.806616537152516,0.46044887305822013,17.56597860404088,4.736313881652371,3,dominated_by_one_discovery_event;odd_even_discrepancy;long_relative_to_circular_transit;not_recovered_in_final_holdout,
170636897,3,9.672676213275512,1417.4509274447348,0.29575,0.0010596705427426828,0.7109335575392727,1.1494979444543867,17.154195442887396,-1.8344816729937365,4,odd_even_discrepancy;long_relative_to_circular_transit;not_recovered_in_final_holdout;inconsistent_holdout_depth_signs,
170636897,4,16.964024874041574,1416.8537399447348,0.238875,0.0009681677513215492,0.6795460458687955,0.5434987279007564,13.191769663188095,-13.79493388217768,3,long_relative_to_circular_transit;not_recovered_in_final_holdout;inconsistent_holdout_depth_signs,
171648455,1,11.924873580667438,1906.3644888205988,0.29575,0.0025655330171782008,0.6139392094594256,0.25603696886482824,6.300897408164149,-0.06253171658428655,1,long_relative_to_circular_transit;low_nominal_training_snr;insufficient_holdout_events,
171648455,2,11.067227606333383,1908.229078820599,0.057329999999999985,0.004517526557860065,0.8146797543115504,0.2828281284876107,5.149246619031466,-0.25896438781612946,1,low_nominal_training_snr;insufficient_holdout_events,
171648455,3,4.003308170379498,1904.415041320599,0.124215,0.0016642251129015166,0.4944730223037358,1.0973597450416277,4.949590038745457,-0.15357248264493717,3,outside_initial_small_planet_radius_range;long_relative_to_circular_transit;low_nominal_training_snr;not_recovered_in_final_holdout;inconsistent_holdout_depth_signs,
171648455,4,7.419929758807794,1903.3474729679951,0.03266666666666666,0.004781333697486897,0.8381294363845389,0.48199366468063903,5.0673640179631345,-0.3468647719690279,2,low_nominal_training_snr;not_recovered_in_final_holdout;inconsistent_holdout_depth_signs,
17470294,1,5.038640785999538,1959.365567066143,0.17198999999999998,0.006165957176766155,1.1404217218738513,1.2176369534412301,9.088833919536818,2.178639908974692,3,long_relative_to_circular_transit;not_recovered_in_final_holdout,
17470294,2,6.444807117315345,1962.516897066143,0.29575,0.005564540957491827,1.0833777211763387,0.8769788466711869,9.466708814943843,-0.9324579342215578,2,long_relative_to_circular_transit;not_recovered_in_final_holdout;inconsistent_holdout_depth_signs,
17470294,3,11.247872374698241,1961.322977066143,0.17198999999999998,0.008208814425500716,1.3158471604982662,0.41735777680455377,8.106693679524529,-2.6958502259499633,1,long_relative_to_circular_transit;insufficient_holdout_events,
17470294,4,6.692093855776687,1964.092334566143,0.238875,0.00633136117737877,1.155616603949443,0.8340389237661305,8.591085681373245,0.9819374266249217,4,long_relative_to_circular_transit;not_recovered_in_final_holdout,
175456846,1,13.95761899191114,1354.242274164372,0.29575,0.005732526737804435,1.174018597767608,0.33085797781824705,11.440344579262113,1.7060537962619617,6,dominated_by_one_discovery_event;long_relative_to_circular_transit;not_recovered_in_final_holdout;inconsistent_holdout_depth_signs,
175456846,2,13.610682667569273,1355.2546756011268,0.22931999999999997,0.006097984187752268,1.2108631960387382,0.3421502421053514,9.907948803484727,1.3027484035004222,6,fewer_than_three_discovery_events;dominated_by_one_discovery_event;long_relative_to_circular_transit;not_recovered_in_final_holdout,
175456846,3,12.69802673122481,1355.4291681011268,0.238875,0.004852834716024229,1.0801888300867615,0.3753257954621242,8.349759203215823,0.020585858649051634,6,odd_even_discrepancy;long_relative_to_circular_transit;not_recovered_in_final_holdout;inconsistent_holdout_depth_signs,
175456846,4,19.701291058482912,1371.0015431011268,0.238875,0.004096793024505939,0.9924849819259037,0.2089603146357505,7.741646136600688,0.8477550195751377,3,long_relative_to_circular_transit;not_recovered_in_final_holdout,
175516858,1,14.604681455370736,1396.8989581682447,0.29575,0.0014514639816197066,0.4701053166309362,0.24463052302841184,8.123397546192797,-1.7506974505743633,10,outside_initial_small_planet_radius_range;long_relative_to_circular_transit;not_recovered_in_final_holdout;inconsistent_holdout_depth_signs,
175516858,2,9.506388128776114,1389.8341731682447,0.11465999999999998,0.0010326998334009895,0.39653277083420063,0.43365667948167386,5.286919834105283,-1.608093517558875,12,outside_initial_small_planet_radius_range;long_relative_to_circular_transit;low_nominal_training_snr;not_recovered_in_final_holdout;inconsistent_holdout_depth_signs,
175516858,3,10.776285235224774,1392.6432498349113,0.03266666666666666,0.002311248481542678,0.593219407361035,0.36689460436971316,5.521827044670948,-1.1515040731951047,11,low_nominal_training_snr;not_recovered_in_final_holdout;inconsistent_holdout_depth_signs,
175516858,4,7.401937784309867,1393.0719531682446,0.07643999999999998,0.001155632687977709,0.41947099876071253,0.605395964880827,5.14490810338028,-0.3412347308260191,10,outside_initial_small_planet_radius_range;long_relative_to_circular_transit;low_nominal_training_snr;not_recovered_in_final_holdout;inconsistent_holdout_depth_signs,
17562763,1,20.510146138075093,1965.947515377925,0.17198999999999998,0.0016266613663536657,0.6826433470802217,0.2827313471206237,7.3572688911930815,0.0,0,long_relative_to_circular_transit;insufficient_holdout_events,
17562763,2,12.722410158653622,1962.6278353779248,0.29575,0.0009611739656022493,0.5247425548254214,0.5344492171142828,6.797571435057961,3.0216023319062515,2,long_relative_to_circular_transit;low_nominal_training_snr;not_recovered_in_final_holdout,
17562763,3,21.40502050201999,1966.028960377925,0.29575,0.0015535187270925962,0.667119341855716,0.2670820932381011,7.496428573080821,0.0,0,long_relative_to_circular_transit;insufficient_holdout_events,
17562763,4,6.658004281909235,1961.6591403779248,0.03822,0.0017634262792043337,0.7107615735871714,1.2672828043936288,4.70975027837229,0.11002140709386095,2,low_nominal_training_snr;not_recovered_in_final_holdout;inconsistent_holdout_depth_signs,
176935123,1,13.49261166122859,1331.5520972204101,0.238875,0.0006213750838332616,0.30214365875864085,0.24212772054706758,6.386356843619744,-0.5673908269735214,11,outside_initial_small_planet_radius_range;long_relative_to_circular_transit;low_nominal_training_snr;not_recovered_in_final_holdout,
176935123,2,17.164528644934496,1341.4720072204102,0.124215,0.0007554994861846644,0.33316061354716653,0.17565615237665605,5.953342505371703,-1.8008850232341298,9,outside_initial_small_planet_radius_range;outside_nominal_optimistic_hz;long_relative_to_circular_transit;low_nominal_training_snr;not_recovered_in_final_holdout;inconsistent_holdout_depth_signs,
176935123,3,13.96686799654181,1328.7994930537436,0.024499999999999997,0.0013316092957706672,0.4423081845159858,0.23122804281946524,6.360983751638363,-0.5429223082572932,12,outside_initial_small_planet_radius_range;low_nominal_training_snr;not_recovered_in_final_holdout;inconsistent_holdout_depth_signs,
176935123,4,11.165024097781139,1333.0460897204102,0.16562,0.00046415691356618225,0.26113734142598105,0.31166855559317425,5.843520538889451,2.0275706530417272,11,outside_initial_small_planet_radius_range;long_relative_to_circular_transit;low_nominal_training_snr;not_recovered_in_final_holdout,
177036977,1,15.842434369345847,1332.8999651621448,0.29575,0.0014556041204520653,0.6415875778802689,0.323074256754844,8.834151963056968,-0.02998326621034113,9,long_relative_to_circular_transit;not_recovered_in_final_holdout;inconsistent_holdout_depth_signs,
177036977,2,19.34202093193554,1328.094255162145,0.17198999999999998,0.0018690056018074754,0.7270087035233226,0.24758772588544833,6.94071018071908,0.5956779186565477,7,long_relative_to_circular_transit;low_nominal_training_snr;not_recovered_in_final_holdout;inconsistent_holdout_depth_signs,
177036977,3,6.5690505772474435,1325.4175020848975,0.08599499999999999,0.0013899190690093112,0.6269444544452466,1.0448680155756194,6.732847071512716,0.31233686493725765,17,long_relative_to_circular_transit;low_nominal_training_snr;not_recovered_in_final_holdout;inconsistent_holdout_depth_signs,
177036977,4,20.178926684594824,1327.4166286694272,0.12284999999999999,0.0021583051695980952,0.7812512659374723,0.23399190123612826,6.712171122150538,-1.0290912977501712,4,long_relative_to_circular_transit;low_nominal_training_snr;not_recovered_in_final_holdout;inconsistent_holdout_depth_signs,
179048228,1,15.364800561895814,1421.4551413774561,0.29575,0.005197587897372588,1.149389868900639,0.3212966381309087,9.007669920062416,-0.9211686035367582,1,long_relative_to_circular_transit;insufficient_holdout_events,
179048228,2,5.901522792205909,1414.3605538774561,0.061424999999999993,0.004037810757227588,1.013069927936702,1.1507738016159066,6.416918380961148,0.6352490245935146,4,long_relative_to_circular_transit;low_nominal_training_snr;not_recovered_in_final_holdout,
179048228,3,10.052792497991648,1420.8941263774561,0.17198999999999998,0.003191583943074983,0.9006780508186476,0.5656656323964313,6.49487446511322,-0.028176515194055708,2,long_relative_to_circular_transit;low_nominal_training_snr;not_recovered_in_final_holdout;inconsistent_holdout_depth_signs,
179048228,4,4.600566544792425,1414.7317644995014,0.124215,0.0028213507755824184,0.8468275644954449,1.6039604744613032,6.574542528576558,0.7280685404986303,4,outside_nominal_optimistic_hz;long_relative_to_circular_transit;low_nominal_training_snr;not_recovered_in_final_holdout;inconsistent_holdout_depth_signs,
179232002,1,7.046629904211521,1548.2471295872388,0.22931999999999997,0.0032355975709504672,0.7453703004949657,0.5880861429981896,7.238759153172282,-0.4337572954238074,6,dominated_by_one_discovery_event;long_relative_to_circular_transit;not_recovered_in_final_holdout;inconsistent_holdout_depth_signs,
179232002,2,9.28815762558074,1544.8953720872387,0.08599499999999999,0.004461790010984409,0.8752848213043838,0.40692102236317895,6.222717092195651,-0.3008416238172901,5,long_relative_to_circular_transit;low_nominal_training_snr;not_recovered_in_final_holdout;inconsistent_holdout_depth_signs,
179232002,3,7.998143264193518,1550.9901495872386,0.29988000000000004,0.0020858640703084103,0.59846373057868,0.49670361900845494,5.553963874636422,-0.941604606946532,5,long_relative_to_circular_transit;low_nominal_training_snr;not_recovered_in_final_holdout;inconsistent_holdout_depth_signs,
179232002,4,6.250359524390125,1549.7488395872388,0.03919999999999999,0.006843494036806508,1.0840112275564078,0.6900431214904402,5.8175398003052665,1.2701036077423005,6,dominated_by_one_discovery_event;low_nominal_training_snr;not_recovered_in_final_holdout,
179279545,1,11.641384247038673,1545.5462331228564,0.238875,0.004200928245218577,0.87762281482415,0.3966698525323511,7.646709184708293,-2.104949344664197,4,fewer_than_three_discovery_events;dominated_by_one_discovery_event;long_relative_to_circular_transit;not_recovered_in_final_holdout;inconsistent_holdout_depth_signs,
179279545,2,6.317463093725992,1548.4297956228563,0.29575,0.0019154761323215727,0.592616371926956,0.8961452539292301,5.550635639636372,0.4359543198181377,6,dominated_by_one_discovery_event;long_relative_to_circular_transit;low_nominal_training_snr;not_recovered_in_final_holdout,
179279545,3,3.8750392799550637,1547.3448481228563,0.08599499999999999,0.003110227742948688,0.7551467687250126,1.7194935384253782,6.127744885385589,-0.08521194196714416,11,outside_nominal_optimistic_hz;long_relative_to_circular_transit;low_nominal_training_snr;not_recovered_in_final_holdout;inconsistent_holdout_depth_signs,
179279545,4,4.94320267180905,1547.1503356228563,0.17198999999999998,0.002418101406736927,0.6658440569726198,1.2428655140952505,6.137463605783691,2.7519915166913838,9,long_relative_to_circular_transit;low_nominal_training_snr;not_recovered_in_final_holdout,
17970570,1,6.619293511821473,1900.3543222341423,0.17198999999999998,0.003504065969386929,0.7368932460084918,0.6001962654203977,6.550659669779012,-1.0471446160997873,2,dominated_by_one_discovery_event;long_relative_to_circular_transit;low_nominal_training_snr;not_recovered_in_final_holdout;inconsistent_holdout_depth_signs,
17970570,2,7.588856736127042,1907.7829902758033,0.1323,0.0029973339685994533,0.6815316151831933,0.5001961390131393,4.918839417258176,-0.29067107365404393,2,long_relative_to_circular_transit;low_nominal_training_snr;not_recovered_in_final_holdout;inconsistent_holdout_depth_signs,
180672231,1,7.92405797049654,1900.849234843014,0.057329999999999985,0.0039295119943608976,0.787192118999321,0.49086119605839496,4.819073040464962,1.0016635548491137,1,long_relative_to_circular_transit;low_nominal_training_snr;insufficient_holdout_events,
180695497,1,17.776697294655673,1912.286049384859,0.29575,0.004499364181848154,0.9961576385608143,0.30497263496062343,7.747498878588279,0.9012303892089955,1,fewer_than_three_discovery_events;dominated_by_one_discovery_event;long_relative_to_circular_transit;insufficient_holdout_events,
180695497,2,16.068965362634742,1900.5176318848592,0.11245500000000001,0.00443786644614502,0.989326427371782,0.34893544611829663,4.548684364864523,0.0,0,long_relative_to_circular_transit;low_nominal_training_snr;insufficient_holdout_events,
180696669,1,24.749490267036556,1916.4902127170512,0.29575,0.009786936104041357,1.5880138980646865,0.17677434036648215,5.761497587191581,0.9429616909674366,1,fewer_than_three_discovery_events;dominated_by_one_discovery_event;outside_nominal_optimistic_hz;long_relative_to_circular_transit;low_nominal_training_snr;insufficient_holdout_events,
180696669,2,25.15906520366886,1912.3374277170512,0.21658000000000002,0.004122531504238428,1.0306540498368189,0.17294774461223214,4.821520792395304,0.0,0,fewer_than_three_discovery_events;outside_nominal_optimistic_hz;long_relative_to_circular_transit;low_nominal_training_snr;insufficient_holdout_events,
183588144,1,6.846918640206598,1358.744076259701,0.17198999999999998,0.0016312092034950624,0.6439042255517922,1.075258307270014,8.338347946760551,-1.314705495535964,6,long_relative_to_circular_transit;not_recovered_in_final_holdout;inconsistent_holdout_depth_signs,
183588144,2,20.04788020207516,1354.2496885576256,0.124215,0.002380933759084833,0.7779292478608458,0.2566936261090049,5.641520905727725,-0.5002063232117835,3,dominated_by_one_discovery_event;long_relative_to_circular_transit;low_nominal_training_snr;not_recovered_in_final_holdout,
183588144,3,4.778643433937401,1355.0503931436149,0.0357,0.0019442618841226617,0.7029813844159973,1.7368681903157548,5.158266451963964,0.11934305828599795,8,outside_nominal_optimistic_hz;low_nominal_training_snr;not_recovered_in_final_holdout,
183588144,4,12.471100415586765,1363.7883531436148,0.017499999999999998,0.004832343575204968,1.1082694092209338,0.48339259671110946,4.960441471547456,1.236457182237631,3,fewer_than_three_discovery_events;low_nominal_training_snr;not_recovered_in_final_holdout,
186130100,1,14.433929567279636,1696.2828458989911,0.29575,0.0035912480831227995,0.9750402856467809,0.4433369936107092,7.893207478463571,-1.1020817997464771,2,fewer_than_three_discovery_events;dominated_by_one_discovery_event;long_relative_to_circular_transit;not_recovered_in_final_holdout;inconsistent_holdout_depth_signs,
186130100,2,9.312726855353471,1683.548970898991,0.024499999999999997,0.004454920137252519,1.0859749751539611,0.7952022386078098,5.652359450592147,-1.5914600209763246,3,low_nominal_training_snr;not_recovered_in_final_holdout;inconsistent_holdout_depth_signs,
186130100,3,13.879124243378545,1693.490283398991,0.238875,0.0016329553875893124,0.6574867666897839,0.46712236697782733,5.142611668068272,1.5210993868923337,2,long_relative_to_circular_transit;low_nominal_training_snr;not_recovered_in_final_holdout,
188691615,1,21.126190427729725,1969.86085883536,0.29575,0.0014229481037584487,0.7043754790924996,0.37652865678019987,11.279054272367452,-0.8128212513639573,4,fewer_than_three_discovery_events;dominated_by_one_discovery_event;long_relative_to_circular_transit;not_recovered_in_final_holdout;inconsistent_holdout_depth_signs,
188691615,2,27.34338156237655,1972.15269383536,0.22931999999999997,0.0018002888263638284,0.7922838278395211,0.26694594287299156,8.674788549350925,1.8376969151946967,3,long_relative_to_circular_transit;not_recovered_in_final_holdout,
188691615,3,11.105864327770458,1964.26435883536,0.29575,0.0005848400493655743,0.4515732948599998,0.8874756995227333,7.001904391354497,1.2635219778630267,7,outside_initial_small_planet_radius_range;long_relative_to_circular_transit;not_recovered_in_final_holdout,
188691615,4,25.543706680903348,1956.2231438353601,0.22931999999999997,0.0012731967791571703,0.6662810535764934,0.2923127309955942,6.688945662148448,0.46647408747174934,3,fewer_than_three_discovery_events;long_relative_to_circular_transit;low_nominal_training_snr;not_recovered_in_final_holdout,
188819782,1,25.66427719327943,1783.0261129544933,0.29575,0.0030606342045026097,0.9967890206431986,0.20827417930039052,16.756419899051934,-0.34631040180076456,5,odd_even_discrepancy;long_relative_to_circular_transit;not_recovered_in_final_holdout,
188819782,2,15.313611399533375,1779.4202379544934,0.29575,0.0017456000225174787,0.7527831707150874,0.41460765727033955,13.161216287499476,0.8059175318851709,7,long_relative_to_circular_transit;not_recovered_in_final_holdout;inconsistent_holdout_depth_signs,
188819782,3,16.896933270700824,1768.2841129544934,0.29575,0.0018203988924960048,0.7687423611262876,0.36363328527932787,10.850854139551483,6.291580911997301,7,dominated_by_one_discovery_event;odd_even_discrepancy;long_relative_to_circular_transit;inconsistent_holdout_depth_signs,
188819782,4,24.435735512467527,1767.9883629544934,0.29575,0.0019573734210268675,0.7971395834588699,0.22235160085669964,10.151986287082188,-2.8119790684187107,4,long_relative_to_circular_transit;not_recovered_in_final_holdout;inconsistent_holdout_depth_signs,
189565557,1,15.107442979790342,1529.7028193927679,0.238875,0.001731609642478343,0.8815365334806546,0.6569299356042756,14.747090641499728,4.854668666572275,6,fewer_than_three_discovery_events;dominated_by_one_discovery_event;odd_even_discrepancy;long_relative_to_circular_transit;not_recovered_in_final_holdout;inconsistent_holdout_depth_signs,
189565557,2,13.755614473459422,1523.1053193927678,0.238875,0.0007461529566870725,0.578667710893099,0.7443896803756421,10.519935945085333,1.4984854068078568,6,long_relative_to_circular_transit;not_recovered_in_final_holdout;inconsistent_holdout_depth_signs,
189565557,3,9.971052055454361,1526.1911293927678,0.16243500000000002,0.0009036068591099348,0.6368029654548409,1.143191604186467,10.468538553397403,-5.6904962907294285,7,long_relative_to_circular_transit;not_recovered_in_final_holdout;inconsistent_holdout_depth_signs,
189565557,4,8.248905191704344,1522.3431943927678,0.238875,0.0006223683836186179,0.5284928046915848,1.4720139357615185,9.981563020386929,-11.396060238201038,9,long_relative_to_circular_transit;not_recovered_in_final_holdout;inconsistent_holdout_depth_signs,
190138951,1,13.208421254798964,1628.6853206061137,0.238875,0.002652063037599971,0.5904658815972539,0.20585674728013045,14.166333116378087,1.5772650651577123,3,fewer_than_three_discovery_events;dominated_by_one_discovery_event;long_relative_to_circular_transit;not_recovered_in_final_holdout,
190138951,2,12.685796209252501,1641.012872375933,0.29575,0.002930169678673442,0.6206535900446074,0.21724144401013465,13.311224874086443,1.5410686865376926,4,dominated_by_one_discovery_event;long_relative_to_circular_transit;not_recovered_in_final_holdout,
190138951,3,13.692657544961968,1631.647152375933,0.17198999999999998,0.0012239956032766596,0.40113708638283446,0.19620767552881063,8.176635146997338,-1.7887440896993978,4,fewer_than_three_discovery_events;outside_initial_small_planet_radius_range;outside_nominal_optimistic_hz;long_relative_to_circular_transit;not_recovered_in_final_holdout;inconsistent_holdout_depth_signs,
190138951,4,2.9262042366674077,1631.514747375933,0.29575,0.00039651618616848847,0.22831442275968053,1.5356543527591717,7.231109984911058,-0.6735993667915466,17,outside_initial_small_planet_radius_range;outside_nominal_optimistic_hz;long_relative_to_circular_transit;not_recovered_in_final_holdout,
192642951,1,3.03254241725896,1629.7436693481966,0.29575,0.003390965374294832,0.6549565504748656,1.4156185533691117,16.984074127086092,14.944670744826604,23,long_relative_to_circular_transit,
192642951,2,3.0321077579593783,1631.3020443481967,0.29575,0.003214079581488233,0.6376452448965914,1.4158891358675283,16.889022836053815,13.363143374984658,23,long_relative_to_circular_transit,
192642951,3,4.3488015854642175,1630.6707318481965,0.238875,0.003962312315851365,0.7079868065933436,0.8753786839632423,9.94698373838539,2.2859070730664803,15,long_relative_to_circular_transit;not_recovered_in_final_holdout,
192642951,4,3.0318372159152362,1628.8166068481967,0.238875,0.0019512691164296915,0.49683181437944246,1.416057598402791,8.15646761091235,10.60081886401185,22,outside_initial_small_planet_radius_range;long_relative_to_circular_transit,
192847535,1,12.711996586978795,1449.7898126344917,0.29575,0.0009354793112769118,0.6011781484105064,0.7879555495499172,7.563796388820063,1.7216451782701738,4,long_relative_to_circular_transit;not_recovered_in_final_holdout,
192847535,2,6.897824325312504,1444.9276826344917,0.03822,0.0013099634608251056,0.7114029861609874,1.7803439075556302,5.38091764666872,2.7121218609545767,7,outside_nominal_optimistic_hz;low_nominal_training_snr;not_recovered_in_final_holdout,
192847535,3,8.437947698656798,1443.329395967825,0.024499999999999997,0.0023399569832561204,0.950801875387757,1.3608313420563727,6.514726944474976,0.0019804147044958924,5,low_nominal_training_snr;not_recovered_in_final_holdout;inconsistent_holdout_depth_signs,
192847535,4,23.73297346849727,1452.4656676344916,0.057329999999999985,0.002065477861702739,0.8932980070972552,0.34275505647880644,5.451530307556283,1.4425475575295559,2,fewer_than_three_discovery_events;low_nominal_training_snr;not_recovered_in_final_holdout,
197987557,1,4.949646592852465,1328.6500798991208,0.11465999999999998,0.002207486174335597,0.7080137146009885,1.409051173512351,6.834300405181929,-0.4075252014187409,14,long_relative_to_circular_transit;low_nominal_training_snr;not_recovered_in_final_holdout;inconsistent_holdout_depth_signs,
197987557,2,4.945380389856929,1328.4739948991207,0.057329999999999985,0.0030616290527766925,0.8338135710345735,1.4106721239715516,6.756446928994085,-1.4462157664426178,11,long_relative_to_circular_transit;low_nominal_training_snr;not_recovered_in_final_holdout;inconsistent_holdout_depth_signs,
197987557,3,10.226559926759805,1326.4321648991208,0.06615,0.004013884081192877,0.9547179483906488,0.535450831624201,7.186257463404718,-0.01741159814212432,6,not_recovered_in_final_holdout;inconsistent_holdout_depth_signs,
197987557,4,5.275337106780807,1328.6718148991208,0.06615,0.0033063548736723264,0.8664976847252952,1.2942715290690834,6.821871890293833,0.8420834516541601,12,long_relative_to_circular_transit;low_nominal_training_snr;not_recovered_in_final_holdout;inconsistent_holdout_depth_signs,
198080032,1,27.285137637279586,1354.3020187136563,0.17198999999999998,0.0038727260879402583,1.073690388169771,0.21644337224535118,9.15031087081765,-2.4243042728297373,3,long_relative_to_circular_transit;not_recovered_in_final_holdout;inconsistent_holdout_depth_signs,
198080032,2,27.303754071564946,1381.2435139055503,0.08599499999999999,0.003982803601370644,1.0888426410822427,0.2162466253880856,7.220458190546177,1.4218786777955166,3,not_recovered_in_final_holdout,
198080032,3,27.340113810665567,1358.8216564055504,0.22491000000000003,0.0016650211649216393,0.7040127977197358,0.2158632606051019,6.434163707713915,-0.08486854792881328,4,dominated_by_one_discovery_event;long_relative_to_circular_transit;low_nominal_training_snr;not_recovered_in_final_holdout;inconsistent_holdout_depth_signs,
198080032,4,27.253920263132898,1369.5536539055504,0.170625,0.002636636931333675,0.8859227212860252,0.21677399542380424,6.399371352882604,-0.7286901651055858,2,fewer_than_three_discovery_events;long_relative_to_circular_transit;low_nominal_training_snr;not_recovered_in_final_holdout;inconsistent_holdout_depth_signs,
198104202,1,13.270631306822903,1722.078251638932,0.16065000000000002,0.005266011758376537,0.9825986999091215,0.2978885911256867,8.460011496266532,0.0,0,long_relative_to_circular_transit;insufficient_holdout_events,
198104202,2,9.540444585836834,1715.577281638932,0.17198999999999998,0.003751152993458488,0.8293114502309715,0.4625419893911662,7.837144479234628,1.7498780706309551,1,long_relative_to_circular_transit;insufficient_holdout_events,
198104202,3,4.360842654137469,1712.291044138932,0.08599499999999999,0.003963595412888949,0.8524716236718483,1.3136573270762677,8.612958712982396,-2.492469513835767,4,odd_even_discrepancy;long_relative_to_circular_transit;not_recovered_in_final_holdout;inconsistent_holdout_depth_signs,
198104202,4,4.113469987806279,1714.696629138932,0.124215,0.0031144589768606324,0.755660254699336,1.4200322394185032,7.377470755334748,0.6261212301799164,4,long_relative_to_circular_transit;not_recovered_in_final_holdout;inconsistent_holdout_depth_signs,
200784259,1,18.824010546872866,1387.1578559500654,0.16562,0.0022273334523471694,0.8812564690711017,0.3283871515309887,6.289600047170503,3.603684018704405,1,fewer_than_three_discovery_events;dominated_by_one_discovery_event;long_relative_to_circular_transit;low_nominal_training_snr;insufficient_holdout_events,
200784259,2,11.943607479984909,1388.1720509500653,0.057329999999999985,0.0024231668528276167,0.9191816757269153,0.602312214459487,5.586302981962547,-0.9477305262029248,4,low_nominal_training_snr;not_recovered_in_final_holdout;inconsistent_holdout_depth_signs,
200784259,3,18.53090279094254,1399.5029159500652,0.12739999999999999,0.0020414369890470055,0.8436798716715352,0.3353309166520281,4.976054121573721,-0.09274999055466421,2,fewer_than_three_discovery_events;long_relative_to_circular_transit;low_nominal_training_snr;not_recovered_in_final_holdout;inconsistent_holdout_depth_signs,
200924141,1,12.784750920713671,1799.0245939170377,0.017499999999999998,0.020128195375941037,1.9985072022468648,0.33747413505083435,7.274371170560731,-0.7097230481555603,1,fewer_than_three_discovery_events;dominated_by_one_discovery_event;insufficient_holdout_events,
200924141,2,5.553546600822407,1791.614522250371,0.16562,0.004614105179952641,0.9568570105810633,1.0258163749234874,7.334384443580465,-0.634670037635983,1,long_relative_to_circular_transit;insufficient_holdout_events,
200924141,3,5.3110370046845246,1793.303482250371,0.17198999999999998,0.003509918499833088,0.8345489483573727,1.088740599300614,5.826422802782928,-0.3952398402434209,1,long_relative_to_circular_transit;low_nominal_training_snr;insufficient_holdout_events,
200924141,4,5.024307073870668,1794.828869750371,0.08599499999999999,0.005157290968730272,1.0116123328827755,1.172362599400635,6.0013729616011,-1.298920947655043,2,long_relative_to_circular_transit;low_nominal_training_snr;not_recovered_in_final_holdout;inconsistent_holdout_depth_signs,
201251167,1,13.091866229380987,1326.8165464535712,0.29575,0.0011800081223782952,0.6826961820806338,0.7470636733080718,8.106615532532087,0.26696157898255124,11,long_relative_to_circular_transit;not_recovered_in_final_holdout;inconsistent_holdout_depth_signs,
201251167,2,12.35330103382916,1329.8422964535712,0.29575,0.0012860563907786057,0.7127134943239279,0.8072021898527375,9.204997964370785,-0.7840352312390674,11,long_relative_to_circular_transit;not_recovered_in_final_holdout;inconsistent_holdout_depth_signs,
201251167,3,7.319554994263971,1327.6501064535712,0.22931999999999997,0.0008294150004233759,0.5723621660118782,1.621984850591087,6.978553218562471,-2.286859086104709,18,outside_nominal_optimistic_hz;long_relative_to_circular_transit;low_nominal_training_snr;not_recovered_in_final_holdout;inconsistent_holdout_depth_signs,
201251167,4,10.85610662473185,1327.4703814535712,0.16562,0.0010718713261617632,0.650663286298222,0.9589461742711837,6.283445583212539,-2.1379524956126774,13,long_relative_to_circular_transit;low_nominal_training_snr;not_recovered_in_final_holdout;inconsistent_holdout_depth_signs,
201688405,1,2.772284339680756,1658.174314368929,0.238875,0.0034875173055044224,0.6706641820325018,1.6205410727741634,14.777428318668745,0.38035155288427513,16,odd_even_discrepancy;outside_nominal_optimistic_hz;long_relative_to_circular_transit;not_recovered_in_final_holdout;inconsistent_holdout_depth_signs,
201688405,2,2.774741226326691,1657.287064368929,0.238875,0.003330982065386077,0.6554401998218481,1.6186281505880693,13.599452217232868,-1.9775958034553947,16,outside_nominal_optimistic_hz;long_relative_to_circular_transit;not_recovered_in_final_holdout;inconsistent_holdout_depth_signs,
201688405,3,2.7730637220960337,1659.5142903059668,0.22491000000000003,0.0030931416293876624,0.6316068480163788,1.6199338204471425,12.028924530733233,0.622650186641948,15,outside_nominal_optimistic_hz;long_relative_to_circular_transit;not_recovered_in_final_holdout;inconsistent_holdout_depth_signs,
201688405,4,2.7722527102700028,1658.8885953059669,0.29575,0.0030812301318209247,0.6303895354363538,1.6205657250994536,12.648478835199155,-0.8829623976383311,15,outside_nominal_optimistic_hz;long_relative_to_circular_transit;not_recovered_in_final_holdout;inconsistent_holdout_depth_signs,
201792346,1,15.108851405983327,1360.3436346379565,0.22931999999999997,0.003578310225657986,0.8557046227629761,0.2841724970520705,17.842008776927976,-1.6243116864753686,6,dominated_by_one_discovery_event;odd_even_discrepancy;long_relative_to_circular_transit;not_recovered_in_final_holdout;inconsistent_holdout_depth_signs,
201792346,2,14.979743504124913,1366.4911396379566,0.29575,0.006500656497759281,1.1533563005607832,0.2874428260242189,24.876718613482037,0.7895464693383724,4,odd_even_discrepancy;long_relative_to_circular_transit;not_recovered_in_final_holdout,
201792346,3,5.227805464700271,1355.4346396379565,0.29575,0.0014899162745652822,0.552161110557302,1.169853338911884,18.02349931968414,-4.363666788173581,13,odd_even_discrepancy;long_relative_to_circular_transit;not_recovered_in_final_holdout;inconsistent_holdout_depth_signs,
201792346,4,5.243500882028539,1359.2907646379565,0.29575,0.0014738102089343753,0.5491685572675149,1.165186693353866,18.096176853939376,-2.2733251948837383,12,long_relative_to_circular_transit;not_recovered_in_final_holdout;inconsistent_holdout_depth_signs,
201878287,1,26.46021686054736,1368.501120939667,0.238875,0.003231951681878544,0.9622273913444122,0.17715052121075903,16.458121661179717,-1.2828576846710789,2,fewer_than_three_discovery_events;dominated_by_one_discovery_event;outside_nominal_optimistic_hz;long_relative_to_circular_transit;not_recovered_in_final_holdout;inconsistent_holdout_depth_signs,
201878287,2,10.74101212350769,1362.1197459396672,0.238875,0.000803452963130358,0.47976163327349436,0.5893953308038744,13.195401043836537,5.145990533778931,8,odd_even_discrepancy;outside_initial_small_planet_radius_range;long_relative_to_circular_transit,
201878287,3,6.601278956247256,1359.8049334396671,0.24499999999999997,0.0007199429942234814,0.4541447948394912,1.1279664598236634,12.73526023415041,-7.546612337055559,13,outside_initial_small_planet_radius_range;long_relative_to_circular_transit;not_recovered_in_final_holdout,
201878287,4,4.602234529546703,1356.3933434396672,0.22931999999999997,0.0005431924257793363,0.39447741055113933,1.824632073823217,12.434217288152071,3.645398887228467,17,outside_initial_small_planet_radius_range;outside_nominal_optimistic_hz;long_relative_to_circular_transit;not_recovered_in_final_holdout;inconsistent_holdout_depth_signs,
202280283,1,4.942067991009855,1684.9304664218287,0.238875,0.0005221441741476392,0.33934989135660065,1.6574129321904638,5.482168410305941,-0.9911737137650339,18,outside_initial_small_planet_radius_range;outside_nominal_optimistic_hz;long_relative_to_circular_transit;low_nominal_training_snr;not_recovered_in_final_holdout;inconsistent_holdout_depth_signs,
202280283,2,6.278537566258226,1686.579987255162,0.017499999999999998,0.0020575262912980842,0.6736358517818731,1.2045671491940517,4.998487961641997,0.33885249949740753,5,fewer_than_three_discovery_events;low_nominal_training_snr;not_recovered_in_final_holdout,
202280283,3,10.468721418312231,1684.9909814218288,0.08599499999999999,0.0015648142126531727,0.587467556353664,0.6092340300332472,5.068664538833356,0.461408841326937,9,dominated_by_one_discovery_event;long_relative_to_circular_transit;low_nominal_training_snr;not_recovered_in_final_holdout;inconsistent_holdout_depth_signs,
20305594,1,5.25687417265091,1930.3952041881796,0.238875,0.004691556778817477,1.0321698344580372,1.02957348978258,19.04177911197643,3.8631623290370616,7,dominated_by_one_discovery_event;odd_even_discrepancy;long_relative_to_circular_transit;not_recovered_in_final_holdout,
20305594,2,6.409313618405562,1934.0010791881796,0.238875,0.004156422860052533,0.9715217694696638,0.7904579353289211,16.6850066194656,7.45769961679895,5,long_relative_to_circular_transit,
20305594,3,3.499000793134881,1931.0322041881795,0.238875,0.0039965696760446805,0.9526565736659285,1.7716125150052993,16.90181377889436,8.344090994128832,11,outside_nominal_optimistic_hz;long_relative_to_circular_transit,
20305594,4,3.4876822222939,1932.8522041881797,0.238875,0.0033638599573696075,0.8740003926560658,1.7792825409301538,15.351773164441369,9.746218651660167,11,outside_nominal_optimistic_hz;long_relative_to_circular_transit,
203476189,1,5.600574777017195,1606.3367561204532,0.29575,0.0025370939692685654,0.7480330260699998,1.1208035941184562,8.387382025465199,-3.725739646033283,3,long_relative_to_circular_transit;not_recovered_in_final_holdout;inconsistent_holdout_depth_signs,
203476189,2,5.09038768157358,1603.844266120453,0.17198999999999998,0.003464152731494281,0.8740796552005471,1.2730296029061656,8.331571665928248,-0.3573167942482177,2,long_relative_to_circular_transit;not_recovered_in_final_holdout;inconsistent_holdout_depth_signs,
203476189,3,8.622786226985468,1604.730151120453,0.07643999999999998,0.005996064240145303,1.1499676801915868,0.6304386388231505,7.536532922668251,-0.7611164328344912,2,fewer_than_three_discovery_events;dominated_by_one_discovery_event;long_relative_to_circular_transit;not_recovered_in_final_holdout;inconsistent_holdout_depth_signs,
203476189,4,6.807792967930092,1606.962381120453,0.29575,0.003170717703607564,0.8362406691109957,0.8639684072685925,8.867874607440543,1.0659073475912344,2,long_relative_to_circular_transit;not_recovered_in_final_holdout;inconsistent_holdout_depth_signs,
206361339,1,13.596891612814995,1335.9919325696876,0.17198999999999998,0.0009549369284810446,0.664763488295168,0.7877172184758504,8.683751281646465,-0.35909215718422255,12,dominated_by_one_discovery_event;long_relative_to_circular_transit;not_recovered_in_final_holdout;inconsistent_holdout_depth_signs,
206361339,2,27.547161923268828,1339.8753575696876,0.29575,0.0009592514920650398,0.666263551723772,0.3072703843938236,7.480374212926077,0.014804732592576782,5,fewer_than_three_discovery_events;dominated_by_one_discovery_event;long_relative_to_circular_transit;not_recovered_in_final_holdout;inconsistent_holdout_depth_signs,
206361339,3,27.455324782150264,1348.9184825696875,0.29575,0.0006962784135895425,0.5676377625117338,0.3086415600056785,6.093593620378826,0.009255718514640746,6,dominated_by_one_discovery_event;odd_even_discrepancy;long_relative_to_circular_transit;low_nominal_training_snr;not_recovered_in_final_holdout;inconsistent_holdout_depth_signs,
206361339,4,16.34913374731063,1330.4341075696875,0.03822,0.0013654750070091967,0.7949168293942886,0.6160701838109914,6.042527708268316,-0.7898008154220993,7,low_nominal_training_snr;not_recovered_in_final_holdout;inconsistent_holdout_depth_signs,
206402318,1,15.91400017619419,1394.918606284521,0.29575,0.0011100402865379297,0.5566399713039059,0.4070061133184861,6.732740712630291,-1.9758571737331139,4,fewer_than_three_discovery_events;dominated_by_one_discovery_event;long_relative_to_circular_transit;low_nominal_training_snr;not_recovered_in_final_holdout;inconsistent_holdout_depth_signs,
206402318,2,15.649330404929065,1390.3287937845212,0.238875,0.0005904846156028464,0.40598436824545797,0.41620989149360543,6.646210565622917,2.30764719601309,5,fewer_than_three_discovery_events;dominated_by_one_discovery_event;outside_initial_small_planet_radius_range;long_relative_to_circular_transit;low_nominal_training_snr;not_recovered_in_final_holdout;inconsistent_holdout_depth_signs,
206402318,3,5.93676330458856,1387.8879812845212,0.029399999999999996,0.0008870775235599773,0.49760622681786715,1.5155622000913342,5.638381933760533,-0.33468275198779385,11,outside_initial_small_planet_radius_range;outside_nominal_optimistic_hz;low_nominal_training_snr;not_recovered_in_final_holdout;inconsistent_holdout_depth_signs,
206402318,4,19.989398501239304,1390.7467812845211,0.0588,0.0011934685104686143,0.5771789727900095,0.30031275342510017,5.884842890125178,-1.0289658764781913,2,fewer_than_three_discovery_events;dominated_by_one_discovery_event;low_nominal_training_snr;not_recovered_in_final_holdout;inconsistent_holdout_depth_signs,
207148580,1,13.245319300222578,1365.4669095831907,0.29575,0.0014222163985976772,0.7783200761600451,0.7317537155376785,9.699910776295136,1.8864410543083536,6,fewer_than_three_discovery_events;dominated_by_one_discovery_event;long_relative_to_circular_transit;not_recovered_in_final_holdout,
207148580,2,20.803116826509605,1366.3832795831906,0.17198999999999998,0.0011366634953060572,0.6958110929938542,0.40081469455727203,7.810998516462765,-0.638878292050288,4,long_relative_to_circular_transit;not_recovered_in_final_holdout;inconsistent_holdout_depth_signs,
207148580,3,32.32343937140248,1360.3254095831908,0.29575,0.0011522731452429883,0.7005725426511006,0.222719422410228,8.709626615823872,-0.7300351031485325,4,dominated_by_one_discovery_event;odd_even_discrepancy;long_relative_to_circular_transit;not_recovered_in_final_holdout;inconsistent_holdout_depth_signs,
207148580,4,14.223360479383558,1364.5170970831907,0.238875,0.0007790315099594114,0.5760403479418362,0.6654445764243824,7.102860514676531,2.7147826977758576,7,long_relative_to_circular_transit;not_recovered_in_final_holdout;inconsistent_holdout_depth_signs,
207238086,1,13.850007611306983,1354.3987954307647,0.29575,0.00350864735003529,1.099594019531209,0.5939364436219754,19.750253764077037,1.2024098458080996,8,fewer_than_three_discovery_events;long_relative_to_circular_transit;not_recovered_in_final_holdout,
207238086,2,20.04279817781423,1363.980431794604,0.238875,0.001450368129007508,0.7069710548336757,0.3628514412762536,9.20030743819184,3.5557030173685678,4,long_relative_to_circular_transit;not_recovered_in_final_holdout,
207238086,3,24.33944091060776,1369.2162859612706,0.024499999999999997,0.00528232649286891,1.349196262802665,0.28006522884536544,8.075036513066722,-0.8889896321948924,3,fewer_than_three_discovery_events;dominated_by_one_discovery_event;not_recovered_in_final_holdout;inconsistent_holdout_depth_signs,
207238086,4,17.152233170600628,1356.905181794604,0.238875,0.001201736099070428,0.6435274293177234,0.44659353074451713,7.922857092863186,2.0527950996148894,6,dominated_by_one_discovery_event;long_relative_to_circular_transit;not_recovered_in_final_holdout,
207339173,1,8.239934528339347,1686.4855443922752,0.0588,0.000725993378423201,0.4854716368465528,1.1256451820295128,5.804500235239997,-0.1378597351414895,13,dominated_by_one_discovery_event;outside_initial_small_planet_radius_range;low_nominal_training_snr;not_recovered_in_final_holdout;inconsistent_holdout_depth_signs,
207339173,2,10.752998753940513,1692.5923793922752,0.21658000000000002,0.0005024922627744806,0.4038891825123736,0.7893332620961714,6.275849300459936,-1.556696092175406,12,fewer_than_three_discovery_events;dominated_by_one_discovery_event;outside_initial_small_planet_radius_range;long_relative_to_circular_transit;low_nominal_training_snr;not_recovered_in_final_holdout;inconsistent_holdout_depth_signs,
207339173,3,7.095660653084248,1687.7693793922751,0.11465999999999998,0.0005409841431655577,0.4190731145952493,1.3739663029251001,5.879002634110196,1.0190449819016096,15,outside_initial_small_planet_radius_range;long_relative_to_circular_transit;low_nominal_training_snr;not_recovered_in_final_holdout,
207339173,4,6.729655121252377,1684.6776543922751,0.11465999999999998,0.00045863666781870827,0.3858619179921873,1.4744932444313992,5.236427428218352,1.6881114004084388,17,dominated_by_one_discovery_event;outside_initial_small_planet_radius_range;long_relative_to_circular_transit;low_nominal_training_snr;not_recovered_in_final_holdout,
207339690,1,6.272874274163345,1684.1627805852581,0.29575,0.0004960982904813794,0.40860787717230995,1.6724401479886506,6.373308429442285,3.068369000153445,14,dominated_by_one_discovery_event;outside_initial_small_planet_radius_range;outside_nominal_optimistic_hz;long_relative_to_circular_transit;low_nominal_training_snr;not_recovered_in_final_holdout,
207339690,2,11.704326575154072,1686.622055585258,0.16562,0.0007860989325065152,0.5143532315635553,0.7280772383426058,5.594208116814039,0.23042277058829996,8,fewer_than_three_discovery_events;long_relative_to_circular_transit;low_nominal_training_snr;not_recovered_in_final_holdout,
207492082,1,77.21982285485488,1772.0151715773786,0.17198999999999998,0.0004156584194671552,0.7124130348187966,0.23949637323829806,11.165680926092048,-0.35059529147376367,3,fewer_than_three_discovery_events;dominated_by_one_discovery_event;not_recovered_in_final_holdout;inconsistent_holdout_depth_signs,
207492082,2,40.22684284908726,1739.0326765773787,0.29575,0.0002560982641565228,0.5591996404433389,0.5713682153189693,12.462169034137823,-0.25829969608231645,2,fewer_than_three_discovery_events;dominated_by_one_discovery_event;long_relative_to_circular_transit;not_recovered_in_final_holdout;inconsistent_holdout_depth_signs,
207492082,3,56.491927719497355,1746.404795674193,0.1764,0.00023024203668695376,0.5302197190347225,0.3633195905933391,9.14941400557771,1.9018633039846415,1,fewer_than_three_discovery_events;dominated_by_one_discovery_event;insufficient_holdout_events,
207492082,4,19.711807411116272,1751.9179956741932,0.29575,0.00012013793418451808,0.3830042966184391,1.4790019480613303,9.977178913971471,-1.6046371278570788,5,outside_initial_small_planet_radius_range;long_relative_to_circular_transit;not_recovered_in_final_holdout;inconsistent_holdout_depth_signs,
209394625,1,7.351456037804369,1325.4909539266714,0.16562,0.0021134860713598624,0.6977953692447765,0.8686494597381,6.8166165475502565,2.0915889521171547,4,long_relative_to_circular_transit;low_nominal_training_snr;not_recovered_in_final_holdout,
209394625,2,10.950018598367627,1325.721987558284,0.03266666666666666,0.004447989306833905,1.0123023738624777,0.5106490920751385,4.9679234305951825,-0.5381161361907456,2,dominated_by_one_discovery_event;low_nominal_training_snr;not_recovered_in_final_holdout;inconsistent_holdout_depth_signs,
209394625,3,8.019249046631309,1326.991621514069,0.061424999999999993,0.002934735101669989,0.8222669625494712,0.7735661157826903,5.611854507085378,-1.5256093081707613,2,dominated_by_one_discovery_event;low_nominal_training_snr;not_recovered_in_final_holdout;inconsistent_holdout_depth_signs,
214972970,1,6.9872816359798895,1629.6426620447112,0.29575,0.005412327930703499,1.1005916311838384,0.7880015816454586,19.93070488688908,-1.002503606753388,4,long_relative_to_circular_transit;not_recovered_in_final_holdout;inconsistent_holdout_depth_signs,
214972970,2,11.175100199571542,1630.303111234478,0.29575,0.0076712111876205856,1.310286071426301,0.4213110530855701,22.619040872345767,-4.567079864030726,2,long_relative_to_circular_transit;not_recovered_in_final_holdout;inconsistent_holdout_depth_signs,
214972970,3,6.6498304440912035,1634.67108451242,0.29575,0.004059705862152494,0.9531943058501048,0.8417646009524289,13.87488461180716,2.6903302762553416,4,long_relative_to_circular_transit;not_recovered_in_final_holdout;inconsistent_holdout_depth_signs,
214972970,4,6.367357281993465,1631.23014701242,0.238875,0.004907656736835745,1.0480240386975166,0.8919197789651047,13.97443535280748,-0.8338017554826165,4,odd_even_discrepancy;long_relative_to_circular_transit;not_recovered_in_final_holdout;inconsistent_holdout_depth_signs,
21650187,1,13.786772840270014,1441.6151870224508,0.16562,0.0035048549071600645,0.8404114525084044,0.3541951456112422,7.445218303525239,-1.615270865968732,2,dominated_by_one_discovery_event;long_relative_to_circular_transit;not_recovered_in_final_holdout;inconsistent_holdout_depth_signs,
21650187,2,6.477132168642484,1440.6378470224508,0.04094999999999999,0.003218165351750688,0.805306338550332,0.9698005345156112,5.8111676465342885,-0.3180288298753371,3,low_nominal_training_snr;not_recovered_in_final_holdout;inconsistent_holdout_depth_signs,
21650187,3,16.197784124208813,1445.6994945224508,0.124215,0.0021899111624034085,0.6643090802244972,0.28570551419842016,4.8719258144112985,0.0,0,long_relative_to_circular_transit;low_nominal_training_snr;insufficient_holdout_events,
21650187,4,6.208297800179934,1441.6330836891175,0.02275,0.004109173203708959,0.909984853746488,1.026193776742424,4.984901926201801,-1.1288007812972913,3,low_nominal_training_snr;not_recovered_in_final_holdout;inconsistent_holdout_depth_signs,
21898604,1,13.109981930917806,1993.853254697891,0.16562,0.005050472869701609,1.156287624281612,0.4602830031846039,5.959782077348903,,0,long_relative_to_circular_transit;low_nominal_training_snr;insufficient_holdout_events,
21898604,2,7.812170466060895,1990.266769697891,0.16065000000000002,0.004879973982251744,1.1366025065374812,0.9179072085766464,6.17257471823558,,0,long_relative_to_circular_transit;low_nominal_training_snr;insufficient_holdout_events,
21898604,3,6.771852603957361,1992.1172021978912,0.124215,0.0046072421015358606,1.1043846794419439,1.1105831158211332,5.411797779508027,,0,long_relative_to_circular_transit;low_nominal_training_snr;insufficient_holdout_events,
21898604,4,5.421972123041123,1991.5941796978911,0.17198999999999998,0.0035135235712493275,0.9644312893778566,1.4937732859634125,5.479753045811494,,0,long_relative_to_circular_transit;low_nominal_training_snr;insufficient_holdout_events,
219223742,1,13.828339183247214,1394.6735975478612,0.170625,0.0009515591863632389,0.45474220092090395,0.39148576968587595,8.467142906825309,1.0780819287795906,6,fewer_than_three_discovery_events;dominated_by_one_discovery_event;outside_initial_small_planet_radius_range;long_relative_to_circular_transit;not_recovered_in_final_holdout;inconsistent_holdout_depth_signs,
219223742,2,25.32364608109816,1387.7851250478611,0.22931999999999997,0.00036469640804394983,0.2815224926788303,0.17473277111403024,6.446892503164367,-0.7165516133264336,3,outside_initial_small_planet_radius_range;outside_nominal_optimistic_hz;long_relative_to_circular_transit;low_nominal_training_snr;not_recovered_in_final_holdout;inconsistent_holdout_depth_signs,
219223742,3,19.970143548955487,1405.912097547861,0.238875,0.00032733116549536686,0.26671106568377584,0.2398286683163638,5.994114672063061,0.8850558482514567,4,outside_initial_small_planet_radius_range;long_relative_to_circular_transit;low_nominal_training_snr;not_recovered_in_final_holdout,
219223742,4,5.854574973467169,1391.922026264387,0.027299999999999998,0.0005344855352545458,0.34081235830649625,1.2314464061290677,5.90267336101739,1.1447422702933394,11,outside_initial_small_planet_radius_range;low_nominal_training_snr;not_recovered_in_final_holdout,
219463771,1,21.63997072083908,1697.7130985284464,0.29575,0.0030492398890708174,1.597920829255303,0.7201411344143953,33.094767479900774,-4.658221539163155,8,fewer_than_three_discovery_events;long_relative_to_circular_transit;not_recovered_in_final_holdout;inconsistent_holdout_depth_signs,
219463771,2,15.068172607654477,1695.9670360284465,0.238875,0.0010400739038068736,0.9332361676754554,1.166842918922834,24.056114180052656,6.788689102305719,10,fewer_than_three_discovery_events;dominated_by_one_discovery_event;long_relative_to_circular_transit,
219463771,3,21.38470823426735,1693.6180985284466,0.29575,0.0009844779526974985,0.9079510997391873,0.7316253382677066,23.082257352360966,-5.223483398757106,9,odd_even_discrepancy;long_relative_to_circular_transit;not_recovered_in_final_holdout;inconsistent_holdout_depth_signs,
219463771,4,17.371154237841175,1691.5250985284465,0.29575,0.0006591602286065449,0.7429420837675714,0.9652836313128225,18.50232789929076,1.0811191423658868,8,dominated_by_one_discovery_event;odd_even_discrepancy;long_relative_to_circular_transit;not_recovered_in_final_holdout;inconsistent_holdout_depth_signs,
219704346,1,10.564620657470583,1687.131118861265,0.29575,0.00045217541507480246,0.5921166060704781,1.8019623723754516,10.674148630163684,-0.6816907912292646,3,dominated_by_one_discovery_event;outside_nominal_optimistic_hz;long_relative_to_circular_transit;not_recovered_in_final_holdout;inconsistent_holdout_depth_signs,
219704346,2,11.37832248431714,1683.5429888612648,0.17198999999999998,0.00044257499696296834,0.5857970842962399,1.6322246921628418,7.360533266119428,-1.74705570369058,5,fewer_than_three_discovery_events;outside_nominal_optimistic_hz;long_relative_to_circular_transit;not_recovered_in_final_holdout;inconsistent_holdout_depth_signs,
219704346,3,13.360928455366588,1697.1224873747235,0.238875,0.0004855720595998826,0.6135933055073662,1.3175549696273035,7.097464187192539,11.828019229774656,3,fewer_than_three_discovery_events;dominated_by_one_discovery_event;long_relative_to_circular_transit,
219704346,4,13.1186103481089,1688.923972996372,0.238875,0.0003921659038080181,0.5514278344055864,1.3501037733250492,6.92728653986462,-2.6587337083865035,4,fewer_than_three_discovery_events;dominated_by_one_discovery_event;long_relative_to_circular_transit;low_nominal_training_snr;not_recovered_in_final_holdout;inconsistent_holdout_depth_signs,
219773818,1,16.27799719723922,1693.887589357195,0.124215,0.001397011717733592,0.6203791596203461,0.3284103706213388,7.582189531711644,-2.137658326136636,6,long_relative_to_circular_transit;not_recovered_in_final_holdout;inconsistent_holdout_depth_signs,
219773818,2,13.160866703581844,1694.348276857195,0.29575,0.000884667810774232,0.4936819950255811,0.4360190872107629,8.086859993423577,0.6152293768926069,11,outside_initial_small_planet_radius_range;long_relative_to_circular_transit;not_recovered_in_final_holdout;inconsistent_holdout_depth_signs,
219773818,3,6.5495530546968626,1684.539386857195,0.17198999999999998,0.0007294041571937035,0.44827166974513344,1.105611641006706,6.521858249684851,-0.06142713125483034,19,outside_initial_small_planet_radius_range;long_relative_to_circular_transit;low_nominal_training_snr;not_recovered_in_final_holdout;inconsistent_holdout_depth_signs,
219773818,4,4.800999803448213,1684.9086193571952,0.124215,0.0008536561207342037,0.4849518886102331,1.6727944201425813,7.370271020316965,-1.6777046468198082,25,outside_initial_small_planet_radius_range;outside_nominal_optimistic_hz;long_relative_to_circular_transit;not_recovered_in_final_holdout;inconsistent_holdout_depth_signs,
219775481,1,13.93318396367444,1689.8380656658087,0.238875,0.000960941685636158,0.4603636374505264,0.45006264011021957,7.6262882121814695,1.1494725629466838,8,outside_initial_small_planet_radius_range;long_relative_to_circular_transit;not_recovered_in_final_holdout,
219775481,2,12.974452500878526,1686.9196956658088,0.124215,0.0009128250110883007,0.4486898669374174,0.494942488870106,5.875017329032505,-0.9626782796380658,13,outside_initial_small_planet_radius_range;long_relative_to_circular_transit;low_nominal_training_snr;not_recovered_in_final_holdout;inconsistent_holdout_depth_signs,
219775481,3,26.43460927871788,1695.9009406658088,0.08599499999999999,0.002608381267078478,0.758469344595267,0.1916209244267045,5.943327644516216,-0.5944276328467784,3,outside_nominal_optimistic_hz;low_nominal_training_snr;not_recovered_in_final_holdout;inconsistent_holdout_depth_signs,
219775481,4,20.78870568176896,1686.318961499142,0.024499999999999997,0.002558750757298427,0.7512188695228561,0.2639794932636857,5.494483049734628,-0.9934058792018486,5,low_nominal_training_snr;not_recovered_in_final_holdout,
219881072,1,26.166839015246687,1735.2750904813342,0.238875,0.0009485590819513398,0.5515560199872541,0.21206648356194588,5.66463779943393,-3.8700827115177314,3,dominated_by_one_discovery_event;long_relative_to_circular_transit;low_nominal_training_snr;not_recovered_in_final_holdout;inconsistent_holdout_depth_signs,
219881072,2,7.131100682019088,1715.0457904813343,0.08599499999999999,0.0008540872146579726,0.5233696640955157,1.2002313349070493,5.824840206910095,-1.3221765397886351,21,long_relative_to_circular_transit;low_nominal_training_snr;not_recovered_in_final_holdout;inconsistent_holdout_depth_signs,
219881072,3,29.51530798349449,1738.4316529813343,0.29575,0.0010337612037635243,0.5757945508401924,0.18061090107840058,5.6883582766317256,-1.1116983836511107,6,outside_nominal_optimistic_hz;long_relative_to_circular_transit;low_nominal_training_snr;not_recovered_in_final_holdout;inconsistent_holdout_depth_signs,
219881072,4,14.36571480143217,1725.6188529813344,0.03822,0.001964388708153133,0.7937269935820053,0.47174147949735584,5.39801382143095,0.20763539196135467,10,low_nominal_training_snr;not_recovered_in_final_holdout,
219884888,1,42.39021080561833,1714.2651954709636,0.29575,0.000804399245282034,0.6627705284881857,0.23903529463138876,12.019943168138568,-0.3230563791902801,3,odd_even_discrepancy;long_relative_to_circular_transit;not_recovered_in_final_holdout;inconsistent_holdout_depth_signs,
219884888,2,9.57348412003673,1689.5429454709636,0.24499999999999997,0.00031017103272007934,0.4115550917462931,1.7380253422672354,8.549370657952688,-0.04482154308847944,13,odd_even_discrepancy;outside_initial_small_planet_radius_range;outside_nominal_optimistic_hz;long_relative_to_circular_transit;not_recovered_in_final_holdout,
219884888,3,34.80309488054059,1711.5863829709635,0.238875,0.0005433446249212797,0.5447096242086297,0.310927388331333,7.840992491237526,0.6409139538163724,3,long_relative_to_circular_transit;not_recovered_in_final_holdout,
219884888,4,43.92324911102782,1708.2241604709636,0.17198999999999998,0.0006150453651917318,0.5795366902339867,0.22797655588022883,7.07670761487199,0.06006122351664844,2,long_relative_to_circular_transit;not_recovered_in_final_holdout;inconsistent_holdout_depth_signs,
22007699,1,10.066256571940725,1906.2395974576775,0.22931999999999997,0.004104858212086991,1.0214462628458452,0.5631330130627246,7.265280939344857,0.4469852989995708,1,dominated_by_one_discovery_event;odd_even_discrepancy;long_relative_to_circular_transit;insufficient_holdout_events,
22007699,2,5.544244288875175,1901.4115924576777,0.17198999999999998,0.0020624126651427547,0.7240261082278323,1.2473217784678006,3.868214961441843,-1.568408736726134,2,long_relative_to_circular_transit;low_nominal_training_snr;not_recovered_in_final_holdout;inconsistent_holdout_depth_signs,
22413602,1,6.423550320562978,2010.5406427076382,0.124215,0.005073947921369107,1.104523434899357,0.8437852718283757,6.401510986291966,-0.9693227703103637,2,long_relative_to_circular_transit;low_nominal_training_snr;not_recovered_in_final_holdout;inconsistent_holdout_depth_signs,
22413602,2,9.310393961286621,2016.7129452076383,0.16562,0.004748822154810976,1.0685500890600272,0.5144083827232644,5.6907080369189105,-2.117861941446936,1,long_relative_to_circular_transit;low_nominal_training_snr;insufficient_holdout_events,
22413602,3,5.257662353678349,2010.8725302076382,0.0441,0.006993323531249615,1.2967126343497994,1.1020683367055581,5.534843398520906,-0.8729148874806975,4,low_nominal_training_snr;not_recovered_in_final_holdout;inconsistent_holdout_depth_signs,
22413602,4,4.801468591235405,2013.2260527076382,0.124215,0.003963594734196662,0.9762174209478542,1.2438461273850365,5.8016038192807295,-1.4417707217576095,4,long_relative_to_circular_transit;low_nominal_training_snr;not_recovered_in_final_holdout;inconsistent_holdout_depth_signs,
224289450,1,14.953272255329681,1719.6880610905841,0.170625,0.00985467276745476,2.504071189741683,0.9717590034345475,9.98950650015426,-1.2896184567578586,2,fewer_than_three_discovery_events;outside_initial_small_planet_radius_range;long_relative_to_circular_transit;not_recovered_in_final_holdout;inconsistent_holdout_depth_signs,
224289450,2,20.612122871042,1720.4356260905843,0.08599499999999999,0.010496162780276886,2.5842876154451453,0.6334464846701775,7.54730151276689,-0.06449583622380521,1,fewer_than_three_discovery_events;dominated_by_one_discovery_event;outside_initial_small_planet_radius_range;insufficient_holdout_events,
224289450,3,17.17228153176559,1716.6414569239175,0.03266666666666666,0.011159407210598654,2.6646865533128317,0.8080462653103108,7.407382722356612,0.3673424456330005,1,dominated_by_one_discovery_event;outside_initial_small_planet_radius_range;insufficient_holdout_events,
224289450,4,15.30624201203705,1714.873933590584,0.07643999999999998,0.008633216790929684,2.343753270126584,0.941995423417705,6.928750148227057,0.919855019560179,2,fewer_than_three_discovery_events;dominated_by_one_discovery_event;outside_initial_small_planet_radius_range;low_nominal_training_snr;not_recovered_in_final_holdout;inconsistent_holdout_depth_signs,
22535327,1,3.2781456505612394,1492.8107557853436,0.29575,0.0019362844871033773,0.518945710215217,1.4679510084395377,15.10082385041658,0.20821690952996846,23,long_relative_to_circular_transit;not_recovered_in_final_holdout;inconsistent_holdout_depth_signs,
22535327,2,3.2578332805862282,1494.6990057853436,0.29575,0.0021040687460569477,0.5409626812008214,1.4801671057369805,15.33201848568084,-2.531049384641265,22,long_relative_to_circular_transit;not_recovered_in_final_holdout;inconsistent_holdout_depth_signs,
22535327,3,3.295253167986087,1494.085950271856,0.29575,0.0018562161958378927,0.5081028396592964,1.457798528790781,11.602900899104407,-5.279061930330915,21,long_relative_to_circular_transit;not_recovered_in_final_holdout;inconsistent_holdout_depth_signs,
22535327,4,3.2716796546478575,1492.334200271856,0.29575,0.00198986167035854,0.5260763599083939,1.4718205357633025,12.953648757623133,0.9614241412299714,21,long_relative_to_circular_transit;not_recovered_in_final_holdout,
22872366,1,6.91154171461465,1794.4601168277668,0.05095999999999999,0.007145514459930873,1.1261342563217562,0.7319659682612878,6.97486964809261,-0.12891847593497177,1,low_nominal_training_snr;insufficient_holdout_events,
229152539,1,13.504017321509378,1358.3984717593746,0.170625,0.0004589604175824554,0.5076459638980868,0.86929541860749,9.506540113445595,0.34685724975129717,2,long_relative_to_circular_transit;not_recovered_in_final_holdout;inconsistent_holdout_depth_signs,
229152539,2,26.57720020175633,1380.7828792593748,0.05095999999999999,0.000713734367522525,0.6330552667052851,0.3524566713845187,5.641809580844727,1.1162580776166833,3,dominated_by_one_discovery_event;low_nominal_training_snr;not_recovered_in_final_holdout,
229152539,3,12.912366773361246,1356.122300045648,0.017499999999999998,0.0008606293012521454,0.69515457557429,0.9228056278368658,5.449961043141987,-0.7222290290117079,3,low_nominal_training_snr;not_recovered_in_final_holdout;inconsistent_holdout_depth_signs,
229152539,4,11.988809143849014,1365.8759892123146,0.124215,0.00036442986970513646,0.45235594726743045,1.0187868029420002,6.223186155504363,0.02129403594358463,8,outside_initial_small_planet_radius_range;long_relative_to_circular_transit;low_nominal_training_snr;not_recovered_in_final_holdout;inconsistent_holdout_depth_signs,
229157898,1,14.370655619856423,1365.6013889120225,0.124215,0.001393617757905728,0.7256136198432356,0.6327547852809186,6.8299531618842355,-0.14835561427264723,4,dominated_by_one_discovery_event;long_relative_to_circular_transit;low_nominal_training_snr;not_recovered_in_final_holdout,
229157898,2,7.839550189406566,1361.1285114120226,0.05095999999999999,0.0012671917752414008,0.6919182135412397,1.4195456214910793,5.261325223135601,0.3531433431286544,8,low_nominal_training_snr;not_recovered_in_final_holdout;inconsistent_holdout_depth_signs,
229157898,3,6.795273115325109,1355.7468880786892,0.024499999999999997,0.001744374931124335,0.8118083395312459,1.7176248928252844,5.907032630513322,-0.6412177441012056,9,outside_nominal_optimistic_hz;low_nominal_training_snr;not_recovered_in_final_holdout;inconsistent_holdout_depth_signs,
229157898,4,12.90736757589649,1355.3864114120224,0.07643999999999998,0.0014483905042310195,0.7397354377742603,0.7301643813655851,5.863585802733473,0.17853620045679805,4,dominated_by_one_discovery_event;low_nominal_training_snr;not_recovered_in_final_holdout;inconsistent_holdout_depth_signs,
229404121,1,6.737074989496506,1684.8151432503169,0.29575,0.0015803290723556847,0.6077365949743895,1.0406575697944247,8.588972142110617,-1.1347918664262737,16,long_relative_to_circular_transit;not_recovered_in_final_holdout;inconsistent_holdout_depth_signs,
229404121,2,13.514441980450421,1694.6943307503168,0.238875,0.003295645442226641,0.8776308172418456,0.4113443458750107,7.825271270819104,0.5486822242755807,8,long_relative_to_circular_transit;not_recovered_in_final_holdout;inconsistent_holdout_depth_signs,
229404121,3,12.263555311615471,1695.304258250317,0.22931999999999997,0.0020704316615132866,0.6956200217435058,0.4682177036586149,6.972394869788241,-2.3862715946413284,12,long_relative_to_circular_transit;low_nominal_training_snr;not_recovered_in_final_holdout;inconsistent_holdout_depth_signs,
229404121,4,14.136484689174617,1687.966018250317,0.29575,0.002270434179022536,0.7284438506652564,0.3873894478371296,6.598013779377372,0.3733242586291134,8,long_relative_to_circular_transit;low_nominal_training_snr;not_recovered_in_final_holdout;inconsistent_holdout_depth_signs,
229565468,1,12.56750787958884,1957.5897540542812,0.29575,0.0021839287256748964,0.9032460779849317,0.679920458083745,6.528531193822159,0.0,0,dominated_by_one_discovery_event;long_relative_to_circular_transit;low_nominal_training_snr;insufficient_holdout_events,
229565468,2,20.520437929082632,1967.9523790542812,0.29575,0.001917540082483676,0.8463676971535042,0.3536238085888924,3.8625848062974524,0.0,0,dominated_by_one_discovery_event;long_relative_to_circular_transit;low_nominal_training_snr;insufficient_holdout_events,
229575381,1,21.49269851577498,1968.2140854365948,0.29575,0.00043111935894884134,0.5509581653008289,0.6101557136743128,7.00692229531333,3.2214915231187486,1,fewer_than_three_discovery_events;dominated_by_one_discovery_event;long_relative_to_circular_transit;insufficient_holdout_events,
229647609,1,13.548809221840154,1691.334769820295,0.17198999999999998,0.0018992871051083454,0.6043835267344814,0.27850405433683717,7.1133701074556335,1.4768116070729396,9,long_relative_to_circular_transit;not_recovered_in_final_holdout,
229647609,2,13.392592188906272,1696.0808748202949,0.11465999999999998,0.0022697584673919483,0.6607042967844224,0.28284391019637084,5.757795173642511,0.5489391727453098,7,long_relative_to_circular_transit;low_nominal_training_snr;not_recovered_in_final_holdout;inconsistent_holdout_depth_signs,
229647609,3,4.308963060352033,1685.769209820295,0.29575,0.0007061361838055441,0.36852040672238384,1.2829291231174993,5.816302717301285,-0.828047577204139,31,outside_initial_small_planet_radius_range;long_relative_to_circular_transit;low_nominal_training_snr;not_recovered_in_final_holdout;inconsistent_holdout_depth_signs,
229647609,4,14.6913251162113,1691.4965223202948,0.08599499999999999,0.002384366690084313,0.6771795457547787,0.2500067487866011,5.752486479099891,0.9951710768305234,9,long_relative_to_circular_transit;low_nominal_training_snr;not_recovered_in_final_holdout;inconsistent_holdout_depth_signs,
230437453,1,21.879582816914787,1698.3938011801408,0.238875,0.0011182781036473688,0.6280828649138281,0.3249701791756734,7.072405728028951,-0.5380421219256419,1,fewer_than_three_discovery_events;dominated_by_one_discovery_event;long_relative_to_circular_transit;insufficient_holdout_events,
230437453,2,8.514854808430709,1686.2933036801408,0.03822,0.001483937606270374,0.7235188579573458,1.1437362776220912,5.336037878804576,1.7594568607159378,2,low_nominal_training_snr;not_recovered_in_final_holdout,
230437453,3,21.66780826480183,1688.2416136801407,0.29575,0.0007239439184725466,0.5053525910344848,0.329211941933425,5.009580322297194,-0.34979390964602963,1,long_relative_to_circular_transit;low_nominal_training_snr;insufficient_holdout_events,
231008047,1,6.761235467144737,1355.2199243516188,0.18374999999999997,0.002348410019977136,0.7038047459738248,0.9527066072177099,5.592179301704383,2.0955482758431154,2,long_relative_to_circular_transit;low_nominal_training_snr;not_recovered_in_final_holdout,
231008047,2,12.241763774525943,1363.0992993516188,0.017499999999999998,0.008810576882348504,1.3632245586606568,0.43171976504609133,5.101625669915746,1.5024236560657958,1,fewer_than_three_discovery_events;dominated_by_one_discovery_event;low_nominal_training_snr;insufficient_holdout_events,
231008047,3,7.688950280275639,1360.773689351619,0.05095999999999999,0.005237091501139845,1.0510183768750416,0.8026099171654822,5.493368082929723,0.6046538558114006,4,low_nominal_training_snr;not_recovered_in_final_holdout,
231008047,4,10.032993603371098,1354.645294351619,0.04094999999999999,0.005144860655943578,1.0417224822447326,0.5628852623369873,4.829540564134911,-1.8670384401692204,2,low_nominal_training_snr;not_recovered_in_final_holdout;inconsistent_holdout_depth_signs,
231057252,1,16.634016949180857,1363.5736007286112,0.238875,0.002370460757687437,0.8293819340923311,0.3613410685854705,6.972546661526758,0.06544593986530033,2,long_relative_to_circular_transit;low_nominal_training_snr;not_recovered_in_final_holdout;inconsistent_holdout_depth_signs,The 6.08246-day trial is an approximately 28-fold alias of rapid 5.213-hour variability; it also fails the later timing-refined holdout.
231057252,2,5.069526503258308,1357.5076632286111,0.24499999999999997,0.0013342154269013345,0.6222303135547665,1.7618015197943868,6.2027819296109845,-2.4890581924526405,4,outside_nominal_optimistic_hz;long_relative_to_circular_transit;low_nominal_training_snr;not_recovered_in_final_holdout;inconsistent_holdout_depth_signs,The 6.08246-day trial is an approximately 28-fold alias of rapid 5.213-hour variability; it also fails the later timing-refined holdout.
231057252,3,10.591849656753618,1359.1123257286113,0.088725,0.0028395501093577335,0.9077430963199663,0.659605751555563,5.745594640793902,1.4982547068454537,2,long_relative_to_circular_transit;low_nominal_training_snr;not_recovered_in_final_holdout,The 6.08246-day trial is an approximately 28-fold alias of rapid 5.213-hour variability; it also fails the later timing-refined holdout.
231057252,4,15.12019813443648,1358.0332932286112,0.03822,0.004962984772557015,1.200078506224719,0.4103648946141973,5.56121900407514,0.14443260801527924,2,low_nominal_training_snr;not_recovered_in_final_holdout;inconsistent_holdout_depth_signs,The 6.08246-day trial is an approximately 28-fold alias of rapid 5.213-hour variability; it also fails the later timing-refined holdout.
231733039,1,14.906501727005418,1415.0886216124409,0.238875,0.0008954973330519421,0.4411431141350413,0.30062271073038627,9.25847081490176,0.9275594254247799,10,dominated_by_one_discovery_event;outside_initial_small_planet_radius_range;long_relative_to_circular_transit;not_recovered_in_final_holdout,
231733039,2,19.534313084693043,1414.3181841124408,0.1764,0.0009498211708848083,0.45432671956316995,0.20963248093870562,6.914528141566173,-0.7404628473888992,7,dominated_by_one_discovery_event;odd_even_discrepancy;outside_initial_small_planet_radius_range;long_relative_to_circular_transit;low_nominal_training_snr;not_recovered_in_final_holdout;inconsistent_holdout_depth_signs,
231733039,3,15.425995542864513,1416.698184112441,0.29575,0.000604538268271217,0.36245930641928037,0.2872004818011044,6.126471876587679,-0.89962761609681,9,outside_initial_small_planet_radius_range;long_relative_to_circular_transit;low_nominal_training_snr;not_recovered_in_final_holdout;inconsistent_holdout_depth_signs,
231733039,4,6.50578279172332,1415.7995591124409,0.29575,0.0004667392100445396,0.31848171239734796,0.9080784170982293,7.465280979761705,-1.5852159179976464,20,outside_initial_small_planet_radius_range;long_relative_to_circular_transit;not_recovered_in_final_holdout;inconsistent_holdout_depth_signs,
231815113,1,27.377673053157935,1339.392943962549,0.29575,0.0040095499376811014,1.140894129341708,0.1933673456636686,23.209956865540025,-0.7943790421028732,8,dominated_by_one_discovery_event;odd_even_discrepancy;outside_nominal_optimistic_hz;long_relative_to_circular_transit;not_recovered_in_final_holdout;inconsistent_holdout_depth_signs,
231815113,2,13.578606363853643,1329.712818962549,0.29575,0.0012199134549676545,0.6293062466160252,0.49253630510346474,10.698572831048745,2.0249954296714363,5,long_relative_to_circular_transit;not_recovered_in_final_holdout,
231815113,3,17.92604171203782,1328.5184439625489,0.29575,0.0011093779018470822,0.6001188762358479,0.34009426561657985,8.817443984383397,-2.4672065226734685,10,long_relative_to_circular_transit;not_recovered_in_final_holdout,
231815113,4,21.68576737175631,1338.283881462549,0.238875,0.0011651448374785643,0.6150175226967564,0.2638429251563949,6.832316293716399,0.5606674419886652,8,long_relative_to_circular_transit;low_nominal_training_snr;not_recovered_in_final_holdout;inconsistent_holdout_depth_signs,
231917352,1,34.22250501087819,1468.569601081711,0.29575,0.00038687154925068183,0.6013883564597763,0.4475469554216385,8.968207129794518,2.1224049852058395,2,fewer_than_three_discovery_events;long_relative_to_circular_transit;not_recovered_in_final_holdout,
231917352,2,13.122702081779037,1439.5865560817108,0.22931999999999997,0.00022982942926855606,0.46352636169464845,1.606534201078935,7.659239265564,-1.584852152442194,8,dominated_by_one_discovery_event;outside_initial_small_planet_radius_range;outside_nominal_optimistic_hz;long_relative_to_circular_transit;not_recovered_in_final_holdout;inconsistent_holdout_depth_signs,
231917352,3,16.64221863506023,1441.103526081711,0.12739999999999999,0.0003181304568240668,0.5453486516019375,1.170323800209542,6.930316212780216,0.9614121669126666,5,low_nominal_training_snr;not_recovered_in_final_holdout,
231917352,4,12.033069807286859,1443.468616081711,0.22931999999999997,0.00018733527099647275,0.41848644503396576,1.803373788960263,6.156619322242633,-1.1899721554638727,7,outside_initial_small_planet_radius_range;outside_nominal_optimistic_hz;long_relative_to_circular_transit;low_nominal_training_snr;not_recovered_in_final_holdout;inconsistent_holdout_depth_signs,
231973593,1,6.124726177319567,1441.4879152680346,0.17198999999999998,0.0009726652046442672,0.42570160815591823,0.990902799507096,6.006171217587834,-1.0331588418754667,17,outside_initial_small_planet_radius_range;long_relative_to_circular_transit;low_nominal_training_snr;not_recovered_in_final_holdout;inconsistent_holdout_depth_signs,
231973593,2,22.681483973561228,1438.9790452680347,0.057329999999999985,0.0029580217927758262,0.7423766189991613,0.17294897964558914,5.810984793454211,0.163042339054905,5,outside_nominal_optimistic_hz;low_nominal_training_snr;not_recovered_in_final_holdout,
231973593,3,18.07525577835344,1454.2884302680347,0.03822,0.00378389603909019,0.8396401522207037,0.23408164248300492,5.7938723741735485,1.314601742035861,5,low_nominal_training_snr;not_recovered_in_final_holdout,
231973593,4,10.167041608382691,1443.898423601368,0.024499999999999997,0.003875143072916564,0.8497036260285951,0.5041430955369762,6.711022754777468,1.5531977639325498,10,low_nominal_training_snr;not_recovered_in_final_holdout,
232048036,1,14.437053486863958,1480.128575670892,0.29575,0.02407699154349238,2.5246487631971433,0.41223544243777066,14.018448813023356,4.792543592201676,4,odd_even_discrepancy;outside_initial_small_planet_radius_range;long_relative_to_circular_transit;not_recovered_in_final_holdout,
232048036,2,13.358226547185168,1472.3053056708918,0.17198999999999998,0.023535375543538604,2.4960910464085844,0.4572127603188116,11.824236939304056,-0.23405234974712696,4,outside_initial_small_planet_radius_range;long_relative_to_circular_transit;not_recovered_in_final_holdout;inconsistent_holdout_depth_signs,
232048036,3,10.517274017790685,1478.1038256708919,0.29575,0.017345557793201315,2.1428609534422667,0.6288964787098006,10.793730028883644,-0.41706351879517106,4,outside_initial_small_planet_radius_range;long_relative_to_circular_transit;not_recovered_in_final_holdout;inconsistent_holdout_depth_signs,
232048036,4,17.355867530992573,1484.5591381708919,0.238875,0.023361866991576406,2.4868731285691945,0.32249400548205276,10.744457955121034,7.584316284272747,2,outside_initial_small_planet_radius_range;long_relative_to_circular_transit,
232607684,1,16.313568491087803,1693.5279788198934,0.22931999999999997,0.0014228752283391643,0.46133352911989683,0.17917925776697055,6.681286459713238,0.13510338598852378,8,outside_initial_small_planet_radius_range;outside_nominal_optimistic_hz;long_relative_to_circular_transit;low_nominal_training_snr;not_recovered_in_final_holdout,
232607684,2,6.854012847634086,1689.7073438198936,0.29575,0.0008208509660630881,0.3503997335564563,0.5694118161830729,6.240676475313944,-0.5420758537487456,21,outside_initial_small_planet_radius_range;long_relative_to_circular_transit;low_nominal_training_snr;not_recovered_in_final_holdout;inconsistent_holdout_depth_signs,
232607684,3,16.854420084649554,1690.7652188198936,0.03822,0.0033204491128050744,0.7047417894976241,0.17155416847462568,5.56998426326463,-0.24261521707864148,6,outside_nominal_optimistic_hz;low_nominal_training_snr;not_recovered_in_final_holdout;inconsistent_holdout_depth_signs,
232607684,4,17.141398706914234,1700.3911988198936,0.22931999999999997,0.0013402106485188847,0.44773200770186233,0.16773538319721662,5.891462168379502,-0.31140859904575374,5,outside_initial_small_planet_radius_range;outside_nominal_optimistic_hz;long_relative_to_circular_transit;low_nominal_training_snr;not_recovered_in_final_holdout;inconsistent_holdout_depth_signs,
232612888,1,26.204820814616998,1709.2208643736867,0.238875,0.001072976332591961,0.5794602821860226,0.24708858908610085,7.434366498869519,-0.7992986297868124,4,long_relative_to_circular_transit;not_recovered_in_final_holdout;inconsistent_holdout_depth_signs,
232612888,2,26.126126925078253,1683.9508468736867,0.03822,0.003704393083502881,1.0766812118050364,0.24808141985066307,7.02385803785868,0.09357896093783216,5,dominated_by_one_discovery_event;not_recovered_in_final_holdout;inconsistent_holdout_depth_signs,
232612888,3,15.9482463612685,1691.0379268736867,0.29575,0.0007499174828365889,0.48443480873087974,0.47908256666159194,7.071454920526294,-0.47674816202269943,8,outside_initial_small_planet_radius_range;long_relative_to_circular_transit;not_recovered_in_final_holdout;inconsistent_holdout_depth_signs,
232612888,4,13.76858362639986,1691.8391818736868,0.057329999999999985,0.0013446739622407515,0.648689846144756,0.5827853058761076,6.417070623606738,0.48343154119160037,11,low_nominal_training_snr;not_recovered_in_final_holdout,
232970271,1,9.42263906437654,1685.860114158772,0.29575,0.0018440509874804278,0.5064351088888207,0.3453915243304345,7.761002165350863,0.07833562667181769,10,dominated_by_one_discovery_event;long_relative_to_circular_transit;not_recovered_in_final_holdout;inconsistent_holdout_depth_signs,
232970271,2,6.984247739489536,1683.6565491587721,0.11465999999999998,0.0025741406552651524,0.598347499078527,0.5148913183108672,6.430964890161764,0.5437063075716098,18,long_relative_to_circular_transit;low_nominal_training_snr;not_recovered_in_final_holdout;inconsistent_holdout_depth_signs,
232970271,3,8.175605288428251,1689.4223091587721,0.16562,0.002380297807524362,0.5753776545316818,0.4173642016444324,6.7558246208876085,1.4126565446412531,13,long_relative_to_circular_transit;low_nominal_training_snr;not_recovered_in_final_holdout,
232970271,4,6.564702918715522,1684.808609158772,0.16562,0.0020395202622085487,0.5326002370546847,0.559227235346225,6.578230430416578,1.446644421992987,15,long_relative_to_circular_transit;low_nominal_training_snr;not_recovered_in_final_holdout,
232981773,1,34.86505518332018,1723.2103821013138,0.29575,0.002415227725539786,0.8801090333537369,0.17560217477334408,7.391831141180877,-1.512920467462108,2,fewer_than_three_discovery_events;outside_nominal_optimistic_hz;long_relative_to_circular_transit;not_recovered_in_final_holdout;inconsistent_holdout_depth_signs,
232981773,2,28.168992154898937,1715.1000071013138,0.29575,0.0017669070505636581,0.7527734402430795,0.2333576025425483,6.620471204544806,-0.43229177069513886,4,fewer_than_three_discovery_events;dominated_by_one_discovery_event;long_relative_to_circular_transit;low_nominal_training_snr;not_recovered_in_final_holdout;inconsistent_holdout_depth_signs,
232981773,3,29.81813583930603,1736.4224446013138,0.238875,0.002042585428798002,0.8093708343310502,0.21630989222143687,5.748685090042444,-1.6627421828364937,3,fewer_than_three_discovery_events;long_relative_to_circular_transit;low_nominal_training_snr;not_recovered_in_final_holdout;inconsistent_holdout_depth_signs,
232981773,4,21.20930277651376,1721.4131321013137,0.29575,0.0017978445340271609,0.7593351478752047,0.34068146812967387,7.293527224986978,1.3599968705656016,4,long_relative_to_circular_transit;not_recovered_in_final_holdout;inconsistent_holdout_depth_signs,
233049114,1,16.30889350633465,1696.1454118971053,0.29575,0.0015324382299967824,0.6369294721260867,0.40348128811762957,6.735705006354709,1.1006284653498353,11,long_relative_to_circular_transit;low_nominal_training_snr;not_recovered_in_final_holdout,
233049114,2,8.961580251436052,1689.4225593971053,0.08599499999999999,0.0019003005955621586,0.7092690487377262,0.8964854874117683,6.454419311986374,-0.6404906034030382,19,long_relative_to_circular_transit;low_nominal_training_snr;not_recovered_in_final_holdout;inconsistent_holdout_depth_signs,
233049114,3,26.59218937665707,1708.8967868971054,0.29575,0.0020440654166129497,0.7356093681270099,0.21024092947191098,5.878056496199643,-0.5969714894072204,6,dominated_by_one_discovery_event;long_relative_to_circular_transit;low_nominal_training_snr;not_recovered_in_final_holdout;inconsistent_holdout_depth_signs,
233049114,4,23.92039226205398,1693.1065368971053,0.017499999999999998,0.006322820546693421,1.2937646605815494,0.2421205572962445,5.965572806652252,1.222349236862576,3,dominated_by_one_discovery_event;low_nominal_training_snr;not_recovered_in_final_holdout,
233068870,1,26.68289928130274,1708.5443386615682,0.29575,0.0009658686450719578,0.5565657404700136,0.2074272772653208,24.136346874061992,-0.3539098923000198,5,odd_even_discrepancy;long_relative_to_circular_transit;not_recovered_in_final_holdout,
233068870,2,25.543501602126874,1684.690963661568,0.29575,0.0006458846656456301,0.4551294337218398,0.21985481438278426,18.26138965619042,-1.1101698799750566,7,outside_initial_small_planet_radius_range;long_relative_to_circular_transit;not_recovered_in_final_holdout;inconsistent_holdout_depth_signs,
233068870,3,27.557362616101408,1691.6524636615682,0.29575,0.0007548634639019747,0.49203006264400456,0.1986977829506402,18.405949539912292,-1.2254269374730975,5,odd_even_discrepancy;outside_initial_small_planet_radius_range;outside_nominal_optimistic_hz;long_relative_to_circular_transit;not_recovered_in_final_holdout;inconsistent_holdout_depth_signs,
233068870,4,18.037049681948236,1690.1054636615681,0.29575,0.00044735662984976457,0.37877767575302673,0.34964116121058536,15.540157303316251,5.149848592600691,8,outside_initial_small_planet_radius_range;long_relative_to_circular_transit,
233463911,1,11.33495807746025,1748.9285914352076,0.088725,0.0019817496650542323,0.8458380788349016,0.7662514706071766,4.549448757447706,0.9886550056441349,3,long_relative_to_circular_transit;low_nominal_training_snr;not_recovered_in_final_holdout,
233640927,1,6.209534328999426,1740.1461202281268,0.29575,0.001478385701177988,0.6927737265482716,1.7026720072333563,13.680957360759738,-6.493625773855242,7,outside_nominal_optimistic_hz;long_relative_to_circular_transit;not_recovered_in_final_holdout;inconsistent_holdout_depth_signs,
233640927,2,6.203772140265687,1742.2391202281267,0.29575,0.0014976483691534956,0.697272377502503,1.704780968408607,13.27427916014745,1.7464394031958472,7,outside_nominal_optimistic_hz;long_relative_to_circular_transit;not_recovered_in_final_holdout;inconsistent_holdout_depth_signs,
233640927,3,6.209654048391206,1744.2411202281266,0.29575,0.0015041018745662734,0.6987730681861718,1.7026282383533686,11.507916982203032,-3.156227198138827,5,outside_nominal_optimistic_hz;long_relative_to_circular_transit;not_recovered_in_final_holdout;inconsistent_holdout_depth_signs,
233640927,4,6.308213411130313,1740.2598702281268,0.29575,0.0012742738403568623,0.6431746454055611,1.667251829913399,7.70798616685693,5.780023700813763,4,outside_nominal_optimistic_hz;long_relative_to_circular_transit,
234526939,1,16.083538703207072,1338.3044397660392,0.29575,0.001401953843702754,0.7155145907126244,0.511121288446478,25.83250266469836,0.9210132740205617,6,odd_even_discrepancy;long_relative_to_circular_transit;not_recovered_in_final_holdout;inconsistent_holdout_depth_signs,
234526939,2,26.730220090278454,1340.2381897660393,0.29575,0.0020072951239000253,0.8561645689456202,0.2596346999072078,23.352272812447545,-8.028058568865417,4,fewer_than_three_discovery_events;dominated_by_one_discovery_event;long_relative_to_circular_transit;not_recovered_in_final_holdout;inconsistent_holdout_depth_signs,
234526939,3,9.697841822075372,1330.0746272660392,0.238875,0.0005885857300169159,0.46361395586186455,1.0033812616998812,11.749006041611699,-2.6245434668497336,8,outside_initial_small_planet_radius_range;long_relative_to_circular_transit;not_recovered_in_final_holdout;inconsistent_holdout_depth_signs,
234526939,4,15.89009534053346,1336.6778147660393,0.29575,0.0006016529817463655,0.46873207515282184,0.519434483072829,10.25124139318094,-5.542877791417148,2,fewer_than_three_discovery_events;dominated_by_one_discovery_event;outside_initial_small_planet_radius_range;long_relative_to_circular_transit;not_recovered_in_final_holdout;inconsistent_holdout_depth_signs,
235711434,1,15.516913365082221,1684.4503627537051,0.124215,0.0017208839369680432,0.6024777589557876,0.24854822915764274,6.1127913911493925,-0.6709933695120766,8,long_relative_to_circular_transit;low_nominal_training_snr;not_recovered_in_final_holdout;inconsistent_holdout_depth_signs,
235711434,2,4.25582682680812,1684.7222252537051,0.29575,0.0006898069744079108,0.38144244654133286,1.3947804666210106,6.771947442761727,1.9636815633316953,32,outside_initial_small_planet_radius_range;long_relative_to_circular_transit;low_nominal_training_snr;not_recovered_in_final_holdout;inconsistent_holdout_depth_signs,
235711434,3,4.385052622510948,1685.575350253705,0.29575,0.0005799908250768617,0.3497645504318839,1.3402465803498007,5.438107526152314,-1.3401939282158126,33,outside_initial_small_planet_radius_range;long_relative_to_circular_transit;low_nominal_training_snr;not_recovered_in_final_holdout;inconsistent_holdout_depth_signs,
235711434,4,14.469056801524555,1687.1526835870384,0.024499999999999997,0.0045528139311206,0.9799528481363889,0.2728333726696188,6.118640048523046,0.16908865363911357,8,low_nominal_training_snr;not_recovered_in_final_holdout,
23580752,1,12.719162880812634,1544.6701206555251,0.29575,0.0018157613560918313,0.8701308744535801,0.8660198786146803,11.544243183932211,-1.2288696553404992,4,fewer_than_three_discovery_events;dominated_by_one_discovery_event;long_relative_to_circular_transit;not_recovered_in_final_holdout;inconsistent_holdout_depth_signs,
23580752,2,15.364069176999172,1555.1986985406297,0.22931999999999997,0.001128198119352615,0.6858795907145935,0.6731795187442933,6.925344486360923,-1.2235457524104212,4,fewer_than_three_discovery_events;dominated_by_one_discovery_event;long_relative_to_circular_transit;low_nominal_training_snr;not_recovered_in_final_holdout;inconsistent_holdout_depth_signs,
23580752,3,13.855915453994397,1557.7205360406297,0.238875,0.001024205625062636,0.653504786198648,0.7726075240169588,6.814505215601662,1.0483151959484776,2,fewer_than_three_discovery_events;dominated_by_one_discovery_event;long_relative_to_circular_transit;low_nominal_training_snr;not_recovered_in_final_holdout;inconsistent_holdout_depth_signs,
23580752,4,19.79734424010459,1553.7108485406297,0.03822,0.0018293301494988893,0.87337597353305,0.4800980991499948,5.696429906249233,0.8511585054379835,4,low_nominal_training_snr;not_recovered_in_final_holdout,
236391010,1,25.15740582634125,1958.0670735123476,0.29575,0.011839638328508786,1.8773268548538058,0.23215980792015833,13.076467930017184,2.6564731125365406,1,fewer_than_three_discovery_events;dominated_by_one_discovery_event;long_relative_to_circular_transit;insufficient_holdout_events,
236391010,2,23.309476129168395,1971.6715735123475,0.29575,0.010133404111823435,1.7367941829790499,0.25701876113704525,11.566372839133656,-1.3672581836125162,1,fewer_than_three_discovery_events;dominated_by_one_discovery_event;long_relative_to_circular_transit;insufficient_holdout_events,
236391010,3,13.04169546567015,1959.7619485123475,0.29575,0.0019108836905211537,0.7542022115950041,0.5574801867026589,6.538632267649797,-0.3144800936250584,2,long_relative_to_circular_transit;low_nominal_training_snr;not_recovered_in_final_holdout;inconsistent_holdout_depth_signs,
236391010,4,17.39194503752262,1971.1990560123475,0.124215,0.0035524466083265128,1.0283346137824727,0.37979038958418226,5.327625173626878,-0.5986165303860772,1,fewer_than_three_discovery_events;long_relative_to_circular_transit;low_nominal_training_snr;insufficient_holdout_events,
236770208,1,21.766075365910403,1688.113111373458,0.29575,0.0006628956944952166,0.37673935098263095,0.22786877105554318,6.630396965162548,0.3715113343805528,6,outside_initial_small_planet_radius_range;long_relative_to_circular_transit;low_nominal_training_snr;not_recovered_in_final_holdout,
236770208,2,15.520523958781176,1697.770486373458,0.29575,0.0004947979826843852,0.3254860248230637,0.3576979711245404,6.343819513333312,0.16555210614237034,9,outside_initial_small_planet_radius_range;long_relative_to_circular_transit;low_nominal_training_snr;not_recovered_in_final_holdout;inconsistent_holdout_depth_signs,
236770208,3,17.618602338562408,1685.826736373458,0.29575,0.0006074950638746566,0.3606531775147963,0.3020621971229372,6.828910802249204,-0.5168049117337528,9,outside_initial_small_planet_radius_range;long_relative_to_circular_transit;low_nominal_training_snr;not_recovered_in_final_holdout;inconsistent_holdout_depth_signs,
236770208,4,14.634566355823715,1696.006451373458,0.16562,0.0007481565152966895,0.4002345879449623,0.3868582272380601,6.917220689205417,-1.8406297322241085,6,outside_initial_small_planet_radius_range;long_relative_to_circular_transit;low_nominal_training_snr;not_recovered_in_final_holdout;inconsistent_holdout_depth_signs,
238010220,1,17.38555767952549,1476.2150021538357,0.16562,0.0013087598011006817,0.5846625503795382,0.3356113450343391,6.547686494781063,-0.4613834881204182,7,long_relative_to_circular_transit;low_nominal_training_snr;not_recovered_in_final_holdout;inconsistent_holdout_depth_signs,
238010220,2,28.356712103136587,1492.3743271538356,0.22931999999999997,0.0013336310266286867,0.590191769153746,0.1748022303522714,5.808798600829367,-0.37278289058562797,4,dominated_by_one_discovery_event;outside_nominal_optimistic_hz;long_relative_to_circular_transit;low_nominal_training_snr;not_recovered_in_final_holdout;inconsistent_holdout_depth_signs,
238010220,3,10.76841427775088,1471.3010021538357,0.29575,0.0007246644786151571,0.4350546250876803,0.6356515758449445,5.938807168325698,0.7784811363067429,10,dominated_by_one_discovery_event;outside_initial_small_planet_radius_range;long_relative_to_circular_transit;low_nominal_training_snr;not_recovered_in_final_holdout,
238010220,4,20.738066417747692,1489.0293771538356,0.024499999999999997,0.003400988610484658,0.9424924761018384,0.26529584822439567,5.917088573136429,-1.113716529470427,5,low_nominal_training_snr;not_recovered_in_final_holdout;inconsistent_holdout_depth_signs,
238034112,1,25.466719606331544,1476.9252945918388,0.03822,0.012630924917257093,1.7917772591694474,0.19985551299403542,9.894948335774037,0.1302020526424013,4,fewer_than_three_discovery_events;dominated_by_one_discovery_event;outside_nominal_optimistic_hz;not_recovered_in_final_holdout;inconsistent_holdout_depth_signs,
238034112,2,25.79526081978205,1493.0272895918388,0.29575,0.0035531622409174187,0.9503289570945436,0.1964687929678894,9.234182875927216,-2.539745812318112,2,fewer_than_three_discovery_events;dominated_by_one_discovery_event;outside_nominal_optimistic_hz;long_relative_to_circular_transit;not_recovered_in_final_holdout;inconsistent_holdout_depth_signs,
238034112,3,27.417892822512158,1489.0399320918389,0.08032500000000001,0.002515571704231205,0.7996221099423902,0.1811206809796519,6.7033186704549,-0.29866321215751435,3,dominated_by_one_discovery_event;outside_nominal_optimistic_hz;low_nominal_training_snr;not_recovered_in_final_holdout;inconsistent_holdout_depth_signs,
238034112,4,25.33405612559727,1480.7350095918387,0.057329999999999985,0.003152154654961012,0.8950972073768673,0.2012521384679059,5.426592684896243,2.612775093244956,2,fewer_than_three_discovery_events;dominated_by_one_discovery_event;outside_nominal_optimistic_hz;low_nominal_training_snr;not_recovered_in_final_holdout,
23872097,1,8.189504503224395,1743.7271866927526,0.24499999999999997,0.0011324572818037198,0.4997622065895162,1.7511402115617956,5.584132907878208,-2.084539407066819,2,outside_initial_small_planet_radius_range;outside_nominal_optimistic_hz;long_relative_to_circular_transit;low_nominal_training_snr;not_recovered_in_final_holdout;inconsistent_holdout_depth_signs,
23872097,2,8.407450452814022,1745.4743516927526,0.04094999999999999,0.002385986887119891,0.7254149846519858,1.6908769355348552,4.450437168500502,-1.319987513858757,1,outside_nominal_optimistic_hz;low_nominal_training_snr;insufficient_holdout_events,
238950307,1,24.499408185757616,1445.386245576452,0.16562,0.00039551922055356407,0.3865604219696193,0.3578663443040573,7.186189783398578,0.29927013247399326,5,outside_initial_small_planet_radius_range;long_relative_to_circular_transit;not_recovered_in_final_holdout,
238950307,2,7.639265066895624,1441.0764855764521,0.17198999999999998,0.0002523237528785988,0.3087540462545392,1.6924903808419138,7.464557647273593,-0.6010767383077392,14,outside_initial_small_planet_radius_range;outside_nominal_optimistic_hz;long_relative_to_circular_transit;not_recovered_in_final_holdout;inconsistent_holdout_depth_signs,
238950307,3,8.507365859383691,1443.6368405764522,0.03919999999999999,0.000514536947109905,0.4409018009313412,1.466227975599145,6.450338985955878,-1.7579535760024907,12,outside_initial_small_planet_radius_range;low_nominal_training_snr;not_recovered_in_final_holdout;inconsistent_holdout_depth_signs,
238950307,4,32.711115086686675,1465.2119605764522,0.05095999999999999,0.00074246374751717,0.5296283409842204,0.24340781413370619,5.816296822534098,-0.19023255443272627,3,low_nominal_training_snr;not_recovered_in_final_holdout;inconsistent_holdout_depth_signs,
239154651,1,12.42343619893874,1854.6290688427423,0.29575,0.0021133388326840495,0.5471729913969888,0.2914610986826647,5.63530482800262,2.2152573241342512,2,long_relative_to_circular_transit;low_nominal_training_snr;not_recovered_in_final_holdout,
239154651,2,12.914790177370644,1847.7947588427423,0.049980000000000004,0.004652353932858416,0.8118512413593695,0.27677048197522214,5.641436170166903,-1.1577155350445598,2,low_nominal_training_snr;not_recovered_in_final_holdout;inconsistent_holdout_depth_signs,
239154651,3,13.926398742730813,1854.6540938427424,0.16562,0.002674212571557759,0.6155141605171827,0.250294405164848,5.226962835105936,-0.06025946803947096,1,long_relative_to_circular_transit;low_nominal_training_snr;insufficient_holdout_events,
239154651,4,17.52510149488693,1849.5539988427424,0.07643999999999998,0.004467619129779393,0.7955695577995159,0.18422795044950904,5.511038042092204,0.0,0,outside_nominal_optimistic_hz;long_relative_to_circular_transit;low_nominal_training_snr;insufficient_holdout_events,
240821194,1,10.509848560494023,1791.4915716799565,0.238875,0.002721579346813736,0.7291788404963853,0.4507073825090649,7.349289596042174,1.660032402950705,1,dominated_by_one_discovery_event;long_relative_to_circular_transit;insufficient_holdout_events,
24090627,1,5.1159608809747095,1960.3216453599632,0.11465999999999998,0.002968003423420033,0.8804556848798725,1.8164403781393952,5.684027103162703,1.2200970057505247,1,outside_nominal_optimistic_hz;long_relative_to_circular_transit;low_nominal_training_snr;insufficient_holdout_events,
24108819,1,11.883100481453978,1960.9329087077303,0.29575,0.002673330000643681,0.643642518004541,0.26933666173610155,6.227919513258068,-11.98339937306581,1,long_relative_to_circular_transit;low_nominal_training_snr;insufficient_holdout_events,
24108819,2,6.528366401447828,1960.2049087077303,0.22931999999999997,0.0017357740822344383,0.518638841861878,0.5985895594128157,5.987729409734533,-2.267058185612902,3,long_relative_to_circular_transit;low_nominal_training_snr;not_recovered_in_final_holdout;inconsistent_holdout_depth_signs,
24108819,3,6.124377210239598,1959.2589637077303,0.17198999999999998,0.001984158684937856,0.5545064985767229,0.6518073548220594,5.260164246078983,2.3582800262764563,2,long_relative_to_circular_transit;low_nominal_training_snr;not_recovered_in_final_holdout;inconsistent_holdout_depth_signs,
24186139,1,4.007083008757547,1387.3463310230732,0.29575,0.0030859333295513392,0.7218613987111889,1.3222263973073836,8.736294202278943,0.8105389139023674,2,long_relative_to_circular_transit;not_recovered_in_final_holdout,
24186139,2,4.040482695287008,1390.0990810230733,0.29575,0.0030345108247574193,0.7158217574831507,1.307673353030651,8.550758988201885,1.520227030149881,2,long_relative_to_circular_transit;not_recovered_in_final_holdout;inconsistent_holdout_depth_signs,
24186139,3,3.1977068249029386,1386.8840211994136,0.29575,0.0029697417889770084,0.7081412516655186,1.7863179009097065,7.8289961560244405,-1.5480005329101223,3,outside_nominal_optimistic_hz;long_relative_to_circular_transit;not_recovered_in_final_holdout;inconsistent_holdout_depth_signs,
24186139,4,4.059556985508353,1389.0225211994136,0.29575,0.003146565014954815,0.7289183845179604,1.2994874392047053,6.94125475014616,1.7864400035049752,2,long_relative_to_circular_transit;low_nominal_training_snr;not_recovered_in_final_holdout,
242064626,1,4.491186368167335,1472.4803021467424,0.16562,0.003423634203922943,0.7858911125745024,1.2313081374811625,6.790308299809431,-1.4743467898746632,2,long_relative_to_circular_transit;low_nominal_training_snr;not_recovered_in_final_holdout;inconsistent_holdout_depth_signs,
242064626,2,4.1125808342546275,1471.0657071467424,0.29575,0.002430560211559245,0.6621736446700947,1.384720928462832,6.520311372598291,0.6194790016030658,2,long_relative_to_circular_transit;low_nominal_training_snr;not_recovered_in_final_holdout,
242064626,3,4.082465726596774,1470.8154571467423,0.29575,0.0027695322341449885,0.7068412908106625,1.3983571990031214,5.9776201134908895,-2.2454940179696274,2,long_relative_to_circular_transit;low_nominal_training_snr;not_recovered_in_final_holdout;inconsistent_holdout_depth_signs,
242064626,4,4.041987172206881,1468.5916446467422,0.238875,0.002481057491737183,0.6690169378933767,1.4170601264612432,6.001808071277142,0.7123291974840092,3,long_relative_to_circular_transit;low_nominal_training_snr;not_recovered_in_final_holdout,
24344174,1,3.5594427293617725,1439.8770976011506,0.1764,0.002832398420133983,0.7496878455088966,1.7771754962965498,6.8676761587931505,-0.04744441572608449,3,outside_nominal_optimistic_hz;long_relative_to_circular_transit;low_nominal_training_snr;not_recovered_in_final_holdout;inconsistent_holdout_depth_signs,
24344174,2,5.696855662447152,1441.4642776011506,0.05095999999999999,0.006388460204583366,1.1259040853253128,0.9492764521438102,6.730717156711677,-1.9265667565058406,2,low_nominal_training_snr;not_recovered_in_final_holdout;inconsistent_holdout_depth_signs,
24344174,3,8.814384014154475,1438.3634526011506,0.16562,0.004201193645895878,0.9130396715895969,0.5304572297086372,6.19510109340318,-0.04787065219272433,1,long_relative_to_circular_transit;low_nominal_training_snr;insufficient_holdout_events,
24344174,4,3.872523787712171,1441.3318726011505,0.057329999999999985,0.004523400231128821,0.9474052914226677,1.5882329574309937,5.687745332305342,0.05790021783339013,3,outside_nominal_optimistic_hz;long_relative_to_circular_transit;low_nominal_training_snr;not_recovered_in_final_holdout;inconsistent_holdout_depth_signs,
249744004,1,14.25826926110469,1751.8790412621431,0.124215,0.004688079358713191,1.0093570798733826,0.38466868170516416,7.5493988930538105,-0.2005826791125712,1,long_relative_to_circular_transit;insufficient_holdout_events,
249744004,2,16.639357151736338,1744.7810412621432,0.124215,0.00489462866558401,1.0313527500078927,0.3130837450356609,7.235681373583136,0.05576925211712262,1,fewer_than_three_discovery_events;dominated_by_one_discovery_event;long_relative_to_circular_transit;insufficient_holdout_events,
249744004,3,11.370750800805196,1738.948851262143,0.124215,0.0037582826218282455,0.9037370229439781,0.5201441551488748,5.890252851184059,-0.48345764858518697,1,long_relative_to_circular_transit;low_nominal_training_snr;insufficient_holdout_events,
249744004,4,8.707754996702127,1743.377593762143,0.17198999999999998,0.0022815384649342648,0.704143628316007,0.7423937553222641,5.839417205379338,-1.6956765897647685,1,dominated_by_one_discovery_event;long_relative_to_circular_transit;low_nominal_training_snr;insufficient_holdout_events,
250189641,1,3.760319869575357,1441.1374390178294,0.29575,0.0026233700193000246,0.7214945810207485,1.7918295259095507,10.261035604685688,5.5217456589488165,3,outside_nominal_optimistic_hz;long_relative_to_circular_transit,
250189641,2,3.7374689557380303,1440.1364390178294,0.29575,0.0022332598402746663,0.6656913690662098,1.8064514029062486,9.260695252280819,6.272203093782535,3,outside_nominal_optimistic_hz;long_relative_to_circular_transit,
250189641,3,3.752153270409726,1439.2605640178294,0.29575,0.0021613381291715915,0.6548844156865652,1.7970313244829936,7.340451671420702,4.046011032845744,3,outside_nominal_optimistic_hz;long_relative_to_circular_transit;not_recovered_in_final_holdout,
250189641,4,7.706931663914697,1445.3803140178293,0.29575,0.002441414387827173,0.6960237321370814,0.688262958717931,6.541352260705833,1.050953684775106,1,long_relative_to_circular_transit;low_nominal_training_snr;insufficient_holdout_events,
250834020,1,4.608544795697036,1794.4537147559943,0.29575,0.003237173181079937,0.7704034869604414,1.131284435704588,7.51434798865815,-0.34073118659695617,2,long_relative_to_circular_transit;not_recovered_in_final_holdout;inconsistent_holdout_depth_signs,
250834020,2,11.646080503283875,1800.7682047559942,0.11465999999999998,0.006876282785313871,1.1228251641446898,0.3286627711063434,6.896347891505452,-0.8448271822373996,1,long_relative_to_circular_transit;low_nominal_training_snr;insufficient_holdout_events,
250834020,3,4.691651112836922,1792.1775480893275,0.03266666666666666,0.007749034745311547,1.1919528517596243,1.1046447115834552,6.304430867474891,-1.3155957802456608,2,low_nominal_training_snr;not_recovered_in_final_holdout;inconsistent_holdout_depth_signs,
250834020,4,9.394658967358678,1791.3847397559941,0.02275,0.012198971380902902,1.4955360257485866,0.43767210765365067,5.377235032803788,0.9483140666530345,1,low_nominal_training_snr;insufficient_holdout_events,
25153167,1,21.436804848788068,1346.4360062799242,0.29575,0.001653263332304855,0.6748825399244855,0.24054959746019894,9.038287219361498,-0.8443893707623871,5,dominated_by_one_discovery_event;long_relative_to_circular_transit;not_recovered_in_final_holdout,
25153167,2,24.629671106896147,1343.9619437799242,0.238875,0.0017003028098456384,0.6844162493439456,0.19989712912339255,8.089088216911257,-1.2574548758557782,4,dominated_by_one_discovery_event;outside_nominal_optimistic_hz;long_relative_to_circular_transit;not_recovered_in_final_holdout;inconsistent_holdout_depth_signs,
25153167,3,13.536553851726513,1338.234631279924,0.29575,0.0012676997739394802,0.5909699282009162,0.444024792335624,7.083414516820759,-1.6028163114512797,11,long_relative_to_circular_transit;not_recovered_in_final_holdout;inconsistent_holdout_depth_signs,
25153167,4,24.98482715819985,1338.8065662799243,0.17198999999999998,0.0015832182832182765,0.6604311878563591,0.19611745151096222,6.1423921128927725,0.40532236402557914,6,outside_nominal_optimistic_hz;long_relative_to_circular_transit;low_nominal_training_snr;not_recovered_in_final_holdout,
252110114,1,6.378318102666456,1766.5726803859982,0.124215,0.0017218497503183549,0.6162403366662218,0.9500481134513588,12.108101815392997,,0,long_relative_to_circular_transit;insufficient_holdout_events,
252110114,2,4.163675289984822,1767.933130385998,0.124215,0.0012705723066706548,0.5293613007124278,1.6777143872015985,10.025618678118022,,0,outside_nominal_optimistic_hz;long_relative_to_circular_transit;insufficient_holdout_events,
252110114,3,4.7268402358071775,1766.218235385998,0.08599499999999999,0.0015702708065663874,0.5884909309582287,1.4166392424615082,9.734070115856758,,0,long_relative_to_circular_transit;insufficient_holdout_events,
252110114,4,3.883619159452471,1768.486865385998,0.08599499999999999,0.001600738687826076,0.5941727316244165,1.8409344278567639,9.950145243528025,,0,outside_nominal_optimistic_hz;long_relative_to_circular_transit;insufficient_holdout_events,
252748546,1,19.441212037755914,1745.4512755593107,0.29575,0.0015358763187572314,0.74463073528994,0.34717151368096405,6.778719358959023,0.26613392545681236,1,long_relative_to_circular_transit;low_nominal_training_snr;insufficient_holdout_events,
252748546,2,13.08813211291052,1741.5309955593107,0.07643999999999998,0.001915613563795091,0.8316044177618217,0.5883986108530331,5.5604470517565,-0.027660997805203393,1,low_nominal_training_snr;insufficient_holdout_events,
252748546,3,18.302585934416054,1750.7747755593107,0.03266666666666666,0.004506682962660404,1.275531944821894,0.3762633571545107,5.711749731854975,0.0,0,fewer_than_three_discovery_events;dominated_by_one_discovery_event;low_nominal_training_snr;insufficient_holdout_events,
252748546,4,5.820889228391363,1741.3078180593106,0.08599499999999999,0.0018620295654339788,0.8198910058892122,1.7332295548539922,5.516737483280129,-1.509318547568927,2,outside_nominal_optimistic_hz;long_relative_to_circular_transit;low_nominal_training_snr;not_recovered_in_final_holdout;inconsistent_holdout_depth_signs,
253790710,1,10.20567309929998,1657.2491227972191,0.22931999999999997,0.005517121033817634,1.0381971042128122,0.45807416535297796,8.340919924101383,0.43736267819243696,1,dominated_by_one_discovery_event;long_relative_to_circular_transit;insufficient_holdout_events,
253790710,2,5.0674913586673735,1658.7121665383866,0.17198999999999998,0.0038144864387963853,0.86325995451368,1.1650216091677024,6.401228919427719,-0.8248239042937267,2,long_relative_to_circular_transit;low_nominal_training_snr;not_recovered_in_final_holdout;inconsistent_holdout_depth_signs,
253790710,3,5.886313032968983,1661.9560890383864,0.238875,0.0036291696025766004,0.8420292726029868,0.9541138448573522,5.3551816239957075,-0.574943746054162,1,long_relative_to_circular_transit;low_nominal_training_snr;insufficient_holdout_events,
255932726,1,13.86622644898912,1969.5093751745783,0.29575,0.002795129848930006,0.9237077011268628,0.41558621365452353,21.410389292662114,2.2477651854520584,1,fewer_than_three_discovery_events;dominated_by_one_discovery_event;long_relative_to_circular_transit;insufficient_holdout_events,
255932726,2,15.83987891479973,1967.9508803183169,0.29575,0.0013203251239839865,0.6348542248862822,0.34801906841753727,11.797864829946281,2.075544889308927,1,odd_even_discrepancy;long_relative_to_circular_transit;insufficient_holdout_events,
255932726,3,23.904694174187895,1956.656415318317,0.17198999999999998,0.0011653821402074483,0.5964413568050843,0.2010456098935291,7.448056391050816,0.0,0,outside_nominal_optimistic_hz;long_relative_to_circular_transit;insufficient_holdout_events,
255932726,4,19.174520491347746,1962.2406303183168,0.29575,0.0010386016497391025,0.5630644061304848,0.2697570687826101,8.013425231340573,-3.612188216240153,1,dominated_by_one_discovery_event;long_relative_to_circular_transit;insufficient_holdout_events,
25605269,1,17.95120361747349,1519.2974152236513,0.238875,0.0028892704984537568,0.6984810864416912,0.18915015233528465,6.695016392326076,0.7335523116329484,4,outside_nominal_optimistic_hz;long_relative_to_circular_transit;low_nominal_training_snr;not_recovered_in_final_holdout,
25605269,2,3.3290525749783058,1521.1446860569847,0.024499999999999997,0.0038358538490699777,0.8048066847271085,1.7885616766569352,5.791749441202341,0.5125864031382947,15,outside_nominal_optimistic_hz;low_nominal_training_snr;not_recovered_in_final_holdout;inconsistent_holdout_depth_signs,
25605269,3,4.03558929680791,1520.0975327236515,0.22931999999999997,0.00151712525931936,0.5061407085833972,1.3837432354108663,6.342664794330202,0.17728602374055843,12,long_relative_to_circular_transit;low_nominal_training_snr;not_recovered_in_final_holdout;inconsistent_holdout_depth_signs,
257398691,1,6.585338796228492,1988.8917866055067,0.22931999999999997,0.004378019350224174,0.8164523992930277,0.6123308515298238,7.514387420207324,1.782761978062929,1,long_relative_to_circular_transit;insufficient_holdout_events,
257398691,2,17.198438585770234,1996.991469105507,0.238875,0.008751869452387782,1.1543631289546192,0.1702569877992414,8.253789802528308,0.0,0,fewer_than_three_discovery_events;outside_nominal_optimistic_hz;long_relative_to_circular_transit;insufficient_holdout_events,
257398691,3,8.02873949753794,1988.1985941055068,0.238875,0.004934612532381018,0.8667993159947729,0.4701399421410386,7.549501993218986,-6.5346264748087135,1,odd_even_discrepancy;long_relative_to_circular_transit;insufficient_holdout_events,
257398691,4,9.963121593751284,1991.5110116055068,0.22491000000000003,0.004851146689806757,0.8594373721260791,0.3525573159841969,6.714413813135752,-0.26116779825548075,1,long_relative_to_circular_transit;low_nominal_training_snr;insufficient_holdout_events,
257798328,1,21.93532087171881,2001.4030754930682,0.29575,0.006392998289854817,2.3049940505568434,0.5780561028992751,24.865114344993824,-1.6113612763496261,1,fewer_than_three_discovery_events;dominated_by_one_discovery_event;odd_even_discrepancy;outside_initial_small_planet_radius_range;long_relative_to_circular_transit;insufficient_holdout_events,
257798328,2,14.514160445128873,1989.834700493068,0.29575,0.0043662529553915395,1.9048990312515268,1.0025501048280963,21.84262875579235,-3.3702818797943546,2,long_relative_to_circular_transit;not_recovered_in_final_holdout;inconsistent_holdout_depth_signs,
257798328,3,13.23227288819612,1999.6854504930682,0.29575,0.003562740010012451,1.720717518024115,1.1340948578111711,17.54249348722106,-6.918371287095576,2,long_relative_to_circular_transit;not_recovered_in_final_holdout;inconsistent_holdout_depth_signs,
257798328,4,20.215542308326604,1991.489122426844,0.29575,0.0028398363459004473,1.5362580487695243,0.644537392497497,14.506210233711773,8.695695180113319,1,long_relative_to_circular_transit;insufficient_holdout_events,
258280834,1,8.645726642475433,1691.7689327180492,0.29575,0.0012461702350687548,0.6476070328323739,1.4565309575569527,9.622630619298963,2.6712098122593337,9,long_relative_to_circular_transit;not_recovered_in_final_holdout,
258280834,2,20.796764270504003,1688.406961629937,0.29575,0.0016070105134657832,0.735414567746683,0.45191909727462376,8.801685060867218,-0.7640745665631791,2,long_relative_to_circular_transit;not_recovered_in_final_holdout;inconsistent_holdout_depth_signs,
258280834,3,8.530214438050756,1689.686649129937,0.170625,0.0014712356385231434,0.7036618207607481,1.4828883545284748,8.026217735026611,0.06448910990317235,8,long_relative_to_circular_transit;not_recovered_in_final_holdout;inconsistent_holdout_depth_signs,
258280834,4,17.36639697352487,1695.561836629937,0.29575,0.0016531068577061469,0.7458875071813668,0.5747011781734622,8.532508141570505,0.8282538503353466,4,long_relative_to_circular_transit;not_recovered_in_final_holdout;inconsistent_holdout_depth_signs,
258399091,1,4.952237101080472,2011.4310399386384,0.16562,0.00853971362336794,1.2109228861003174,1.1952272700868685,8.415218552545822,-1.6525915652121388,4,dominated_by_one_discovery_event;long_relative_to_circular_transit;not_recovered_in_final_holdout;inconsistent_holdout_depth_signs,
258399091,2,5.989769414235627,2012.9047849386384,0.12284999999999999,0.009773403097572358,1.2954413023427171,0.9274822228552067,6.9755609133752285,-0.2200208626134645,2,long_relative_to_circular_transit;low_nominal_training_snr;not_recovered_in_final_holdout;inconsistent_holdout_depth_signs,
258399091,3,6.279654215147444,2014.8826699386384,0.1764,0.008465273647454726,1.2056335770333653,0.8708394449272404,7.40937348490459,4.089098164922025,2,long_relative_to_circular_transit;not_recovered_in_final_holdout;inconsistent_holdout_depth_signs,
258399091,4,6.689361336871305,2012.0502949386384,0.29575,0.006327124466312441,1.0423126840168566,0.8004597981607019,6.738663998303246,-0.07864881043095169,3,dominated_by_one_discovery_event;odd_even_discrepancy;long_relative_to_circular_transit;low_nominal_training_snr;not_recovered_in_final_holdout;inconsistent_holdout_depth_signs,
259901346,1,13.032655801644385,1329.0556727183998,0.29575,0.0006791181763520992,0.4097781118859137,0.4295395917033649,9.79147933688085,-1.2500001933801579,7,outside_initial_small_planet_radius_range;long_relative_to_circular_transit;not_recovered_in_final_holdout;inconsistent_holdout_depth_signs,
259901346,2,19.74867049264047,1336.2819827183998,0.04094999999999999,0.0013766633822190864,0.5834316167212937,0.24679135877370562,5.854382285000895,0.3817980138150489,7,low_nominal_training_snr;not_recovered_in_final_holdout;inconsistent_holdout_depth_signs,
259901346,3,15.1393280570181,1334.2837977184,0.029399999999999996,0.0014230409372549054,0.5931776467667579,0.3517533974332109,6.144805097856243,-0.7571611903181615,6,low_nominal_training_snr;not_recovered_in_final_holdout;inconsistent_holdout_depth_signs,
259901346,4,5.392720086420217,1328.9464727184,0.11465999999999998,0.00043691429170834064,0.3286807015950974,1.3930603438367968,5.551710132686794,0.02640578206413163,23,outside_initial_small_planet_radius_range;long_relative_to_circular_transit;low_nominal_training_snr;not_recovered_in_final_holdout;inconsistent_holdout_depth_signs,
261396626,1,14.005108137719743,1658.4690729947802,0.16562,0.0018684731797876664,0.6466623692312735,0.32525915665018573,7.4851292448448215,0.6313511840134354,6,fewer_than_three_discovery_events;dominated_by_one_discovery_event;long_relative_to_circular_transit;not_recovered_in_final_holdout;inconsistent_holdout_depth_signs,
261396626,2,7.893877457726772,1663.4449529947801,0.03822,0.0022474943604269986,0.7092240598143715,0.6985931345230703,5.847287766575942,0.43418834050876637,7,low_nominal_training_snr;not_recovered_in_final_holdout;inconsistent_holdout_depth_signs,
261396626,3,3.996287743399164,1659.5820029947802,0.05095999999999999,0.0013650703442690659,0.5527282612749334,1.7314202220534158,6.0915542201423545,0.5201587619292665,16,outside_nominal_optimistic_hz;long_relative_to_circular_transit;low_nominal_training_snr;not_recovered_in_final_holdout,
261396626,4,3.9737656779706385,1658.25272049478,0.238875,0.0005861871383265111,0.36220321220765167,1.7445167663410883,5.831881122991935,-0.6858572506712932,15,outside_initial_small_planet_radius_range;outside_nominal_optimistic_hz;long_relative_to_circular_transit;low_nominal_training_snr;not_recovered_in_final_holdout;inconsistent_holdout_depth_signs,
262465715,1,11.562436476194616,1444.7620153052073,0.07643999999999998,0.005443632650815986,0.8620684887823945,0.2806315564469259,5.428631670933396,-0.9128632068512889,1,fewer_than_three_discovery_events;long_relative_to_circular_transit;low_nominal_training_snr;insufficient_holdout_events,
264178910,1,27.4361398593099,1813.4184883552027,0.238875,0.0016114765563485995,0.7452028463589037,0.2020713429867916,7.913833299589789,-0.41174825071400845,3,outside_nominal_optimistic_hz;long_relative_to_circular_transit;not_recovered_in_final_holdout;inconsistent_holdout_depth_signs,
264178910,2,14.903448098417345,1790.7800402567852,0.170625,0.0008951482132222673,0.5554052539358112,0.45591763655816464,5.240522522558317,-0.9838527152099659,5,long_relative_to_circular_transit;low_nominal_training_snr;not_recovered_in_final_holdout;inconsistent_holdout_depth_signs,
264178910,3,12.278841294600483,1791.8653230330237,0.06615,0.0011910456291548946,0.6406586717482693,0.5902811170443776,5.002650211142685,-0.5304617943001851,8,low_nominal_training_snr;not_recovered_in_final_holdout;inconsistent_holdout_depth_signs,
264178910,4,5.7566186609423955,1794.6894030330236,0.057329999999999985,0.0010094549647817425,0.5898016501971571,1.6207354209850626,5.424713031253934,0.7571690086507462,17,outside_nominal_optimistic_hz;low_nominal_training_snr;not_recovered_in_final_holdout;inconsistent_holdout_depth_signs,
268337013,1,13.978740010419216,1494.1539037318832,0.16562,0.002438260410871366,0.722534235272868,0.35901507103942965,6.923532966195206,-1.036089069277092,4,long_relative_to_circular_transit;low_nominal_training_snr;not_recovered_in_final_holdout;inconsistent_holdout_depth_signs,
268337013,2,22.35793347110832,1502.9449587318832,0.29575,0.0035613061475341097,0.8732187266615997,0.19193809091816982,6.594368987340331,1.9656674530103784,2,fewer_than_three_discovery_events;dominated_by_one_discovery_event;outside_nominal_optimistic_hz;long_relative_to_circular_transit;low_nominal_training_snr;not_recovered_in_final_holdout,
268337013,3,8.836733665238723,1491.988103731883,0.05095999999999999,0.0031792140352328467,0.8250462024560137,0.6617303124187685,5.96771908687752,-3.201882275883457,6,dominated_by_one_discovery_event;low_nominal_training_snr;not_recovered_in_final_holdout;inconsistent_holdout_depth_signs,
268337013,4,11.001579499064484,1501.488731231883,0.061424999999999993,0.003434613703082982,0.8575458218106321,0.49407930304206743,5.557785459523343,-0.6314497826393555,3,low_nominal_training_snr;not_recovered_in_final_holdout;inconsistent_holdout_depth_signs,
268626115,1,9.777966645006936,1767.9907173440276,0.29575,0.002174560076084371,0.7128978888419227,0.6374372873013493,7.663083185767807,0.8202165831658854,2,long_relative_to_circular_transit;not_recovered_in_final_holdout,
268626115,2,9.858142713828515,1774.1084198440276,0.08599499999999999,0.0028740305931191945,0.8195723852523534,0.6305343217679121,5.864535471402223,0.5688918652131618,3,long_relative_to_circular_transit;low_nominal_training_snr;not_recovered_in_final_holdout,
268626115,3,12.57979775324015,1765.9261548440277,0.238875,0.0022210199585264894,0.720473238808618,0.45555133203489556,5.918261552682587,-0.17740724899562169,2,long_relative_to_circular_transit;low_nominal_training_snr;not_recovered_in_final_holdout;inconsistent_holdout_depth_signs,
268626115,4,15.290343218537497,1772.8933423440276,0.29575,0.0023115874277945202,0.735015986999849,0.3511930295248622,6.352911963396868,-2.277081166360358,1,long_relative_to_circular_transit;low_nominal_training_snr;insufficient_holdout_events,
268860915,1,3.0730445451177326,1387.1853850325879,0.16243500000000002,0.0014126433897993437,0.4842970971084692,1.8400713537568236,4.9815645185153725,1.7224464936113129,3,outside_initial_small_planet_radius_range;outside_nominal_optimistic_hz;long_relative_to_circular_transit;low_nominal_training_snr;not_recovered_in_final_holdout,
270672809,1,27.79951826629245,1338.084682447616,0.29575,0.0036954131757319856,1.0421848163999365,0.18587614416616924,16.362443483214605,3.3043646244700446,7,dominated_by_one_discovery_event;odd_even_discrepancy;outside_nominal_optimistic_hz;long_relative_to_circular_transit;not_recovered_in_final_holdout,
270672809,2,27.125727820497584,1327.710682447616,0.29575,0.0027816528371646756,0.9042004185643661,0.19205759318129115,12.736114383576936,-0.8402426538306387,9,dominated_by_one_discovery_event;outside_nominal_optimistic_hz;long_relative_to_circular_transit;not_recovered_in_final_holdout,
270672809,3,26.379562403871525,1345.660432447616,0.29575,0.0033888001678309314,0.9980130499820181,0.19933484941712926,12.54920443621692,-0.3929019765561574,8,outside_nominal_optimistic_hz;long_relative_to_circular_transit;not_recovered_in_final_holdout;inconsistent_holdout_depth_signs,
270672809,4,8.674807657003969,1333.659807447616,0.29575,0.000975871149258266,0.5355616606201845,0.8782002226684286,9.435547808248256,1.6692120783985707,25,long_relative_to_circular_transit;not_recovered_in_final_holdout;inconsistent_holdout_depth_signs,
27117515,1,13.316106460628422,1628.9184273040028,0.29575,0.00841633282850897,1.3624292123326798,0.3696780541252791,19.78150147642469,1.562702710883572,4,fewer_than_three_discovery_events;dominated_by_one_discovery_event;long_relative_to_circular_transit;not_recovered_in_final_holdout,
27117515,2,9.811074613750186,1634.0450705142416,0.16562,0.0033942588969324574,0.8652168698602801,0.5555262385169669,9.652218131108334,-3.4933686739628937,5,dominated_by_one_discovery_event;odd_even_discrepancy;long_relative_to_circular_transit;not_recovered_in_final_holdout;inconsistent_holdout_depth_signs,
27117515,3,4.027031618140141,1632.6368455142415,0.22931999999999997,0.0014557521724016614,0.5666256360505659,1.8211538169118382,7.160840613236034,2.0833343280507233,12,outside_nominal_optimistic_hz;long_relative_to_circular_transit;not_recovered_in_final_holdout;inconsistent_holdout_depth_signs,
27117515,4,8.36840816856035,1630.0119505142416,0.29575,0.001981618450053089,0.6610929331105944,0.6867566519837509,7.516025191180427,2.1401163435968775,6,dominated_by_one_discovery_event;odd_even_discrepancy;long_relative_to_circular_transit;not_recovered_in_final_holdout,
271883146,1,15.69791979531125,1691.0344091100276,0.16562,0.0027072043178733305,0.7102056415131567,0.22298075103021903,5.3919522799895185,0.31266981392952226,10,dominated_by_one_discovery_event;long_relative_to_circular_transit;low_nominal_training_snr;not_recovered_in_final_holdout;inconsistent_holdout_depth_signs,
271883146,2,18.1552688522011,1687.8466791100275,0.03822,0.004878826582455566,0.9534134876894842,0.18367636201021603,4.719655795699621,2.365795524827635,7,outside_nominal_optimistic_hz;low_nominal_training_snr;not_recovered_in_final_holdout;inconsistent_holdout_depth_signs,
271883146,3,14.240084971752138,1685.7441241100275,0.04094999999999999,0.004294141305002448,0.8944617355584163,0.25392574810560764,4.748825838620882,0.35466322540129935,9,low_nominal_training_snr;not_recovered_in_final_holdout;inconsistent_holdout_depth_signs,
271946648,1,22.38755407082135,1571.5177857055405,0.238875,0.00048225543866346103,0.5515437795202122,0.5277003569626415,8.512123097316653,-0.6054972951710198,4,dominated_by_one_discovery_event;long_relative_to_circular_transit;not_recovered_in_final_holdout;inconsistent_holdout_depth_signs,
271946648,2,28.29988509281633,1595.553873004605,0.124215,0.0008927678701308681,0.7504308851398357,0.3860853791766988,7.3820638373807554,-1.9010209942165208,3,fewer_than_three_discovery_events;dominated_by_one_discovery_event;not_recovered_in_final_holdout;inconsistent_holdout_depth_signs,
271946648,3,16.563951402554284,1581.738025504605,0.22931999999999997,0.00035020289875769216,0.4700037164885068,0.7885773910692425,6.239226940375702,-0.24342728013769602,5,outside_initial_small_planet_radius_range;long_relative_to_circular_transit;low_nominal_training_snr;not_recovered_in_final_holdout;inconsistent_holdout_depth_signs,
271946648,4,25.100768342117913,1581.4295355046052,0.07643999999999998,0.0008473620271332238,0.7310985504121641,0.4530507957640719,6.350291174373104,-0.6325194015968743,4,dominated_by_one_discovery_event;low_nominal_training_snr;not_recovered_in_final_holdout;inconsistent_holdout_depth_signs,
272748597,1,23.341529647232424,1692.4248878714359,0.29575,0.0015098692925399415,0.6067632956243761,0.21923370298779798,6.472437808252228,1.8171198620582056,5,long_relative_to_circular_transit;low_nominal_training_snr;not_recovered_in_final_holdout,
272748597,2,15.051182647447627,1691.1963878714357,0.29575,0.0011838073412136065,0.5372669672140211,0.3935369988141164,6.0260894715266256,1.1366133482266687,7,long_relative_to_circular_transit;low_nominal_training_snr;not_recovered_in_final_holdout;inconsistent_holdout_depth_signs,
272748597,3,14.561796435967313,1693.738700371436,0.238875,0.0015228865130014022,0.6093732635265063,0.4112694620761986,6.85522606795139,0.43661448560111504,10,dominated_by_one_discovery_event;long_relative_to_circular_transit;low_nominal_training_snr;not_recovered_in_final_holdout,
272748597,4,20.753651827416814,1693.6249503714357,0.170625,0.0015175367641033456,0.6083019880356387,0.2564210663328662,4.768370457800376,1.9635305348272445,9,long_relative_to_circular_transit;low_nominal_training_snr;not_recovered_in_final_holdout,
27322306,1,8.04622084821348,1738.8044436759249,0.170625,0.002069245644255752,0.928883437298769,1.1077614510671538,10.897052327971785,-1.544147028785321,6,long_relative_to_circular_transit;not_recovered_in_final_holdout;inconsistent_holdout_depth_signs,
27322306,2,14.96170106685778,1743.6667907662745,0.0945,0.0022139438165219944,0.9608121627278581,0.48446329859983633,6.997849944030972,-0.8332870679844483,2,dominated_by_one_discovery_event;low_nominal_training_snr;not_recovered_in_final_holdout;inconsistent_holdout_depth_signs,
27322306,3,15.411661090409702,1746.7669157662745,0.29575,0.0017897134916217633,0.8638671316268997,0.46569643446593073,6.746999869326285,0.7863142986759204,4,dominated_by_one_discovery_event;long_relative_to_circular_transit;low_nominal_training_snr;not_recovered_in_final_holdout;inconsistent_holdout_depth_signs,
27322306,4,5.684268424911929,1740.2893082662745,0.124215,0.001337418190629478,0.746773343629214,1.760635315062522,6.517767476458463,2.1504934510015254,7,dominated_by_one_discovery_event;outside_nominal_optimistic_hz;long_relative_to_circular_transit;low_nominal_training_snr;not_recovered_in_final_holdout,
273369281,1,8.620133490686058,1334.0179714096837,0.29575,0.0010578401944468666,0.39777880874519245,0.4470610118103593,10.1861942749638,-0.5491889146523358,16,outside_initial_small_planet_radius_range;long_relative_to_circular_transit;not_recovered_in_final_holdout;inconsistent_holdout_depth_signs,
273369281,2,6.599426233970319,1326.4222676935062,0.238875,0.0008850382177386793,0.3638418262118736,0.6383279779788246,8.721222415479614,2.962129247459556,21,outside_initial_small_planet_radius_range;long_relative_to_circular_transit;not_recovered_in_final_holdout;inconsistent_holdout_depth_signs,
273369281,3,7.516696549922387,1328.0830176935062,0.238875,0.0007528530914566255,0.33557278286885783,0.5366396541533908,6.759951348830374,-2.0327873312659563,17,outside_initial_small_planet_radius_range;long_relative_to_circular_transit;low_nominal_training_snr;not_recovered_in_final_holdout;inconsistent_holdout_depth_signs,
273369281,4,9.346881494114498,1331.4211251935062,0.05095999999999999,0.0016587078421081145,0.49810002026973865,0.4013252360985502,6.282745065674464,-0.26373801001852115,12,outside_initial_small_planet_radius_range;low_nominal_training_snr;not_recovered_in_final_holdout;inconsistent_holdout_depth_signs,
273515033,1,7.3552052578687,1329.9683483649296,0.29575,0.001960642249046172,0.8945085469817775,1.6640813831120032,22.253904150917144,0.175143606451372,10,outside_nominal_optimistic_hz;long_relative_to_circular_transit;not_recovered_in_final_holdout;inconsistent_holdout_depth_signs,
273515033,2,7.4345747080295315,1327.2610983649297,0.29575,0.0019182835597884053,0.8847930824922239,1.640436603365902,22.199985409963865,2.2486074702862258,11,outside_nominal_optimistic_hz;long_relative_to_circular_transit;not_recovered_in_final_holdout;inconsistent_holdout_depth_signs,
273515033,3,7.454420372067681,1330.1958483649296,0.29575,0.002071534663398018,0.9194569895609791,1.6346161463736797,21.29353335863468,-0.9724998809669447,16,outside_nominal_optimistic_hz;long_relative_to_circular_transit;not_recovered_in_final_holdout;inconsistent_holdout_depth_signs,
273515033,4,7.377670616023545,1332.4367233649295,0.29575,0.001779831621811281,0.8522652390207724,1.6573285382841785,16.913053208781154,3.1000746261827112,12,outside_nominal_optimistic_hz;long_relative_to_circular_transit;not_recovered_in_final_holdout,
27351599,1,10.141062122752627,1740.36655320391,0.04094999999999999,0.0007880473557739611,0.7203733006655887,1.870568422566993,5.542336855222406,1.6564994205554653,1,fewer_than_three_discovery_events;dominated_by_one_discovery_event;outside_nominal_optimistic_hz;low_nominal_training_snr;insufficient_holdout_events,
273589987,1,13.398849300655515,1696.5916683848036,0.22931999999999997,0.0015637273143510049,1.0406654624727878,1.165029562316565,31.65456913108299,-0.6011549712643439,6,dominated_by_one_discovery_event;long_relative_to_circular_transit;not_recovered_in_final_holdout;inconsistent_holdout_depth_signs,
273589987,2,13.844666216503636,1690.2474062172348,0.29575,0.0007161414218774003,0.7042551433696875,1.1152792686082034,16.020630961741148,5.8763441118421795,8,dominated_by_one_discovery_event;odd_even_discrepancy;long_relative_to_circular_transit,
273589987,3,22.614430959616318,1697.5264962172348,0.16562,0.0011142243574045773,0.8784498123145353,0.5797570833046181,13.74644796733717,0.21508853372590797,7,fewer_than_three_discovery_events;dominated_by_one_discovery_event;long_relative_to_circular_transit;not_recovered_in_final_holdout;inconsistent_holdout_depth_signs,
273589987,4,10.647989545703943,1687.3290362172347,0.16562,0.0006472401911615998,0.6695197136142661,1.58271770616167,13.156929879461474,5.250246542125997,10,dominated_by_one_discovery_event;outside_nominal_optimistic_hz;long_relative_to_circular_transit,
273647353,1,5.194562966330931,1816.9925037117025,0.29575,0.005350568876702595,0.8786304545277258,0.8060285752216343,11.552261598743408,2.5901976910517344,2,long_relative_to_circular_transit;not_recovered_in_final_holdout,
273647353,2,5.050701648163977,1820.4618787117024,0.29575,0.004458929520159719,0.8020871834405455,0.8367842656206342,9.61521497602933,3.1961479442451037,3,long_relative_to_circular_transit;not_recovered_in_final_holdout,
273647353,3,3.31972822595037,1817.4930037117024,0.29575,0.00475225902671586,0.8280495491895875,1.464240507374705,8.884538042366938,0.2429514114687473,4,long_relative_to_circular_transit;not_recovered_in_final_holdout,
273647353,4,5.026566987080802,1818.8466287117024,0.29575,0.004749616878840632,0.827819328832798,0.8421455519426081,7.000513948113098,3.0599751134349664,2,long_relative_to_circular_transit;not_recovered_in_final_holdout,
274127413,1,3.54617967858659,1684.919291696412,0.29575,0.001825308318199409,0.5365121290349248,1.424007126164037,42.718818435213606,7.779593427879029,12,long_relative_to_circular_transit;inconsistent_holdout_depth_signs,
274127413,2,3.54613166206732,1684.214041696412,0.29575,0.001671740621466087,0.5134473016830764,1.4240328353128366,37.39065616045394,13.52959262047893,13,long_relative_to_circular_transit,
274127413,3,3.543882711104662,1683.4797839853074,0.29575,0.0017545098053114829,0.5260043405737623,1.4252378859896757,36.766407602753375,6.597965780673904,14,long_relative_to_circular_transit;inconsistent_holdout_depth_signs,
274127413,4,3.548425582989817,1686.3475790431328,0.29575,0.0018264415930212604,0.5366786546942792,1.4228055241646425,35.768048985805436,10.204600028900568,13,long_relative_to_circular_transit,
27416154,1,5.5392832996967725,1743.1130251197262,0.057329999999999985,0.0017780893828515337,0.6354325657566118,1.228993912594576,4.112002455442567,-0.9555418853679822,2,long_relative_to_circular_transit;low_nominal_training_snr;not_recovered_in_final_holdout;inconsistent_holdout_depth_signs,
27435948,1,10.649729352639868,1738.8881654461675,0.238875,0.001454843716219685,0.7747020465842551,1.035274203341386,8.893408429022312,-0.25811969787542616,2,fewer_than_three_discovery_events;dominated_by_one_discovery_event;long_relative_to_circular_transit;not_recovered_in_final_holdout;inconsistent_holdout_depth_signs,
27435948,2,8.207953428667246,1747.3103298815865,0.08599499999999999,0.0017584669926761236,0.8517137183585959,1.465076522584753,6.361162247889242,0.7198031527900918,2,long_relative_to_circular_transit;low_nominal_training_snr;not_recovered_in_final_holdout;inconsistent_holdout_depth_signs,
27435948,3,7.816333072099114,1746.9961726603817,0.11465999999999998,0.001301883106399728,0.7328456726355879,1.5637575178213377,5.8316117499979025,-1.2239598784538201,1,dominated_by_one_discovery_event;outside_nominal_optimistic_hz;long_relative_to_circular_transit;low_nominal_training_snr;insufficient_holdout_events,
27435948,4,9.495260609714213,1742.8771441631577,0.22491000000000003,0.0009882315067264438,0.6384926172017295,1.2064175188113837,5.984685270845981,0.5770759905472647,1,long_relative_to_circular_transit;low_nominal_training_snr;insufficient_holdout_events,
274393297,1,13.924158838380283,1725.1818092716385,0.29575,0.0040317788023811725,1.1440523052984526,0.5198830815605168,14.495063123104524,1.775668780222857,2,odd_even_discrepancy;long_relative_to_circular_transit;not_recovered_in_final_holdout;inconsistent_holdout_depth_signs,
274393297,2,16.2047565945892,1713.527342093327,0.29575,0.0021556418408933717,0.8365383093288719,0.4246922086299177,8.844394507251389,0.7691609787600445,1,long_relative_to_circular_transit;insufficient_holdout_events,
274393297,3,12.58646960007658,1711.775592093327,0.29575,0.0026398177192037547,0.9257303489919889,0.5948293664870249,9.376484176510294,0.0,0,long_relative_to_circular_transit;insufficient_holdout_events,
274393297,4,5.39988058230418,1715.7999338003262,0.29575,0.001626778626550832,0.726711044926835,1.8383100811699469,8.513076695321534,-0.04184265667470988,4,outside_nominal_optimistic_hz;long_relative_to_circular_transit;not_recovered_in_final_holdout,
274626553,1,12.674313896683973,1958.3608305146306,0.29575,0.000686422934363489,0.5292747904833741,0.7016060122025299,9.84772180253813,-1.2670959427263768,4,long_relative_to_circular_transit;not_recovered_in_final_holdout;inconsistent_holdout_depth_signs,
274626553,2,25.66109115203706,1960.2718305146304,0.29575,0.00039331181131150477,0.4006395417872621,0.2739212687396867,6.7386871288603825,-0.7265822188352254,2,outside_initial_small_planet_radius_range;long_relative_to_circular_transit;low_nominal_training_snr;not_recovered_in_final_holdout;inconsistent_holdout_depth_signs,
274626553,3,22.42536960847014,1958.4857280146305,0.124215,0.0005534356175740051,0.4752464363864512,0.3278484243435807,6.695237566793397,-0.5791505945056036,2,outside_initial_small_planet_radius_range;long_relative_to_circular_transit;low_nominal_training_snr;not_recovered_in_final_holdout;inconsistent_holdout_depth_signs,
274626553,4,18.54353993146558,1964.0142055146305,0.29575,0.0003227418793958206,0.36292173465142463,0.4224114890271149,6.357297081615817,-0.5034587655481257,2,outside_initial_small_planet_radius_range;long_relative_to_circular_transit;low_nominal_training_snr;not_recovered_in_final_holdout;inconsistent_holdout_depth_signs,
274845559,1,13.272760967988185,1797.9972539217918,0.124215,0.004566692547279332,0.8043424183519897,0.21876554332725964,6.023941508826579,1.3357717823068158,7,dominated_by_one_discovery_event;long_relative_to_circular_transit;low_nominal_training_snr;not_recovered_in_final_holdout,
274845559,2,6.4645721161862335,1797.0711014217916,0.057329999999999985,0.004432593856178912,0.7924448654414977,0.5708748416995623,5.030055475729852,-2.1871439180621763,16,long_relative_to_circular_transit;low_nominal_training_snr;not_recovered_in_final_holdout;inconsistent_holdout_depth_signs,
277771912,1,25.348891572213144,1339.8544315561671,0.22931999999999997,0.0018405722441680145,0.7261422728391813,0.18220677189682097,7.88857943066013,-0.14440977151231207,3,outside_nominal_optimistic_hz;long_relative_to_circular_transit;not_recovered_in_final_holdout;inconsistent_holdout_depth_signs,
277771912,2,9.23454178043741,1329.9686465561672,0.031849999999999996,0.0021600568608886412,0.7866433537695161,0.7003084149031773,5.15696504294813,-0.03196484470268986,11,low_nominal_training_snr;not_recovered_in_final_holdout,
277771912,3,18.83432702834672,1340.3667615561671,0.03822,0.0029498848073806583,0.9192800060935813,0.2707549070041344,5.860161670041547,-0.25060111333765794,5,low_nominal_training_snr;not_recovered_in_final_holdout,
277771912,4,5.003872060130017,1326.2453290561673,0.11245500000000001,0.0008793349099712649,0.501906064797549,1.5852638256880145,5.457918034594049,1.100870612346356,21,outside_nominal_optimistic_hz;long_relative_to_circular_transit;low_nominal_training_snr;not_recovered_in_final_holdout,
278614475,1,10.325064660373723,1332.005083636697,0.29575,0.0022821871920930725,0.667727386978297,0.44185730017230285,6.292445268945981,-0.03437196852345502,4,dominated_by_one_discovery_event;long_relative_to_circular_transit;low_nominal_training_snr;not_recovered_in_final_holdout;inconsistent_holdout_depth_signs,
278614475,2,3.790752871162809,1326.917833636697,0.024499999999999997,0.004248684081634188,0.9110679670225367,1.6807577067183603,4.967724338499276,-1.6612442283422497,11,outside_nominal_optimistic_hz;low_nominal_training_snr;not_recovered_in_final_holdout;inconsistent_holdout_depth_signs,
278615421,1,7.012020715062877,1325.4936779340303,0.17198999999999998,0.00403089705965191,0.9775377868462394,0.9234085141890035,7.992654545120427,1.2185812760458616,4,long_relative_to_circular_transit;not_recovered_in_final_holdout;inconsistent_holdout_depth_signs,
278615421,2,12.578153832435882,1327.3398679019272,0.29575,0.0033516814703387614,0.891382430305268,0.4236711835143009,7.831417514464064,-1.8747104921389783,2,long_relative_to_circular_transit;not_recovered_in_final_holdout;inconsistent_holdout_depth_signs,
278615421,3,8.493426545940828,1330.740992901927,0.12739999999999999,0.00532914825371033,1.1239878108621908,0.7151671344533965,6.2378211520548765,0.5239500826174697,2,fewer_than_three_discovery_events;dominated_by_one_discovery_event;long_relative_to_circular_transit;low_nominal_training_snr;not_recovered_in_final_holdout;inconsistent_holdout_depth_signs,
278615421,4,10.782935979688029,1329.909742901927,0.03266666666666666,0.007274725777331122,1.313230661007158,0.5202380257034205,5.359555731665076,0.5744748759085584,2,dominated_by_one_discovery_event;low_nominal_training_snr;not_recovered_in_final_holdout;inconsistent_holdout_depth_signs,
279293709,1,19.515110644588777,1719.06248351186,0.29575,0.0039170361862129206,0.9294612490747594,0.1965765969187152,14.064961164555017,-1.0967824879961285,1,outside_nominal_optimistic_hz;long_relative_to_circular_transit;insufficient_holdout_events,
279293709,2,8.911828812370688,1714.33048351186,0.29575,0.002533169468477095,0.7474542551668738,0.5589900217923812,11.473054209585598,0.045489075876632125,2,long_relative_to_circular_transit;not_recovered_in_final_holdout;inconsistent_holdout_depth_signs,
279293709,3,10.17432677927194,1719.5174835118598,0.29575,0.002869030873372111,0.7954632256620395,0.4684741084726316,11.325214751485394,0.7088546089830603,2,long_relative_to_circular_transit;not_recovered_in_final_holdout,
279293709,4,15.312742736707865,1715.20635851186,0.29575,0.002189573224795189,0.6949158749009797,0.27161631617865695,9.475042563394107,0.023498830015813377,2,dominated_by_one_discovery_event;long_relative_to_circular_transit;not_recovered_in_final_holdout;inconsistent_holdout_depth_signs,
28053247,1,9.467024325633295,1386.0931163519483,0.29575,0.08697814752280776,3.6391261289787438,0.39531704739627277,13.033021260095008,0.4957560380693886,1,fewer_than_three_discovery_events;outside_initial_small_planet_radius_range;long_relative_to_circular_transit;insufficient_holdout_events,
28053247,2,4.4473967521727875,1389.1681718873263,0.16243500000000002,0.059765729054163906,3.016602885027226,1.0824861977882598,10.841508121948138,-0.19540381599080967,2,outside_initial_small_planet_radius_range;long_relative_to_circular_transit;not_recovered_in_final_holdout;inconsistent_holdout_depth_signs,
28053247,3,10.440518160487967,1391.9132393873263,0.0441,0.15674415373639064,4.885260276374287,0.34695045618772924,10.211501621587281,0.7678170924600206,1,fewer_than_three_discovery_events;dominated_by_one_discovery_event;outside_initial_small_planet_radius_range;insufficient_holdout_events,
28053247,4,4.66363140312206,1389.634319387326,0.11465999999999998,0.06187480538637428,3.069367951993539,1.016087814340759,9.466761694439754,2.517944345520064,2,outside_initial_small_planet_radius_range;long_relative_to_circular_transit;not_recovered_in_final_holdout,
28069786,1,18.892800723358675,2010.5480557298663,0.29575,0.003413171684569254,0.7846893643805872,0.16851261836789344,8.097809055687382,-0.06568901123408591,1,outside_nominal_optimistic_hz;long_relative_to_circular_transit;insufficient_holdout_events,
28069786,2,10.391943795659092,2014.7581685034804,0.238875,0.0027302787477748117,0.7018142684116716,0.3739083520511115,6.426120692483477,-0.8536134734559621,1,dominated_by_one_discovery_event;long_relative_to_circular_transit;low_nominal_training_snr;insufficient_holdout_events,
28069786,3,4.165038120768666,2012.1248560034805,0.29575,0.001626547912147932,0.5416916354570556,1.2653254527881843,6.574320920832152,-1.723992672681763,5,long_relative_to_circular_transit;low_nominal_training_snr;not_recovered_in_final_holdout;inconsistent_holdout_depth_signs,
28069786,4,4.109974095095151,2013.2573510034804,0.17198999999999998,0.0021182831859823752,0.6181739626115859,1.2879789712277057,5.97199059499324,-1.995844291810933,5,long_relative_to_circular_transit;low_nominal_training_snr;not_recovered_in_final_holdout;inconsistent_holdout_depth_signs,
280801342,1,12.940917744688353,1331.8372143755835,0.22491000000000003,0.0032530083280307084,0.7224605951692534,0.271693227555968,8.464456355882666,0.8862865429250179,4,fewer_than_three_discovery_events;dominated_by_one_discovery_event;long_relative_to_circular_transit;not_recovered_in_final_holdout,
280801342,2,14.509130529527896,1325.5537343755836,0.29575,0.0025496040379113065,0.6395992504626968,0.23326185853021772,7.685617969252495,0.16257659322673462,2,fewer_than_three_discovery_events;dominated_by_one_discovery_event;long_relative_to_circular_transit;not_recovered_in_final_holdout;inconsistent_holdout_depth_signs,
280801342,3,11.081564415066444,1336.8294830863017,0.06664,0.0035636764968431443,0.7561722113617143,0.33411616015035855,6.23337851505996,1.2319069095549833,3,long_relative_to_circular_transit;low_nominal_training_snr;not_recovered_in_final_holdout,
280801342,4,15.256848964711068,1325.9482991215907,0.17198999999999998,0.0025789366652907105,0.6432679522982444,0.21814526263162662,6.4752629436079285,1.403045402660297,2,long_relative_to_circular_transit;low_nominal_training_snr;not_recovered_in_final_holdout,
281193283,1,3.5991292680274416,1817.0482069445218,0.29575,0.0014458003083341095,0.5273166267598809,1.7834502654189248,6.695285577014623,2.2007866469462742,19,odd_even_discrepancy;outside_nominal_optimistic_hz;long_relative_to_circular_transit;low_nominal_training_snr;not_recovered_in_final_holdout,
281193283,2,3.6411590443555815,1819.5962069445218,0.29575,0.0014066139983879727,0.5201214639836362,1.756054798999796,6.56264839119372,0.4458969343292663,21,outside_nominal_optimistic_hz;long_relative_to_circular_transit;low_nominal_training_snr;not_recovered_in_final_holdout;inconsistent_holdout_depth_signs,
281193283,3,8.007255440651262,1816.6625898922916,0.170625,0.0021478184885462843,0.6427115387452685,0.6140626542870152,5.138158194849614,2.905933721747849,9,long_relative_to_circular_transit;low_nominal_training_snr;not_recovered_in_final_holdout,
281193283,4,7.131967409736378,1821.5563423922918,0.17198999999999998,0.002202704445758016,0.6508717511501959,0.7165477388375571,4.971569434807014,1.7243297795521384,11,long_relative_to_circular_transit;low_nominal_training_snr;not_recovered_in_final_holdout,
282427587,1,4.385519097175414,1683.4813295980323,0.29575,0.004937509068080944,1.1509562085182083,1.7730074288870743,9.826339911242565,-2.0486944717939117,6,outside_nominal_optimistic_hz;long_relative_to_circular_transit;not_recovered_in_final_holdout;inconsistent_holdout_depth_signs,
282427587,2,19.87647683635427,1702.6849309186553,0.170625,0.011784420484127872,1.7781113820968784,0.23638469530169723,9.869550915332914,-0.162590773338946,1,dominated_by_one_discovery_event;odd_even_discrepancy;long_relative_to_circular_transit;insufficient_holdout_events,
282427587,3,13.912063994280675,1694.9101184186552,0.29575,0.011457653101649003,1.7532856626199258,0.38037894980180736,12.439364322332409,-6.6667482973973105,2,long_relative_to_circular_transit;not_recovered_in_final_holdout;inconsistent_holdout_depth_signs,
282427587,4,5.325554969306629,1687.1869484186552,0.11465999999999998,0.006030162508321973,1.271947994587941,1.3685228978606523,6.591569544675976,-0.5189321332292255,4,long_relative_to_circular_transit;low_nominal_training_snr;not_recovered_in_final_holdout;inconsistent_holdout_depth_signs,
2835989,1,8.623534625901618,1357.9886464178087,0.031849999999999996,0.003022983546739111,0.8105228222541551,0.6606503203502017,5.891012301969464,1.5056816474113925,7,low_nominal_training_snr;not_recovered_in_final_holdout,
2835989,2,5.026527550534899,1358.601379751142,0.031849999999999996,0.0021377624833485223,0.6815960765299475,1.3568379297369806,5.453281601396782,0.36430414259815824,10,low_nominal_training_snr;not_recovered_in_final_holdout,
2835989,3,7.155802248170906,1354.9541755844755,0.238875,0.0008545480648171132,0.4309388057472421,0.847242289085016,5.23609731116449,0.02296353434052865,6,dominated_by_one_discovery_event;outside_initial_small_planet_radius_range;long_relative_to_circular_transit;low_nominal_training_snr;not_recovered_in_final_holdout;inconsistent_holdout_depth_signs,
283784435,1,13.044214887019416,1522.3172766201694,0.29575,0.006065346811265212,1.0290270171416356,0.2773178877694776,12.463325829526404,-0.1501573159016794,4,long_relative_to_circular_transit;not_recovered_in_final_holdout;inconsistent_holdout_depth_signs,
283784435,2,4.886518760300563,1522.7154016201694,0.29575,0.002475663177715033,0.65742276205626,1.0269178808788677,10.608553068096462,1.9425459741196105,9,long_relative_to_circular_transit;not_recovered_in_final_holdout,
283784435,3,4.887747260651473,1519.8944016201694,0.29575,0.0026497939620376285,0.6801504835559857,1.0265737506667088,10.62965149117001,3.3195891951145455,9,long_relative_to_circular_transit;not_recovered_in_final_holdout,
283784435,4,14.18447018992729,1518.5635266201693,0.29575,0.006472776615971352,1.0630269322050803,0.2479996024520499,9.518087971164631,-0.7613146566762997,2,dominated_by_one_discovery_event;long_relative_to_circular_transit;not_recovered_in_final_holdout;inconsistent_holdout_depth_signs,
283869316,1,3.5174960259483306,1959.3414710949885,0.12739999999999999,0.003810768445711532,0.8763210022930951,1.8458192440271097,6.110832154992115,-0.445768748060876,1,outside_nominal_optimistic_hz;long_relative_to_circular_transit;low_nominal_training_snr;insufficient_holdout_events,
283869316,2,3.5332004000161117,1956.2320700340274,0.16562,0.0027775545211254672,0.7481492352538786,1.834888289107607,5.171118080698605,-0.5037702703502113,1,outside_nominal_optimistic_hz;long_relative_to_circular_transit;low_nominal_training_snr;insufficient_holdout_events,
283869316,3,4.412679726576157,1956.6160900340276,0.17198999999999998,0.0034549583815110564,0.8344077903646357,1.3642609458107708,5.565320846395785,0.46613582817866794,1,long_relative_to_circular_transit;low_nominal_training_snr;insufficient_holdout_events,
283869316,4,3.5171589365986358,1957.9858675340274,0.238875,0.00247528416982254,0.7062679070486312,1.8460551222680326,4.8330021941689765,-1.483284710367457,1,dominated_by_one_discovery_event;outside_nominal_optimistic_hz;long_relative_to_circular_transit;low_nominal_training_snr;insufficient_holdout_events,
284190375,1,14.849223510245862,1693.644330134571,0.29575,0.003967849215262103,0.9010781596320904,0.2556767887999695,9.897169222659222,1.1110128297879212,8,odd_even_discrepancy;long_relative_to_circular_transit;not_recovered_in_final_holdout,
284190375,2,3.519656151022462,1683.583142634571,0.238875,0.0015755777403793428,0.5678123073978668,1.7429943473125873,10.457386583064595,-0.1665086596088703,35,outside_nominal_optimistic_hz;long_relative_to_circular_transit;not_recovered_in_final_holdout;inconsistent_holdout_depth_signs,
284190375,3,11.556616198285981,1695.3738988389648,0.16562,0.0027033200889202682,0.7437613723643155,0.35715388205710014,7.679213184883005,1.6980612046478014,9,odd_even_discrepancy;long_relative_to_circular_transit;not_recovered_in_final_holdout,
284190375,4,3.521549497683742,1687.0312475024032,0.16243500000000002,0.0016721768343694397,0.5849597508297246,1.7417449742619238,8.080843899578273,-0.3648945194861756,36,outside_nominal_optimistic_hz;long_relative_to_circular_transit;not_recovered_in_final_holdout;inconsistent_holdout_depth_signs,
285042210,1,13.406547111185361,1773.951466647102,0.29575,0.00360055678124473,0.936988924292953,0.42148445788020233,6.889305233141696,0.7558544477293602,2,dominated_by_one_discovery_event;long_relative_to_circular_transit;low_nominal_training_snr;not_recovered_in_final_holdout;inconsistent_holdout_depth_signs,
285042210,2,8.273841556226287,1772.5750916471022,0.29575,0.0023172169976595413,0.7516799704200443,0.8021603961675643,6.130996358028781,-3.2225674574327496,3,long_relative_to_circular_transit;low_nominal_training_snr;not_recovered_in_final_holdout;inconsistent_holdout_depth_signs,
285042210,3,5.4678063120261715,1766.6844341471021,0.08599499999999999,0.0029583960424658697,0.8493325759269359,1.3935417577600215,5.618804438830211,0.5724766552814009,5,long_relative_to_circular_transit;low_nominal_training_snr;not_recovered_in_final_holdout;inconsistent_holdout_depth_signs,
285042210,4,8.86322019117862,1768.3535083137688,0.024499999999999997,0.006564442351037195,1.2651690075068733,0.7318388008935468,5.406829890666332,0.6446164090166087,3,low_nominal_training_snr;not_recovered_in_final_holdout,
285129058,1,14.75797056898535,1791.2789140385753,0.29575,0.001790227902931149,0.6791803046600353,0.4060773301373037,8.256478175002249,0.4404065694133078,2,fewer_than_three_discovery_events;dominated_by_one_discovery_event;long_relative_to_circular_transit;not_recovered_in_final_holdout;inconsistent_holdout_depth_signs,
285129058,2,10.06883572671949,1794.1226640385753,0.29575,0.0007041787587470238,0.4259634960715998,0.6760911603781687,5.694379608267807,0.2112225349538685,2,dominated_by_one_discovery_event;outside_initial_small_planet_radius_range;long_relative_to_circular_transit;low_nominal_training_snr;not_recovered_in_final_holdout,
285129058,3,4.761092273963404,1791.6656640385754,0.29575,0.0005639702218085147,0.3812053694268596,1.8352791617372224,5.708519238422635,1.3462768958026068,4,outside_initial_small_planet_radius_range;outside_nominal_optimistic_hz;long_relative_to_circular_transit;low_nominal_training_snr;not_recovered_in_final_holdout,
285129058,4,4.956720153069569,1792.2235990385755,0.29988000000000004,0.0004970916752422748,0.35788967355640516,1.739342323187496,4.799186043500864,0.09179075095145296,6,dominated_by_one_discovery_event;outside_initial_small_planet_radius_range;outside_nominal_optimistic_hz;long_relative_to_circular_transit;low_nominal_training_snr;not_recovered_in_final_holdout,
286332367,1,4.487030806143156,1546.5385170015813,0.11245500000000001,0.002781088754455344,0.7659010293747951,1.3529549460457344,7.355495247963579,0.5344534642186552,15,long_relative_to_circular_transit;not_recovered_in_final_holdout,
286332367,2,4.12655818802707,1545.3344295015813,0.12284999999999999,0.0025159573641712735,0.7284787157495617,1.5127881191818267,7.553938992029858,-0.004006609637022704,18,outside_nominal_optimistic_hz;long_relative_to_circular_transit;not_recovered_in_final_holdout;inconsistent_holdout_depth_signs,
286332367,3,4.877941428968862,1548.5858595015814,0.17198999999999998,0.0022628206000888207,0.6908603855438478,1.2103564658494734,7.019060196530626,-0.1870098085701014,14,long_relative_to_circular_transit;not_recovered_in_final_holdout;inconsistent_holdout_depth_signs,
286332367,4,6.751596356163145,1547.1239445015815,0.11465999999999998,0.003248239554739916,0.8277310636889759,0.7846695075351259,7.7119281502943355,-0.26044827094159123,12,long_relative_to_circular_transit;not_recovered_in_final_holdout;inconsistent_holdout_depth_signs,
286898565,1,20.330947455209124,1619.7546148124934,0.17198999999999998,0.004173967784822117,0.9947346515150315,0.26390714694984946,9.740780501598836,-1.3923875766617404,1,fewer_than_three_discovery_events;dominated_by_one_discovery_event;odd_even_discrepancy;long_relative_to_circular_transit;insufficient_holdout_events,
286898565,2,24.146798321429483,1613.2278673124933,0.124215,0.005282353972734375,1.1190421640104824,0.20982081476966333,8.179389106456872,1.415601644423437,2,fewer_than_three_discovery_events;long_relative_to_circular_transit;not_recovered_in_final_holdout,
286898565,3,5.928467675031024,1603.3366223124933,0.238875,0.0016848406174128012,0.6319927733723373,1.364807395877651,8.786805587623705,-0.9262830081884691,8,long_relative_to_circular_transit;not_recovered_in_final_holdout;inconsistent_holdout_depth_signs,
286898565,4,23.495588214398836,1609.5246223124934,0.238875,0.0033216218298727355,0.8873762346653224,0.217610349311731,7.9825406966283925,-0.1012797039714421,2,dominated_by_one_discovery_event;long_relative_to_circular_transit;not_recovered_in_final_holdout;inconsistent_holdout_depth_signs,
286944183,1,15.43934285140069,1915.39116428378,0.29575,0.006277858341629288,1.4016331426871185,0.42432619724433657,14.975648902729722,-4.580855067012435,1,dominated_by_one_discovery_event;long_relative_to_circular_transit;insufficient_holdout_events,
286944183,2,15.050588274580008,1900.4443518754497,0.238875,0.005401021641047055,1.3000694739221774,0.4390024662688618,6.805756742344004,0.0,0,fewer_than_three_discovery_events;dominated_by_one_discovery_event;long_relative_to_circular_transit;low_nominal_training_snr;insufficient_holdout_events,
286944183,3,8.197657643893415,1908.0403689869504,0.07643999999999998,0.002695611045327414,0.9184535897575435,0.9869274408301185,5.331612652085865,-4.086787124959329,1,long_relative_to_circular_transit;low_nominal_training_snr;insufficient_holdout_events,
286944183,4,16.82289668180469,1906.7313339869504,0.17198999999999998,0.002078773519584894,0.8065516616738193,0.3784459746409623,5.167120335624139,-0.10402820774999119,1,long_relative_to_circular_transit;low_nominal_training_snr;insufficient_holdout_events,
286945883,1,13.555361389156594,1712.767288746149,0.29575,0.0010243542287203772,0.5312295904503398,0.5116619744709244,5.146459363191541,0.10186512108061975,4,long_relative_to_circular_transit;low_nominal_training_snr;not_recovered_in_final_holdout;inconsistent_holdout_depth_signs,
287148041,1,9.551250849956444,1328.77967890703,0.238875,0.003969728898027373,1.0113729803327116,0.6697721814599003,10.689711678651056,1.214623693192821,2,dominated_by_one_discovery_event;long_relative_to_circular_transit;not_recovered_in_final_holdout,
287148041,2,7.116630925721685,1325.6629289070302,0.238875,0.0019550076963661678,0.709749602935744,0.991535305061229,6.299731445416029,-1.0415330539865162,4,long_relative_to_circular_transit;low_nominal_training_snr;not_recovered_in_final_holdout;inconsistent_holdout_depth_signs,
287148041,3,5.325102734489508,1329.6473511220495,0.22931999999999997,0.001613298088265477,0.6447453700068146,1.459609852223699,5.488687759801523,-0.14012134965369358,4,long_relative_to_circular_transit;low_nominal_training_snr;not_recovered_in_final_holdout;inconsistent_holdout_depth_signs,
287148041,4,5.222159485259588,1327.1412111220495,0.11465999999999998,0.002529511876732453,0.8073266408780763,1.4980992932034614,5.666328074844482,0.6468211388204567,5,long_relative_to_circular_transit;low_nominal_training_snr;not_recovered_in_final_holdout,
287254711,1,13.638504273303399,1696.2099419864126,0.29575,0.001243336862525376,0.6276182983983127,0.6346024190024723,6.826334278306482,-0.34940171271310294,3,dominated_by_one_discovery_event;long_relative_to_circular_transit;low_nominal_training_snr;not_recovered_in_final_holdout;inconsistent_holdout_depth_signs,
287254711,2,13.438399967339516,1690.1934769864124,0.03822,0.0023976067750310936,0.8715457124801311,0.6472329692075353,5.467002513283775,-0.6518431514633721,6,low_nominal_training_snr;not_recovered_in_final_holdout;inconsistent_holdout_depth_signs,
287254711,3,19.586596387017178,1691.0670769864125,0.22931999999999997,0.0010817622454147918,0.5854193891305557,0.39166258256573006,4.907676514569804,-0.8559479583898018,4,dominated_by_one_discovery_event;long_relative_to_circular_transit;low_nominal_training_snr;not_recovered_in_final_holdout;inconsistent_holdout_depth_signs,
287254711,4,12.32312204398447,1694.3285169864125,0.027299999999999998,0.002893412232343022,0.9574284948719838,0.7264901258144556,5.062746692672032,0.41402386288215026,6,low_nominal_training_snr;not_recovered_in_final_holdout;inconsistent_holdout_depth_signs,
288314668,1,31.52897275079354,1696.9807759662478,0.16065000000000002,0.0010522317824990662,0.5844579086509664,0.1883234858208159,8.844571362279643,-2.326286992369539,7,dominated_by_one_discovery_event;outside_nominal_optimistic_hz;long_relative_to_circular_transit;not_recovered_in_final_holdout;inconsistent_holdout_depth_signs,
288314668,2,26.643535940898605,1695.983275966248,0.29575,0.0007067493932891346,0.4789941993912066,0.235719275771469,9.07523494805357,-1.3048394678722783,9,fewer_than_three_discovery_events;dominated_by_one_discovery_event;outside_initial_small_planet_radius_range;long_relative_to_circular_transit;not_recovered_in_final_holdout;inconsistent_holdout_depth_signs,
288314668,3,27.552068352682554,1702.6717759662479,0.29575,0.0005215771388275493,0.4114876505303346,0.22541283245852303,7.41749374341189,-0.8328501886839537,9,outside_initial_small_planet_radius_range;long_relative_to_circular_transit;not_recovered_in_final_holdout;inconsistent_holdout_depth_signs,
288314668,4,26.042915157556727,1686.6698809662478,0.22931999999999997,0.0005871827737704746,0.43660045609642695,0.24299543658375966,7.347139270455057,2.3065208702918123,7,outside_initial_small_planet_radius_range;long_relative_to_circular_transit;not_recovered_in_final_holdout,
288452865,1,16.024334457893488,1748.4598560354968,0.29575,0.0036358556520981683,0.7769604486585042,0.21916349196561546,7.011603455452047,0.6105308700894269,2,dominated_by_one_discovery_event;long_relative_to_circular_transit;not_recovered_in_final_holdout;inconsistent_holdout_depth_signs,
288452865,2,6.447775695144142,1738.9344310354968,0.16562,0.0026391478412208097,0.6619534573317002,0.7377824466490662,6.932704530893813,-0.7315933821296218,3,dominated_by_one_discovery_event;long_relative_to_circular_transit;low_nominal_training_snr;not_recovered_in_final_holdout;inconsistent_holdout_depth_signs,
288452865,3,3.2720911884088637,1740.9829274113165,0.238875,0.0013156493977643541,0.46737521797117665,1.822668473213794,5.256834520442154,2.2355933484360824,6,outside_initial_small_planet_radius_range;outside_nominal_optimistic_hz;long_relative_to_circular_transit;low_nominal_training_snr;not_recovered_in_final_holdout,
288512235,1,15.079911858314588,1750.217610757245,0.238875,0.0025197893337487068,0.9921430152156546,0.5583888150842591,7.598949949365108,0.0,0,long_relative_to_circular_transit;insufficient_holdout_events,
288512235,2,13.992835062728751,1746.3697982572448,0.24499999999999997,0.0012839537918895002,0.7082178356201465,0.6169654267839886,4.775983392281394,-0.9761035714879004,2,fewer_than_three_discovery_events;dominated_by_one_discovery_event;long_relative_to_circular_transit;low_nominal_training_snr;not_recovered_in_final_holdout;inconsistent_holdout_depth_signs,
288512235,3,6.875688535960996,1742.236683257245,0.057329999999999985,0.00150084521056974,0.7657025871120546,1.5911587851889961,4.003326520657674,0.08175065651132687,4,outside_nominal_optimistic_hz;low_nominal_training_snr;not_recovered_in_final_holdout;inconsistent_holdout_depth_signs,
288953054,1,20.179824053132663,1828.305991640173,0.124215,0.003994228438894795,0.8419569150911534,0.188357372114042,5.853067813775387,-1.9619642106068713,1,fewer_than_three_discovery_events;dominated_by_one_discovery_event;outside_nominal_optimistic_hz;long_relative_to_circular_transit;low_nominal_training_snr;insufficient_holdout_events,
288953054,2,14.281604009567465,1828.4267941401731,0.12284999999999999,0.0034096535385246913,0.7779085490290426,0.2986550117212978,5.651792640126155,-0.07074768721857058,2,fewer_than_three_discovery_events;long_relative_to_circular_transit;low_nominal_training_snr;not_recovered_in_final_holdout;inconsistent_holdout_depth_signs,
288953054,3,9.549055284028258,1825.3189458068398,0.024499999999999997,0.006104113924660724,1.0408418206457355,0.5108090458997187,5.724992481825022,-2.2003734802968786,2,low_nominal_training_snr;not_recovered_in_final_holdout;inconsistent_holdout_depth_signs,
288953054,4,17.217769799754848,1825.8182791401732,0.024499999999999997,0.0064941334785345965,1.0735790396177753,0.23275727305484267,5.096540604112298,-0.8384596574400267,2,low_nominal_training_snr;not_recovered_in_final_holdout;inconsistent_holdout_depth_signs,
289113766,1,5.78024586613887,1496.1005921762776,0.24499999999999997,0.0010395522264484923,0.3520762616329676,0.573428029949872,7.657488132954696,0.5113534220443537,8,outside_initial_small_planet_radius_range;long_relative_to_circular_transit;not_recovered_in_final_holdout;inconsistent_holdout_depth_signs,
289113766,2,12.102176901560288,1502.9076546762776,0.170625,0.0016880020596424239,0.44864215069064006,0.2140865274961843,7.4448325689380574,-1.054848075375902,3,outside_initial_small_planet_radius_range;long_relative_to_circular_transit;not_recovered_in_final_holdout;inconsistent_holdout_depth_signs,
289113766,3,4.691432640617429,1493.518175509611,0.024499999999999997,0.0026422722519481093,0.5613094705064413,0.7574140440341015,5.9520020138578715,-0.48433877951028426,10,low_nominal_training_snr;not_recovered_in_final_holdout,
289113766,4,7.459307801706566,1495.8494671762776,0.09554999999999998,0.002136429948336778,0.504728602380139,0.40814012769390806,6.726677468000805,1.3834797634894183,6,long_relative_to_circular_transit;low_nominal_training_snr;not_recovered_in_final_holdout,
289567943,1,12.38037729624945,1828.388501372885,0.29575,0.00154801113221382,0.7647520147710158,0.9339480278234348,6.436953493369819,3.2903008718751887,4,long_relative_to_circular_transit;low_nominal_training_snr;not_recovered_in_final_holdout,
289567943,2,9.052600140174519,1822.8965786252877,0.1323,0.0014889425608023256,0.7500195125794058,1.4177623290047892,5.436901586561283,0.18192933671693473,8,long_relative_to_circular_transit;low_nominal_training_snr;not_recovered_in_final_holdout;inconsistent_holdout_depth_signs,
289575374,1,10.559650817587292,1358.7124968846158,0.17198999999999998,0.002937302406224889,0.716099364992624,0.3660393220652619,8.945390079899047,1.1372365317644642,2,dominated_by_one_discovery_event;long_relative_to_circular_transit;not_recovered_in_final_holdout;inconsistent_holdout_depth_signs,
289575374,2,5.339946645279008,1354.9560168846158,0.057329999999999985,0.0026008936576902104,0.6738453812135284,0.9085411349789533,6.582890581737197,1.2287006771904105,4,long_relative_to_circular_transit;low_nominal_training_snr;not_recovered_in_final_holdout;inconsistent_holdout_depth_signs,
289575374,3,8.374768470766302,1355.731564384616,0.124215,0.002105008390311689,0.6062138769990257,0.4986127806619121,6.294943082436592,0.9663085680089766,2,dominated_by_one_discovery_event;long_relative_to_circular_transit;low_nominal_training_snr;not_recovered_in_final_holdout;inconsistent_holdout_depth_signs,
289575374,4,3.553575298069902,1356.180865217949,0.017499999999999998,0.004006262876424671,0.836312676003104,1.5637708828984254,5.932418782421224,-1.3002447537441293,2,outside_nominal_optimistic_hz;low_nominal_training_snr;not_recovered_in_final_holdout;inconsistent_holdout_depth_signs,
289589923,1,31.701786484807787,1708.5667591462343,0.29575,0.00045884190626992134,0.45144249184863855,0.22292615028694,7.542602553520832,-3.8429462691524683,3,outside_initial_small_planet_radius_range;long_relative_to_circular_transit;not_recovered_in_final_holdout;inconsistent_holdout_depth_signs,
289589923,2,31.35080620508066,1690.9753216462343,0.238875,0.00043395414647022724,0.4390286052885126,0.2262599640625931,6.616528893299461,1.1612452434569158,5,outside_initial_small_planet_radius_range;long_relative_to_circular_transit;low_nominal_training_snr;not_recovered_in_final_holdout,
289589923,3,22.31771095828968,1694.4901966462344,0.238875,0.00035753283024657004,0.39850049039760743,0.3559643184878383,6.832532033047723,-0.956727433156222,7,outside_initial_small_planet_radius_range;long_relative_to_circular_transit;low_nominal_training_snr;not_recovered_in_final_holdout;inconsistent_holdout_depth_signs,
289589923,4,7.141604988878146,1683.8675391462343,0.17198999999999998,0.00025073237512142664,0.33371528900095176,1.6263408284894936,6.46647768079164,-1.828677794186782,16,outside_initial_small_planet_radius_range;outside_nominal_optimistic_hz;long_relative_to_circular_transit;low_nominal_training_snr;not_recovered_in_final_holdout;inconsistent_holdout_depth_signs,
289719891,1,15.78298848195461,1421.5137246875845,0.29575,0.0075063787358421626,1.1826026212895462,0.23496886794161137,14.909391883207302,-1.1303300427364467,2,fewer_than_three_discovery_events;long_relative_to_circular_transit;not_recovered_in_final_holdout;inconsistent_holdout_depth_signs,
289719891,2,20.284955789443114,1418.2377246875844,0.29575,0.004509123559718058,0.9165785062116792,0.16815013613627575,10.308986562270713,0.0,0,fewer_than_three_discovery_events;dominated_by_one_discovery_event;outside_nominal_optimistic_hz;long_relative_to_circular_transit;insufficient_holdout_events,
289719891,3,3.559300351652729,1412.9369746875846,0.29575,0.0012312882780097778,0.4789646629866332,1.7117609995551326,6.289372546056843,-2.6711883069549325,6,outside_initial_small_planet_radius_range;outside_nominal_optimistic_hz;long_relative_to_circular_transit;low_nominal_training_snr;not_recovered_in_final_holdout;inconsistent_holdout_depth_signs,
289909994,1,12.15112538758615,1816.233643036223,0.17198999999999998,0.003602677080088899,0.8389502846152608,0.3639804218248297,6.379352702316802,3.040052727794272,12,dominated_by_one_discovery_event;long_relative_to_circular_transit;low_nominal_training_snr;not_recovered_in_final_holdout,
289909994,2,14.139764371844985,1825.739284005595,0.238875,0.0025080520777241173,0.6999899946299337,0.2973791145613129,4.995305895272237,0.05871250759412607,8,fewer_than_three_discovery_events;long_relative_to_circular_transit;low_nominal_training_snr;not_recovered_in_final_holdout,
289909994,3,14.761765267085114,1819.977846505595,0.29575,0.0021905816335671944,0.6541890619900527,0.28079042893041567,4.952072750828195,-0.37570156073429656,12,dominated_by_one_discovery_event;long_relative_to_circular_transit;low_nominal_training_snr;not_recovered_in_final_holdout;inconsistent_holdout_depth_signs,
289972535,1,19.70096075677625,1833.466717414815,0.238875,0.006166751453362221,2.1266376140228505,0.7032823349485499,52.47619884135188,-1.6011886712843484,5,fewer_than_three_discovery_events;outside_initial_small_planet_radius_range;long_relative_to_circular_transit;not_recovered_in_final_holdout,
289972535,2,10.867380915079083,1825.0094049148151,0.29575,0.0017039196336418217,1.1178661928622102,1.5545799553801716,33.93253172290108,-0.47121393497010083,10,dominated_by_one_discovery_event;outside_nominal_optimistic_hz;long_relative_to_circular_transit;not_recovered_in_final_holdout;inconsistent_holdout_depth_signs,
289972535,3,14.420872832215696,1829.1954049148153,0.29575,0.0020413631194241308,1.223560366010405,1.066082597307609,30.76091626205334,3.003916612911461,3,dominated_by_one_discovery_event;odd_even_discrepancy;long_relative_to_circular_transit;not_recovered_in_final_holdout;inconsistent_holdout_depth_signs,
289972535,4,24.4696741456175,1839.8879049148152,0.29575,0.002342320035161892,1.3106549896050441,0.5267550025725948,30.998564921435175,14.311911340360703,4,fewer_than_three_discovery_events;long_relative_to_circular_transit,
290183543,1,25.84383618002317,1515.84450672433,0.29575,0.0007070935800819506,0.499436733812498,0.2612595687055624,7.281031602942303,-1.5529238863571169,8,dominated_by_one_discovery_event;outside_initial_small_planet_radius_range;long_relative_to_circular_transit;not_recovered_in_final_holdout;inconsistent_holdout_depth_signs,
290183543,2,27.465456145111947,1503.22963172433,0.29575,0.0007902512915095534,0.5279887169467951,0.24089757228434497,7.840790047996476,0.08899629481765681,7,long_relative_to_circular_transit;not_recovered_in_final_holdout;inconsistent_holdout_depth_signs,
290183543,3,13.473689905054364,1498.3554442243299,0.238875,0.00046065876343790975,0.4031175477111872,0.6226339262651548,6.652831120924335,0.11203199519008114,12,outside_initial_small_planet_radius_range;long_relative_to_circular_transit;low_nominal_training_snr;not_recovered_in_final_holdout;inconsistent_holdout_depth_signs,
290183543,4,11.619362902529492,1500.1397267243299,0.12284999999999999,0.0004942829735998984,0.41757054850876596,0.7585282444891637,5.139391102431123,0.4976987229345579,16,outside_initial_small_planet_radius_range;long_relative_to_circular_transit;low_nominal_training_snr;not_recovered_in_final_holdout,
290408720,1,13.50719464467129,1628.6778010491528,0.22931999999999997,0.004110862884775569,1.0712023439011216,0.4210642677058407,9.634357605699448,2.948495107467171,6,fewer_than_three_discovery_events;dominated_by_one_discovery_event;odd_even_discrepancy;long_relative_to_circular_transit;not_recovered_in_final_holdout,
290408720,2,14.490134388311331,1638.1551069227253,0.29988000000000004,0.0015831957463046085,0.6647713983624809,0.38341760306939066,6.975612772919274,0.6513090441072189,4,dominated_by_one_discovery_event;long_relative_to_circular_transit;low_nominal_training_snr;not_recovered_in_final_holdout;inconsistent_holdout_depth_signs,
290408720,3,19.221383067661062,1643.4064894227251,0.238875,0.0031038755787214933,0.9308017058532067,0.2630605681271484,7.9707498347061385,1.0105418680007991,3,dominated_by_one_discovery_event;long_relative_to_circular_transit;not_recovered_in_final_holdout,
290408720,4,8.137720161733515,1635.0347169227252,0.16562,0.001691539217455745,0.6871413030872844,0.8274941468376132,5.850940024553236,0.6771697830024069,8,long_relative_to_circular_transit;low_nominal_training_snr;not_recovered_in_final_holdout;inconsistent_holdout_depth_signs,
290647853,1,10.538066810090298,1328.198995615005,0.238875,0.0023288018217292594,0.6481640884829429,0.3815602477343827,8.632932455952949,0.257748558168035,9,long_relative_to_circular_transit;not_recovered_in_final_holdout;inconsistent_holdout_depth_signs,
290647853,2,13.901035541620507,1339.045058115005,0.29575,0.0031780490118168505,0.7571797566665663,0.26374334742785943,7.723990332402195,0.18094851136941062,8,fewer_than_three_discovery_events;dominated_by_one_discovery_event;long_relative_to_circular_transit;not_recovered_in_final_holdout,
290647853,3,12.842570530790564,1338.2802859307267,0.29575,0.002466560260261333,0.6670594856680768,0.29311751685608356,6.813551217927974,0.6166116109378225,7,long_relative_to_circular_transit;low_nominal_training_snr;not_recovered_in_final_holdout;inconsistent_holdout_depth_signs,
290647853,4,17.006230160286716,1332.712698619626,0.16243500000000002,0.0022281941691845554,0.6340086978283542,0.20157359851631618,6.013412666670636,0.039765690087729066,6,outside_nominal_optimistic_hz;long_relative_to_circular_transit;low_nominal_training_snr;not_recovered_in_final_holdout,
290777240,1,6.283642369751593,1327.4719857672362,0.29575,0.0008442161922721439,0.47909029562096495,1.3215740186699692,10.427629836687736,1.0620007899115298,30,outside_initial_small_planet_radius_range;long_relative_to_circular_transit;not_recovered_in_final_holdout;inconsistent_holdout_depth_signs,
290777240,2,6.289121572670494,1330.3321157672362,0.22931999999999997,0.0008329575868368499,0.47588495969792427,1.3200390675659988,9.621089421013352,2.425357670636859,28,outside_initial_small_planet_radius_range;long_relative_to_circular_transit;not_recovered_in_final_holdout,
290777240,3,6.823362991883639,1328.9561957672363,0.22931999999999997,0.0009856729504321505,0.5176747164632368,1.1840647997230735,9.773029301737918,-1.3725004781681136,25,long_relative_to_circular_transit;not_recovered_in_final_holdout;inconsistent_holdout_depth_signs,
290777240,4,6.281637817258749,1328.6094857672363,0.29575,0.0010352671916956555,0.5305383234373404,1.3221363572315221,11.06388035304342,-0.012525426278137776,28,long_relative_to_circular_transit;not_recovered_in_final_holdout;inconsistent_holdout_depth_signs,
290949039,1,6.896301927523862,1902.6496070663513,0.057329999999999985,0.006199779907405859,1.2123299562670264,0.9581015841592738,8.007288538142948,0.4921441727506822,1,insufficient_holdout_events,
290949039,2,4.243567632773765,1901.3480270663513,0.06615,0.00437345624446104,1.0182281358130247,1.8305927727658138,7.63960413926746,0.1862911782662267,2,outside_nominal_optimistic_hz;long_relative_to_circular_transit;not_recovered_in_final_holdout;inconsistent_holdout_depth_signs,
290949039,3,7.431753572900477,1900.8826145663513,0.08599499999999999,0.004567387731310364,1.0405588347752497,0.8671845137573732,6.7130868167822575,-1.1353586074016364,1,long_relative_to_circular_transit;low_nominal_training_snr;insufficient_holdout_events,
290949039,4,7.690754328641136,1902.4994570663514,0.057329999999999985,0.005142777905159322,1.1041589196006691,0.8284659487522633,6.548363509036135,-1.098237081137702,2,low_nominal_training_snr;not_recovered_in_final_holdout;inconsistent_holdout_depth_signs,
297905922,1,11.28179820033907,1817.9231645451196,0.29575,0.0028703073941083136,0.7078857386855388,0.3507582321649572,6.5434712204998595,-1.2812304038178144,9,dominated_by_one_discovery_event;long_relative_to_circular_transit;low_nominal_training_snr;not_recovered_in_final_holdout;inconsistent_holdout_depth_signs,
298336896,1,5.5230226447478605,1984.3348312848968,0.29575,0.0019521895652354372,0.6030934257567255,1.0185110593170514,6.835143687687123,-5.394359788553987,1,long_relative_to_circular_transit;low_nominal_training_snr;insufficient_holdout_events,
298336896,2,5.8751173646050265,1985.119706284897,0.29575,0.002385107892778762,0.6666188891487326,0.9379494906668506,7.048217186435707,-5.685864282895512,1,long_relative_to_circular_transit;insufficient_holdout_events,
298336896,3,4.3914239862147815,1986.194643784897,0.170625,0.0026800430227990643,0.7066339248589325,1.3826991248474014,5.956240101457445,-0.6855322368075313,2,long_relative_to_circular_transit;low_nominal_training_snr;not_recovered_in_final_holdout;inconsistent_holdout_depth_signs,
298336896,4,4.386734123150301,1984.711798784897,0.08599499999999999,0.0035239331270297864,0.8102843107992221,1.3846704698343133,5.30260658691459,-1.509131526352365,1,long_relative_to_circular_transit;low_nominal_training_snr;insufficient_holdout_events,
300577723,1,4.808598130638089,1328.786637115651,0.12284999999999999,0.0038385467112881507,0.8998055005241034,1.4951304720682215,7.114758676426117,-0.6127089129579392,4,dominated_by_one_discovery_event;long_relative_to_circular_transit;not_recovered_in_final_holdout;inconsistent_holdout_depth_signs,
300577723,2,5.181734946716974,1325.5453454489843,0.024499999999999997,0.006731174856791615,1.1915455935980692,1.3533292796462015,5.632519717766546,0.8384628896067472,4,low_nominal_training_snr;not_recovered_in_final_holdout,
301894987,1,13.38204611404341,1629.4836877010327,0.238875,0.00260494157448627,0.8861550272519894,0.5380441767774067,6.108653062620988,0.6538676494358765,2,fewer_than_three_discovery_events;dominated_by_one_discovery_event;long_relative_to_circular_transit;low_nominal_training_snr;not_recovered_in_final_holdout;inconsistent_holdout_depth_signs,
301894987,2,12.573079539335689,1638.0864674830766,0.03822,0.005010347472737903,1.2289794893347508,0.584690109665592,6.0200526053867796,0.0,0,low_nominal_training_snr;insufficient_holdout_events,
301894987,3,5.425790652985878,1634.7369674830766,0.024499999999999997,0.0032167706848152235,0.9847381496983261,1.7929324222743968,4.538136373068735,1.1205169931636454,4,outside_nominal_optimistic_hz;low_nominal_training_snr;not_recovered_in_final_holdout,
301894987,4,12.243275555182285,1630.7634699830767,0.08599499999999999,0.003098694213859536,0.9664960260666973,0.6057840011987246,4.451825487669818,0.7033908208170307,2,long_relative_to_circular_transit;low_nominal_training_snr;not_recovered_in_final_holdout,
302444623,1,27.187274007441175,1544.6887482335123,0.29575,0.0022020141761898587,0.8711091277273662,0.27037770954661006,18.13498896543565,-0.47570307529117306,3,dominated_by_one_discovery_event;odd_even_discrepancy;long_relative_to_circular_transit;not_recovered_in_final_holdout;inconsistent_holdout_depth_signs,
302444623,2,20.052997936022088,1557.90277251299,0.29575,0.0009360638175409422,0.5679567146638218,0.40571340588177374,8.921220780134481,1.4029211760135933,7,dominated_by_one_discovery_event;long_relative_to_circular_transit;not_recovered_in_final_holdout,
302444623,3,17.87570849779339,1546.22064751299,0.29575,0.000709703859924687,0.4945396222610914,0.47290519525677277,8.26932031575904,-3.2761322330885236,6,outside_initial_small_planet_radius_range;long_relative_to_circular_transit;not_recovered_in_final_holdout;inconsistent_holdout_depth_signs,
302444623,4,21.401256515494126,1563.26472001299,0.08599499999999999,0.0012224725364217413,0.6490558442400133,0.37199697391865433,7.0174014946084,-0.6515435234617459,6,not_recovered_in_final_holdout;inconsistent_holdout_depth_signs,
303301402,1,13.174982257230049,1557.6020093457175,0.16562,0.005086840476650586,1.05919654463384,0.4080370905907046,16.716045353128102,-4.458082152413287,5,fewer_than_three_discovery_events;dominated_by_one_discovery_event;odd_even_discrepancy;long_relative_to_circular_transit;not_recovered_in_final_holdout;inconsistent_holdout_depth_signs,
303301402,2,14.220248326974009,1554.0956047482123,0.238875,0.0023577453927391533,0.7211090542058254,0.36854465778152473,9.732798097956183,0.215145336679589,5,fewer_than_three_discovery_events;long_relative_to_circular_transit;not_recovered_in_final_holdout,
303301402,3,4.228211009347638,1546.8649722482123,0.22931999999999997,0.0005222943802659299,0.33939869853203414,1.8570523960761989,6.21116092471327,2.131993331993475,21,dominated_by_one_discovery_event;odd_even_discrepancy;outside_initial_small_planet_radius_range;outside_nominal_optimistic_hz;long_relative_to_circular_transit;low_nominal_training_snr;not_recovered_in_final_holdout,
303301402,4,11.984494317052867,1553.8797072482123,0.11465999999999998,0.0012443518031299025,0.5238706731602325,0.46295638257139343,5.870937705069884,-1.545607555509644,9,long_relative_to_circular_transit;low_nominal_training_snr;not_recovered_in_final_holdout;inconsistent_holdout_depth_signs,
306114021,1,11.200303417651943,1818.243375737437,0.29575,0.004026899608187596,0.7345220782820118,0.2604290820321167,7.421925279859082,0.1376877938972643,1,dominated_by_one_discovery_event;long_relative_to_circular_transit;insufficient_holdout_events,
306114021,2,3.9703169894712977,1819.303980737437,0.17198999999999998,0.0033747104601751393,0.6724154937186861,1.0380755317281571,6.726332386513791,-1.5732735788607863,3,long_relative_to_circular_transit;low_nominal_training_snr;not_recovered_in_final_holdout;inconsistent_holdout_depth_signs,
306114021,3,2.9673623163160703,1818.982750737437,0.29575,0.0018589792464838051,0.49906455223650115,1.5305062045905047,5.2118848735199155,-1.0423272285038723,4,outside_initial_small_planet_radius_range;outside_nominal_optimistic_hz;long_relative_to_circular_transit;low_nominal_training_snr;not_recovered_in_final_holdout;inconsistent_holdout_depth_signs,
306262188,1,8.02120839058146,1764.8794966976632,0.16562,0.0053534314325575875,1.030669490330048,0.5843053820433144,11.715644372145576,-6.020244339863045,7,dominated_by_one_discovery_event;long_relative_to_circular_transit;not_recovered_in_final_holdout;inconsistent_holdout_depth_signs,
306262188,2,20.044092554122017,1772.40248633551,0.29575,0.005572883656027838,1.0515823454099391,0.17231023971339304,11.454963982348415,-4.809010352458932,3,dominated_by_one_discovery_event;outside_nominal_optimistic_hz;long_relative_to_circular_transit;not_recovered_in_final_holdout;inconsistent_holdout_depth_signs,
306262188,3,4.188121451210972,1766.79188133551,0.22931999999999997,0.002773237529187008,0.7418170866288837,1.3897411896737677,8.807968547811791,-3.810943095436204,15,long_relative_to_circular_transit;not_recovered_in_final_holdout;inconsistent_holdout_depth_signs,
306262188,4,3.7997878761469552,1766.41354883551,0.238875,0.0024232511138338893,0.6934298114081705,1.5822695931906094,7.516626978234101,1.1486884898574572,15,outside_nominal_optimistic_hz;long_relative_to_circular_transit;not_recovered_in_final_holdout;inconsistent_holdout_depth_signs,
307616783,1,12.385468850618508,1842.825758415341,0.12284999999999999,0.0034784047562789865,0.850114800080466,0.36501870101045764,5.070824234039862,-0.3875406198658654,1,fewer_than_three_discovery_events;long_relative_to_circular_transit;low_nominal_training_snr;insufficient_holdout_events,
308664596,1,5.78678406634389,1330.9203322969577,0.29575,0.0012950985927406148,0.4872890907491276,0.8813477918722772,6.187779112870581,-0.31439262437534965,41,outside_initial_small_planet_radius_range;long_relative_to_circular_transit;low_nominal_training_snr;not_recovered_in_final_holdout;inconsistent_holdout_depth_signs,
308664596,2,16.727919185914242,1339.3723817419122,0.16562,0.00318266238797949,0.7638895322068021,0.21402990619536874,6.668576985404347,-1.075435525229208,13,long_relative_to_circular_transit;low_nominal_training_snr;not_recovered_in_final_holdout;inconsistent_holdout_depth_signs,
308664596,3,13.77756561469594,1329.5275467419124,0.057329999999999985,0.004508112167313272,0.9091439009223434,0.27722583872787604,5.747312093495407,0.7900252310343231,20,low_nominal_training_snr;not_recovered_in_final_holdout,
308664596,4,17.213432018238468,1326.1157292419123,0.08599499999999999,0.004861348637955929,0.9440905641197027,0.20601890053952637,5.558305969576175,-0.22876188820125384,12,long_relative_to_circular_transit;low_nominal_training_snr;not_recovered_in_final_holdout;inconsistent_holdout_depth_signs,
309416650,1,6.150099228475201,1816.1966876005422,0.22931999999999997,0.0035692425542203942,0.8611435441020111,0.9245282079091309,6.036285142064858,0.5604447784540756,2,long_relative_to_circular_transit;low_nominal_training_snr;not_recovered_in_final_holdout,
309416650,2,11.217447655133906,1826.106648887327,0.02275,0.011038113462356385,1.5143802808763362,0.41486257760517214,5.263716876715709,0.39148384913124074,1,fewer_than_three_discovery_events;low_nominal_training_snr;insufficient_holdout_events,
309434653,1,24.94016898884445,1601.4806510014052,0.29575,0.0025156037999085543,0.8543961980928122,0.1993075422248268,6.241881053690058,1.4992718440138935,3,fewer_than_three_discovery_events;dominated_by_one_discovery_event;outside_nominal_optimistic_hz;long_relative_to_circular_transit;low_nominal_training_snr;not_recovered_in_final_holdout;inconsistent_holdout_depth_signs,
309434653,2,15.466203273452493,1608.5187234619798,0.088725,0.0031720862514607855,0.9594242248425997,0.3768871273522256,6.09511499280045,-0.41739260257393124,3,long_relative_to_circular_transit;low_nominal_training_snr;not_recovered_in_final_holdout;inconsistent_holdout_depth_signs,
309434653,3,11.219765836142912,1613.02663596198,0.22931999999999997,0.0018034278478372139,0.7234151037926243,0.5781997045473745,5.758952105118605,-0.33899602055019123,8,long_relative_to_circular_transit;low_nominal_training_snr;not_recovered_in_final_holdout;inconsistent_holdout_depth_signs,
309434653,4,10.942025590349258,1602.5244191923866,0.22931999999999997,0.00176285277530645,0.7152307995825914,0.5978505336524969,5.518115160303547,-0.45573712046699155,7,long_relative_to_circular_transit;low_nominal_training_snr;not_recovered_in_final_holdout;inconsistent_holdout_depth_signs,
30943870,1,14.053197414193319,1448.6832759921028,0.29575,0.0021172951013786467,0.7838426357653351,0.5121066667756299,8.646081702177424,0.5204232326822986,1,dominated_by_one_discovery_event;odd_even_discrepancy;long_relative_to_circular_transit;insufficient_holdout_events,
30943870,2,6.068578693342134,1438.9292134921027,0.170625,0.0016452779507356667,0.6909678250230608,1.5689579659586352,7.523806738514357,0.8817547266245346,2,outside_nominal_optimistic_hz;long_relative_to_circular_transit;not_recovered_in_final_holdout,
30943870,3,6.66333644298802,1440.2170909921028,0.16562,0.0016291189515923639,0.6875663028371802,1.3850697245503871,6.919286392438078,-1.770480900059766,2,long_relative_to_circular_transit;low_nominal_training_snr;not_recovered_in_final_holdout;inconsistent_holdout_depth_signs,
30943870,4,6.067957863087256,1442.6618059921027,0.21658000000000002,0.0013990849955201404,0.6371772124853788,1.5691720024225781,6.856026101406299,0.03159906162463426,2,outside_nominal_optimistic_hz;long_relative_to_circular_transit;low_nominal_training_snr;not_recovered_in_final_holdout;inconsistent_holdout_depth_signs,
30947458,1,11.255800068439635,1444.6408885569654,0.29575,0.001380272965046379,0.5314560731488207,0.4310847301857311,6.77141041048636,-0.5876252954107786,1,long_relative_to_circular_transit;low_nominal_training_snr;insufficient_holdout_events,
30947458,2,11.14782792203395,1438.6926735569652,0.16562,0.0015877703060005867,0.5700050734801407,0.43666071841231263,6.0757393432209055,-0.6111608803014709,1,long_relative_to_circular_transit;low_nominal_training_snr;insufficient_holdout_events,
30947458,3,4.257810544951365,1440.5861560569654,0.08599499999999999,0.0014940560016852142,0.5529276673080618,1.575733213031473,5.590363588870601,1.2854345473030728,3,outside_nominal_optimistic_hz;long_relative_to_circular_transit;low_nominal_training_snr;not_recovered_in_final_holdout,
30947458,4,9.749033101789514,1442.8700285569653,0.05095999999999999,0.0026915510356539107,0.7421406033132331,0.5221345199437064,5.175681946740617,-1.038226496224369,1,low_nominal_training_snr;insufficient_holdout_events,
309707247,1,4.711449448521387,1843.8035647857234,0.116025,0.0035716825675889035,0.8353336651888404,1.1892729550981023,7.96221872622232,-1.670823723284009,4,long_relative_to_circular_transit;not_recovered_in_final_holdout;inconsistent_holdout_depth_signs,
309707247,2,4.731022958878557,1842.8203097857236,0.124215,0.003270374599241529,0.799322996727393,1.1827170282489705,7.705024540781409,1.0681577729189518,3,long_relative_to_circular_transit;not_recovered_in_final_holdout,
309707247,3,3.7677956515161584,1843.3142122857234,0.16562,0.0027920636233918217,0.7385607309613297,1.6021547795614342,7.851931941603933,0.4131498642970672,5,outside_nominal_optimistic_hz;long_relative_to_circular_transit;not_recovered_in_final_holdout;inconsistent_holdout_depth_signs,
309707247,4,3.7759440895508747,1846.1584172857235,0.17198999999999998,0.002224022399520598,0.6591634769768084,1.597546532921152,6.173601907348943,1.6005262116616348,5,outside_nominal_optimistic_hz;long_relative_to_circular_transit;low_nominal_training_snr;not_recovered_in_final_holdout,
309781635,1,26.8743770569935,1347.8006005154039,0.29575,0.001491114560532705,0.7041830455303366,0.28072749893911453,7.790939879489243,-1.033775670391518,7,dominated_by_one_discovery_event;long_relative_to_circular_transit;not_recovered_in_final_holdout;inconsistent_holdout_depth_signs,
309781635,2,30.97784900286944,1337.5232880154038,0.238875,0.0017350270780448142,0.7595969066303673,0.23227429646919906,6.888607870209971,-0.7365519561134526,6,odd_even_discrepancy;long_relative_to_circular_transit;low_nominal_training_snr;not_recovered_in_final_holdout;inconsistent_holdout_depth_signs,
309781635,3,23.618959478496166,1347.4422880154038,0.238875,0.0013926533972152297,0.6805367463100629,0.3334687564109918,6.872753001951354,1.176880620844646,5,long_relative_to_circular_transit;low_nominal_training_snr;not_recovered_in_final_holdout,
309781635,4,20.58494048098784,1333.612440515404,0.07496999999999998,0.0020862471498157746,0.8329385012100443,0.4005622432291639,6.101926163477638,-1.0781579662531688,8,low_nominal_training_snr;not_recovered_in_final_holdout;inconsistent_holdout_depth_signs,
309850275,1,26.930105387124193,1738.9263193882873,0.29575,0.004849740199327088,1.3003759692105115,0.22711250070356237,17.566612450802413,0.0,0,fewer_than_three_discovery_events;dominated_by_one_discovery_event;odd_even_discrepancy;long_relative_to_circular_transit;insufficient_holdout_events,
309850275,2,10.500958530589282,1748.5073397429296,0.22931999999999997,0.00240946342222035,0.9165789245196437,0.7972352972948327,11.008549178389893,-3.68135940226882,3,long_relative_to_circular_transit;not_recovered_in_final_holdout;inconsistent_holdout_depth_signs,
309850275,3,7.651265514777812,1740.6212797429296,0.29575,0.0014786846112883195,0.7180380763364844,1.2159454137909411,8.935722355009291,-0.2552661013071871,4,dominated_by_one_discovery_event;odd_even_discrepancy;long_relative_to_circular_transit;not_recovered_in_final_holdout;inconsistent_holdout_depth_signs,
309850275,4,11.302416471393359,1749.6189047429295,0.29575,0.001555606103663903,0.73647755780132,0.7227643144740604,6.869579077524358,-0.4543782407923564,3,dominated_by_one_discovery_event;long_relative_to_circular_transit;low_nominal_training_snr;not_recovered_in_final_holdout,
310128088,1,27.195396376199035,1518.1520812980405,0.29575,0.004199923209650724,0.9695156634026035,0.17709128712330774,9.070321852123627,1.1316755481973542,3,fewer_than_three_discovery_events;dominated_by_one_discovery_event;outside_nominal_optimistic_hz;long_relative_to_circular_transit;not_recovered_in_final_holdout,
310128088,2,5.558905375727012,1523.9558322999735,0.07643999999999998,0.0015827061966411373,0.5951607827533532,1.4707493888434455,5.397529165844954,-1.4574016371519,13,long_relative_to_circular_transit;low_nominal_training_snr;not_recovered_in_final_holdout;inconsistent_holdout_depth_signs,
310128088,3,7.654214737002343,1524.0227172999735,0.14994000000000002,0.0012523750001509615,0.5294212264172595,0.9601156065512826,4.8802223940277605,-3.9321306016582454,11,long_relative_to_circular_transit;low_nominal_training_snr;not_recovered_in_final_holdout;inconsistent_holdout_depth_signs,
310128088,4,7.707014076687454,1520.2102722999734,0.05095999999999999,0.00230837730297289,0.7187660451767769,0.9513555343664296,5.66861915312433,1.7346664515456347,10,low_nominal_training_snr;not_recovered_in_final_holdout,
311931991,1,14.496462836655729,1767.3705578308684,0.024499999999999997,0.0018326375772822917,0.8133943093908349,0.6833839082428893,5.68081238929714,-1.5355051492584495,2,low_nominal_training_snr;not_recovered_in_final_holdout;inconsistent_holdout_depth_signs,
311931991,2,7.074700330058505,1766.4904711642018,0.22931999999999997,0.0003736968995707129,0.3673013997377132,1.7785663795095354,4.987529046466855,4.832135707761298,2,outside_initial_small_planet_radius_range;outside_nominal_optimistic_hz;long_relative_to_circular_transit;low_nominal_training_snr;not_recovered_in_final_holdout;inconsistent_holdout_depth_signs,
311931991,3,11.68703781053517,1772.8655578308685,0.017499999999999998,0.002185277567387364,0.8882109846130027,0.9107689399508043,5.675111644015412,-1.416829253879513,2,fewer_than_three_discovery_events;low_nominal_training_snr;not_recovered_in_final_holdout;inconsistent_holdout_depth_signs,
311931991,4,11.312488516000483,1766.5928461642018,0.17198999999999998,0.0006947850291840317,0.5008273782675929,0.9511958389043503,5.588079929012584,-3.533445416638728,2,long_relative_to_circular_transit;low_nominal_training_snr;not_recovered_in_final_holdout;inconsistent_holdout_depth_signs,
3127674,1,13.4083512527844,1528.889751476307,0.16562,0.004219998073523272,0.9363617083669304,0.3679122686360168,18.76330088001518,-4.3780677213138715,4,fewer_than_three_discovery_events;dominated_by_one_discovery_event;odd_even_discrepancy;long_relative_to_circular_transit;not_recovered_in_final_holdout;inconsistent_holdout_depth_signs,
3127674,2,18.320489691690945,1523.342846476307,0.29575,0.0017210939472373159,0.5979843355455051,0.2426584045560333,13.712953882865516,0.8540957394924807,4,long_relative_to_circular_transit;not_recovered_in_final_holdout,
3127674,3,7.472790062870422,1521.738971476307,0.29575,0.0009852027482835795,0.45242888702236234,0.8021724324134686,9.633368979497376,1.4937755285139012,10,outside_initial_small_planet_radius_range;long_relative_to_circular_transit;not_recovered_in_final_holdout;inconsistent_holdout_depth_signs,
3127674,4,8.553762397915689,1524.741971476307,0.29575,0.001146112572243788,0.48797902757406564,0.6699389038256877,9.432056905944494,-3.8627407803761447,9,outside_initial_small_planet_radius_range;long_relative_to_circular_transit;not_recovered_in_final_holdout;inconsistent_holdout_depth_signs,
312885008,1,10.692094843036527,1847.1992793097681,0.29575,0.0003490525784683466,0.5426760430396188,1.8737726469026292,6.6257605715620915,-1.5806929526392106,8,fewer_than_three_discovery_events;dominated_by_one_discovery_event;outside_nominal_optimistic_hz;long_relative_to_circular_transit;low_nominal_training_snr;not_recovered_in_final_holdout;inconsistent_holdout_depth_signs,
312885008,2,11.691240053075415,1845.208654309768,0.29575,0.0003610052390325317,0.5518893033288563,1.663361050226844,5.794935096491046,0.9330077506356712,7,dominated_by_one_discovery_event;outside_nominal_optimistic_hz;long_relative_to_circular_transit;low_nominal_training_snr;not_recovered_in_final_holdout,
312885008,3,11.517686986454063,1843.454629309768,0.17198999999999998,0.00034398829377597397,0.5387249085434798,1.6968636094652534,5.013555891020486,0.7124971470910202,7,fewer_than_three_discovery_events;outside_nominal_optimistic_hz;long_relative_to_circular_transit;low_nominal_training_snr;not_recovered_in_final_holdout;inconsistent_holdout_depth_signs,
313386497,1,13.685914771240153,1751.2273312869143,0.17198999999999998,0.006283913191748379,1.2724654844837577,0.43923352437900515,6.298429628397563,0.0,0,fewer_than_three_discovery_events;long_relative_to_circular_transit;low_nominal_training_snr;insufficient_holdout_events,
313386497,2,12.571267175287295,1742.9513362869143,0.22931999999999997,0.002204755853144389,0.7537219701111629,0.4919132411977689,4.251630367260991,-0.30162588348735925,2,dominated_by_one_discovery_event;long_relative_to_circular_transit;low_nominal_training_snr;not_recovered_in_final_holdout;inconsistent_holdout_depth_signs,
313625338,1,7.480892928247336,1717.3588754692043,0.024499999999999997,0.0022739686927345337,0.8019116986121524,1.3943937742933814,5.917491041994519,0.9072708542044571,4,low_nominal_training_snr;not_recovered_in_final_holdout,
313625338,2,12.975235353612671,1719.5018729692042,0.08599499999999999,0.0014038278748426444,0.6300735366163296,0.669118485358461,5.890356530251482,-0.33519047116631795,2,long_relative_to_circular_transit;low_nominal_training_snr;not_recovered_in_final_holdout;inconsistent_holdout_depth_signs,
313625338,3,22.696347139789633,1729.4788854692042,0.16562,0.0016042207369290106,0.6735446200836971,0.3174792895207064,5.731442741331832,0.0,0,fewer_than_three_discovery_events;dominated_by_one_discovery_event;long_relative_to_circular_transit;low_nominal_training_snr;insufficient_holdout_events,
313625338,4,15.384483127589702,1715.8418529692044,0.124215,0.0015828774086100584,0.6690490355164135,0.5331869038994161,6.174271142568271,-0.03282977247976045,2,long_relative_to_circular_transit;low_nominal_training_snr;not_recovered_in_final_holdout;inconsistent_holdout_depth_signs,
31381302,1,13.50954276550887,1328.1800154076761,0.29575,0.0012496807392293403,0.44006616361904377,0.22687789721848267,12.170008233527799,-2.6170721934336125,3,outside_initial_small_planet_radius_range;long_relative_to_circular_transit;not_recovered_in_final_holdout;inconsistent_holdout_depth_signs,
31381302,2,16.896739731684658,1332.2465779076763,0.238875,0.0009456915637617532,0.3828187461896081,0.16836139011434098,9.825418298072577,-3.486898652647686,8,outside_initial_small_planet_radius_range;outside_nominal_optimistic_hz;long_relative_to_circular_transit;not_recovered_in_final_holdout;inconsistent_holdout_depth_signs,
31381302,3,13.563786295001584,1332.1339654076762,0.21658000000000002,0.0012035430991377601,0.43186624704412874,0.22566894787277023,8.228634529915682,3.006023547087985,12,dominated_by_one_discovery_event;outside_initial_small_planet_radius_range;long_relative_to_circular_transit;not_recovered_in_final_holdout,
31381302,4,9.890013392153543,1325.8708904076761,0.29575,0.000632625670761447,0.31310632766346935,0.34386176077148056,9.529878016542252,1.8230050325508431,12,outside_initial_small_planet_radius_range;long_relative_to_circular_transit;not_recovered_in_final_holdout;inconsistent_holdout_depth_signs,
315301271,1,13.107199828650684,1748.3742610850804,0.29575,0.002724203764127266,0.809322708888088,0.37729290663967757,6.658482946121826,-1.4978298262239393,2,fewer_than_three_discovery_events;dominated_by_one_discovery_event;long_relative_to_circular_transit;low_nominal_training_snr;not_recovered_in_final_holdout;inconsistent_holdout_depth_signs,
315301271,2,13.22075261069153,1751.7583235850805,0.238875,0.0018932071548693815,0.674684916001516,0.3729783552319536,5.982369162906041,-3.4079045090040587,2,long_relative_to_circular_transit;low_nominal_training_snr;not_recovered_in_final_holdout;inconsistent_holdout_depth_signs,
315301271,3,5.450587818108182,1742.6173269316741,0.16243500000000002,0.0013675985506908482,0.5734311064788622,1.2155348442106575,5.671579923961799,0.8223473898887256,5,long_relative_to_circular_transit;low_nominal_training_snr;not_recovered_in_final_holdout,
315301271,4,4.010927264686508,1739.8395694316741,0.049980000000000004,0.002008007728474575,0.6948396968666816,1.8296393237251094,5.30420337438517,-2.118256434618413,7,outside_nominal_optimistic_hz;low_nominal_training_snr;not_recovered_in_final_holdout;inconsistent_holdout_depth_signs,
316627328,1,12.03757033400649,1791.4616085888872,0.11465999999999998,0.011571880581930481,1.2921360537705893,0.26431452481724094,29.356495544580813,-0.5470990463865852,1,dominated_by_one_discovery_event;odd_even_discrepancy;long_relative_to_circular_transit;insufficient_holdout_events,
316627328,2,13.460541327744544,1799.3074010888872,0.238875,0.0028102757914991597,0.6367672870133976,0.2277313279714563,13.18436737131104,4.9204222503354105,1,dominated_by_one_discovery_event;long_relative_to_circular_transit;insufficient_holdout_events,
316627328,3,7.367136596967079,1793.3582760888874,0.238875,0.00187187106891977,0.5196898550023289,0.5086759246821261,11.070898543457819,1.7303682763997166,2,long_relative_to_circular_transit;not_recovered_in_final_holdout,
316627328,4,4.505825685477049,1795.1270885888873,0.29575,0.0012145630927078328,0.4186164716644712,0.9798064585415615,10.464155032572888,-0.8579358757082545,3,outside_initial_small_planet_radius_range;long_relative_to_circular_transit;not_recovered_in_final_holdout;inconsistent_holdout_depth_signs,
316880751,1,21.095530545123236,1326.7245691053065,0.088725,0.006449057332066261,1.1312313101104108,0.17806646355943356,7.842320562751519,1.2193118249052715,1,fewer_than_three_discovery_events;outside_nominal_optimistic_hz;long_relative_to_circular_transit;insufficient_holdout_events,
316880751,2,19.965149158360916,1338.4214816053063,0.29575,0.00397520686690235,0.8881435477227066,0.19163404100456746,7.984089059565399,0.5056287672153911,2,dominated_by_one_discovery_event;outside_nominal_optimistic_hz;long_relative_to_circular_transit;not_recovered_in_final_holdout;inconsistent_holdout_depth_signs,
316880751,3,8.480850774008685,1331.2766166053063,0.057329999999999985,0.0051464677825003085,1.0105502812021678,0.6001366841809376,6.323792495037864,-0.5061118146478059,2,low_nominal_training_snr;not_recovered_in_final_holdout;inconsistent_holdout_depth_signs,
316880751,4,14.790609572545101,1325.6018566053065,0.29575,0.002377430531179056,0.6868425878956305,0.28588276399871904,6.798310303731275,-1.2176183366358204,1,long_relative_to_circular_transit;low_nominal_training_snr;insufficient_holdout_events,
316976049,1,16.98275558690543,1334.5718278723239,0.29575,0.0009020690083800859,0.45259792169000773,0.3177927493538898,7.068539364141959,-0.49793038507466064,7,outside_initial_small_planet_radius_range;long_relative_to_circular_transit;not_recovered_in_final_holdout;inconsistent_holdout_depth_signs,
316976049,2,25.361247072034775,1347.381687872324,0.049980000000000004,0.0026254553197731824,0.7721381133070138,0.18617758392927455,6.116545897136655,-1.139532736865951,6,outside_nominal_optimistic_hz;low_nominal_training_snr;not_recovered_in_final_holdout;inconsistent_holdout_depth_signs,
316976049,3,23.17878905104929,1341.465077872324,0.29575,0.0010260101515296336,0.4826902239839369,0.2099103596518507,6.123153215309139,-0.061372520825887115,7,outside_initial_small_planet_radius_range;long_relative_to_circular_transit;low_nominal_training_snr;not_recovered_in_final_holdout;inconsistent_holdout_depth_signs,
316976049,4,7.9149167681313415,1328.668202872324,0.29575,0.0006352577515864744,0.37981110688057856,0.8794808626730588,6.196172322607584,0.941158188439192,23,outside_initial_small_planet_radius_range;long_relative_to_circular_transit;low_nominal_training_snr;not_recovered_in_final_holdout;inconsistent_holdout_depth_signs,
31704987,1,16.037696662998457,1337.7360943350945,0.08599499999999999,0.001774728047187051,0.7498374007394688,0.4302622969690493,6.6900777633446,0.34717907679771476,6,low_nominal_training_snr;not_recovered_in_final_holdout;inconsistent_holdout_depth_signs,
31704987,2,13.075797848692211,1336.2066118350945,0.22931999999999997,0.0009454592775340799,0.5472964184280072,0.564891475380391,5.984938487519668,-0.733001035898515,7,long_relative_to_circular_transit;low_nominal_training_snr;not_recovered_in_final_holdout;inconsistent_holdout_depth_signs,
31704987,3,23.769181169241268,1338.5489518350946,0.22931999999999997,0.001772991862578381,0.7494705347546496,0.25462653308529964,6.385481199124076,0.06758681548006217,5,long_relative_to_circular_transit;low_nominal_training_snr;not_recovered_in_final_holdout;inconsistent_holdout_depth_signs,
31704987,4,12.86572683715909,1328.6180518350945,0.0441,0.003141348973906434,0.9976065333758192,0.5772228519922612,5.968407485979712,-0.0218812750200686,7,low_nominal_training_snr;not_recovered_in_final_holdout;inconsistent_holdout_depth_signs,
317180704,1,12.633410696628381,2012.152664167886,0.29575,0.006912987732944516,1.0168678194581393,0.24671575955964128,8.146097764722144,-0.7257348782544882,3,dominated_by_one_discovery_event;long_relative_to_circular_transit;not_recovered_in_final_holdout;inconsistent_holdout_depth_signs,
317180704,2,13.729317050080823,2018.1711766678861,0.124215,0.008110627240028695,1.1014348949429016,0.22081359035299955,6.4701125898036365,-0.17144262892055676,2,long_relative_to_circular_transit;low_nominal_training_snr;not_recovered_in_final_holdout;inconsistent_holdout_depth_signs,
317180704,3,15.465293972679355,2023.334289167886,0.29575,0.0066973111498733525,1.0008796254594527,0.18839967040233496,7.310459533496913,-0.3575344712235669,2,outside_nominal_optimistic_hz;long_relative_to_circular_transit;not_recovered_in_final_holdout;inconsistent_holdout_depth_signs,
317180704,4,15.73006555589201,2023.624351667886,0.238875,0.008819761249091788,1.1485767607215194,0.1841833360259504,6.133886954271163,-0.8876830955511363,2,outside_nominal_optimistic_hz;long_relative_to_circular_transit;low_nominal_training_snr;not_recovered_in_final_holdout;inconsistent_holdout_depth_signs,
317837723,1,19.584342021637518,1773.6591152558233,0.17198999999999998,0.01430925805236377,1.6981087427854606,0.19458588545890182,12.241509698565096,0.04981360619554317,4,dominated_by_one_discovery_event;outside_nominal_optimistic_hz;long_relative_to_circular_transit;not_recovered_in_final_holdout;inconsistent_holdout_depth_signs,
317837723,2,15.304763929671397,1765.8740652558233,0.29575,0.005620589037355132,1.0642602854400904,0.2703259895954381,9.681548693769122,2.7738156760907255,5,dominated_by_one_discovery_event;long_relative_to_circular_transit;not_recovered_in_final_holdout,
317837723,3,7.94267076361195,1768.3424402558232,0.29575,0.0050026470484488255,1.0040535399873314,0.6481883693499769,10.423797366933178,0.5004245984645243,9,long_relative_to_circular_transit;not_recovered_in_final_holdout;inconsistent_holdout_depth_signs,
317837723,4,4.822378059526792,1768.3581377558232,0.061424999999999993,0.005608904992177229,1.0631535211597718,1.2607867675673778,6.931840097725533,4.083531164582623,14,long_relative_to_circular_transit;low_nominal_training_snr;not_recovered_in_final_holdout;inconsistent_holdout_depth_signs,
31792609,1,12.759313290667764,1662.7878557406104,0.29575,0.003488502140214584,0.7481541234140135,0.2657384351416649,7.421083692641771,-3.5034819758355527,4,long_relative_to_circular_transit;not_recovered_in_final_holdout;inconsistent_holdout_depth_signs,
31792609,2,5.630930598657012,1659.4208557406102,0.29575,0.00210826469230497,0.5816130530690993,0.7908920472768709,6.694348572339169,3.417812522790615,8,long_relative_to_circular_transit;low_nominal_training_snr;not_recovered_in_final_holdout;inconsistent_holdout_depth_signs,
31792609,3,9.497011199983179,1657.5098557406104,0.29575,0.0035421730287280447,0.7538873619492026,0.3939503656507282,7.897692227545902,-2.5236781836174584,5,odd_even_discrepancy;long_relative_to_circular_transit;not_recovered_in_final_holdout;inconsistent_holdout_depth_signs,
31792609,4,3.243476796187984,1657.6443082406104,0.08599499999999999,0.003346779273865198,0.7327994123552196,1.6502245650927339,6.302458642651,0.48785899401818883,14,outside_nominal_optimistic_hz;long_relative_to_circular_transit;low_nominal_training_snr;not_recovered_in_final_holdout,
318606698,1,21.51376172603916,1331.458932264073,0.29575,0.0011022847758144333,0.7613419973157427,0.47026925159979577,8.641077956103935,0.9041852340588726,2,fewer_than_three_discovery_events;dominated_by_one_discovery_event;long_relative_to_circular_transit;not_recovered_in_final_holdout,
318606698,2,20.875827932609294,1340.6726822640728,0.29575,0.0007254705688093978,0.6176504778431738,0.4895271435882818,6.755510240542133,0.9309693930675842,3,long_relative_to_circular_transit;low_nominal_training_snr;not_recovered_in_final_holdout,
318606698,3,11.874298426024186,1336.2446222640729,0.03822,0.0013475073921436437,0.8417797239938928,1.0387023398845787,5.9352123331029345,1.3164157064482134,6,low_nominal_training_snr;not_recovered_in_final_holdout,
318606698,4,10.005351660948532,1334.162542264073,0.027299999999999998,0.0014293701279380195,0.8669723228585865,1.305144444884577,5.551284404840548,1.5985192694776258,8,low_nominal_training_snr;not_recovered_in_final_holdout,
320208632,1,11.19866538433795,1904.7563220018217,0.29575,0.0165603204600414,1.897062872651066,0.4706567910436107,15.762289486980611,0.0,0,fewer_than_three_discovery_events;dominated_by_one_discovery_event;odd_even_discrepancy;long_relative_to_circular_transit;insufficient_holdout_events,
320208632,2,4.274151433493668,1903.9828220018217,0.29575,0.007456992233953252,1.27300233910979,1.7000413313109743,10.35085615685575,9.401021720073373,2,outside_nominal_optimistic_hz;long_relative_to_circular_transit;inconsistent_holdout_depth_signs,
320208632,3,8.660636846826415,1905.6663220018218,0.29575,0.010397242920741092,1.5031642964013339,0.6630194199131747,9.861722472041643,-3.3639346437904134,1,fewer_than_three_discovery_events;dominated_by_one_discovery_event;long_relative_to_circular_transit;insufficient_holdout_events,
320208632,4,12.440937764315162,1900.3041470018218,0.03822,0.021788544968098622,2.176012926035954,0.4090614281369322,6.475348533404991,-0.940942278254917,1,fewer_than_three_discovery_events;dominated_by_one_discovery_event;outside_initial_small_planet_radius_range;low_nominal_training_snr;insufficient_holdout_events,
32050414,1,17.680645333920324,1328.3043466042695,0.29575,0.0017713198431107359,0.5423055998441696,0.17303231849072356,7.956401032831952,-0.08805201835511958,6,outside_nominal_optimistic_hz;long_relative_to_circular_transit;not_recovered_in_final_holdout,
32050414,2,4.902406526201763,1329.6181591042696,0.238875,0.0010268406285197926,0.4129021240761804,0.9570007569792321,6.982679199045438,4.03982257605196,29,outside_initial_small_planet_radius_range;long_relative_to_circular_transit;low_nominal_training_snr;not_recovered_in_final_holdout,
32050414,3,3.127385854409159,1328.0085966042695,0.29575,0.0006895306417645598,0.338354829891083,1.7426737403363628,5.812208255063872,-1.7291213776659378,43,outside_initial_small_planet_radius_range;outside_nominal_optimistic_hz;long_relative_to_circular_transit;low_nominal_training_snr;not_recovered_in_final_holdout;inconsistent_holdout_depth_signs,
32050414,4,5.882056716433085,1329.3849716042696,0.29575,0.0009984206216347958,0.40714805673485727,0.7506182164817027,5.536508871820552,-1.7845885232787961,25,outside_initial_small_planet_radius_range;long_relative_to_circular_transit;low_nominal_training_snr;not_recovered_in_final_holdout;inconsistent_holdout_depth_signs,
322777970,1,9.29054666887741,1547.5274076683174,0.17198999999999998,0.009553271293239258,1.2914423189125857,0.48949088798550416,13.938257344758199,-1.905891901714997,2,dominated_by_one_discovery_event;odd_even_discrepancy;long_relative_to_circular_transit;not_recovered_in_final_holdout;inconsistent_holdout_depth_signs,
322777970,2,3.7026784473249212,1547.5611126683175,0.29988000000000004,0.0035498419546914394,0.7872333191349197,1.668956330458115,8.792782282407968,2.8430644872933577,6,outside_nominal_optimistic_hz;long_relative_to_circular_transit;not_recovered_in_final_holdout,
322777970,3,9.175203315990533,1544.6245076683176,0.29575,0.005765627423455671,1.0032802093066968,0.49771268370412763,9.988100126777985,-0.17741247764216517,2,fewer_than_three_discovery_events;dominated_by_one_discovery_event;long_relative_to_circular_transit;not_recovered_in_final_holdout;inconsistent_holdout_depth_signs,
322777970,4,5.487258874120718,1548.4163535782814,0.21658000000000002,0.004430724465030769,0.879500984039163,0.9877772920930756,8.1738407132798,-0.9036653772595761,4,long_relative_to_circular_transit;not_recovered_in_final_holdout;inconsistent_holdout_depth_signs,
322860313,1,9.052580969055976,1605.5585975852105,0.057329999999999985,0.0072956266508368795,1.2498263789871418,0.5845519303752238,5.130341023406077,0.45930092471903783,1,dominated_by_one_discovery_event;low_nominal_training_snr;insufficient_holdout_events,
323057249,1,8.013615069904883,1766.4649993411156,0.29575,0.0012354174189182362,0.4413857300237459,0.4926510831666735,5.148002512392505,0.6933919173411492,11,outside_initial_small_planet_radius_range;long_relative_to_circular_transit;low_nominal_training_snr;not_recovered_in_final_holdout,
323057249,2,10.212390461960792,1771.4442160077822,0.02275,0.005187793787867383,0.9044879398792338,0.35656676718851366,5.394595854208961,-0.4572253537795939,8,low_nominal_training_snr;not_recovered_in_final_holdout;inconsistent_holdout_depth_signs,
323057249,3,7.785750438944653,1765.0431243411156,0.29575,0.0014049948336783125,0.4707049785420314,0.5119687348231119,6.206735022942943,0.31140675113301064,12,outside_initial_small_planet_radius_range;long_relative_to_circular_transit;low_nominal_training_snr;not_recovered_in_final_holdout;inconsistent_holdout_depth_signs,
323057249,4,5.658824488037952,1768.400118891556,0.029399999999999996,0.003828555864453972,0.777014140465597,0.7834460819633057,5.580918133054972,-0.47750492895149244,16,low_nominal_training_snr;not_recovered_in_final_holdout;inconsistent_holdout_depth_signs,
323598320,1,13.092477054837817,1518.483783933016,0.11465999999999998,0.04489062231069994,3.169654808489029,0.35390537393907456,32.98598894216585,-2.023329452514617,4,fewer_than_three_discovery_events;dominated_by_one_discovery_event;odd_even_discrepancy;outside_initial_small_planet_radius_range;long_relative_to_circular_transit;not_recovered_in_final_holdout;inconsistent_holdout_depth_signs,
323598320,2,13.205930572004352,1523.0729955996828,0.03266666666666666,0.02503731806283409,2.367162423290645,0.34985727270624484,9.400396414829316,1.815726855604826,2,fewer_than_three_discovery_events;dominated_by_one_discovery_event;odd_even_discrepancy;outside_initial_small_planet_radius_range;not_recovered_in_final_holdout,
323598320,3,15.464773644512972,1519.763313933016,0.16065000000000002,0.00800538280723942,1.3385210548584618,0.28343805708907127,10.141965033682274,1.6367675486775395,3,long_relative_to_circular_transit;not_recovered_in_final_holdout,
323598320,4,8.32862550233231,1525.006891433016,0.170625,0.005112221792378708,1.0696433575983042,0.646872179246638,8.6816725157772,-0.5454649279514975,5,long_relative_to_circular_transit;not_recovered_in_final_holdout;inconsistent_holdout_depth_signs,
325278705,1,10.447183019533375,1657.9877566924831,0.17198999999999998,0.0027184948150327636,0.7401524730592536,0.41776784039420495,8.161330119123695,-1.2414704390235332,4,long_relative_to_circular_transit;not_recovered_in_final_holdout;inconsistent_holdout_depth_signs,
325278705,2,9.365390002683105,1660.8768316924832,0.0357,0.004204472014979032,0.9204764317914169,0.4833177954616664,6.584487667273827,-0.5633503105553889,4,low_nominal_training_snr;not_recovered_in_final_holdout;inconsistent_holdout_depth_signs,
325278705,3,4.130824530524938,1659.1737141924832,0.238875,0.0010328701238481986,0.4562257542118781,1.4395219096200715,5.892578221664485,3.758129513007721,11,outside_initial_small_planet_radius_range;long_relative_to_circular_transit;low_nominal_training_snr;not_recovered_in_final_holdout,
325278705,4,17.85288547682139,1670.527101692483,0.042466666666666666,0.006728015732493304,1.1643952878405035,0.2044824548658608,6.745024725777789,-0.5066904542775126,2,odd_even_discrepancy;low_nominal_training_snr;not_recovered_in_final_holdout;inconsistent_holdout_depth_signs,
328254412,1,11.281596488664,1411.1741163165022,0.29575,0.016590572421244627,1.9972508629641175,0.4187293466379965,32.58571043346433,6.20786643078096,1,dominated_by_one_discovery_event;odd_even_discrepancy;long_relative_to_circular_transit;insufficient_holdout_events,
328254412,2,8.06587632862314,1413.335025755469,0.22931999999999997,0.006141760060627976,1.2152016627714355,0.6549760260882723,11.946858928780612,-1.8756898470089336,1,odd_even_discrepancy;long_relative_to_circular_transit;insufficient_holdout_events,
328254412,3,5.398627353772087,1414.384605755469,0.24499999999999997,0.003951393209043194,0.9747136695153746,1.1187069802367666,9.140690451474642,3.3419324392961736,2,long_relative_to_circular_transit;not_recovered_in_final_holdout;inconsistent_holdout_depth_signs,
328254412,4,5.359589867849535,1411.708855755469,0.29575,0.0035228239454744197,0.9203381015756295,1.129584538242017,8.73913509248508,4.444203176117017,2,dominated_by_one_discovery_event;odd_even_discrepancy;long_relative_to_circular_transit;not_recovered_in_final_holdout;inconsistent_holdout_depth_signs,
328401671,1,4.697146097870374,1413.5628368400849,0.29575,0.00131818020818516,0.4400722257946486,1.0700173196108,6.805979359931565,0.8989420802382525,2,dominated_by_one_discovery_event;outside_initial_small_planet_radius_range;long_relative_to_circular_transit;low_nominal_training_snr;not_recovered_in_final_holdout;inconsistent_holdout_depth_signs,
328401671,2,6.24286066240339,1415.1034201734183,0.017499999999999998,0.004550216668044646,0.8176220685396967,0.7322477450420337,4.859363629678557,0.0,0,fewer_than_three_discovery_events;dominated_by_one_discovery_event;low_nominal_training_snr;insufficient_holdout_events,
328401671,3,10.751388626307712,1414.252826840085,0.0357,0.003323543942544909,0.6987748717290377,0.35471821046743995,4.466195676294591,-0.9116853822015272,1,fewer_than_three_discovery_events;dominated_by_one_discovery_event;low_nominal_training_snr;insufficient_holdout_events,
328463799,1,11.843796382881724,1422.2760501922996,0.29575,0.0030581057091274974,0.8212563544126436,0.375292541613561,11.98587098776564,-1.4074177336056273,1,fewer_than_three_discovery_events;dominated_by_one_discovery_event;long_relative_to_circular_transit;insufficient_holdout_events,hour-scale variability alias; trial period rejected as evidence for a temperate planet
328463799,2,11.74072949035251,1418.2493001922996,0.29575,0.002646699874068642,0.7640202060053048,0.3796916684864746,10.854526328007006,-1.0212730944570003,1,fewer_than_three_discovery_events;dominated_by_one_discovery_event;long_relative_to_circular_transit;insufficient_holdout_events,hour-scale variability alias; trial period rejected as evidence for a temperate planet
328463799,3,10.951489447121238,1413.7197168589662,0.024499999999999997,0.004291601436748643,0.9728865225802318,0.4166073471756354,5.0285227198131,-1.159694765941468,1,fewer_than_three_discovery_events;dominated_by_one_discovery_event;low_nominal_training_snr;insufficient_holdout_events,hour-scale variability alias; trial period rejected as evidence for a temperate planet
328591096,1,10.890772121307098,1601.965965294041,0.29575,0.000468207550524063,0.5576282882907078,1.4694896360565128,10.003466599959404,-0.6280500511535924,9,long_relative_to_circular_transit;not_recovered_in_final_holdout;inconsistent_holdout_depth_signs,
328591096,2,14.915583973164413,1609.4677777940412,0.238875,0.000717576205064783,0.6903345430853695,0.9661793253991918,9.56918420964472,-3.8691864839577574,6,long_relative_to_circular_transit;not_recovered_in_final_holdout;inconsistent_holdout_depth_signs,
328591096,3,31.335363423920374,1612.1480252940412,0.07496999999999998,0.0015314282501590728,1.0084953912359202,0.35908597315481244,7.6383163098473315,0.296363261780466,3,fewer_than_three_discovery_events;dominated_by_one_discovery_event;not_recovered_in_final_holdout,
328591096,4,12.774390038324274,1610.4876602940412,0.22931999999999997,0.00046918902510889013,0.5582124431976518,1.1879309360679065,6.952574487850203,2.560337093227431,9,long_relative_to_circular_transit;low_nominal_training_snr;not_recovered_in_final_holdout;inconsistent_holdout_depth_signs,
329118618,1,6.651491898701289,1986.850716165543,0.29575,0.005616592230256931,1.0638818198116247,0.8381228592772857,9.714306600268838,1.198050375270057,2,long_relative_to_circular_transit;not_recovered_in_final_holdout,
329118618,2,4.557131264057678,1984.5725311655428,0.22931999999999997,0.004249182811170898,0.9253577105392855,1.3876429181097256,8.172004372797918,-0.39789092505788776,3,long_relative_to_circular_transit;not_recovered_in_final_holdout;inconsistent_holdout_depth_signs,
329118618,3,4.350259867973026,1984.7918411655428,0.29575,0.0036690011636510865,0.8598661742122964,1.4763166125611378,8.859579256598492,0.6558897565588072,3,long_relative_to_circular_transit;not_recovered_in_final_holdout,
329118618,4,9.622251888062388,1989.122076165543,0.12284999999999999,0.005882210174062717,1.0887475959770665,0.5122682968331373,7.614388770663597,0.2845716739330091,2,long_relative_to_circular_transit;not_recovered_in_final_holdout;inconsistent_holdout_depth_signs,
329291443,1,6.650228406117803,1686.478066009583,0.29575,0.0011750711913909614,0.5165647461570858,0.906819876174879,7.829454047595696,-0.3304215253021575,16,long_relative_to_circular_transit;not_recovered_in_final_holdout;inconsistent_holdout_depth_signs,
329291443,2,23.300761864230736,1684.039353509583,0.11245500000000001,0.0030828429307270117,0.8366973110587108,0.1704026264657624,6.624100165952795,1.194114670854222,4,outside_nominal_optimistic_hz;long_relative_to_circular_transit;low_nominal_training_snr;not_recovered_in_final_holdout,
329291443,3,21.900493722670483,1693.883191009583,0.29575,0.0015889129948663389,0.6006793921640389,0.18508216542819847,6.422430399224861,-0.043592771589587256,4,outside_nominal_optimistic_hz;long_relative_to_circular_transit;low_nominal_training_snr;not_recovered_in_final_holdout;inconsistent_holdout_depth_signs,
329291443,4,8.141040957963426,1690.070746009583,0.16562,0.0015054648566278366,0.5846931220300363,0.692462926140342,6.418361747800524,-0.020060976416313228,12,long_relative_to_circular_transit;low_nominal_training_snr;not_recovered_in_final_holdout;inconsistent_holdout_depth_signs,
334519921,1,5.049818742787588,1902.1612179005097,0.29575,0.002247688255841734,0.673015363380155,1.219961819825019,4.550597980483548,0.3025002140468431,2,long_relative_to_circular_transit;low_nominal_training_snr;not_recovered_in_final_holdout;inconsistent_holdout_depth_signs,
340009136,1,13.00033818216014,1657.6011423014108,0.22931999999999997,0.0014520591692862945,0.4702016925011176,0.23821660766578992,6.758765668491883,0.21838059228782855,2,outside_initial_small_planet_radius_range;long_relative_to_circular_transit;low_nominal_training_snr;not_recovered_in_final_holdout;inconsistent_holdout_depth_signs,
340009136,2,11.305418960753054,1665.2769923014107,0.05095999999999999,0.002545563009544541,0.6225639328445569,0.2869873058900068,6.26826777915869,0.10387464828632602,2,low_nominal_training_snr;not_recovered_in_final_holdout;inconsistent_holdout_depth_signs,
340009136,3,2.846327046383282,1657.6291248014109,0.238875,0.0004918233549822998,0.2736507263736381,1.8052270654756528,5.051318684574172,0.18534609615372144,8,outside_initial_small_planet_radius_range;outside_nominal_optimistic_hz;long_relative_to_circular_transit;low_nominal_training_snr;not_recovered_in_final_holdout;inconsistent_holdout_depth_signs,
340009136,4,4.42676564940509,1658.5593723014108,0.07643999999999998,0.0014063899556497222,0.4627483823739518,1.001834985819796,5.814720036847744,1.3328511405231642,4,outside_initial_small_planet_radius_range;long_relative_to_circular_transit;low_nominal_training_snr;not_recovered_in_final_holdout,
341267102,1,5.9788712523939065,1496.6425891534843,0.29575,0.0020272447719472883,0.7276598250998948,1.3450930669027985,9.367774386219274,-3.029174479425854,15,long_relative_to_circular_transit;not_recovered_in_final_holdout;inconsistent_holdout_depth_signs,
341267102,2,5.9237292442955205,1497.0236516534844,0.238875,0.002517571667019501,0.8108979907712636,1.3618136078482397,8.59349677037307,1.332981993224118,14,long_relative_to_circular_transit;not_recovered_in_final_holdout,
341267102,3,5.945889719772939,1494.4585891534844,0.29575,0.001985440708780402,0.7201181619163348,1.3550504651347617,9.010795016527357,-4.647854696309033,16,long_relative_to_circular_transit;not_recovered_in_final_holdout;inconsistent_holdout_depth_signs,
341267102,4,5.953861520764714,1493.9580891534845,0.29575,0.0019140003108374882,0.7070437785272797,1.3526319156888007,8.1915044263916,-2.001092822544351,15,long_relative_to_circular_transit;not_recovered_in_final_holdout;inconsistent_holdout_depth_signs,
341787179,1,14.07557003624656,1601.4609117942407,0.29575,0.012437095024865046,2.1067799043741253,0.49922295802284844,41.329168758701115,-3.2546865000548166,6,fewer_than_three_discovery_events;dominated_by_one_discovery_event;odd_even_discrepancy;outside_initial_small_planet_radius_range;long_relative_to_circular_transit;not_recovered_in_final_holdout,
341787179,2,19.127177761024235,1616.077686445807,0.29575,0.006393642505065876,1.5105456883996051,0.3316764832084072,30.382020340513975,2.4082016488875,4,odd_even_discrepancy;long_relative_to_circular_transit;not_recovered_in_final_holdout,
341787179,3,15.302962272229635,1609.423311445807,0.29575,0.004394571827208993,1.2523276646238108,0.44656210048849143,22.795341019379475,-5.247615157502994,3,dominated_by_one_discovery_event;long_relative_to_circular_transit;not_recovered_in_final_holdout;inconsistent_holdout_depth_signs,
341787179,4,20.72358510493685,1607.470906445807,0.22931999999999997,0.003987070502713173,1.1928522347858805,0.2980547312289157,13.926393308569855,-0.23126784809493597,3,fewer_than_three_discovery_events;dominated_by_one_discovery_event;long_relative_to_circular_transit;not_recovered_in_final_holdout;inconsistent_holdout_depth_signs,
342888849,1,13.813691834988465,1522.0727158005773,0.29575,0.0008276784780761412,0.8073791731898126,1.0829754979061692,19.61530242544726,3.423468858920802,10,dominated_by_one_discovery_event;odd_even_discrepancy;long_relative_to_circular_transit;not_recovered_in_final_holdout,
342888849,2,33.00405201168039,1542.8889658005774,0.29575,0.0015490930855459647,1.1045502259237014,0.3390590166313766,22.481066790348947,0.03913863460122318,2,fewer_than_three_discovery_events;dominated_by_one_discovery_event;long_relative_to_circular_transit;not_recovered_in_final_holdout;inconsistent_holdout_depth_signs,
342888849,3,10.54079635559868,1520.2584033005774,0.238875,0.0006377475851055451,0.7087141804066353,1.5531035697539162,17.63629096716548,-2.4120064397510865,14,odd_even_discrepancy;outside_nominal_optimistic_hz;long_relative_to_circular_transit;not_recovered_in_final_holdout;inconsistent_holdout_depth_signs,
342888849,4,12.154457860188534,1519.9000908005773,0.29575,0.0007420201936286223,0.7644596607210139,1.284450953796002,20.042569000471687,-0.241918723219314,11,long_relative_to_circular_transit;not_recovered_in_final_holdout;inconsistent_holdout_depth_signs,
342888854,1,11.92066200988013,1523.84807761653,0.29575,0.004912434997740892,0.971998773903391,0.3317240751896037,23.0670670050736,2.3163495935365344,8,odd_even_discrepancy;long_relative_to_circular_transit;not_recovered_in_final_holdout;inconsistent_holdout_depth_signs,
342888854,2,7.86038494654034,1518.28570261653,0.29575,0.0030265244803871355,0.7629382771006312,0.5779883315351833,15.918787058733644,-1.7859379696124311,12,long_relative_to_circular_transit;not_recovered_in_final_holdout;inconsistent_holdout_depth_signs,
342888854,3,6.737872376492513,1520.0943136184956,0.29575,0.002590280606438733,0.7058147268844268,0.7098181778636558,14.452038459175258,-0.31997112408589373,12,odd_even_discrepancy;long_relative_to_circular_transit;not_recovered_in_final_holdout;inconsistent_holdout_depth_signs,
342888854,4,6.916574872711934,1519.0819386184955,0.29575,0.0031116818394691286,0.7735972216700844,0.6854714659538959,16.553526404815624,2.472109971952023,14,long_relative_to_circular_transit;not_recovered_in_final_holdout;inconsistent_holdout_depth_signs,
345874162,1,12.346871613346094,1985.3773634538468,0.170625,0.0009846823531669431,0.7846882464597411,1.1156302392473905,6.396959907858872,0.36731640428314094,5,long_relative_to_circular_transit;low_nominal_training_snr;not_recovered_in_final_holdout;inconsistent_holdout_depth_signs,
345874162,2,14.98202428442435,1990.4376459538469,0.057329999999999985,0.0011411932541726506,0.8447509094427379,0.8619899282177328,5.350424783922667,-0.002486762052379517,2,dominated_by_one_discovery_event;low_nominal_training_snr;not_recovered_in_final_holdout;inconsistent_holdout_depth_signs,
347308021,1,7.453893226297085,1770.948599924477,0.29575,0.0022987486514763353,0.7382074846259936,0.8915321065847707,7.9617151057852,1.3632549186388523,6,long_relative_to_circular_transit;not_recovered_in_final_holdout;inconsistent_holdout_depth_signs,
347308021,2,6.157802484582248,1765.458744924477,0.29988000000000004,0.0019765040254322297,0.6845127659661263,1.1501298412287295,7.571301475673321,-1.6776210126006208,5,long_relative_to_circular_transit;not_recovered_in_final_holdout;inconsistent_holdout_depth_signs,
347308021,3,13.57473147956023,1770.573224924477,0.29575,0.003044457360099685,0.8495474650246935,0.40087245368212,7.445199124908833,0.8840443588949437,4,long_relative_to_circular_transit;not_recovered_in_final_holdout,
347308021,4,10.693670383863758,1771.8247024244772,0.124215,0.00412076418754057,0.9883746128646507,0.5509922451313636,6.929999928087699,-0.52469945829171,4,long_relative_to_circular_transit;low_nominal_training_snr;not_recovered_in_final_holdout;inconsistent_holdout_depth_signs,
348772142,1,13.884219891595679,1334.4944533370654,0.29575,0.004766632167751818,1.153482043990529,0.4784007780267448,14.81560479206211,-0.22670663590288928,6,fewer_than_three_discovery_events;dominated_by_one_discovery_event;odd_even_discrepancy;long_relative_to_circular_transit;not_recovered_in_final_holdout,
348772142,2,28.592527050267517,1325.5182133370652,0.16562,0.0027562869318805143,0.8771365970544592,0.18259286400915095,7.3897091945613065,-2.475692414028222,2,dominated_by_one_discovery_event;outside_nominal_optimistic_hz;long_relative_to_circular_transit;not_recovered_in_final_holdout;inconsistent_holdout_depth_signs,
348772142,3,28.382068726320373,1338.5960824107788,0.170625,0.004901291942433344,1.1696617944966694,0.18440037153586616,7.415532874496838,-0.714333264297003,3,fewer_than_three_discovery_events;dominated_by_one_discovery_event;outside_nominal_optimistic_hz;long_relative_to_circular_transit;not_recovered_in_final_holdout;inconsistent_holdout_depth_signs,
348772142,4,9.492818009644187,1330.2809574107787,0.238875,0.0013991435613626318,0.6249368841036098,0.7942556537884022,6.657155180521203,1.4126271728722204,9,long_relative_to_circular_transit;low_nominal_training_snr;not_recovered_in_final_holdout,
349374765,1,39.436879581907604,1356.7095764681776,0.17198999999999998,0.0002686939689486051,0.4564389813064172,0.33852264069930754,8.559845924342808,-1.414164089829157,3,outside_initial_small_planet_radius_range;long_relative_to_circular_transit;not_recovered_in_final_holdout;inconsistent_holdout_depth_signs,
349374765,2,40.22821629932898,1332.9904264681777,0.29575,0.00023853603837001075,0.43006170194949067,0.3296730229198721,8.687140000127345,-0.4035353087991326,3,outside_initial_small_planet_radius_range;long_relative_to_circular_transit;not_recovered_in_final_holdout,
349374765,3,54.81604888236131,1362.2696764681777,0.29575,0.00025163620050872005,0.4417131491354405,0.21822984341371293,7.75744970564675,-1.45223874131708,2,dominated_by_one_discovery_event;outside_initial_small_planet_radius_range;long_relative_to_circular_transit;not_recovered_in_final_holdout;inconsistent_holdout_depth_signs,
349374765,4,45.806662559392905,1356.4597814681777,0.22931999999999997,0.0004002134172814065,0.5570569415618867,0.27725937829661806,8.142634937878503,0.3297396873699458,4,dominated_by_one_discovery_event;odd_even_discrepancy;long_relative_to_circular_transit;not_recovered_in_final_holdout;inconsistent_holdout_depth_signs,
35025268,1,11.755402299865855,1801.4900208524964,0.124215,0.002537448874863673,0.5940677733037429,0.259712344143944,6.298808297315609,0.2922675492411629,6,long_relative_to_circular_transit;low_nominal_training_snr;not_recovered_in_final_holdout;inconsistent_holdout_depth_signs,
35025268,2,8.550691109426843,1793.7230833524964,0.03919999999999999,0.0033544488116177638,0.6830428156985817,0.3970156531271211,5.50343709960297,0.3292749228843154,7,low_nominal_training_snr;not_recovered_in_final_holdout;inconsistent_holdout_depth_signs,
351697960,1,14.409109081068635,1969.413683720652,0.124215,0.006305979163585243,1.5261686257222928,0.5534161153149253,6.743653879357017,1.2899239541013627,2,fewer_than_three_discovery_events;dominated_by_one_discovery_event;long_relative_to_circular_transit;low_nominal_training_snr;not_recovered_in_final_holdout,
351697960,2,12.817586419562891,1968.026616220652,0.29575,0.0013910384589316727,0.7167964145011637,0.6468838389378214,6.7033835961305215,1.6278250676477288,2,long_relative_to_circular_transit;low_nominal_training_snr;not_recovered_in_final_holdout,
351697960,3,14.999345189729803,1957.919928720652,0.238875,0.0017506442798218042,0.8041280471438272,0.5245717601932395,7.477822054310433,-0.4025994268282731,2,long_relative_to_circular_transit;not_recovered_in_final_holdout;inconsistent_holdout_depth_signs,
351697960,4,6.190934285313359,1961.565616220652,0.29575,0.0011031583536721006,0.6383298954588443,1.7069719377244703,6.685864939746428,-0.12819293602700316,5,outside_nominal_optimistic_hz;long_relative_to_circular_transit;low_nominal_training_snr;not_recovered_in_final_holdout,
351808240,1,4.266172362906059,1632.2063823988822,0.29575,0.0018780446510897068,0.6199231293458416,1.4549683643678923,12.26775142650079,-2.1926342940396397,6,dominated_by_one_discovery_event;long_relative_to_circular_transit;not_recovered_in_final_holdout;inconsistent_holdout_depth_signs,
351808240,2,9.870404067265493,1636.8312298988822,0.16243500000000002,0.0026894748244715573,0.7418543115324908,0.4754718813927326,8.182318291664803,-0.2266321492415752,3,dominated_by_one_discovery_event;long_relative_to_circular_transit;not_recovered_in_final_holdout,
351808240,3,11.710095976400677,1638.855524898882,0.124215,0.0026956134694672003,0.7427004590026897,0.3785798326861852,7.621071855057222,-3.9715850355712163,2,fewer_than_three_discovery_events;dominated_by_one_discovery_event;long_relative_to_circular_transit;not_recovered_in_final_holdout;inconsistent_holdout_depth_signs,
351808240,4,3.858295957641782,1630.892342398882,0.22931999999999997,0.0012895987010000096,0.5137030886331745,1.6635813022340533,7.343232041379222,-2.1231450507427136,6,outside_nominal_optimistic_hz;long_relative_to_circular_transit;not_recovered_in_final_holdout;inconsistent_holdout_depth_signs,
352617553,1,27.136295942231925,1711.6877591033442,0.29988000000000004,0.0013167378484809943,0.6538034253377156,0.19488980582176246,16.191625796732538,0.23720238971575477,3,dominated_by_one_discovery_event;odd_even_discrepancy;outside_nominal_optimistic_hz;long_relative_to_circular_transit;not_recovered_in_final_holdout,hour-scale variability alias; trial period rejected as evidence for a temperate planet
352617553,2,5.911986159718885,1717.7586265247205,0.05095999999999999,0.00126510616990323,0.6408568324452983,1.486661177805285,14.188999582002303,4.348869190250052,11,not_recovered_in_final_holdout,hour-scale variability alias; trial period rejected as evidence for a temperate planet
352617553,3,5.003494687974062,1714.6877965247204,0.049980000000000004,0.0012097903968017142,0.6266897598787652,1.857057230907967,14.289713990565827,4.157774909723773,13,outside_nominal_optimistic_hz;not_recovered_in_final_holdout,hour-scale variability alias; trial period rejected as evidence for a temperate planet
352617553,4,5.344549224257265,1713.3442165247204,0.03822,0.001426782463955812,0.6805756607149988,1.700755054481524,13.033300500855539,-2.2154600317452515,12,outside_nominal_optimistic_hz;not_recovered_in_final_holdout;inconsistent_holdout_depth_signs,hour-scale variability alias; trial period rejected as evidence for a temperate planet
352949913,1,17.792458406843718,1721.1364122413227,0.238875,0.003479420752081445,1.0177102519098715,0.3205792949876871,8.143538503260816,0.11149914861541967,3,long_relative_to_circular_transit;not_recovered_in_final_holdout,
352949913,2,5.112141792081083,1713.9221597413227,0.16562,0.0023200861506644114,0.8310415357944135,1.6908804145740077,8.156384838213132,-1.4379344413431747,9,outside_nominal_optimistic_hz;long_relative_to_circular_transit;not_recovered_in_final_holdout;inconsistent_holdout_depth_signs,
352949913,3,26.21067661682413,1735.4063497413226,0.29575,0.0038732022542624206,1.0737563932883158,0.19125484194371598,7.551807342095944,0.9816348549024739,2,fewer_than_three_discovery_events;dominated_by_one_discovery_event;outside_nominal_optimistic_hz;long_relative_to_circular_transit;not_recovered_in_final_holdout;inconsistent_holdout_depth_signs,
352949913,4,9.558822330988486,1715.3121847413227,0.16562,0.0026245776441352077,0.8838944100660462,0.7340250745747336,6.511593207133794,2.3579599610588278,6,long_relative_to_circular_transit;low_nominal_training_snr;not_recovered_in_final_holdout,
354785188,1,18.047337949893834,1790.8792541043038,0.22491000000000003,0.001557010762025123,0.7755894627589601,0.42440443697832475,8.384136042134736,-2.488996987581659,2,long_relative_to_circular_transit;not_recovered_in_final_holdout;inconsistent_holdout_depth_signs,
354785188,2,7.104414905835072,1791.5209433651248,0.29575,0.0007194569210176194,0.5272158888695566,1.4710463646388723,6.6393449913642515,-2.749483985674235,6,long_relative_to_circular_transit;low_nominal_training_snr;not_recovered_in_final_holdout;inconsistent_holdout_depth_signs,
354785188,3,23.690924668698063,1793.2340804769283,0.29575,0.0017815932455763663,0.8296413158409807,0.2952714348274119,7.366712855125412,-1.4972535135312144,3,dominated_by_one_discovery_event;odd_even_discrepancy;long_relative_to_circular_transit;not_recovered_in_final_holdout;inconsistent_holdout_depth_signs,
354785188,4,14.30786855389263,1796.5396554769284,0.17198999999999998,0.0012669785443355024,0.6996337042289189,0.5784034321241928,6.479486039195623,0.33395602509679,4,dominated_by_one_discovery_event;long_relative_to_circular_transit;low_nominal_training_snr;not_recovered_in_final_holdout;inconsistent_holdout_depth_signs,
355147124,1,9.34618456840887,1818.2611953124056,0.027299999999999998,0.0074685349209651685,0.990878932591695,0.34057358120610953,5.581086561091528,0.0,0,fewer_than_three_discovery_events;low_nominal_training_snr;insufficient_holdout_events,
356090892,1,15.141364185847006,1555.3691908926614,0.238875,0.005471532505410951,1.195445536964315,0.37280253279227177,6.840293571068527,,0,fewer_than_three_discovery_events;long_relative_to_circular_transit;low_nominal_training_snr;insufficient_holdout_events,
356090892,2,12.755711240794152,1544.3980033926616,0.29575,0.004178771988429232,1.0447193546136313,0.4685536108626445,6.223436354791199,,0,fewer_than_three_discovery_events;dominated_by_one_discovery_event;long_relative_to_circular_transit;low_nominal_training_snr;insufficient_holdout_events,
356090892,3,21.43636229594223,1547.5815007961567,0.057329999999999985,0.00822360661214553,1.4655696632767945,0.23451146344546242,5.57557441833094,,0,fewer_than_three_discovery_events;low_nominal_training_snr;insufficient_holdout_events,
356090892,4,5.157094464578155,1548.4815491294898,0.024499999999999997,0.00560810379770421,1.2102729443708642,1.5673238631186728,4.924412652700892,,0,outside_nominal_optimistic_hz;low_nominal_training_snr;insufficient_holdout_events,
356838394,1,34.78895192931681,1576.638559120908,0.238875,0.005253750812409667,1.416776530044849,0.17347731933625615,24.367127149676026,1.1569223768063601,3,fewer_than_three_discovery_events;dominated_by_one_discovery_event;odd_even_discrepancy;outside_nominal_optimistic_hz;long_relative_to_circular_transit;not_recovered_in_final_holdout,
356838394,2,10.705510122246565,1544.6918716209082,0.29575,0.0012418147275851939,0.6888029870825462,0.8350029455988165,15.320315890179737,-2.792647144630062,13,long_relative_to_circular_transit;not_recovered_in_final_holdout;inconsistent_holdout_depth_signs,
356838394,3,33.41033814594888,1558.206736620908,0.11465999999999998,0.0018282039537074579,0.8357549175729657,0.18308664561689958,8.838772591234306,-1.9757465215615013,4,dominated_by_one_discovery_event;outside_nominal_optimistic_hz;not_recovered_in_final_holdout;inconsistent_holdout_depth_signs,
356838394,4,22.60690628408359,1558.518184120908,0.238875,0.001292151396986031,0.7026245488923688,0.30820734488155405,9.92411135586589,-0.7318349621408505,6,dominated_by_one_discovery_event;long_relative_to_circular_transit;not_recovered_in_final_holdout;inconsistent_holdout_depth_signs,
357509778,1,18.419410959336904,1602.3579025785439,0.031849999999999996,0.0025735514271313384,0.9749732070793753,0.4311641752131719,6.283587466661303,0.49070842502981393,3,low_nominal_training_snr;not_recovered_in_final_holdout;inconsistent_holdout_depth_signs,
357509778,2,17.37355955894998,1606.2420859118772,0.29575,0.0009174625373713042,0.5821305955448339,0.46611374420835366,6.7862053053654385,0.1583782036708519,3,long_relative_to_circular_transit;low_nominal_training_snr;not_recovered_in_final_holdout;inconsistent_holdout_depth_signs,
357509778,3,21.265553203243666,1609.5010234118772,0.238875,0.0011152732243706939,0.6418253901008579,0.3559929568064504,6.560999483369443,-1.015515585903447,2,long_relative_to_circular_transit;low_nominal_training_snr;not_recovered_in_final_holdout;inconsistent_holdout_depth_signs,
357509778,4,11.121544478223345,1609.9027884118773,0.124215,0.0013223541188487377,0.6988760242068826,0.8448705686213922,5.596975504606949,-1.4214600312739223,7,long_relative_to_circular_transit;low_nominal_training_snr;not_recovered_in_final_holdout;inconsistent_holdout_depth_signs,
358015762,1,19.099108345061406,1816.341686962155,0.29575,0.0002144976711250705,0.45579519067198343,1.2242371222776434,7.741662880224834,-0.5003241352287854,3,dominated_by_one_discovery_event;outside_initial_small_planet_radius_range;long_relative_to_circular_transit;not_recovered_in_final_holdout;inconsistent_holdout_depth_signs,
358015762,2,15.478903147330499,1827.7102562352968,0.09995999999999998,0.0003354213703988172,0.5699723817430105,1.6201780985453953,7.11368198459538,-0.17666135895920262,7,fewer_than_three_discovery_events;outside_nominal_optimistic_hz;not_recovered_in_final_holdout;inconsistent_holdout_depth_signs,
358015762,3,16.8823516854621,1823.2457262352968,0.03822,0.0004644764988189962,0.6707185537685252,1.4431309587696801,5.157733850996384,-0.26911113337298165,6,dominated_by_one_discovery_event;low_nominal_training_snr;not_recovered_in_final_holdout;inconsistent_holdout_depth_signs,
358015762,4,17.01675285188321,1833.3613562352969,0.029399999999999996,0.0004997101550185519,0.6956928427252558,1.427953545718593,5.117095978841388,0.08472953463636258,6,low_nominal_training_snr;not_recovered_in_final_holdout,
358237020,1,16.56083741102087,2021.912163014379,0.29575,0.005529215993390259,0.8931780685752255,0.17298235914492813,7.85844099539965,-0.7585326150003201,1,dominated_by_one_discovery_event;outside_nominal_optimistic_hz;long_relative_to_circular_transit;insufficient_holdout_events,
358237020,2,13.954904375612967,2023.678473014379,0.22931999999999997,0.010887051029087056,1.2533183612737213,0.21734136342251634,7.178560602316459,0.8652454802144508,2,fewer_than_three_discovery_events;dominated_by_one_discovery_event;long_relative_to_circular_transit;not_recovered_in_final_holdout,
358237020,3,4.139856273051851,2010.5257880143793,0.29575,0.0027809872118367165,0.6334404148335262,1.0984944208153415,6.625946010797017,1.2371289704813835,7,long_relative_to_circular_transit;low_nominal_training_snr;not_recovered_in_final_holdout,
358237020,4,3.2014999904047725,2013.712026894104,0.17198999999999998,0.004143874121783401,0.7732315214814529,1.5475340038112584,6.840171187209434,0.15411963625424707,9,outside_nominal_optimistic_hz;long_relative_to_circular_transit;low_nominal_training_snr;not_recovered_in_final_holdout;inconsistent_holdout_depth_signs,
35845292,1,13.944413270328365,1558.0764134131841,0.16562,0.002064507683395395,0.5755457201038553,0.28496974081817433,6.4671684500053574,-0.15869923434999444,6,dominated_by_one_discovery_event;long_relative_to_circular_transit;low_nominal_training_snr;not_recovered_in_final_holdout,
35845292,2,5.823616042657703,1546.3016959131842,0.238875,0.000996352412367475,0.39983247504434843,0.9128696387037631,6.063837665272439,-1.599039042576548,12,outside_initial_small_planet_radius_range;long_relative_to_circular_transit;low_nominal_training_snr;not_recovered_in_final_holdout;inconsistent_holdout_depth_signs,
35845292,3,19.037643405021974,1550.0897167465175,0.03266666666666666,0.004538708495966929,0.8533706896730624,0.18815459303571108,5.562151368773593,1.2072829995173338,4,outside_nominal_optimistic_hz;low_nominal_training_snr;not_recovered_in_final_holdout,
35845292,4,12.277650621162397,1555.6833000798508,0.024499999999999997,0.004703345405934789,0.8687103861377538,0.337685215692931,5.521343038158834,0.27210841106535966,6,low_nominal_training_snr;not_recovered_in_final_holdout,
35858101,1,4.390629384861443,1413.6425169320057,0.29575,0.001011671297922622,0.4028944560480239,1.1800798362896643,7.338265333872913,0.4719727526155234,3,outside_initial_small_planet_radius_range;long_relative_to_circular_transit;not_recovered_in_final_holdout,
358615829,1,25.15601538987684,1691.7051421809244,0.29575,0.00014607787414860917,0.3233492754518328,0.5577268476605111,9.273462651002058,-0.33941147904243796,6,outside_initial_small_planet_radius_range;long_relative_to_circular_transit;not_recovered_in_final_holdout;inconsistent_holdout_depth_signs,
358615829,2,16.792126191755514,1693.1618246809244,0.124215,0.00017806966199504206,0.35700528004681187,0.9560261410193771,7.5128549636209145,-1.1062802160045433,10,outside_initial_small_planet_radius_range;long_relative_to_circular_transit;not_recovered_in_final_holdout;inconsistent_holdout_depth_signs,
358615829,3,17.18637017005261,1688.3108421809243,0.11465999999999998,0.00012763265485719552,0.3022460080851553,0.9268976997409124,6.68834114061228,-1.0692595944908394,9,outside_initial_small_planet_radius_range;low_nominal_training_snr;not_recovered_in_final_holdout;inconsistent_holdout_depth_signs,
358615829,4,23.104194611238235,1696.4066571809244,0.22931999999999997,0.00013988067280791186,0.31641606727450045,0.6247259908033518,6.32900592420717,-0.39816930420191937,5,fewer_than_three_discovery_events;outside_initial_small_planet_radius_range;long_relative_to_circular_transit;low_nominal_training_snr;not_recovered_in_final_holdout,
359414978,1,21.206230780187965,1987.908686515862,0.16562,0.003747729981786128,1.0027415094843515,0.28453322019422644,6.396911451482656,-0.2907274032888785,1,long_relative_to_circular_transit;low_nominal_training_snr;insufficient_holdout_events,
359414978,2,18.07008192862639,1998.260846515862,0.22931999999999997,0.0037565981071083923,1.0039271849681972,0.35221198340512294,6.517868282720126,5.820674076339457,1,fewer_than_three_discovery_events;dominated_by_one_discovery_event;long_relative_to_circular_transit;low_nominal_training_snr;insufficient_holdout_events,
359414978,3,15.16296339741854,1998.1684815158621,0.29575,0.002262693463626556,0.7791439593531464,0.445012463728031,5.576686840423022,0.0,0,fewer_than_three_discovery_events;dominated_by_one_discovery_event;long_relative_to_circular_transit;low_nominal_training_snr;insufficient_holdout_events,
359414978,4,10.040735693704793,1995.2678565158621,0.29575,0.002090717757097,0.748949526852932,0.771016330438225,5.871547767262676,-1.7731476255293743,3,long_relative_to_circular_transit;low_nominal_training_snr;not_recovered_in_final_holdout;inconsistent_holdout_depth_signs,
360020321,1,12.62392915648326,1686.8391368469531,0.29575,0.007924074566558829,1.21506042961157,0.31777685922512466,17.059111804996547,1.5569950934552206,12,odd_even_discrepancy;long_relative_to_circular_transit;not_recovered_in_final_holdout;inconsistent_holdout_depth_signs,
360020321,2,18.89647953838283,1689.1531268469532,0.22491000000000003,0.00858527137231244,1.2647381368511434,0.18558397154581888,14.14268196009123,-3.129867728843907,8,odd_even_discrepancy;outside_nominal_optimistic_hz;long_relative_to_circular_transit;not_recovered_in_final_holdout;inconsistent_holdout_depth_signs,
360020321,3,13.952087869663178,1687.2031368469532,0.29575,0.006046344608757691,1.061377920155509,0.27809684567554593,14.539145720011996,1.435333325023256,11,odd_even_discrepancy;long_relative_to_circular_transit;not_recovered_in_final_holdout;inconsistent_holdout_depth_signs,
360020321,4,17.406913410539502,1697.5202618469532,0.29575,0.006207209562609728,1.075404389302986,0.20705512026368839,11.920504524732953,1.2695098488789334,6,dominated_by_one_discovery_event;odd_even_discrepancy;long_relative_to_circular_transit;not_recovered_in_final_holdout;inconsistent_holdout_depth_signs,
36202057,1,5.778796993680222,1496.9873493538835,0.29575,0.002068816647389247,0.6307805737717308,1.0133955685256308,8.085731924478587,-5.85470612737257,9,long_relative_to_circular_transit;not_recovered_in_final_holdout;inconsistent_holdout_depth_signs,
36202057,2,3.814660767014267,1495.2776868538836,0.088725,0.0035565205602154796,0.8270465809055493,1.7631436123307251,7.823936429795751,-1.5533774351632317,11,dominated_by_one_discovery_event;outside_nominal_optimistic_hz;long_relative_to_circular_transit;not_recovered_in_final_holdout;inconsistent_holdout_depth_signs,
36202057,3,9.846715675935345,1495.7247243538836,0.29575,0.002361379798334677,0.673907408084656,0.4979362236440552,6.849532257944712,-1.6467557773547676,5,fewer_than_three_discovery_events;long_relative_to_circular_transit;low_nominal_training_snr;not_recovered_in_final_holdout,
36202057,4,5.513951504168098,1492.2699093538836,0.16562,0.00203375064977868,0.6254119296163851,1.0788100797512492,5.143687736230946,2.2598247872093573,8,long_relative_to_circular_transit;low_nominal_training_snr;not_recovered_in_final_holdout,
362063292,1,10.506760981445096,1876.582717921694,0.17198999999999998,0.0025880959249185258,0.7777352940370411,0.4984717622861239,10.709717359316222,-0.8277893858705675,1,dominated_by_one_discovery_event;long_relative_to_circular_transit;insufficient_holdout_events,
362063292,2,6.217071364059764,1872.1280929216941,0.0588,0.00176027195663106,0.6414037703848754,1.003424177749469,5.105070369876624,-5.575677066755025,2,long_relative_to_circular_transit;low_nominal_training_snr;not_recovered_in_final_holdout;inconsistent_holdout_depth_signs,
362253884,1,18.557033775485554,1560.513879644008,0.031849999999999996,0.000920397362968316,0.6956976964476788,0.536246549875794,6.202268050504594,-1.2021357053996358,2,low_nominal_training_snr;not_recovered_in_final_holdout;inconsistent_holdout_depth_signs,
362253884,2,10.148364135998817,1547.430354644008,0.22931999999999997,0.00024565042369184017,0.3594112287693209,1.1990791907618854,6.149055805991567,-2.1674608521801133,5,outside_initial_small_planet_radius_range;long_relative_to_circular_transit;low_nominal_training_snr;not_recovered_in_final_holdout;inconsistent_holdout_depth_signs,
362253884,3,18.522884524254046,1546.0312296440081,0.04094999999999999,0.0006609671328335594,0.5895529470788222,0.5375651380757345,5.833768867169952,-0.9326934132297867,3,low_nominal_training_snr;not_recovered_in_final_holdout;inconsistent_holdout_depth_signs,
362253884,4,21.045441559789246,1550.639049644008,0.05354999999999999,0.0006622678996899259,0.5901327747061211,0.4534177654782493,5.288203614520211,0.49118439625071064,1,dominated_by_one_discovery_event;low_nominal_training_snr;insufficient_holdout_events,
362379202,1,9.744647669868366,1636.1028648836711,0.049980000000000004,0.00515732680113944,0.846934197633988,0.3599909539933944,6.387339887362701,0.35907327169233444,4,dominated_by_one_discovery_event;low_nominal_training_snr;not_recovered_in_final_holdout;inconsistent_holdout_depth_signs,
362379202,2,10.368083461270508,1637.1930798836713,0.057329999999999985,0.003894261062453585,0.7359526516253987,0.33142235330028913,5.43882507290797,0.8078696878752789,4,low_nominal_training_snr;not_recovered_in_final_holdout,
362379202,3,4.0828980303978755,1631.9012782170046,0.017499999999999998,0.004638585151603462,0.8032118553047172,1.1482110743740197,5.0742978250398325,-0.5359806921513061,4,dominated_by_one_discovery_event;low_nominal_training_snr;not_recovered_in_final_holdout;inconsistent_holdout_depth_signs,
362379202,4,12.371532008968813,1638.0830598836712,0.11465999999999998,0.003285318290858079,0.675967894032038,0.26186761849631546,5.618549565158808,-0.698872815330547,3,fewer_than_three_discovery_events;long_relative_to_circular_transit;low_nominal_training_snr;not_recovered_in_final_holdout;inconsistent_holdout_depth_signs,
364075630,1,25.907522664978046,1751.081373784798,0.08599499999999999,0.0032436948319119916,0.9764122841740528,0.191456389058868,9.934418525339845,-0.5227380676001533,5,fewer_than_three_discovery_events;dominated_by_one_discovery_event;odd_even_discrepancy;outside_nominal_optimistic_hz;not_recovered_in_final_holdout;inconsistent_holdout_depth_signs,
364075630,2,25.9256110777933,1763.1964312847979,0.16562,0.0016627699484492427,0.6990839373511508,0.19127830315401706,8.828562178649593,-1.6993602299699182,5,fewer_than_three_discovery_events;dominated_by_one_discovery_event;odd_even_discrepancy;outside_nominal_optimistic_hz;long_relative_to_circular_transit;not_recovered_in_final_holdout;inconsistent_holdout_depth_signs,
364075630,3,14.813858035194597,1750.1590887847979,0.16243500000000002,0.0007734770474162736,0.47680077818325545,0.4034101380362413,8.390523286330955,2.3308770200388493,8,outside_initial_small_planet_radius_range;long_relative_to_circular_transit;not_recovered_in_final_holdout,
364075630,4,12.64632826804337,1740.433691284798,0.29575,0.000635012682250538,0.4320205840033162,0.4981404150107466,9.088928812862973,-1.4246129007451,8,outside_initial_small_planet_radius_range;long_relative_to_circular_transit;not_recovered_in_final_holdout;inconsistent_holdout_depth_signs,
364181187,1,4.27904090699621,1740.7724047089887,0.17198999999999998,0.0021045633902523255,0.6963208407455939,1.763810807363418,10.63110257406214,0.4352878301566172,24,outside_nominal_optimistic_hz;long_relative_to_circular_transit;not_recovered_in_final_holdout;inconsistent_holdout_depth_signs,
364181187,2,6.114180098731325,1744.4549472089886,0.238875,0.0020522002512062738,0.6876037811819342,1.0959639801204089,9.279808375024933,0.21048810288680306,20,long_relative_to_circular_transit;not_recovered_in_final_holdout;inconsistent_holdout_depth_signs,
364181187,3,4.891473313648822,1738.8956347089886,0.22491000000000003,0.0016323557441057551,0.613247510609445,1.4756872751969812,8.223042042825272,0.21375100117686383,24,long_relative_to_circular_transit;not_recovered_in_final_holdout;inconsistent_holdout_depth_signs,
364181187,4,4.889676921457779,1740.1864373631931,0.1764,0.0020681477832967857,0.6902702759600978,1.4764101792373034,8.617976003911645,2.0318481240461255,25,long_relative_to_circular_transit;not_recovered_in_final_holdout,
365949661,1,14.510377702745108,1854.057211137759,0.29575,0.0028072342543495324,0.7058505309445079,0.24006996837418088,7.000509393378902,1.3516579078461177,2,dominated_by_one_discovery_event;long_relative_to_circular_transit;not_recovered_in_final_holdout,
365949661,2,13.323417431159307,1842.733398637759,0.238875,0.003057086830462664,0.7365925220153667,0.26900185720845315,6.739452739550231,0.54993087329984,6,long_relative_to_circular_transit;low_nominal_training_snr;not_recovered_in_final_holdout,
365949661,3,7.853789531057096,1843.551262578828,0.057329999999999985,0.0035139534985014105,0.7897168843617204,0.5442566948044648,5.844802944119347,-0.6650303152544564,9,low_nominal_training_snr;not_recovered_in_final_holdout;inconsistent_holdout_depth_signs,
365949661,4,4.46992905674393,1847.024907578828,0.017499999999999998,0.0054880811668636805,0.9869239342825825,1.1539188936589546,5.719387438251696,0.9360075676306078,5,low_nominal_training_snr;not_recovered_in_final_holdout,
365967778,1,11.79771479153908,1900.5854733743608,0.17198999999999998,0.00454316387257315,1.0525162902221248,0.4696897579715751,6.1699816724781105,1.2299000455505835,1,dominated_by_one_discovery_event;long_relative_to_circular_transit;low_nominal_training_snr;insufficient_holdout_events,
366174207,1,9.236693805535044,1607.0697001770636,0.238875,0.0032076039913586565,0.7606923904160502,0.49243453746086646,7.311333102109616,0.2515104574685451,3,dominated_by_one_discovery_event;long_relative_to_circular_transit;not_recovered_in_final_holdout;inconsistent_holdout_depth_signs,
366174207,2,4.898881851406559,1603.7538876770636,0.29575,0.0017112218633513656,0.555612310116151,1.1470295696186346,5.7769665042447995,-0.7592459961546365,5,long_relative_to_circular_transit;low_nominal_training_snr;not_recovered_in_final_holdout;inconsistent_holdout_depth_signs,
366174207,3,12.09076171038101,1602.629221010397,0.024499999999999997,0.009428637991252126,1.3041969491699241,0.34390013939230335,5.616584802549842,-0.6027752646580683,2,fewer_than_three_discovery_events;low_nominal_training_snr;not_recovered_in_final_holdout;inconsistent_holdout_depth_signs,
366174207,4,9.06772669296373,1602.9712876770636,0.11465999999999998,0.003315138218012734,0.7733382998225992,0.5047070124057539,5.366684885574367,0.7433414594519429,2,long_relative_to_circular_transit;low_nominal_training_snr;not_recovered_in_final_holdout,
366778750,1,11.300577702957217,1934.4517745371597,0.238875,0.006931417595679341,1.2455041735959491,0.46131155365319726,8.376460903379822,0.0,0,long_relative_to_circular_transit;insufficient_holdout_events,
366778750,2,4.619704066373358,1930.5027537038263,0.031849999999999996,0.00666324351080004,1.2211724485989193,1.5204646176949959,4.606079971172284,0.4561503717299166,2,outside_nominal_optimistic_hz;low_nominal_training_snr;not_recovered_in_final_holdout,
366872042,1,14.070173325183614,1772.8009173544108,0.29575,0.0006809894970541004,0.4673342843785974,0.47057655160773065,5.6940879403662485,-0.43274322353681305,5,outside_initial_small_planet_radius_range;long_relative_to_circular_transit;low_nominal_training_snr;not_recovered_in_final_holdout,
366872042,2,13.717125266445713,1777.5652223544107,0.12284999999999999,0.0012470729139223207,0.6324167428565117,0.4867942127488986,5.50381134139313,-1.4988032137336111,7,dominated_by_one_discovery_event;long_relative_to_circular_transit;low_nominal_training_snr;not_recovered_in_final_holdout;inconsistent_holdout_depth_signs,
366872042,3,6.438066806801322,1770.0538548544107,0.170625,0.0005716209664986438,0.4281653425050444,1.3346136860378148,5.322926158668255,-1.095369498987484,13,outside_initial_small_planet_radius_range;long_relative_to_circular_transit;low_nominal_training_snr;not_recovered_in_final_holdout;inconsistent_holdout_depth_signs,
366872042,4,13.67390311168015,1766.3285423544107,0.29575,0.0006040878767881991,0.440156881281724,0.48884691818964915,5.533577070896635,-2.171350531803938,8,dominated_by_one_discovery_event;outside_initial_small_planet_radius_range;long_relative_to_circular_transit;low_nominal_training_snr;not_recovered_in_final_holdout;inconsistent_holdout_depth_signs,
367598907,1,5.741283609301828,1817.8549468487656,0.13124999999999998,0.003515005119549083,0.8804718532515503,1.0018874160036007,5.165339013752923,0.6934468506554061,1,long_relative_to_circular_transit;low_nominal_training_snr;insufficient_holdout_events,
369819319,1,14.996180486261684,1641.1323558132558,0.29575,0.0010382382298175963,0.862041512653056,1.0386348532722682,10.477990108013758,-1.8676263238586293,4,fewer_than_three_discovery_events;dominated_by_one_discovery_event;long_relative_to_circular_transit;not_recovered_in_final_holdout;inconsistent_holdout_depth_signs,
369819319,2,19.704195235631712,1632.9252933132557,0.238875,0.00044983077063877504,0.5674194939912602,0.7217035380336074,7.32755843871785,1.6477313149173582,5,dominated_by_one_discovery_event;long_relative_to_circular_transit;not_recovered_in_final_holdout,
369819319,3,19.731573133017278,1643.1286683132557,0.238875,0.0005240106262159376,0.612420499137091,0.7203686787802145,6.086555990351462,-1.2563054819518398,3,fewer_than_three_discovery_events;dominated_by_one_discovery_event;long_relative_to_circular_transit;low_nominal_training_snr;not_recovered_in_final_holdout;inconsistent_holdout_depth_signs,
369819319,4,12.761909916446957,1630.3995883132557,0.08599499999999999,0.0005595481551128903,0.6328465344824051,1.287902157497893,5.653244583727658,0.21999559076645825,5,low_nominal_training_snr;not_recovered_in_final_holdout;inconsistent_holdout_depth_signs,
369869349,1,19.389974076489572,1628.7222772681741,0.29575,0.0018826212015533473,0.7391280068425704,0.3528193316786885,7.199572890615939,-1.5166243763720093,1,long_relative_to_circular_transit;insufficient_holdout_events,
369869349,2,15.099915785769609,1638.743757181971,0.29575,0.001979346020149159,0.757877558242772,0.4924430101254245,6.4736672898442205,-0.1691574395536122,2,fewer_than_three_discovery_events;long_relative_to_circular_transit;low_nominal_training_snr;not_recovered_in_final_holdout;inconsistent_holdout_depth_signs,
369869349,3,14.189832877092648,1633.740122181971,0.04094999999999999,0.0035681674728905324,1.0175618145064993,0.5349981786980637,6.059480860470477,0.0,0,low_nominal_training_snr;insufficient_holdout_events,
369869349,4,9.174572359244252,1629.640257181971,0.24499999999999997,0.0013038079422504714,0.6150989664025512,0.9569169276262213,5.900982522633264,0.372165801991407,3,long_relative_to_circular_transit;low_nominal_training_snr;not_recovered_in_final_holdout,
370955883,1,6.847413044107966,1572.4325777261251,0.124215,0.000371568138337765,0.383092993408435,1.565707171916734,12.457328472434162,-0.5996435827326793,14,outside_initial_small_planet_radius_range;outside_nominal_optimistic_hz;long_relative_to_circular_transit;not_recovered_in_final_holdout;inconsistent_holdout_depth_signs,
370955883,2,6.856989939823441,1576.335340226125,0.09554999999999998,0.0003993627744036255,0.39716298501728,1.5627921663621542,11.361291085451066,-1.761011405305573,14,outside_initial_small_planet_radius_range;outside_nominal_optimistic_hz;long_relative_to_circular_transit;not_recovered_in_final_holdout;inconsistent_holdout_depth_signs,
370955883,3,6.856419664984333,1574.393400226125,0.12284999999999999,0.0003742533894336597,0.38447477094042537,1.5629654800251505,11.496306116304162,4.746696112962358,14,outside_initial_small_planet_radius_range;outside_nominal_optimistic_hz;long_relative_to_circular_transit;not_recovered_in_final_holdout;inconsistent_holdout_depth_signs,
370955883,4,12.597650441077395,1579.370190226125,0.29575,0.0003413785060516757,0.3672003297229346,0.6945334561012684,11.680797269007298,5.3577207042288055,9,outside_initial_small_planet_radius_range;long_relative_to_circular_transit,
371867468,1,12.743356377217339,1581.4804387756167,0.238875,0.004865990136021225,0.9978620256042222,0.35949124946164673,7.688732692356675,-0.7188488836324631,6,odd_even_discrepancy;long_relative_to_circular_transit;not_recovered_in_final_holdout;inconsistent_holdout_depth_signs,
371867468,2,3.9883139313664024,1572.6122612756167,0.22931999999999997,0.0025223755823246172,0.7184387692749175,1.69179465155295,8.115229425423802,2.229299753060164,16,outside_nominal_optimistic_hz;long_relative_to_circular_transit;not_recovered_in_final_holdout,
371867468,3,5.143603044182038,1574.3540012756166,0.29575,0.002510419839038934,0.7167340921449121,1.2051566515964498,7.577195585970297,0.5054048349306902,11,long_relative_to_circular_transit;not_recovered_in_final_holdout;inconsistent_holdout_depth_signs,
371867468,4,6.809755083095087,1573.9103762756165,0.17198999999999998,0.0037851580866799534,0.8800896115192848,0.8290068230185726,7.746944391551952,-0.7277473231489907,10,long_relative_to_circular_transit;not_recovered_in_final_holdout;inconsistent_holdout_depth_signs,
371901012,1,14.712439699847637,1683.597350884485,0.238875,0.0064849093885474916,1.1871328214151928,0.32971270664968566,7.720740782380624,-0.7147551533683717,1,fewer_than_three_discovery_events;dominated_by_one_discovery_event;long_relative_to_circular_transit;insufficient_holdout_events,
371901012,2,16.25033059737311,1689.0744459956331,0.16562,0.0041050660648026425,0.9445118949106787,0.28877904649237446,5.515342619227823,0.0,0,long_relative_to_circular_transit;low_nominal_training_snr;insufficient_holdout_events,
371901012,3,18.0230561467614,1684.9571509956334,0.17198999999999998,0.004196898135941331,0.9550180293108171,0.2515421091837819,5.793236013719263,0.6161997788931011,1,long_relative_to_circular_transit;low_nominal_training_snr;insufficient_holdout_events,
371901012,4,4.256224545634895,1686.3674234956331,0.238875,0.0020232282112965564,0.6630858987901459,1.7232537665353063,5.978279340171728,-1.292409627190453,2,outside_nominal_optimistic_hz;long_relative_to_circular_transit;low_nominal_training_snr;not_recovered_in_final_holdout;inconsistent_holdout_depth_signs,
373985178,1,5.2636887714539675,1326.0984862971015,0.29575,0.00652228256957939,1.190548689545505,1.2273852002670067,35.67045130475159,16.693253230503764,25,long_relative_to_circular_transit,
373985178,2,5.263595921676783,1328.7602362971015,0.29575,0.006918604335733674,1.226186706834264,1.2274140684347274,37.996670479314105,16.6529654972212,26,long_relative_to_circular_transit,
373985178,3,5.267000885486308,1326.4371112971016,0.24499999999999997,0.0027914928505578503,0.7788711476313698,1.2263561988275946,12.164232627748609,-4.340093185207173,26,long_relative_to_circular_transit;not_recovered_in_final_holdout;inconsistent_holdout_depth_signs,
373985178,4,5.260299572642161,1329.2266112971015,0.29575,0.0030238685700427303,0.810641459864985,1.2284397153919084,12.61436084979339,-1.266970098327288,27,odd_even_discrepancy;long_relative_to_circular_transit;not_recovered_in_final_holdout;inconsistent_holdout_depth_signs,
376935746,1,15.21447920799561,1331.7584488966431,0.238875,0.001270309692272815,0.6110377558811055,0.4322438049291893,11.544743547885545,0.38898765131657254,16,dominated_by_one_discovery_event;odd_even_discrepancy;long_relative_to_circular_transit;not_recovered_in_final_holdout,
376935746,2,19.11613155120178,1339.146511396643,0.29575,0.0011450772616922625,0.5801370945250536,0.31881461222791085,8.82406226330911,1.1652908205551231,11,long_relative_to_circular_transit;not_recovered_in_final_holdout;inconsistent_holdout_depth_signs,
376935746,3,13.733481538793434,1338.316416396643,0.22491000000000003,0.0012533950327635278,0.6069560221494034,0.49548521683145025,9.086102716047057,0.7686605437664971,17,long_relative_to_circular_transit;not_recovered_in_final_holdout;inconsistent_holdout_depth_signs,
376935746,4,23.612178678636706,1335.597511396643,0.29575,0.0008861528298848652,0.5103493365570695,0.24056003833038475,7.0514800926851215,-2.674118093095229,10,long_relative_to_circular_transit;not_recovered_in_final_holdout;inconsistent_holdout_depth_signs,
38141631,1,10.233832914513528,1544.4652993544657,0.238875,0.004151322819409069,0.7739261591221755,0.30982548945750343,8.86899280104683,1.255186304866795,5,long_relative_to_circular_transit;not_recovered_in_final_holdout,
38141631,2,15.594859170247688,1555.3381167178193,0.170625,0.0069823347723115365,1.0037061996045713,0.17668226750709295,8.11145579179919,0.07603213147552948,4,outside_nominal_optimistic_hz;long_relative_to_circular_transit;not_recovered_in_final_holdout;inconsistent_holdout_depth_signs,
38141631,3,8.648846915104732,1545.694619217819,0.057329999999999985,0.00665634833139695,0.9799959780500238,0.38775489915165484,6.434173867085056,-0.4689664351241556,5,low_nominal_training_snr;not_recovered_in_final_holdout;inconsistent_holdout_depth_signs,
3818153,1,6.078562153608428,1901.9804179499547,0.29575,0.002920591550508439,0.784875261835032,0.8939383325256296,7.125833460701208,-1.6146673809589807,1,long_relative_to_circular_transit;insufficient_holdout_events,
3818153,2,5.507377212615152,1900.4391054499547,0.238875,0.0025745699645601306,0.7369153074459323,1.0196448851523314,5.608490089162227,-0.7978445632242457,1,long_relative_to_circular_transit;low_nominal_training_snr;insufficient_holdout_events,
3818153,3,11.838325451508275,1901.544515386184,0.238875,0.0031125455811780345,0.8102575542847198,0.3675544421853385,5.310127336829146,-2.2288341610281823,1,fewer_than_three_discovery_events;long_relative_to_circular_transit;low_nominal_training_snr;insufficient_holdout_events,
3818153,4,6.9379887758006795,1903.1313278861842,0.29575,0.002384866098837233,0.7092465448468253,0.7494291569479195,5.277735952088476,-1.1524090197536605,1,long_relative_to_circular_transit;low_nominal_training_snr;insufficient_holdout_events,
381983159,1,13.501750997701906,1668.7240598824085,0.29575,0.003315437283645439,0.6916345523624834,0.21624334322215868,11.324548991514456,1.200768022585277,3,fewer_than_three_discovery_events;dominated_by_one_discovery_event;long_relative_to_circular_transit;not_recovered_in_final_holdout,
381983159,2,4.786701675121494,1658.4194473824086,0.124215,0.0011670522964495873,0.41034715967630436,0.8618156790703932,7.5087050588677355,-1.100131755143796,17,outside_initial_small_planet_radius_range;long_relative_to_circular_transit;not_recovered_in_final_holdout;inconsistent_holdout_depth_signs,
381983159,3,5.790967629178642,1662.8033723824085,0.238875,0.001009661912215897,0.38167547934734447,0.6685409639895498,7.89135513127273,-0.1592453760133457,14,outside_initial_small_planet_radius_range;long_relative_to_circular_transit;not_recovered_in_final_holdout,
381983159,4,4.879889388053323,1657.9732433697054,0.29575,0.000743556617130845,0.32753920786247975,0.8399425239878782,6.549161395485153,-1.5307448061684483,16,outside_initial_small_planet_radius_range;long_relative_to_circular_transit;low_nominal_training_snr;not_recovered_in_final_holdout;inconsistent_holdout_depth_signs,
382461771,1,13.635072078965603,1325.7251852262114,0.29575,0.001171546860263008,0.5718535885971552,0.49135270402469666,6.865872781147935,-0.6074875931244204,4,long_relative_to_circular_transit;low_nominal_training_snr;not_recovered_in_final_holdout;inconsistent_holdout_depth_signs,
382461771,2,18.552860247296106,1328.9107847408304,0.29575,0.0012618563554346687,0.5934853162343329,0.3258782961568859,5.906262496753091,0.07515625670349659,4,long_relative_to_circular_transit;low_nominal_training_snr;not_recovered_in_final_holdout;inconsistent_holdout_depth_signs,
382461771,3,21.54080511700452,1332.7814697408303,0.03822,0.003094862832116501,0.9294493354991884,0.2670467882118916,5.867241179289764,-1.908529006078219,3,dominated_by_one_discovery_event;low_nominal_training_snr;not_recovered_in_final_holdout;inconsistent_holdout_depth_signs,
382461771,4,12.066123587198033,1330.6639347408304,0.04725,0.002068150506862181,0.7597944011670354,0.5783351325620938,5.327439880057257,-1.7031343182296979,8,low_nominal_training_snr;not_recovered_in_final_holdout;inconsistent_holdout_depth_signs,
382521361,1,7.645409297648396,1356.1775487079,0.04094999999999999,0.005635394857675157,0.9754897824490973,0.6675175951023016,6.135713962835345,1.7487311110454575,3,dominated_by_one_discovery_event;low_nominal_training_snr;not_recovered_in_final_holdout,
382521361,2,11.773418859743174,1356.0387737079,0.29575,0.0034137594423924236,0.759236373951859,0.37537059159048103,6.819045705696968,-0.7251012419187628,1,fewer_than_three_discovery_events;dominated_by_one_discovery_event;long_relative_to_circular_transit;low_nominal_training_snr;insufficient_holdout_events,
382521361,3,3.700157096913517,1355.3440237079,0.024499999999999997,0.005153741464325539,0.9328715820571108,1.756723808681583,5.744325325036093,1.0383307093934444,5,outside_nominal_optimistic_hz;low_nominal_training_snr;not_recovered_in_final_holdout,
382521361,4,3.835288500669978,1354.7665237079,0.024499999999999997,0.005024723556019348,0.9211208986203172,1.6746844476744194,5.285223733986895,-1.1699095700161168,6,outside_nominal_optimistic_hz;low_nominal_training_snr;not_recovered_in_final_holdout;inconsistent_holdout_depth_signs,
383553281,1,14.458049019243404,1697.5528056514818,0.29575,0.0015700944864430236,0.6360537490245647,0.38637394795830954,8.48213691502088,1.096427016164504,10,dominated_by_one_discovery_event;odd_even_discrepancy;long_relative_to_circular_transit;not_recovered_in_final_holdout,
383553281,2,15.628222630017865,1696.4882312883656,0.22931999999999997,0.0013419318938756833,0.5880255001653552,0.348290241941946,7.596168127626377,2.9865748807428205,9,long_relative_to_circular_transit;not_recovered_in_final_holdout,
383553281,3,14.960227962420502,1692.1147712883655,0.22931999999999997,0.001497994959609575,0.6212781765481389,0.3691785652133188,7.217675639955207,-3.2545024027058878,10,long_relative_to_circular_transit;not_recovered_in_final_holdout;inconsistent_holdout_depth_signs,
383553281,4,6.210171888097239,1686.9355062883656,0.29575,0.0008284562095052325,0.46202523993463246,1.1922004042893677,7.72354356263961,4.57892799879194,23,outside_initial_small_planet_radius_range;long_relative_to_circular_transit;not_recovered_in_final_holdout,
38541212,1,11.17384099602622,1421.439291725663,0.238875,0.018780895119237116,2.0651462729230348,0.4625928558425246,22.98465801706251,3.197515652141013,1,fewer_than_three_discovery_events;dominated_by_one_discovery_event;outside_initial_small_planet_radius_range;long_relative_to_circular_transit;insufficient_holdout_events,
38541212,2,6.344884830533628,1413.364634225663,0.22931999999999997,0.003623699747436458,0.9071284274835322,0.9837934186690612,6.996253763118484,2.567962571585745,1,dominated_by_one_discovery_event;long_relative_to_circular_transit;low_nominal_training_snr;insufficient_holdout_events,
38541212,3,5.553803940592127,1416.040034225663,0.03822,0.008201441747949983,1.3647018380037241,1.174937715909567,5.815272234149122,1.4541726345603698,2,low_nominal_training_snr;not_recovered_in_final_holdout;inconsistent_holdout_depth_signs,
38541212,4,4.013961393412016,1414.890021725663,0.08599499999999999,0.004407811819407708,1.0004702908852314,1.811498516180015,5.8066707859418685,-0.32992048120405626,3,dominated_by_one_discovery_event;outside_nominal_optimistic_hz;long_relative_to_circular_transit;low_nominal_training_snr;not_recovered_in_final_holdout,
386740034,1,8.417530272749675,1579.965420693841,0.16243500000000002,0.017339864400218858,1.7830278282316905,0.4831450332009471,16.68421872668132,0.5987093622369206,5,dominated_by_one_discovery_event;long_relative_to_circular_transit;not_recovered_in_final_holdout;inconsistent_holdout_depth_signs,
386740034,2,4.582791559311369,1573.0933126944428,0.238875,0.008312046776691255,1.2344947923369898,1.0868016669207734,13.432902614952232,-5.217608533903565,10,long_relative_to_circular_transit;not_recovered_in_final_holdout;inconsistent_holdout_depth_signs,
386740034,3,4.477449930671724,1572.329735194443,0.22491000000000003,0.008020055498898868,1.2126178580463869,1.1210271165048442,13.985115111060374,3.0753089012720944,8,odd_even_discrepancy;long_relative_to_circular_transit;not_recovered_in_final_holdout;inconsistent_holdout_depth_signs,
386740034,4,3.2984579658262767,1571.904625194443,0.29575,0.007020779241400588,1.1345612111992254,1.6849065939449628,13.246608364140936,-0.9787373293347728,14,odd_even_discrepancy;outside_nominal_optimistic_hz;long_relative_to_circular_transit;not_recovered_in_final_holdout;inconsistent_holdout_depth_signs,
38698751,1,14.159946489554002,1339.5037930836975,0.29575,0.001716349728467161,0.579063845662368,0.2768609380410347,10.978371132925,0.5786844989117442,8,long_relative_to_circular_transit;not_recovered_in_final_holdout,
38698751,2,20.63661349118539,1335.0902930836976,0.29575,0.0014496385057086792,0.5321737093755952,0.1675557213872156,7.945381357730469,0.1541012860782555,8,outside_nominal_optimistic_hz;long_relative_to_circular_transit;not_recovered_in_final_holdout,
38698751,3,9.181360640779218,1330.4097780836976,0.29988000000000004,0.0008869740193833219,0.4162737322932759,0.49332649423666025,6.710191409539609,1.3902997238147274,15,outside_initial_small_planet_radius_range;long_relative_to_circular_transit;low_nominal_training_snr;not_recovered_in_final_holdout;inconsistent_holdout_depth_signs,
38698751,4,13.12684437521182,1339.8450430836976,0.29575,0.0013169005898790226,0.5072243023933238,0.3062880504528879,8.433783535676831,1.4630155484698242,13,odd_even_discrepancy;long_relative_to_circular_transit;not_recovered_in_final_holdout,
387070235,1,23.408024657689975,1825.9419240412708,0.29575,0.005308258153241898,1.3206802812526628,0.2519988561319147,16.364757450574462,0.7876013325482546,5,fewer_than_three_discovery_events;dominated_by_one_discovery_event;long_relative_to_circular_transit;not_recovered_in_final_holdout,
387070235,2,9.283651553788193,1820.754924041271,0.29575,0.0024798910361405503,0.9026886361392783,0.8648215088524984,11.482060918977503,-2.849716085113357,14,long_relative_to_circular_transit;not_recovered_in_final_holdout;inconsistent_holdout_depth_signs,
387070235,3,18.308581158953466,1827.049394041271,0.11465999999999998,0.003859831327725052,1.1261748883778055,0.3496863433805932,7.426373522290645,-1.3518802444386953,8,fewer_than_three_discovery_events;dominated_by_one_discovery_event;long_relative_to_circular_transit;not_recovered_in_final_holdout;inconsistent_holdout_depth_signs,
387070235,4,18.26339774479745,1828.7369657079375,0.017499999999999998,0.006418085863059135,1.4521933285858453,0.35084031150585276,5.392658325825226,0.2970210150703651,5,fewer_than_three_discovery_events;dominated_by_one_discovery_event;low_nominal_training_snr;not_recovered_in_final_holdout,
388087903,1,11.32421763139072,1493.3473375994668,0.08599499999999999,0.005290621464402166,0.8975225647066232,0.3019885134776843,6.142295029625987,1.0238060461747631,1,long_relative_to_circular_transit;low_nominal_training_snr;insufficient_holdout_events,
388087903,2,2.939235200196035,1492.0367450994668,0.03919999999999999,0.00394671621889676,0.7751932482381709,1.8239891351248267,5.674498372686615,-1.3570839450177656,6,outside_nominal_optimistic_hz;low_nominal_training_snr;not_recovered_in_final_holdout;inconsistent_holdout_depth_signs,
388087903,3,8.428913397353922,1498.2078750994667,0.03822,0.005985976973818743,0.9546837980388901,0.44768503602020826,5.14599358013002,-0.7462828213503728,3,low_nominal_training_snr;not_recovered_in_final_holdout,
389051009,1,12.907558346229004,1338.1579451496732,0.29575,0.0028539717591365104,0.6300313771028329,0.2225954934633779,13.229331984303842,0.547681122639898,6,fewer_than_three_discovery_events;dominated_by_one_discovery_event;long_relative_to_circular_transit;not_recovered_in_final_holdout;inconsistent_holdout_depth_signs,
389051009,2,9.841759779636009,1329.6372161130046,0.29575,0.0017011413431922676,0.4864156538576438,0.3195544105809965,11.219196840245399,-2.9549246073701045,11,outside_initial_small_planet_radius_range;long_relative_to_circular_transit;not_recovered_in_final_holdout;inconsistent_holdout_depth_signs,
389051009,3,12.062660019675313,1327.3394661130046,0.29575,0.00193905931194474,0.5193174190030663,0.24362267826408826,11.104901447841716,2.0164596377420434,9,long_relative_to_circular_transit;not_recovered_in_final_holdout;inconsistent_holdout_depth_signs,
389051009,4,14.438462308939805,1339.9088411130047,0.29575,0.0017178074757587453,0.48879256073708954,0.19169637723471375,7.714606104361417,-0.5736201086157022,8,dominated_by_one_discovery_event;outside_initial_small_planet_radius_range;outside_nominal_optimistic_hz;long_relative_to_circular_transit;not_recovered_in_final_holdout;inconsistent_holdout_depth_signs,
389902064,1,14.069659457944766,1800.8056548381483,0.238875,0.003830553330313607,0.9259017639551314,0.34029369527021724,5.514292327816445,1.7229273816431412,3,fewer_than_three_discovery_events;long_relative_to_circular_transit;low_nominal_training_snr;not_recovered_in_final_holdout,
389913701,1,19.38367368458538,1691.6648557404587,0.29575,0.00184597839617943,0.7084412523438651,0.27784618024893787,7.260383857054044,2.290809456072023,8,long_relative_to_circular_transit;not_recovered_in_final_holdout,
389913701,2,12.681912568528311,1689.5263557404587,0.29575,0.0014355351426331405,0.6247373188478187,0.48918471385297047,7.9055091133646185,2.022557401655783,15,long_relative_to_circular_transit;not_recovered_in_final_holdout,
389913701,3,20.9033441143532,1697.6936057404587,0.29575,0.0014613993132533102,0.6303401700205693,0.25124544136477617,5.548758229570274,-0.6378665970806777,6,dominated_by_one_discovery_event;long_relative_to_circular_transit;low_nominal_training_snr;not_recovered_in_final_holdout;inconsistent_holdout_depth_signs,
389913701,4,21.955241511809778,1690.1060257404586,0.16562,0.002021380277538453,0.7413350725319359,0.23532510380801863,5.768064850550712,0.9980161146205913,7,long_relative_to_circular_transit;low_nominal_training_snr;not_recovered_in_final_holdout;inconsistent_holdout_depth_signs,
390465657,1,4.233568041056779,1791.8769089832444,0.03266666666666666,0.00542639555585143,1.0698452256735516,1.506767405317812,6.007248787783188,-1.3446540121817836,6,outside_nominal_optimistic_hz;low_nominal_training_snr;not_recovered_in_final_holdout;inconsistent_holdout_depth_signs,
390465657,2,19.288241468772426,1791.0010514832445,0.124215,0.00514459665680675,1.0416957548576788,0.19949473107676943,6.349515952321332,1.7197499373925058,1,outside_nominal_optimistic_hz;long_relative_to_circular_transit;low_nominal_training_snr;insufficient_holdout_events,
390465657,3,17.565110086493338,1798.9754923165779,0.024499999999999997,0.013483575976900461,1.6864278749992903,0.22600624563947197,6.510073235236414,0.3452397946750172,2,low_nominal_training_snr;not_recovered_in_final_holdout;inconsistent_holdout_depth_signs,
390465657,4,4.236264923155703,1791.6710389832444,0.03822,0.004551576925985068,0.9798197118963882,1.5054885608961333,5.38807011162936,1.2180183874792194,6,outside_nominal_optimistic_hz;low_nominal_training_snr;not_recovered_in_final_holdout,
390531051,1,10.79079188094422,1574.6474169506916,0.031849999999999996,0.002534903851830396,0.6377527245677216,0.3771836369584804,6.274679114176484,-0.07025500550063815,3,low_nominal_training_snr;not_recovered_in_final_holdout,
390531051,2,3.8625642673570915,1574.0851127840251,0.238875,0.0005525127392170252,0.2977437987309437,1.4840765671066545,6.315202761889783,2.020297679806294,11,outside_initial_small_planet_radius_range;long_relative_to_circular_transit;low_nominal_training_snr;not_recovered_in_final_holdout,
390531051,3,7.1835184995472146,1576.0586752840252,0.29575,0.0006514614453013578,0.32330761676288927,0.6488948287424855,5.810727269533946,2.5013663483312434,7,outside_initial_small_planet_radius_range;long_relative_to_circular_transit;low_nominal_training_snr;not_recovered_in_final_holdout,
390531051,4,5.536136563779762,1572.366805284025,0.22931999999999997,0.0006737977731475221,0.32880344764902697,0.918364046564331,5.44198593652818,1.7972102662347045,7,outside_initial_small_planet_radius_range;long_relative_to_circular_transit;low_nominal_training_snr;not_recovered_in_final_holdout;inconsistent_holdout_depth_signs,
39084331,1,11.313610670810453,1870.6126500394896,0.170625,0.003854963170527006,0.8407084054789509,0.35315339778090343,5.82607798025794,-0.41663195183525636,1,dominated_by_one_discovery_event;long_relative_to_circular_transit;low_nominal_training_snr;insufficient_holdout_events,
39084331,2,9.550941763591032,1877.595935280729,0.22931999999999997,0.002821207620374073,0.7192051640285073,0.4426258418617076,5.101008084563728,1.0473358731936797,1,long_relative_to_circular_transit;low_nominal_training_snr;insufficient_holdout_events,
391039604,1,16.319700821314328,1586.8326335411366,0.29575,0.0015028956423691268,0.4444954292195603,0.1713166304086735,23.65738445729215,-3.5364449248904943,7,dominated_by_one_discovery_event;odd_even_discrepancy;outside_initial_small_planet_radius_range;outside_nominal_optimistic_hz;long_relative_to_circular_transit;not_recovered_in_final_holdout;inconsistent_holdout_depth_signs,
391039604,2,10.852438835432599,1571.1351335411366,0.29575,0.0005211093357643931,0.2617383219119271,0.29515217309880337,10.54445433235877,-1.0273764169962254,7,dominated_by_one_discovery_event;odd_even_discrepancy;outside_initial_small_planet_radius_range;long_relative_to_circular_transit;not_recovered_in_final_holdout;inconsistent_holdout_depth_signs,
391039604,3,10.330561070041712,1576.6923693878146,0.07643999999999998,0.0009227064614956904,0.34828491754962076,0.31519832552981925,8.249450880774585,-1.1975664244955035,8,outside_initial_small_planet_radius_range;long_relative_to_circular_transit;not_recovered_in_final_holdout;inconsistent_holdout_depth_signs,
391039604,4,9.827927343706946,1578.5146443878145,0.17198999999999998,0.000514871553594876,0.2601670758951461,0.33687325380512084,7.699098533124408,-0.21623632656563782,8,dominated_by_one_discovery_event;outside_initial_small_planet_radius_range;long_relative_to_circular_transit;not_recovered_in_final_holdout;inconsistent_holdout_depth_signs,
392917676,1,11.2052708088065,1930.1631405297865,0.238875,0.0070971770959615404,1.2603088214450198,0.46904851119286234,9.520126792368071,0.0,0,fewer_than_three_discovery_events;dominated_by_one_discovery_event;long_relative_to_circular_transit;insufficient_holdout_events,
392917676,2,9.036943997055797,1936.071007622402,0.057329999999999985,0.009759800192762829,1.4779325640019823,0.6248159631475859,5.285520300198819,-0.20175260572717038,1,fewer_than_three_discovery_events;dominated_by_one_discovery_event;low_nominal_training_snr;insufficient_holdout_events,
392917676,3,5.536652626370596,1930.6245992890686,0.024499999999999997,0.00993746346191646,1.4913237263079135,1.200746149439543,5.069372404838528,-0.3812083454539288,2,low_nominal_training_snr;not_recovered_in_final_holdout;inconsistent_holdout_depth_signs,
39464614,1,15.075708016037613,1993.2267247241978,0.238875,0.00427453240264629,0.8709991380343016,0.2481153041583901,6.224633066605502,1.1008603094682416,1,dominated_by_one_discovery_event;long_relative_to_circular_transit;low_nominal_training_snr;insufficient_holdout_events,
39464614,2,4.678648722478397,1989.4112872241976,0.24499999999999997,0.003099501427344267,0.7416847317890414,1.180855049105105,7.1420416442562145,-0.24544621193755173,4,long_relative_to_circular_transit;not_recovered_in_final_holdout,
39464614,3,7.007401279613151,1990.1814097241977,0.124215,0.004929787665818203,0.935378806073198,0.6890983218279803,7.283310471135054,2.855122228048744,4,long_relative_to_circular_transit;not_recovered_in_final_holdout,
39464614,4,11.882646527353886,1990.3317872241976,0.12739999999999999,0.0047956959278133895,0.9225698080591842,0.34077908980025096,5.793017590290242,1.062034952069474,1,long_relative_to_circular_transit;low_nominal_training_snr;insufficient_holdout_events,
394816687,1,11.28762787870826,1611.884022851969,0.29575,0.0007158943673482679,0.712898805134676,1.43935825019597,14.306868066260618,-3.0912574923279315,9,long_relative_to_circular_transit;not_recovered_in_final_holdout;inconsistent_holdout_depth_signs,
394816687,2,22.77177895096301,1608.7331478519689,0.29575,0.000646996237418942,0.6777262256172223,0.5646463610550853,10.548742556809659,-0.6960867745299122,5,long_relative_to_circular_transit;not_recovered_in_final_holdout,
394816687,3,24.580747500848943,1611.5768978519689,0.29575,0.0009556157119503989,0.8236544609756754,0.5099321162050308,11.104822550230487,-12.71711453533745,3,fewer_than_three_discovery_events;long_relative_to_circular_transit;not_recovered_in_final_holdout;inconsistent_holdout_depth_signs,
394816687,4,12.536800362558337,1608.391897851969,0.29575,0.0005298768387199894,0.613325303495992,1.2513828514785796,9.779556060444149,3.927121649957637,8,dominated_by_one_discovery_event;odd_even_discrepancy;long_relative_to_circular_transit;not_recovered_in_final_holdout;inconsistent_holdout_depth_signs,
397098265,1,11.471128587349959,1821.7513084568934,0.17198999999999998,0.0008379152467580932,0.44568985326252847,0.4664620928535764,5.724485618209401,1.0246915329123476,9,outside_initial_small_planet_radius_range;long_relative_to_circular_transit;low_nominal_training_snr;not_recovered_in_final_holdout,
397098265,2,24.424565101694846,1826.1452434568935,0.07643999999999998,0.0017683313956958218,0.6474623649418753,0.1702898519489485,5.109979509631929,-0.7030200097123767,3,fewer_than_three_discovery_events;dominated_by_one_discovery_event;outside_nominal_optimistic_hz;low_nominal_training_snr;not_recovered_in_final_holdout;inconsistent_holdout_depth_signs,
397098265,3,9.835832524446937,1820.3323909568935,0.08599499999999999,0.0009746188755368013,0.48067342228870463,0.5726330192628586,5.4465686095632995,0.3737252857510314,10,outside_initial_small_planet_radius_range;long_relative_to_circular_transit;low_nominal_training_snr;not_recovered_in_final_holdout;inconsistent_holdout_depth_signs,
397635513,1,13.594555123480983,1668.8849450868256,0.29575,0.0045754475314840285,0.8715902929999187,0.25302934576218983,8.082413258344554,0.0,0,long_relative_to_circular_transit;insufficient_holdout_events,
397635513,2,14.188605241954857,1671.1940700868256,0.29575,0.005587432034798192,0.9631672825622745,0.23900369662688603,6.994558509040466,0.08558767321419598,1,fewer_than_three_discovery_events;dominated_by_one_discovery_event;long_relative_to_circular_transit;low_nominal_training_snr;insufficient_holdout_events,
397635513,3,6.443853807743785,1660.8365403989574,0.03822,0.006532527543273339,1.0414447136231115,0.6846416576410735,5.751307173998642,0.063414819356144,2,low_nominal_training_snr;not_recovered_in_final_holdout;inconsistent_holdout_depth_signs,
397635513,4,4.979006317970478,1661.0865628989573,0.16243500000000002,0.002777267451384686,0.6790542118401376,0.9656075574025313,5.6818756952734,1.5685575194461638,3,long_relative_to_circular_transit;low_nominal_training_snr;not_recovered_in_final_holdout,
399623138,1,12.224671327196782,1790.7950893390039,0.124215,0.0036501971932413483,0.9764128056896023,0.5905370373054329,7.2625197898643545,-1.6744352191986558,4,long_relative_to_circular_transit;not_recovered_in_final_holdout;inconsistent_holdout_depth_signs,
399623138,2,20.714266614311022,1791.5205842046716,0.03822,0.004173616268528883,1.044074674455218,0.2923281560900431,5.104108362734396,-0.6079187436520936,2,low_nominal_training_snr;not_recovered_in_final_holdout;inconsistent_holdout_depth_signs,
399623138,3,11.38512978451703,1791.8750292046716,0.17198999999999998,0.002001744605401071,0.7230688235885944,0.649301015257987,5.213412929007085,-0.6437669440878949,3,long_relative_to_circular_transit;low_nominal_training_snr;not_recovered_in_final_holdout;inconsistent_holdout_depth_signs,
39980837,1,13.247168692095343,1968.764613592284,0.238875,0.003072374734588807,0.9381718083979009,0.4818155300183201,7.727164944293376,0.0,0,dominated_by_one_discovery_event;long_relative_to_circular_transit;insufficient_holdout_events,
39980837,2,13.3783088396485,1958.3735510922838,0.29575,0.0057843054380123824,1.2872736952234338,0.4755285464982411,6.4505743402834765,0.0,0,dominated_by_one_discovery_event;long_relative_to_circular_transit;low_nominal_training_snr;insufficient_holdout_events,
39980837,3,12.516430106936909,1966.1951760922839,0.24499999999999997,0.0018399856675363683,0.7260265555585697,0.5196818849119521,5.1000942043398645,1.4128152510401666,2,long_relative_to_circular_transit;low_nominal_training_snr;not_recovered_in_final_holdout;inconsistent_holdout_depth_signs,
400891204,1,14.447458869127702,1799.096661195166,0.22931999999999997,0.0029878129359165967,0.7759498288819112,0.31604694163455094,8.935725669460654,-1.3551254824908683,2,dominated_by_one_discovery_event;odd_even_discrepancy;long_relative_to_circular_transit;not_recovered_in_final_holdout;inconsistent_holdout_depth_signs,
400891204,2,13.38008349496271,1799.196306195166,0.29575,0.0020102671215607906,0.6364786274939953,0.3501024228763538,8.496244287560499,3.4927589518763256,4,long_relative_to_circular_transit;not_recovered_in_final_holdout,
400891204,3,23.012064651720838,1807.8804361951659,0.12284999999999999,0.0027579410990016297,0.7455030652418635,0.16990236872271003,6.111955627996048,-0.5858833459561622,2,dominated_by_one_discovery_event;outside_nominal_optimistic_hz;long_relative_to_circular_transit;low_nominal_training_snr;not_recovered_in_final_holdout;inconsistent_holdout_depth_signs,
400891204,4,17.04353108023487,1802.2550145284993,0.024499999999999997,0.006714690081293145,1.1632416032556847,0.25354834404553395,5.625611918270432,0.5205308272775999,3,fewer_than_three_discovery_events;low_nominal_training_snr;not_recovered_in_final_holdout,
401532771,1,12.879646824521622,1828.7748886282434,0.29575,0.003039171283006752,0.9451284331700838,0.5062293258921485,20.38406450398838,-3.7729307746369725,6,dominated_by_one_discovery_event;odd_even_discrepancy;long_relative_to_circular_transit;not_recovered_in_final_holdout;inconsistent_holdout_depth_signs,
401532771,2,13.62363704215085,1827.24740376881,0.29575,0.0014875593590467154,0.6612267162462515,0.4697085724222257,12.144402073114021,-1.351745327890545,10,dominated_by_one_discovery_event;long_relative_to_circular_transit;not_recovered_in_final_holdout;inconsistent_holdout_depth_signs,
401532771,3,19.50975546904228,1816.3314607997677,0.238875,0.0014351556767963885,0.6494754608756136,0.2909936226739732,9.333813178351146,-0.3557702803992182,4,dominated_by_one_discovery_event;long_relative_to_circular_transit;not_recovered_in_final_holdout;inconsistent_holdout_depth_signs,
401532771,4,9.08596441889036,1825.6078862333952,0.22931999999999997,0.0009281367810048131,0.5222990452763682,0.8061042242073271,7.213350919455592,-0.294166304005642,12,long_relative_to_circular_transit;not_recovered_in_final_holdout;inconsistent_holdout_depth_signs,
401834404,1,21.543078158166104,1635.598186515895,0.238875,0.000769621318218881,0.4392584598507903,0.26162111729346443,7.671245952091273,-0.28066232825301424,6,outside_initial_small_planet_radius_range;long_relative_to_circular_transit;not_recovered_in_final_holdout;inconsistent_holdout_depth_signs,
401834404,2,6.807087080763804,1632.493319015895,0.29988000000000004,0.00039311472487669476,0.31393609057868066,1.2156299653123068,6.798034325061649,-1.9808464545837114,13,outside_initial_small_planet_radius_range;long_relative_to_circular_transit;low_nominal_training_snr;not_recovered_in_final_holdout;inconsistent_holdout_depth_signs,
401834404,3,5.831762109800261,1631.017474015895,0.16562,0.0004271357183010495,0.32723860674986344,1.4939981934500282,6.069107177224183,-0.6206574276099124,16,outside_initial_small_planet_radius_range;long_relative_to_circular_transit;low_nominal_training_snr;not_recovered_in_final_holdout;inconsistent_holdout_depth_signs,
401834404,4,10.987103885271274,1628.9261656825615,0.017499999999999998,0.0015917142797022184,0.6317047554150134,0.642054899346592,5.718707281956874,-0.7839129340024211,4,fewer_than_three_discovery_events;dominated_by_one_discovery_event;low_nominal_training_snr;not_recovered_in_final_holdout;inconsistent_holdout_depth_signs,
405503787,1,13.708818068876322,1722.4370983866115,0.29575,0.0016393058151184146,0.5261269384788699,0.2706070172051285,5.9645689719867825,2.309217116832591,1,fewer_than_three_discovery_events;dominated_by_one_discovery_event;long_relative_to_circular_transit;low_nominal_training_snr;insufficient_holdout_events,
405503787,2,17.062240204318783,1725.7119608866115,0.124215,0.001681427505738515,0.5328434394257908,0.20212700263069008,5.30610142208145,-1.0189714967328931,4,fewer_than_three_discovery_events;outside_nominal_optimistic_hz;long_relative_to_circular_transit;low_nominal_training_snr;not_recovered_in_final_holdout;inconsistent_holdout_depth_signs,
405503787,3,16.38753005893621,1717.6766608866114,0.238875,0.0008813538070337327,0.3857764315760502,0.21329846809923442,5.223281290448307,-2.9730382230934067,1,fewer_than_three_discovery_events;outside_initial_small_planet_radius_range;long_relative_to_circular_transit;low_nominal_training_snr;insufficient_holdout_events,
405981059,1,5.066311490362115,1606.4384227461844,0.124215,0.01489830662740419,1.5461087257451396,0.876389344519659,20.441123994320257,4.97715043787238,9,long_relative_to_circular_transit;not_recovered_in_final_holdout,
405981059,2,5.066596162815262,1603.8974286715954,0.29575,0.011060228442364982,1.3321515228129608,0.8763236905617711,22.4787265575389,4.7979817695366425,10,long_relative_to_circular_transit;not_recovered_in_final_holdout,
405981059,3,4.478964996249367,1604.6067736715954,0.057329999999999985,0.011806387889809894,1.3763538459735125,1.0328788420516446,11.307982698182013,-3.0825554048370067,10,long_relative_to_circular_transit;not_recovered_in_final_holdout;inconsistent_holdout_depth_signs,
405981059,4,5.063204488799599,1602.4346386715954,0.09995999999999998,0.01151978397386759,1.3595454930060622,0.8771064717900319,12.68536382657875,-3.5870774617936565,9,long_relative_to_circular_transit;not_recovered_in_final_holdout;inconsistent_holdout_depth_signs,
406517901,1,22.892052993312838,1791.3783736753148,0.02275,0.0023360090017072246,0.8286106218553948,0.23276040777300147,6.810107993862907,0.6881595804235796,7,dominated_by_one_discovery_event;low_nominal_training_snr;not_recovered_in_final_holdout;inconsistent_holdout_depth_signs,
406517901,2,24.652762247461578,1791.6371170086481,0.17198999999999998,0.0008608180203460092,0.5030010772244453,0.21086345411083843,6.369341131492614,0.4057867017767784,6,dominated_by_one_discovery_event;long_relative_to_circular_transit;low_nominal_training_snr;not_recovered_in_final_holdout;inconsistent_holdout_depth_signs,
406517901,3,27.870411911832623,1796.901694508648,0.238875,0.0008402580689536241,0.49695788530697044,0.17904584603180804,7.145700817113489,1.31277129732957,5,dominated_by_one_discovery_event;outside_initial_small_planet_radius_range;outside_nominal_optimistic_hz;long_relative_to_circular_transit;not_recovered_in_final_holdout,
406517901,4,12.618052216234586,1798.433679508648,0.124215,0.0005213741501781865,0.39146053712117745,0.51502977717703,5.148567524573255,-1.0234581938924405,12,outside_initial_small_planet_radius_range;long_relative_to_circular_transit;low_nominal_training_snr;not_recovered_in_final_holdout;inconsistent_holdout_depth_signs,
406857100,1,23.24058449570552,1698.0437166517204,0.29575,0.0006529702373405907,0.3962311595140246,0.21996797235129786,19.795131118172097,8.183896872065587,3,odd_even_discrepancy;outside_initial_small_planet_radius_range;long_relative_to_circular_transit,
406857100,2,16.439195193762718,1690.1722166517204,0.29575,0.00047564193334491303,0.33817539036034455,0.34901822888753625,15.521922421446982,4.89159814582921,7,dominated_by_one_discovery_event;outside_initial_small_planet_radius_range;long_relative_to_circular_transit;not_recovered_in_final_holdout,
406857100,3,25.86441652799066,1683.4917376237297,0.238875,0.0005237513063981157,0.3548660821489633,0.19072982004092048,12.852421554581912,1.7218411825450635,4,dominated_by_one_discovery_event;outside_initial_small_planet_radius_range;outside_nominal_optimistic_hz;long_relative_to_circular_transit;not_recovered_in_final_holdout;inconsistent_holdout_depth_signs,
406857100,4,26.47460496076628,1690.803994726726,0.22491000000000003,0.00045934877530518685,0.33233280530148446,0.18489118042648053,11.354429305800783,5.77195679433842,6,outside_initial_small_planet_radius_range;outside_nominal_optimistic_hz;long_relative_to_circular_transit,
407457207,1,12.032371813425577,1799.615370401465,0.17198999999999998,0.0025947045215935064,1.151404407420668,1.090078246616729,7.823314542798167,0.6171491366661771,9,long_relative_to_circular_transit;not_recovered_in_final_holdout,
407457207,2,12.650841646257453,1791.603047901465,0.124215,0.0028678080903161173,1.210483784390478,1.0196084790821023,5.8597172941019435,-3.934382981690284,8,dominated_by_one_discovery_event;long_relative_to_circular_transit;low_nominal_training_snr;not_recovered_in_final_holdout;inconsistent_holdout_depth_signs,
407457207,3,18.49470645592935,1799.459760401465,0.17198999999999998,0.003636408881018333,1.3630766809451687,0.6145106410203787,6.7063082011450925,-0.2830928381490733,7,long_relative_to_circular_transit;low_nominal_training_snr;not_recovered_in_final_holdout;inconsistent_holdout_depth_signs,
407457207,4,15.543546095337126,1801.117325401465,0.29575,0.0018680384673168103,0.976960130858,0.7748051949546726,5.918840306438817,-1.5887318456658848,7,long_relative_to_circular_transit;low_nominal_training_snr;not_recovered_in_final_holdout;inconsistent_holdout_depth_signs,
407657403,1,17.437059844081293,1721.4059629934934,0.29575,0.006128275775987271,1.017254686770356,0.17901277931540327,8.658716649770653,0.0,0,fewer_than_three_discovery_events;outside_nominal_optimistic_hz;long_relative_to_circular_transit;insufficient_holdout_events,
407657403,2,10.396227177868832,1720.9573329934935,0.16562,0.005934525425702936,1.0010448751151473,0.356736350147377,7.271057649266468,-0.2744680478059272,1,odd_even_discrepancy;long_relative_to_circular_transit;insufficient_holdout_events,
407657403,3,5.018444573820054,1716.2539979934934,0.03822,0.007599604956436003,1.1328073490315043,0.9420838023671819,5.851805761047268,-0.436665063228665,3,low_nominal_training_snr;not_recovered_in_final_holdout;inconsistent_holdout_depth_signs,
407657403,4,14.247200735712987,1717.5035329934935,0.07496999999999998,0.006772864152494287,1.0694161331360132,0.23435577237347197,5.721624253210917,-0.8905828131659965,1,long_relative_to_circular_transit;low_nominal_training_snr;insufficient_holdout_events,
407688400,1,10.121675759646537,1711.646874447513,0.29988000000000004,0.00021969789082715855,0.296194930611637,1.1484373463663504,9.56177005991803,-0.6822097113468282,4,outside_initial_small_planet_radius_range;long_relative_to_circular_transit;not_recovered_in_final_holdout;inconsistent_holdout_depth_signs,
407688400,2,7.098022878634498,1717.8592883845329,0.124215,0.0002688274675177912,0.3276434557379117,1.843291448953777,7.998677543586411,1.8512111322387184,7,outside_initial_small_planet_radius_range;outside_nominal_optimistic_hz;long_relative_to_circular_transit;not_recovered_in_final_holdout,
407688400,3,11.958315537079853,1716.142135884533,0.22491000000000003,0.00023660955361653837,0.3073836870318965,0.9194974374701333,7.835500172541296,-0.11527160290952188,5,outside_initial_small_planet_radius_range;long_relative_to_circular_transit;not_recovered_in_final_holdout,
407688400,4,8.412293431192374,1713.0542608845328,0.05095999999999999,0.0003667389738056285,0.38268656017096636,1.4696863170162733,6.463061431521887,0.19829938508207026,4,outside_initial_small_planet_radius_range;low_nominal_training_snr;not_recovered_in_final_holdout,
408232559,1,12.181418718139275,1448.0777719391087,0.08599499999999999,0.011301284134350319,1.555543939427905,0.38768476178875255,13.768307650675093,2.9476578762507093,1,long_relative_to_circular_transit;insufficient_holdout_events,
408232559,2,22.323041490899207,1451.8431244391086,0.17198999999999998,0.005385104670018621,1.0737803709798273,0.17287733991802118,5.674293551677941,2.347628249754592,1,fewer_than_three_discovery_events;outside_nominal_optimistic_hz;long_relative_to_circular_transit;low_nominal_training_snr;insufficient_holdout_events,
408232559,3,19.64107544820655,1442.3315769391086,0.124215,0.004896201454896637,1.0238775614830193,0.2050480018084403,5.410463062450409,0.2510077685235209,1,long_relative_to_circular_transit;low_nominal_training_snr;insufficient_holdout_events,
408232559,4,11.998850041329623,1449.058022772442,0.017499999999999998,0.011987842299976513,1.6020973302745611,0.3955697375111585,6.187738194340545,0.0,0,fewer_than_three_discovery_events;dominated_by_one_discovery_event;low_nominal_training_snr;insufficient_holdout_events,
410366850,1,14.868661557795994,1638.7772198400944,0.29575,0.005679015263088145,1.20967147695782,0.373688860195956,9.428773444078814,-0.0501442265402451,4,fewer_than_three_discovery_events;dominated_by_one_discovery_event;long_relative_to_circular_transit;not_recovered_in_final_holdout;inconsistent_holdout_depth_signs,
410366850,2,4.760212695844911,1632.1085123400944,0.124215,0.0021868421652928628,0.7506537215442776,1.7062297442809917,7.656205139151147,0.05292465409632157,16,outside_nominal_optimistic_hz;long_relative_to_circular_transit;not_recovered_in_final_holdout,
410366850,3,13.741580951026256,1634.7827748400944,0.11465999999999998,0.0033505076148661636,0.9291508470951012,0.41510412798148805,7.0091948736016985,-0.2709572135746145,4,long_relative_to_circular_transit;not_recovered_in_final_holdout;inconsistent_holdout_depth_signs,
410366850,4,11.155003227421929,1634.8728648400943,0.17198999999999998,0.0030475077475120315,0.8861420216954685,0.548167208876906,6.8883433817465365,4.391304443137707,6,long_relative_to_circular_transit;low_nominal_training_snr;not_recovered_in_final_holdout,
412650616,1,15.265477709403816,1750.624892469319,0.17198999999999998,0.011915629566962318,1.3469470639513392,0.20436318135326376,20.756847705481707,-0.2817908952319644,4,dominated_by_one_discovery_event;odd_even_discrepancy;long_relative_to_circular_transit;not_recovered_in_final_holdout,
412650616,2,8.950090571226777,1742.009012469319,0.17198999999999998,0.0025455032693100007,0.6225566275188908,0.4164663791421942,7.582047542950915,0.20442146499378616,6,long_relative_to_circular_transit;not_recovered_in_final_holdout,
412650616,3,16.618018243899538,1749.914864969319,0.238875,0.0032362766742581837,0.7019640205550689,0.18249216023063242,6.828763454485028,0.07204550394862924,3,dominated_by_one_discovery_event;outside_nominal_optimistic_hz;long_relative_to_circular_transit;low_nominal_training_snr;not_recovered_in_final_holdout,
412650616,4,11.685792512760374,1741.9296149693191,0.238875,0.002184546162659683,0.5767301349058006,0.2918360640719042,6.007768822334473,-1.003211586191571,3,dominated_by_one_discovery_event;long_relative_to_circular_transit;low_nominal_training_snr;not_recovered_in_final_holdout;inconsistent_holdout_depth_signs,
415009765,1,20.018290109296053,1690.1593634595947,0.29575,0.0019416191421988823,0.6832567874471733,0.23907926580682023,7.376974452105277,-0.6701172110463578,4,long_relative_to_circular_transit;not_recovered_in_final_holdout;inconsistent_holdout_depth_signs,
415009765,2,5.841353910904818,1685.4410134595946,0.09554999999999998,0.0013408299488503598,0.5677913644658328,1.2352642113368266,5.632721446273419,-0.28574204957596694,15,long_relative_to_circular_transit;low_nominal_training_snr;not_recovered_in_final_holdout;inconsistent_holdout_depth_signs,
415009765,3,19.55370759540857,1692.2045884595948,0.029399999999999996,0.00439166575030741,1.0275821969356536,0.24668291019231905,5.0278990175658365,-0.22160778718716848,5,low_nominal_training_snr;not_recovered_in_final_holdout,
415009765,4,16.45780679427583,1694.8824909595946,0.08599499999999999,0.00261357549248573,0.7927193452600177,0.31041922174998443,5.709052426323526,-0.45153729676101867,8,fewer_than_three_discovery_events;dominated_by_one_discovery_event;long_relative_to_circular_transit;low_nominal_training_snr;not_recovered_in_final_holdout,
416576682,1,24.232342484282395,1711.5779803525268,0.170625,0.0012459851190693614,0.7130857272658725,0.39782987718611207,6.567447887628952,-0.552234509471089,1,fewer_than_three_discovery_events;long_relative_to_circular_transit;low_nominal_training_snr;insufficient_holdout_events,
416576682,2,23.095412199278194,1721.2588994040989,0.1764,0.0012331879013795938,0.7094143086643626,0.42415406790858357,6.573250256143913,-1.3082095643547402,1,fewer_than_three_discovery_events;dominated_by_one_discovery_event;long_relative_to_circular_transit;low_nominal_training_snr;insufficient_holdout_events,
416576682,3,8.577421301693786,1716.6574494040988,0.0357,0.0014512674326359134,0.7695893355871879,1.5888477043488227,5.472455886429695,0.4257150688254532,1,outside_nominal_optimistic_hz;low_nominal_training_snr;insufficient_holdout_events,
416576682,4,13.660859883564155,1718.3992594040988,0.05095999999999999,0.001181318971768203,0.6943347567057774,0.8542543737607325,4.992944859268662,0.0,0,low_nominal_training_snr;insufficient_holdout_events,
417114341,1,15.381744603873967,1870.679250395134,0.17198999999999998,0.0010385158026611585,0.7213964544877887,0.7395383610719882,7.018420222455087,-0.6151888489166862,2,long_relative_to_circular_transit;not_recovered_in_final_holdout;inconsistent_holdout_depth_signs,
417114341,2,26.698155214549228,1885.7156176851129,0.238875,0.0013661062966930924,0.8273889097884943,0.35453558312681355,7.178269869386219,-1.6113247593187898,2,fewer_than_three_discovery_events;long_relative_to_circular_transit;not_recovered_in_final_holdout;inconsistent_holdout_depth_signs,
417114341,3,9.221823046318862,1876.4267635184463,0.017499999999999998,0.0021763285777417307,1.0443105880934915,1.4628926414467762,5.125696803943122,-0.2945517081514359,2,dominated_by_one_discovery_event;low_nominal_training_snr;not_recovered_in_final_holdout;inconsistent_holdout_depth_signs,
417153632,1,5.23432241864076,1930.5552239839155,0.29575,0.0006788884826409528,0.35849520676932445,1.0770344870958943,5.138888040472685,-0.19689527494720738,1,dominated_by_one_discovery_event;outside_initial_small_planet_radius_range;long_relative_to_circular_transit;low_nominal_training_snr;insufficient_holdout_events,
417767357,1,17.191656324203414,1791.363310546143,0.170625,0.0012712623193032826,0.7124957280428537,0.554321558865195,6.070091907034451,0.21630466281032276,4,dominated_by_one_discovery_event;long_relative_to_circular_transit;low_nominal_training_snr;not_recovered_in_final_holdout,
420130591,1,15.14245003071729,1689.0509931212753,0.238875,0.000509471817278059,0.30809431393678166,0.24492635664438442,7.530567332960801,-2.787102267825423,6,outside_initial_small_planet_radius_range;long_relative_to_circular_transit;not_recovered_in_final_holdout;inconsistent_holdout_depth_signs,
420130591,2,13.56523973787485,1696.4702231212752,0.124215,0.0007060045183498783,0.3626831182530448,0.283613624430363,7.6538402577663645,-2.1160595458756903,10,dominated_by_one_discovery_event;odd_even_discrepancy;outside_initial_small_planet_radius_range;long_relative_to_circular_transit;not_recovered_in_final_holdout;inconsistent_holdout_depth_signs,
420130591,3,5.29350882066832,1685.1152431212752,0.238875,0.00025027207352003317,0.21593835899589434,0.994578041167377,6.596689737314276,-0.5973415471729919,23,outside_initial_small_planet_radius_range;long_relative_to_circular_transit;low_nominal_training_snr;not_recovered_in_final_holdout;inconsistent_holdout_depth_signs,
420130591,4,4.204451328320954,1683.5523181212752,0.061424999999999993,0.00046231028546129236,0.29348802021473724,1.352128443439585,6.548903820337333,1.441874647901932,31,outside_initial_small_planet_radius_range;long_relative_to_circular_transit;low_nominal_training_snr;not_recovered_in_final_holdout,
422351737,1,6.8103636979170155,1575.0084150627665,0.29575,0.0022428778671380566,0.620579816241274,0.6902338967989651,11.92439806784202,-2.203674295185846,8,odd_even_discrepancy;long_relative_to_circular_transit;not_recovered_in_final_holdout;inconsistent_holdout_depth_signs,
422351737,2,10.863658481340831,1579.5678650627665,0.1323,0.0023295624265382326,0.6324584659130775,0.3703297069033577,6.507193730926377,1.5077943145623516,4,fewer_than_three_discovery_events;dominated_by_one_discovery_event;long_relative_to_circular_transit;low_nominal_training_snr;not_recovered_in_final_holdout,
422351737,3,4.718991670702507,1573.2209475627667,0.088725,0.001915607838264729,0.5735194310206048,1.1257045189296406,6.798896439632866,-0.1375259283699842,9,long_relative_to_circular_transit;low_nominal_training_snr;not_recovered_in_final_holdout;inconsistent_holdout_depth_signs,
422351737,4,3.37067908412999,1574.8719150627667,0.29575,0.0009509193741865487,0.40407937312134456,1.7630588768183761,5.977467164400412,-1.0931446576592467,13,outside_initial_small_planet_radius_range;outside_nominal_optimistic_hz;long_relative_to_circular_transit;low_nominal_training_snr;not_recovered_in_final_holdout;inconsistent_holdout_depth_signs,
422846384,1,12.103274446377874,1418.3656880372357,0.057329999999999985,0.008876810057138562,1.1934384906212252,0.27326596881921966,8.959358062573283,0.297027899394101,1,fewer_than_three_discovery_events;dominated_by_one_discovery_event;insufficient_holdout_events,
422846384,2,13.124236920604663,1411.1630380372358,0.29575,0.004796189087305586,0.8772426240216147,0.24529609969540392,9.157458478456403,1.7375424469472096,2,long_relative_to_circular_transit;not_recovered_in_final_holdout,
422846384,3,13.559032552887164,1413.3951387424233,0.22931999999999997,0.003634574144135857,0.7636570111335617,0.23486472148198398,7.159736902672545,0.6212182050054013,2,fewer_than_three_discovery_events;dominated_by_one_discovery_event;long_relative_to_circular_transit;not_recovered_in_final_holdout,
422846384,4,4.317266466769463,1411.7491587424233,0.0441,0.0037639355556273045,0.7771281961030648,1.0802167790614359,5.752881703633732,1.3172006940569687,5,low_nominal_training_snr;not_recovered_in_final_holdout,
424389265,1,14.930603945386466,1722.3575963600624,0.29575,0.001139538629396134,0.5308118453966099,0.3338965110051881,8.672629636101329,-0.30662816297942314,12,long_relative_to_circular_transit;not_recovered_in_final_holdout;inconsistent_holdout_depth_signs,
424389265,2,13.023066027288587,1722.3120963600625,0.29575,0.0014740757293277937,0.6037205759007258,0.4006489954897593,9.817427903507353,-1.986698371945095,12,long_relative_to_circular_transit;not_recovered_in_final_holdout;inconsistent_holdout_depth_signs,
424389265,3,21.254702072474583,1714.3495963600624,0.29575,0.0014280053239326387,0.5942114186500799,0.20850110087417204,8.273036998484336,-2.2438598359162722,7,long_relative_to_circular_transit;not_recovered_in_final_holdout;inconsistent_holdout_depth_signs,
424389265,4,7.015567243214223,1715.8852213600626,0.29575,0.0007974456242382286,0.44404462711535575,0.9140388585528361,7.1619149003107365,0.17447942774399464,19,outside_initial_small_planet_radius_range;long_relative_to_circular_transit;not_recovered_in_final_holdout;inconsistent_holdout_depth_signs,
425717549,1,3.802771870503636,1658.9847341087057,0.22491000000000003,0.0011398929026496204,0.46084579124855574,1.580150641899651,5.778755415133812,0.7573158837405641,11,outside_initial_small_planet_radius_range;outside_nominal_optimistic_hz;long_relative_to_circular_transit;low_nominal_training_snr;not_recovered_in_final_holdout,
427323148,1,27.099866713603976,1773.7117666040415,0.29575,0.00461261267699998,1.3497659552978762,0.34329342987348616,25.021896701548723,1.5483688044088941,2,fewer_than_three_discovery_events;dominated_by_one_discovery_event;odd_even_discrepancy;long_relative_to_circular_transit;not_recovered_in_final_holdout,
427323148,2,19.441457221892648,1774.3544541040417,0.238875,0.0017509315219691372,0.8316097193163827,0.5345437788460924,9.31479095276327,0.6935977520945585,2,dominated_by_one_discovery_event;odd_even_discrepancy;long_relative_to_circular_transit;not_recovered_in_final_holdout,
427323148,3,20.962844308446634,1770.2075666040416,0.03919999999999999,0.0029395436070756014,1.077518981344298,0.4834535494854303,5.688578852104928,-0.2687750334118245,3,dominated_by_one_discovery_event;low_nominal_training_snr;not_recovered_in_final_holdout;inconsistent_holdout_depth_signs,
427323148,4,12.989234928961961,1776.4030916040415,0.031849999999999996,0.0022261677599286936,0.9377000090203049,0.9151878995027277,5.281449092437683,0.4814883274774411,2,low_nominal_training_snr;not_recovered_in_final_holdout;inconsistent_holdout_depth_signs,
427466954,1,14.723865121939248,1778.2275247715534,0.29575,0.001547473123664261,0.6658200107441143,0.44844331616166583,6.964956897355869,0.1398442083706134,5,long_relative_to_circular_transit;low_nominal_training_snr;not_recovered_in_final_holdout;inconsistent_holdout_depth_signs,
427466954,2,10.905054643999756,1772.5454847715534,0.17198999999999998,0.0011844254137444632,0.5825043120042032,0.6692158234395689,5.622581041001471,-0.43771940115927555,6,long_relative_to_circular_transit;low_nominal_training_snr;not_recovered_in_final_holdout;inconsistent_holdout_depth_signs,
427466954,3,8.494580718458366,1772.5891647715534,0.04094999999999999,0.002447553928341187,0.8373584760272665,0.933714420060516,5.7534786958662245,1.8945515051774044,8,low_nominal_training_snr;not_recovered_in_final_holdout,
427466954,4,5.431318446525521,1765.6167331048869,0.024499999999999997,0.002389796198158637,0.8274194372725379,1.6951038366054492,5.780047762363861,0.5105353806463867,12,outside_nominal_optimistic_hz;low_nominal_training_snr;not_recovered_in_final_holdout,
427809432,1,14.779501404014708,1773.2288241031779,0.24499999999999997,0.001966187783181412,0.7650382888218322,0.443555858537997,8.024046464239747,-0.4221081617530544,3,long_relative_to_circular_transit;not_recovered_in_final_holdout;inconsistent_holdout_depth_signs,
427809432,2,9.059116547481052,1770.4060741031778,0.024499999999999997,0.0031610389256020058,0.9700309622258384,0.8518835551415675,6.093672524943616,0.6003319676828281,7,low_nominal_training_snr;not_recovered_in_final_holdout;inconsistent_holdout_depth_signs,
427809432,3,7.787173330232654,1764.877089103178,0.057329999999999985,0.0017876321102162705,0.7294738839554296,1.0422892101601573,6.273504853997766,0.255887375297584,9,low_nominal_training_snr;not_recovered_in_final_holdout,
427809432,4,18.10449980030374,1769.8314324365112,0.031849999999999996,0.0038634079027020686,1.07239790438362,0.33841218347658264,5.890332900623821,-0.9267158858605182,3,low_nominal_training_snr;not_recovered_in_final_holdout;inconsistent_holdout_depth_signs,
428681517,1,8.946116406540693,1816.3256100258297,0.238875,0.0005413708973902685,0.3379190546289416,0.6662343233366753,5.557979619348402,0.18159066578670477,10,outside_initial_small_planet_radius_range;long_relative_to_circular_transit;low_nominal_training_snr;not_recovered_in_final_holdout,
428681517,2,17.648156814466102,1829.0070428416159,0.238875,0.0009148760338093245,0.43928498003912675,0.2692819586431324,4.598761880562681,-0.5392721591055526,6,outside_initial_small_planet_radius_range;long_relative_to_circular_transit;low_nominal_training_snr;not_recovered_in_final_holdout;inconsistent_holdout_depth_signs,
429000467,1,25.04413629661425,1822.3148301510269,0.29575,0.0023390903277844557,0.8925319858049486,0.18573188190195472,11.595535730589944,2.7473666986270433,4,fewer_than_three_discovery_events;dominated_by_one_discovery_event;odd_even_discrepancy;outside_nominal_optimistic_hz;long_relative_to_circular_transit;not_recovered_in_final_holdout,
429000467,2,14.505325566604407,1827.3482676510268,0.170625,0.0017904543130400374,0.780875710639286,0.3847021052591965,9.172245702035998,-2.4331645108618734,9,dominated_by_one_discovery_event;long_relative_to_circular_transit;not_recovered_in_final_holdout;inconsistent_holdout_depth_signs,
429000467,3,6.899118358402826,1820.5644451510268,0.17198999999999998,0.001042174593259572,0.5957588919832547,1.0361828738701806,7.93869537975746,2.293991281455248,18,long_relative_to_circular_transit;not_recovered_in_final_holdout;inconsistent_holdout_depth_signs,
429000467,4,5.0567614876501485,1818.1515801510268,0.29575,0.0007730478513943496,0.5131017325361282,1.5679465158760955,8.462616991647225,-0.6585951330945665,27,outside_nominal_optimistic_hz;long_relative_to_circular_transit;not_recovered_in_final_holdout;inconsistent_holdout_depth_signs,
434261118,1,8.471412290018112,1441.491416579452,0.238875,0.011422306892706185,1.2487464819733771,0.3833672547829818,10.263768625661887,2.022033072945827,2,long_relative_to_circular_transit;not_recovered_in_final_holdout,
434261118,2,8.651294648814906,1442.131829079452,0.22931999999999997,0.011818545560509196,1.2702212745295411,0.37277602099495744,10.132310022429865,2.317067483875752,2,long_relative_to_circular_transit;not_recovered_in_final_holdout,
434261118,3,3.4830026159153618,1438.986869079452,0.22931999999999997,0.008231817301884266,1.0600960760875497,1.2539619898796415,10.028548743101265,-0.8357596553116772,7,long_relative_to_circular_transit;not_recovered_in_final_holdout;inconsistent_holdout_depth_signs,
434261118,4,3.3815523255152384,1441.042104079452,0.29575,0.007126124614432556,0.9863341538913467,1.3043714683125172,9.25916989182179,3.651710676041977,8,long_relative_to_circular_transit;not_recovered_in_final_holdout,
436230630,1,6.6779452155419365,1688.837209887519,0.22931999999999997,0.006448600332028169,1.2188804706264287,0.9704902528795002,9.311750539302245,1.6063642846529165,4,long_relative_to_circular_transit;not_recovered_in_final_holdout;inconsistent_holdout_depth_signs,
436230630,2,16.924118556688722,1687.764319887519,0.29575,0.014757597669110323,1.8438951462098627,0.28087100081074406,11.604608362901436,1.4161256599907135,1,fewer_than_three_discovery_events;long_relative_to_circular_transit;insufficient_holdout_events,
436230630,3,7.286208855442125,1690.596694887519,0.29575,0.006545778052319052,1.2280301395282374,0.8639981764390429,9.71443360371414,0.19074266729546,4,long_relative_to_circular_transit;not_recovered_in_final_holdout;inconsistent_holdout_depth_signs,
436230630,4,6.913368509270201,1687.5670337662398,0.16562,0.007743014443388863,1.3356215654040504,0.926677683404245,7.270474020062004,-2.199251529162232,3,long_relative_to_circular_transit;not_recovered_in_final_holdout;inconsistent_holdout_depth_signs,
436631912,1,13.763928319429029,1438.379865946709,0.29575,0.005919159833412447,1.0333530670889353,0.26614607444245886,10.910513331575215,-0.20693836075764843,2,fewer_than_three_discovery_events;dominated_by_one_discovery_event;long_relative_to_circular_transit;not_recovered_in_final_holdout;inconsistent_holdout_depth_signs,
436631912,2,10.345584289590363,1442.4694022874278,0.17198999999999998,0.002295337650875419,0.6434902774324153,0.3894364251250665,5.107089600931993,0.29609592710931676,3,dominated_by_one_discovery_event;long_relative_to_circular_transit;low_nominal_training_snr;not_recovered_in_final_holdout,
440955956,1,11.848153138537523,1611.6714046645743,0.29575,0.004452982276688751,1.0857387535248486,0.4384949426780253,9.092960229644016,-1.0486310073552558,2,fewer_than_three_discovery_events;dominated_by_one_discovery_event;long_relative_to_circular_transit;not_recovered_in_final_holdout;inconsistent_holdout_depth_signs,
440955956,2,11.03633052537166,1611.6131646645742,0.027299999999999998,0.010059579310858772,1.6318858086366617,0.48202089987303853,6.192132166702002,2.7465062658514743,1,fewer_than_three_discovery_events;dominated_by_one_discovery_event;low_nominal_training_snr;insufficient_holdout_events,
440955956,3,8.461246980158407,1607.3771146645743,0.05095999999999999,0.005915644800581699,1.2514136875205133,0.6869413161522955,5.973007293097948,-4.486570046886458,3,dominated_by_one_discovery_event;low_nominal_training_snr;not_recovered_in_final_holdout;inconsistent_holdout_depth_signs,
440955956,4,4.878054641378173,1604.6714571645741,0.124215,0.0032367973741296205,0.9256730347491188,1.4316491057492697,6.366547757931296,1.6833629068970888,4,dominated_by_one_discovery_event;long_relative_to_circular_transit;low_nominal_training_snr;not_recovered_in_final_holdout;inconsistent_holdout_depth_signs,
441067400,1,13.242125540658645,1544.3417087815149,0.29575,0.0037837897574937796,1.1418945699867338,0.6163197923746373,10.692983188111075,0.32993429216103864,4,fewer_than_three_discovery_events;dominated_by_one_discovery_event;long_relative_to_circular_transit;not_recovered_in_final_holdout,
441067400,2,18.96033280007745,1561.400477817652,0.11465999999999998,0.0033936920884640727,1.081430781764741,0.38190479214854534,5.37690799100737,-1.5787210637511586,3,fewer_than_three_discovery_events;long_relative_to_circular_transit;low_nominal_training_snr;not_recovered_in_final_holdout;inconsistent_holdout_depth_signs,
441067400,3,10.880582867508958,1546.5288028176521,0.07643999999999998,0.0025081316003842673,0.9296889500639085,0.8008419873558338,5.879777683335732,-0.49209791830582866,6,low_nominal_training_snr;not_recovered_in_final_holdout;inconsistent_holdout_depth_signs,
441067400,4,18.305341147259423,1562.2629361509855,0.024499999999999997,0.005272428620875896,1.347931627470622,0.4002327410720456,5.367383869499959,-1.3191172716831532,3,low_nominal_training_snr;not_recovered_in_final_holdout;inconsistent_holdout_depth_signs,
441410570,1,12.383295956429903,1329.976445058603,0.08599499999999999,0.017530812048261266,2.1253572426537604,0.46815512530631637,13.533502893040177,-1.8345416463600215,1,fewer_than_three_discovery_events;dominated_by_one_discovery_event;odd_even_discrepancy;outside_initial_small_planet_radius_range;long_relative_to_circular_transit;insufficient_holdout_events,
441410570,2,12.830669669946303,1329.976445058603,0.08599499999999999,0.026944618580636254,2.6349170192110902,0.44651805088812185,14.337671809098692,0.0,0,fewer_than_three_discovery_events;dominated_by_one_discovery_event;odd_even_discrepancy;outside_initial_small_planet_radius_range;insufficient_holdout_events,
441410570,3,12.555723370425566,1330.046060058603,0.08599499999999999,0.010157304782069575,1.6177826168859863,0.45960259007259935,9.958301738440897,-0.7489781428357465,1,fewer_than_three_discovery_events;dominated_by_one_discovery_event;odd_even_discrepancy;long_relative_to_circular_transit;insufficient_holdout_events,
441410570,4,12.636835316072068,1327.530137558603,0.29575,0.0036101173818843483,0.964476352926416,0.45567340773557996,7.976181678525391,0.7374758825752008,2,dominated_by_one_discovery_event;long_relative_to_circular_transit;not_recovered_in_final_holdout;inconsistent_holdout_depth_signs,
441466487,1,5.197622814207986,1354.3065313007496,0.12284999999999999,0.0024485449163310032,0.6159883189690694,0.8245969852891771,5.680328541898942,-0.997548425852324,8,long_relative_to_circular_transit;low_nominal_training_snr;not_recovered_in_final_holdout;inconsistent_holdout_depth_signs,
441466487,2,10.080756915211511,1356.201923496988,0.061424999999999993,0.0051338869702256245,0.8919522195074154,0.3409237311910078,5.884691582586273,-1.3488855223096963,4,long_relative_to_circular_transit;low_nominal_training_snr;not_recovered_in_final_holdout;inconsistent_holdout_depth_signs,
441466487,3,5.1684495959140335,1354.8669534969881,0.061424999999999993,0.0033169880051548335,0.7169525101632956,0.8308087127680499,5.4719819390537,0.4499056278734894,7,long_relative_to_circular_transit;low_nominal_training_snr;not_recovered_in_final_holdout,
441507745,1,9.496325290756653,1412.8243227743937,0.16562,0.026001773107595896,2.324282975201659,0.5593158265453707,19.810018622290883,-0.8913769303135555,1,fewer_than_three_discovery_events;outside_initial_small_planet_radius_range;long_relative_to_circular_transit;insufficient_holdout_events,
441507745,2,10.232461333684174,1413.1555627743937,0.16562,0.023956935116954486,2.231018375475161,0.5063192068934319,15.692805943190288,3.3208120315502025,1,fewer_than_three_discovery_events;outside_initial_small_planet_radius_range;long_relative_to_circular_transit;insufficient_holdout_events,
441507745,3,4.2544402136931065,1412.8982602743938,0.124215,0.01290229558136997,1.6372726700365183,1.6315785431593397,11.841649736585358,1.10161037304622,2,odd_even_discrepancy;outside_nominal_optimistic_hz;long_relative_to_circular_transit;not_recovered_in_final_holdout;inconsistent_holdout_depth_signs,
441507745,4,5.258534189717464,1414.7817327743937,0.22931999999999997,0.011283564475801613,1.5311251013690246,1.2300184224371589,12.781835419063516,-8.342567978992964,2,long_relative_to_circular_transit;not_recovered_in_final_holdout;inconsistent_holdout_depth_signs,
441721594,1,43.24621577328529,1683.6376415012971,0.238875,0.0008934620765035395,0.6984984115022669,0.21144855032325824,8.668594759137244,1.6776296279595397,3,fewer_than_three_discovery_events;dominated_by_one_discovery_event;outside_nominal_optimistic_hz;long_relative_to_circular_transit;not_recovered_in_final_holdout,
441721594,2,48.210651541397674,1694.9662829015297,0.08599499999999999,0.0007958240281572374,0.6592283637433853,0.18292716009605717,7.092112166262178,0.03179932869416534,3,outside_nominal_optimistic_hz;not_recovered_in_final_holdout;inconsistent_holdout_depth_signs,
441721594,3,29.16775678359527,1696.0776204015297,0.29575,0.00039397689887214185,0.4638341705102236,0.35749075895955157,7.131100949345674,-0.09829161801091826,4,outside_initial_small_planet_radius_range;long_relative_to_circular_transit;not_recovered_in_final_holdout,
441721594,4,12.976567318207557,1687.1027454015298,0.29575,0.00022914309102579317,0.35373720885716564,1.0525815688578597,7.328225381991038,-0.9537310134242623,8,outside_initial_small_planet_radius_range;long_relative_to_circular_transit;not_recovered_in_final_holdout;inconsistent_holdout_depth_signs,
441803471,1,34.65344574892518,1708.7466017783272,0.29575,0.000586957843927585,0.5079468505125944,0.2022149578090479,10.33885261596836,0.30501967521734047,3,outside_nominal_optimistic_hz;long_relative_to_circular_transit;not_recovered_in_final_holdout,
441803471,2,20.742125491003282,1702.5699767783271,0.29575,0.00037378170068020885,0.4053440797567673,0.40087056406440497,7.436075087867165,-3.2581705510077397,6,outside_initial_small_planet_radius_range;long_relative_to_circular_transit;not_recovered_in_final_holdout;inconsistent_holdout_depth_signs,
441803471,3,26.305800438003185,1697.6559767783272,0.29575,0.0005934115341533411,0.5107316927037319,0.29201588871263084,7.198536811957418,-0.9564881384674744,5,dominated_by_one_discovery_event;odd_even_discrepancy;long_relative_to_circular_transit;not_recovered_in_final_holdout;inconsistent_holdout_depth_signs,
441803471,4,7.026169962425952,1685.0012892783272,0.238875,0.00024472101418809177,0.32798233119668496,1.697658408717308,7.587189265525625,-1.2864204342024317,17,outside_initial_small_planet_radius_range;outside_nominal_optimistic_hz;long_relative_to_circular_transit;not_recovered_in_final_holdout;inconsistent_holdout_depth_signs,
445018193,1,6.931257580319905,1842.861751820176,0.124215,0.003546788323518367,0.7153587735479006,0.5433547482276215,5.978484652921969,-1.514854967906035,2,long_relative_to_circular_transit;low_nominal_training_snr;not_recovered_in_final_holdout;inconsistent_holdout_depth_signs,
445018193,2,2.896080297164766,1844.7145876535094,0.02275,0.00535279796066759,0.8788134572288888,1.7394771140342724,5.543711134404232,0.782805346864419,5,outside_nominal_optimistic_hz;low_nominal_training_snr;not_recovered_in_final_holdout,
445018193,3,2.968117719875343,1845.484529320176,0.024499999999999997,0.005518560406337812,0.8923170128293487,1.6834156317464721,5.231370422833696,0.27688262839809447,7,outside_nominal_optimistic_hz;low_nominal_training_snr;not_recovered_in_final_holdout;inconsistent_holdout_depth_signs,
445064836,1,3.454090269520035,1842.9229299630235,0.29575,0.00032849124916641735,0.2533293213901288,1.806506175012976,6.520062264211472,1.1436321294392122,6,outside_initial_small_planet_radius_range;outside_nominal_optimistic_hz;long_relative_to_circular_transit;low_nominal_training_snr;not_recovered_in_final_holdout,
445064836,2,3.8993077374586558,1843.808849709119,0.02275,0.0013977268633827544,0.5225582557965524,1.5368601371969621,6.193942986054172,-1.6129643024047298,4,outside_nominal_optimistic_hz;low_nominal_training_snr;not_recovered_in_final_holdout;inconsistent_holdout_depth_signs,
445064836,3,9.104044393711925,1848.5165830424523,0.29575,0.0005210282908429954,0.3190466655658123,0.49617918230551833,5.448027514355262,-1.7184974574436283,2,outside_initial_small_planet_radius_range;long_relative_to_circular_transit;low_nominal_training_snr;not_recovered_in_final_holdout;inconsistent_holdout_depth_signs,
445863003,1,13.47472245689787,1711.64174938891,0.29575,0.0028689194552604233,0.7545056145705168,0.3587374774885426,8.925920008178702,1.2792392395158882,3,long_relative_to_circular_transit;not_recovered_in_final_holdout,
445863003,2,6.147484748564257,1715.556531430796,0.0315,0.0025184614289924527,0.7069211088645273,1.0214252155799537,4.713186282513521,0.43253355568422464,8,low_nominal_training_snr;not_recovered_in_final_holdout;inconsistent_holdout_depth_signs,
445863003,3,17.532549903698975,1726.878996430796,0.057329999999999985,0.0035984058576073205,0.8450032330357512,0.2525475016564173,5.834835192509058,1.3591712036105523,4,low_nominal_training_snr;not_recovered_in_final_holdout,
445863003,4,6.895877616719143,1716.919273930796,0.088725,0.0021063728490601343,0.6465035621453594,0.87636251784525,5.11893671970498,1.1308086909781718,7,dominated_by_one_discovery_event;long_relative_to_circular_transit;low_nominal_training_snr;not_recovered_in_final_holdout;inconsistent_holdout_depth_signs,
445863676,1,10.431712724861978,1930.6015300063584,0.29575,0.0029826439168256034,0.8289514434292645,0.5048241018502377,5.070020847124965,0.0,0,fewer_than_three_discovery_events;dominated_by_one_discovery_event;long_relative_to_circular_transit;low_nominal_training_snr;insufficient_holdout_events,
44647136,1,14.178124015964732,1421.4782751461137,0.29575,0.0029871538469045116,0.8594188502620789,0.40090892540664097,6.20621580280481,0.0,0,dominated_by_one_discovery_event;long_relative_to_circular_transit;low_nominal_training_snr;insufficient_holdout_events,
44647136,2,5.204484988732946,1415.4285251461138,0.024499999999999997,0.005659955064996995,1.1829940805230237,1.5253414513958434,5.83422577478818,0.7044550581377214,2,outside_nominal_optimistic_hz;low_nominal_training_snr;not_recovered_in_final_holdout;inconsistent_holdout_depth_signs,
44647136,3,9.734265755643015,1417.0033501461137,0.031849999999999996,0.007039938190783816,1.3193514628461245,0.6619113392465368,5.4485286529033585,-1.012655011716512,1,low_nominal_training_snr;insufficient_holdout_events,
44647136,4,15.663078833706459,1420.3934501461138,0.05354999999999999,0.0071673359032616716,1.3312357106165542,0.35104913538150173,4.995577608831872,0.0,0,fewer_than_three_discovery_events;dominated_by_one_discovery_event;low_nominal_training_snr;insufficient_holdout_events,
44739264,1,16.426589013326637,1421.9446041297726,0.29575,0.0032324348420428427,0.8132981287821224,0.24539782038001143,6.530170201805115,0.5681737053966782,1,dominated_by_one_discovery_event;long_relative_to_circular_transit;low_nominal_training_snr;insufficient_holdout_events,
44739264,2,15.182679005630627,1416.5414791297728,0.024499999999999997,0.007910710578311025,1.2723090936903199,0.27256453253802054,5.385507768164588,-2.881416775936128,1,low_nominal_training_snr;insufficient_holdout_events,
448416124,1,4.4900111277775965,1548.9103994273773,0.0882,0.00643956923485789,1.1041105033358234,1.2719620428678668,11.11641767255876,7.5977585880632414,4,long_relative_to_circular_transit,Rejected as a planet signal on TIC 448416124: the repeated dimming localizes away from the target.
448416124,2,4.503708978611919,1546.657125070785,0.124215,0.005258501034406845,0.9977347873261194,1.266806497081432,9.83493775172107,7.0653540126615,4,long_relative_to_circular_transit,Rejected as a planet signal on TIC 448416124: the repeated dimming localizes away from the target.
448416124,3,6.325090467840289,1548.5189325707852,0.017499999999999998,0.007290934181960553,1.1748318767578354,0.8054681754468666,4.943490566834789,0.0,0,low_nominal_training_snr;insufficient_holdout_events,Rejected as a planet signal on TIC 448416124: the repeated dimming localizes away from the target.
448939026,1,8.915824831147726,1440.2103354306057,0.08599499999999999,0.004850455351378761,1.0266882976196126,0.6310910616911847,5.2345206749603355,-1.1241056603190842,2,long_relative_to_circular_transit;low_nominal_training_snr;not_recovered_in_final_holdout;inconsistent_holdout_depth_signs,
449046160,1,14.065883076059091,1609.7467350582488,0.29575,0.0015363006680395367,0.5350097670163542,0.3004265187460624,8.948706914639505,-0.36322317518275016,8,dominated_by_one_discovery_event;odd_even_discrepancy;long_relative_to_circular_transit;not_recovered_in_final_holdout;inconsistent_holdout_depth_signs,
449046160,2,19.26396257021544,1601.7159850582489,0.29575,0.0011068776120093746,0.45412289989312454,0.1975301688547695,8.379538693794556,0.9002089968425442,3,outside_initial_small_planet_radius_range;outside_nominal_optimistic_hz;long_relative_to_circular_transit;not_recovered_in_final_holdout,
449046160,3,16.939068977575754,1616.1799453438368,0.29575,0.0012354343877318754,0.4797703927101351,0.23448130399287384,7.664124809859963,0.008983059037694705,6,dominated_by_one_discovery_event;outside_initial_small_planet_radius_range;long_relative_to_circular_transit;not_recovered_in_final_holdout;inconsistent_holdout_depth_signs,
449046160,4,5.167082833767159,1602.6514303438369,0.22931999999999997,0.0006118529288072383,0.33763473736305544,1.1419148065745128,6.843451024393588,-0.01629383226327307,21,outside_initial_small_planet_radius_range;long_relative_to_circular_transit;low_nominal_training_snr;not_recovered_in_final_holdout;inconsistent_holdout_depth_signs,
450348875,1,14.606169485271447,1940.3398286591655,0.29575,0.008420990623001452,1.2425585578353393,0.26609526750336826,10.264003124208989,-4.375560021579849,1,fewer_than_three_discovery_events;dominated_by_one_discovery_event;long_relative_to_circular_transit;insufficient_holdout_events,
450348875,2,17.216832246689112,1932.8095786591655,0.29575,0.0039006140459773,0.8456716332181604,0.21370495954981966,5.807617267276413,-1.868325590992496,1,dominated_by_one_discovery_event;long_relative_to_circular_transit;low_nominal_training_snr;insufficient_holdout_events,
450348875,3,4.511390955208398,1933.8820136591655,0.17198999999999998,0.004076318386827454,0.8645086078326454,1.274495517514654,5.841142667335582,-0.689353456396781,2,long_relative_to_circular_transit;low_nominal_training_snr;not_recovered_in_final_holdout;inconsistent_holdout_depth_signs,
452465896,1,27.58910043191514,1579.098122042621,0.22491000000000003,0.0005627995964625638,0.5751001103097335,0.32652328559898636,11.432561120199285,1.1139666285150045,5,fewer_than_three_discovery_events;dominated_by_one_discovery_event;long_relative_to_circular_transit;not_recovered_in_final_holdout;inconsistent_holdout_depth_signs,
452465896,2,24.798328212174106,1585.2078095426211,0.238875,0.00046388289109470826,0.5221204934776411,0.3764156513936549,9.173624238680349,0.5244323096061706,4,long_relative_to_circular_transit;not_recovered_in_final_holdout;inconsistent_holdout_depth_signs,
452465896,3,14.366826912227925,1574.741672042621,0.12284999999999999,0.00038826466416658895,0.47767278220983805,0.7793808525089665,6.992166637333867,0.9336224761434858,7,dominated_by_one_discovery_event;outside_initial_small_planet_radius_range;long_relative_to_circular_transit;low_nominal_training_snr;not_recovered_in_final_holdout,
452465896,4,29.460431610755617,1595.488307042621,0.07643999999999998,0.0006883012959964734,0.6359981551108157,0.29916588730109617,6.176150892547418,0.7186617236046486,1,fewer_than_three_discovery_events;dominated_by_one_discovery_event;low_nominal_training_snr;insufficient_holdout_events,
452882423,1,15.194032617577017,1772.6435333003726,0.29575,0.0018351219379355913,0.5005296730162785,0.18582757756831478,9.673572948179721,0.07928801618615237,2,fewer_than_three_discovery_events;outside_nominal_optimistic_hz;long_relative_to_circular_transit;not_recovered_in_final_holdout;inconsistent_holdout_depth_signs,
452882423,2,9.360541085808837,1767.7579708003725,0.238875,0.0007843114978465498,0.32722136827781473,0.3544918864403488,6.4519321090106745,0.5207757432026598,7,outside_initial_small_planet_radius_range;long_relative_to_circular_transit;low_nominal_training_snr;not_recovered_in_final_holdout,
452882423,3,6.205785275958064,1768.6964083003725,0.29575,0.000645474037363339,0.2968497959289162,0.613213788705229,7.03164744506774,0.888371644167279,14,outside_initial_small_planet_radius_range;long_relative_to_circular_transit;not_recovered_in_final_holdout;inconsistent_holdout_depth_signs,
452882423,4,8.789883103139566,1766.3959283003726,0.17198999999999998,0.0008413684417570123,0.3389147533865725,0.38550508010085494,5.384105061010297,-1.290325851728617,8,outside_initial_small_planet_radius_range;long_relative_to_circular_transit;low_nominal_training_snr;not_recovered_in_final_holdout;inconsistent_holdout_depth_signs,
454682563,1,13.596202731991948,1601.5681138402833,0.22931999999999997,0.0005949142248486152,0.3249380688857319,0.28215047452431086,6.249023174323758,-0.5937601955470024,2,fewer_than_three_discovery_events;dominated_by_one_discovery_event;outside_initial_small_planet_radius_range;long_relative_to_circular_transit;low_nominal_training_snr;not_recovered_in_final_holdout;inconsistent_holdout_depth_signs,
454682563,2,14.741278166131911,1609.4433624279905,0.29575,0.0008996880654236687,0.39959440449679756,0.2533129769477638,6.517345987554275,-0.9461006331352162,4,fewer_than_three_discovery_events;outside_initial_small_planet_radius_range;long_relative_to_circular_transit;low_nominal_training_snr;not_recovered_in_final_holdout;inconsistent_holdout_depth_signs,
454682563,3,8.83775830760284,1606.0422374279904,0.29575,0.00033965463107625934,0.24552300375031264,0.5010889202614288,5.279171608954932,-0.0716101786568468,5,outside_initial_small_planet_radius_range;long_relative_to_circular_transit;low_nominal_training_snr;not_recovered_in_final_holdout,
454876960,1,13.92972394172692,1609.8255629782582,0.29575,0.001893052642702287,0.7744306586162492,0.5937341844312621,9.831286625508646,0.6774730305644376,4,dominated_by_one_discovery_event;odd_even_discrepancy;long_relative_to_circular_transit;not_recovered_in_final_holdout;inconsistent_holdout_depth_signs,
454876960,2,13.90671240341652,1610.4079629782582,0.12739999999999999,0.0030517573502090722,0.9832777045165382,0.5950444872665096,6.831999196858065,0.8168773372889917,4,fewer_than_three_discovery_events;dominated_by_one_discovery_event;long_relative_to_circular_transit;low_nominal_training_snr;not_recovered_in_final_holdout;inconsistent_holdout_depth_signs,
454876960,3,6.690390537525867,1606.404260478258,0.11245500000000001,0.0011003689235410616,0.5904326298675894,1.578507953551187,5.270163528448935,0.16215533696361617,6,outside_nominal_optimistic_hz;long_relative_to_circular_transit;low_nominal_training_snr;not_recovered_in_final_holdout;inconsistent_holdout_depth_signs,
454876960,4,15.592757420666784,1603.4509779782582,0.16065000000000002,0.0012493640796218076,0.6291376848782083,0.5108399305120013,5.893493440273619,-0.22998799522309124,3,long_relative_to_circular_transit;low_nominal_training_snr;not_recovered_in_final_holdout;inconsistent_holdout_depth_signs,
457464640,1,5.44613208642431,1606.7356918369087,0.024499999999999997,0.004134890904007772,0.8496322441494856,1.020760486557001,5.2656727975509385,0.20757405849001356,2,low_nominal_training_snr;not_recovered_in_final_holdout;inconsistent_holdout_depth_signs,
457748137,1,4.337730917330027,1602.0017828986267,0.29575,0.0065124805455770195,1.1015312445044747,1.2687006146251472,12.12432151118398,0.7173019258060723,6,long_relative_to_circular_transit;not_recovered_in_final_holdout;inconsistent_holdout_depth_signs,
457748137,2,3.456741880073061,1601.6036578986268,0.29575,0.004493717041437814,0.9150113095962468,1.7171966227049285,9.025664549440126,1.8158174246408145,8,outside_nominal_optimistic_hz;long_relative_to_circular_transit;not_recovered_in_final_holdout,
457748137,3,3.4528839589628504,1604.11284828228,0.29575,0.0045633362169258205,0.9220720009162683,1.7197552732042425,8.680744644610876,-2.164398694315451,7,outside_nominal_optimistic_hz;long_relative_to_circular_transit;not_recovered_in_final_holdout;inconsistent_holdout_depth_signs,
457748137,4,3.5057725179209704,1603.44172328228,0.29575,0.005487235557596345,1.0111146498147803,1.6852499302003174,9.405367092115776,-0.699988778364032,6,outside_nominal_optimistic_hz;long_relative_to_circular_transit;not_recovered_in_final_holdout;inconsistent_holdout_depth_signs,
458453130,1,14.13542831878816,1742.5451544736486,0.29575,0.0022298020083939434,0.6393938049119163,0.2753387321000868,5.356345814055913,-1.2860757811982353,2,long_relative_to_circular_transit;low_nominal_training_snr;not_recovered_in_final_holdout;inconsistent_holdout_depth_signs,
458453130,2,5.4541824922968996,1742.2205119736486,0.124215,0.0022313691011308034,0.6396184466957071,0.9801812375566727,4.475981249793979,-1.4342150899157913,4,long_relative_to_circular_transit;low_nominal_training_snr;not_recovered_in_final_holdout;inconsistent_holdout_depth_signs,
459181676,1,8.670486246427133,1850.5431644956816,0.29575,0.000842804453901062,0.5072207144397934,0.932904778419494,9.02489941149944,-1.8906679902219357,10,long_relative_to_circular_transit;not_recovered_in_final_holdout;inconsistent_holdout_depth_signs,
459181676,2,9.413472881091083,1849.8445119956816,0.08599499999999999,0.001460641537765328,0.6677369266506388,0.836043269043558,7.154727223340978,1.0325120220495403,9,fewer_than_three_discovery_events;long_relative_to_circular_transit;not_recovered_in_final_holdout,
459181676,3,5.820670440901594,1845.8566644956816,0.057329999999999985,0.001123953323309164,0.5857438107257725,1.5870766719838012,6.447870970454707,-0.510671882328252,15,outside_nominal_optimistic_hz;low_nominal_training_snr;not_recovered_in_final_holdout,
459181676,4,5.870780074768596,1842.7797269956816,0.238875,0.00048761048472837726,0.3858069866536331,1.5690405721712546,6.235047144702349,0.01148802039582063,15,outside_initial_small_planet_radius_range;outside_nominal_optimistic_hz;long_relative_to_circular_transit;low_nominal_training_snr;not_recovered_in_final_holdout,
459211861,1,10.611073458204418,1683.7488376157253,0.17198999999999998,0.0018282933133103073,0.868459294427196,0.8540568136413661,9.612148626864288,0.9365598878446658,10,long_relative_to_circular_transit;not_recovered_in_final_holdout;inconsistent_holdout_depth_signs,
459211861,2,8.475899869240289,1689.0716551157252,0.238875,0.0010227583795685107,0.6495507000802697,1.1523509563894052,6.2010527256953845,2.0856199216935702,12,long_relative_to_circular_transit;low_nominal_training_snr;not_recovered_in_final_holdout,
459211861,3,6.2749072977229865,1688.0454026157252,0.03822,0.0020132600018451735,0.9113316737783008,1.7206377136498896,5.19175689297251,-1.457504789297877,15,outside_nominal_optimistic_hz;low_nominal_training_snr;not_recovered_in_final_holdout;inconsistent_holdout_depth_signs,
459211861,4,7.215282523275942,1686.4679176157254,0.057329999999999985,0.001372863378080828,0.7525583729202295,1.4283283899210129,4.651046211427388,-0.7475809889040972,13,low_nominal_training_snr;not_recovered_in_final_holdout;inconsistent_holdout_depth_signs,
459255955,1,6.338612896779671,1962.2305901884076,0.29575,0.0026818523354121817,0.7634222038245411,0.9722834490677456,8.429629803534892,-0.6990340457457844,2,dominated_by_one_discovery_event;long_relative_to_circular_transit;not_recovered_in_final_holdout;inconsistent_holdout_depth_signs,
459255955,2,9.252107117881186,1956.5515896151667,0.29575,0.002236984998443616,0.6972345380656642,0.5872157063161267,6.225664137552115,-1.0434395422148737,1,long_relative_to_circular_transit;low_nominal_training_snr;insufficient_holdout_events,
459255955,3,4.584355349440562,1961.8586867007125,0.17198999999999998,0.002707131938251587,0.7670118392416637,1.4976632309364042,7.14312591507715,1.2655519245390774,2,outside_nominal_optimistic_hz;long_relative_to_circular_transit;not_recovered_in_final_holdout;inconsistent_holdout_depth_signs,
459255955,4,5.776263271271207,1963.9348517007124,0.22931999999999997,0.0025813954946368933,0.7489876041585382,1.1004979225434413,6.245237682239643,0.7896248002128989,3,long_relative_to_circular_transit;low_nominal_training_snr;not_recovered_in_final_holdout;inconsistent_holdout_depth_signs,
461635002,1,13.843349250827638,1829.2921242474536,0.238875,0.0008613461379606026,0.5191794065880382,0.4850369716147591,7.447811661476708,-0.3651283541193531,5,fewer_than_three_discovery_events;dominated_by_one_discovery_event;long_relative_to_circular_transit;not_recovered_in_final_holdout;inconsistent_holdout_depth_signs,
461635002,2,15.469574053729541,1826.1166267474534,0.16065000000000002,0.0009135046904342923,0.5346677548266178,0.41827181761473897,6.133217188029509,0.7619627298846647,6,fewer_than_three_discovery_events;dominated_by_one_discovery_event;long_relative_to_circular_transit;low_nominal_training_snr;not_recovered_in_final_holdout;inconsistent_holdout_depth_signs,
462637035,1,12.964596323085606,1687.1368453986254,0.29575,0.0014406553957535702,0.5844034289951653,0.4167866720330414,7.179047567795309,0.2069287447866385,12,long_relative_to_circular_transit;not_recovered_in_final_holdout,
462637035,2,7.2309304249624455,1690.2649703986253,0.16562,0.0014712644907646237,0.5905791046587703,0.9078210400185102,6.498151366099115,2.422613779816455,19,long_relative_to_circular_transit;low_nominal_training_snr;not_recovered_in_final_holdout;inconsistent_holdout_depth_signs,
462637035,3,22.02019875652952,1686.3394578986254,0.061424999999999993,0.004371288268458502,1.0179757304294488,0.20566679240421384,6.4796996990907685,-1.1371779519240475,6,low_nominal_training_snr;not_recovered_in_final_holdout;inconsistent_holdout_depth_signs,
462637035,4,5.588269787795157,1688.3050578986254,0.08599499999999999,0.00204814334248464,0.6968075930462602,1.2800374271065635,7.046329631657144,0.8294427589483623,24,long_relative_to_circular_transit;not_recovered_in_final_holdout;inconsistent_holdout_depth_signs,
466538554,1,18.21560779463191,1579.2454884391789,0.29575,0.004028788644785318,1.1089725915113926,0.33201085711628464,15.415501520191704,-12.164360981155609,2,dominated_by_one_discovery_event;long_relative_to_circular_transit;not_recovered_in_final_holdout;inconsistent_holdout_depth_signs,
466538554,2,23.12713858204731,1580.8948634391788,0.29575,0.006403733027917146,1.398138450016978,0.24149861136324763,14.130497286178146,-3.5831357873571914,3,fewer_than_three_discovery_events;dominated_by_one_discovery_event;odd_even_discrepancy;long_relative_to_circular_transit;not_recovered_in_final_holdout;inconsistent_holdout_depth_signs,
466538554,3,15.143750055268418,1577.4286734391787,0.16562,0.00335352927449078,1.0117765775457275,0.4247166278373552,10.585833182587828,0.160020968959845,6,fewer_than_three_discovery_events;dominated_by_one_discovery_event;long_relative_to_circular_transit;not_recovered_in_final_holdout,
466538554,4,16.494185075580234,1576.1469384391787,0.22931999999999997,0.003092461444364487,0.9715959980010449,0.37899721950178544,11.278577588915798,0.2779740779536722,5,dominated_by_one_discovery_event;long_relative_to_circular_transit;not_recovered_in_final_holdout,
467254810,1,41.064502041476786,1729.6729296071464,0.29575,0.00023725498301493188,0.6341070902507667,0.6201012781104519,15.19740564009913,0.9185921808753985,2,odd_even_discrepancy;long_relative_to_circular_transit;not_recovered_in_final_holdout;inconsistent_holdout_depth_signs,
467254810,2,49.93775197260579,1715.8409296071463,0.29575,0.00022771818085525877,0.6212319606223119,0.47772656328549107,11.22451445668583,-2.753922022531705,2,fewer_than_three_discovery_events;dominated_by_one_discovery_event;long_relative_to_circular_transit;not_recovered_in_final_holdout;inconsistent_holdout_depth_signs,
467254810,3,44.055301833863865,1730.6853046071465,0.29575,0.00019393658909200323,0.5733037922318978,0.5646168041946268,11.122681532863629,3.4106992699994736,2,fewer_than_three_discovery_events;dominated_by_one_discovery_event;odd_even_discrepancy;long_relative_to_circular_transit;not_recovered_in_final_holdout,
467254810,4,26.29855199746142,1726.3173046071463,0.29575,0.0001364210926220857,0.480834587349585,1.1233340550144488,11.006299730983674,-2.4678175023887237,4,odd_even_discrepancy;outside_initial_small_planet_radius_range;long_relative_to_circular_transit;not_recovered_in_final_holdout;inconsistent_holdout_depth_signs,
467465371,1,12.805417244700008,1738.7744822454995,0.22931999999999997,0.00130263423875282,0.6108808773936844,0.5360288329072145,7.397544135834765,0.0,0,dominated_by_one_discovery_event;long_relative_to_circular_transit;insufficient_holdout_events,
467465371,2,6.160860163029892,1741.2704169350288,0.124215,0.0009971903183733867,0.5344835122096778,1.421863789315144,7.537890831662569,0.8963182721204083,4,long_relative_to_circular_transit;not_recovered_in_final_holdout,
467465371,3,15.860315433366436,1744.2311019350288,0.238875,0.001088231079257033,0.5583491359635542,0.40299287600404504,6.6849900437141505,0.0,0,long_relative_to_circular_transit;low_nominal_training_snr;insufficient_holdout_events,
467465371,4,17.964796967425897,1747.2470694350288,0.17198999999999998,0.0013944760217529792,0.6320490914591567,0.3413108112046381,6.51328929005686,2.1270286478983187,2,long_relative_to_circular_transit;low_nominal_training_snr;not_recovered_in_final_holdout,
469392302,1,13.967598747579167,1721.5632680874469,0.29575,0.005226596609927001,0.8841808441608623,0.2133898440147678,8.503198243112346,-0.3583854183100673,3,fewer_than_three_discovery_events;long_relative_to_circular_transit;not_recovered_in_final_holdout,
469392302,2,13.422647701548394,1721.5405180874468,0.29575,0.003915415271265025,0.7652802856256807,0.22501863767868,7.894689820568294,0.48751927422398694,4,long_relative_to_circular_transit;not_recovered_in_final_holdout,
469392302,3,5.978810570899876,1715.185305587447,0.124215,0.0024129984434999065,0.6007726195722006,0.6614794473367612,6.666434529752972,-1.3810552714150355,10,long_relative_to_circular_transit;low_nominal_training_snr;not_recovered_in_final_holdout;inconsistent_holdout_depth_signs,
469392302,4,11.146224313706696,1715.2137430874468,0.07643999999999998,0.004036800636917657,0.7770523197398496,0.28829185640407534,5.871370697980613,-2.1093839593125803,3,long_relative_to_circular_transit;low_nominal_training_snr;not_recovered_in_final_holdout;inconsistent_holdout_depth_signs,
469952937,1,17.14785506937783,1747.5111171791489,0.08599499999999999,0.005631133271013366,1.3930298160816819,0.40267129960091214,11.477350706328002,1.3137043810167994,1,insufficient_holdout_events,
469952937,2,15.14969223560158,1746.124959679149,0.22931999999999997,0.0035281971655122565,1.1026531754695434,0.4749982413631747,11.418628388779776,0.0,0,long_relative_to_circular_transit;insufficient_holdout_events,
469952937,3,20.218780144018652,1752.234699679149,0.22931999999999997,0.003297516832180616,1.0659970913413552,0.32326385593834245,7.4068377993716785,1.0170900787571344,1,fewer_than_three_discovery_events;dominated_by_one_discovery_event;long_relative_to_circular_transit;insufficient_holdout_events,
469952937,4,5.606537109650798,1744.368204679149,0.11465999999999998,0.0024732203098819165,0.9231959939302035,1.787739134945044,8.443503002956083,2.4083047722866233,3,outside_nominal_optimistic_hz;long_relative_to_circular_transit;not_recovered_in_final_holdout;inconsistent_holdout_depth_signs,
469952974,1,27.047111771860777,1738.9605336084837,0.05095999999999999,0.006019657778666535,1.474173965341717,0.22602462962020792,7.386626488166846,-0.39148140940203846,1,fewer_than_three_discovery_events;dominated_by_one_discovery_event;insufficient_holdout_events,
469952974,2,8.474336520837628,1744.2847161084837,0.238875,0.0020032690694407056,0.8504180683557159,1.062125948557902,8.97626373899315,0.35958598371675476,3,long_relative_to_circular_transit;not_recovered_in_final_holdout,
469952974,3,17.66820341443581,1738.7884451940479,0.12284999999999999,0.002849326377303408,1.0142241216563066,0.3987742495096945,6.5910420578687425,0.7792175303990982,1,long_relative_to_circular_transit;low_nominal_training_snr;insufficient_holdout_events,
469952974,4,12.690037492235001,1739.0703232088892,0.170625,0.0021377200378105924,0.8784928883274793,0.6199639266819202,6.871013934845986,0.0,0,long_relative_to_circular_transit;low_nominal_training_snr;insufficient_holdout_events,
469971792,1,14.027107728742173,1338.960299131204,0.22931999999999997,0.0069406260978196075,1.3191097016724413,0.40755952780994353,8.674280226084425,-1.0724961650563298,1,long_relative_to_circular_transit;insufficient_holdout_events,
469971792,2,13.967140664072556,1325.4918441312038,0.17198999999999998,0.007797413281922602,1.3981599791464085,0.40989430495648205,7.3572258176432355,0.2703323116821779,1,fewer_than_three_discovery_events;dominated_by_one_discovery_event;long_relative_to_circular_transit;insufficient_holdout_events,
469971792,3,16.293428173223113,1338.0248453760796,0.238875,0.004762706818750847,1.0927190490853804,0.33378380901164406,6.462220414473574,0.0,0,long_relative_to_circular_transit;low_nominal_training_snr;insufficient_holdout_events,
469971792,4,5.792639222367271,1327.4681628760798,0.17198999999999998,0.0034524065403208682,0.9303418454419352,1.3252971158243276,6.28726899438827,-7.329171541209958,2,long_relative_to_circular_transit;low_nominal_training_snr;not_recovered_in_final_holdout;inconsistent_holdout_depth_signs,
47973606,1,24.903006079819335,1699.024779377552,0.29575,0.0011778097523565223,0.4984284248643979,0.22695361450776647,8.171677363593144,1.1754032822333678,5,dominated_by_one_discovery_event;odd_even_discrepancy;outside_initial_small_planet_radius_range;long_relative_to_circular_transit;not_recovered_in_final_holdout,
47973606,2,15.147085759773674,1685.0164668775521,0.238875,0.0008117530291945907,0.4137873291357245,0.44038652731459504,6.150933631272544,0.8326258629333182,11,outside_initial_small_planet_radius_range;long_relative_to_circular_transit;low_nominal_training_snr;not_recovered_in_final_holdout;inconsistent_holdout_depth_signs,
47973606,3,29.548961904807186,1702.6201893775522,0.22931999999999997,0.0010717420275417322,0.4754560297629399,0.18066880240291017,6.580791516865164,0.5429370582154583,6,outside_initial_small_planet_radius_range;outside_nominal_optimistic_hz;long_relative_to_circular_transit;low_nominal_training_snr;not_recovered_in_final_holdout,
47973606,4,12.291225898592101,1688.6576043775522,0.057329999999999985,0.0015429519108212972,0.570481314372076,0.5818520058600807,5.956435653380378,1.16597515706091,12,odd_even_discrepancy;low_nominal_training_snr;not_recovered_in_final_holdout;inconsistent_holdout_depth_signs,
49306639,1,13.131869504794649,1478.8564038119036,0.29575,0.004492347676712123,0.790449307648636,0.22708693530813778,13.417336445500153,-0.7005645406231829,2,dominated_by_one_discovery_event;odd_even_discrepancy;long_relative_to_circular_transit;not_recovered_in_final_holdout;inconsistent_holdout_depth_signs,
49306639,2,11.859741671037355,1468.4994663119037,0.238875,0.0029510975811305367,0.6406622406850386,0.26013208464590054,8.862765362041326,0.23669521751214398,2,dominated_by_one_discovery_event;odd_even_discrepancy;long_relative_to_circular_transit;not_recovered_in_final_holdout,
49306639,3,5.324374441952839,1473.0896802532284,0.057329999999999985,0.002774370168736278,0.6211829777970129,0.7567215586252746,6.589614598818455,-1.797404670051474,4,long_relative_to_circular_transit;low_nominal_training_snr;not_recovered_in_final_holdout;inconsistent_holdout_depth_signs,
49306639,4,4.581908596539224,1468.8936702532283,0.17198999999999998,0.001607822976851326,0.47288600205890985,0.9244831473073698,7.048020779828109,-0.2278999557320799,4,outside_initial_small_planet_radius_range;long_relative_to_circular_transit;not_recovered_in_final_holdout;inconsistent_holdout_depth_signs,
52183206,1,6.740182856907323,1791.4554842452183,0.170625,0.005424995609529879,1.624668097970236,1.7142926307337412,45.59602872770276,-5.9183435089153225,3,fewer_than_three_discovery_events;dominated_by_one_discovery_event;odd_even_discrepancy;outside_nominal_optimistic_hz;long_relative_to_circular_transit;not_recovered_in_final_holdout;inconsistent_holdout_depth_signs,
52183206,2,9.549194478807317,1790.9151717452185,0.29575,0.003378006313509338,1.2820211373459787,1.0773534638412305,35.70415455189052,12.040941573512013,3,dominated_by_one_discovery_event;odd_even_discrepancy;long_relative_to_circular_transit,
52183206,3,10.392432555607945,1793.0432829184465,0.238875,0.002436434831028432,1.0887855714181394,0.962404349398269,23.438595209553572,49.170243592004525,2,odd_even_discrepancy;long_relative_to_circular_transit,
52183206,4,11.576957844110755,1795.4882254184465,0.11465999999999998,0.003301862922712242,1.2674898113495146,0.8334021071459353,18.24045867837254,-14.051386553594543,1,fewer_than_three_discovery_events;dominated_by_one_discovery_event;long_relative_to_circular_transit;insufficient_holdout_events,
53523370,1,15.531463017796423,1911.6644779419464,0.24499999999999997,0.0056888125626594534,1.1695337108128874,0.28771587779686675,7.038041595895477,0.0,0,fewer_than_three_discovery_events;dominated_by_one_discovery_event;long_relative_to_circular_transit;insufficient_holdout_events,
53523370,2,14.694252442375381,1900.8848104419465,0.11245500000000001,0.005327696930140852,1.1318052079888863,0.3097778228130024,6.834742808694438,0.0,0,long_relative_to_circular_transit;low_nominal_training_snr;insufficient_holdout_events,
53523370,3,20.91167928374945,1903.9128579480093,0.16243500000000002,0.003773627295667257,0.9525360792683782,0.19352115130160433,5.294988379240561,0.6684849252395233,1,dominated_by_one_discovery_event;outside_nominal_optimistic_hz;long_relative_to_circular_transit;low_nominal_training_snr;insufficient_holdout_events,
53897002,1,7.327021572405523,1328.7266618279664,0.29575,0.0051555515667255246,1.0428042591161106,0.7634901181853749,18.53229194121985,3.194933200224119,5,long_relative_to_circular_transit;not_recovered_in_final_holdout,
53897002,2,7.1822879811352545,1333.6975368279664,0.29575,0.0054947306075575466,1.0765604754586582,0.7840726308926097,14.267666477479175,7.015194687222595,7,fewer_than_three_discovery_events;dominated_by_one_discovery_event;long_relative_to_circular_transit,
53897002,3,4.918458421518224,1330.9789118279664,0.29575,0.005277367343707068,1.055052063910903,1.2989767408379225,14.544499238274975,-1.8327377811642565,9,long_relative_to_circular_transit;not_recovered_in_final_holdout;inconsistent_holdout_depth_signs,
53897002,4,7.299469021869056,1331.0585368279665,0.29575,0.003126886547710727,0.8121220286110149,0.7673350230166143,8.374439527794806,1.9033749753764417,7,odd_even_discrepancy;long_relative_to_circular_transit;not_recovered_in_final_holdout,
54144488,1,6.555052746764627,1546.4738071359393,0.29575,0.0020388161166450193,0.6113984057120909,0.7775980009101043,10.438835347820968,-0.6362230152902018,10,long_relative_to_circular_transit;not_recovered_in_final_holdout;inconsistent_holdout_depth_signs,
54144488,2,6.229991003280809,1545.0883321359393,0.17198999999999998,0.001983282974965759,0.6030143050250071,0.8321599883317792,7.039446751946762,-2.2292548050937366,10,odd_even_discrepancy;long_relative_to_circular_transit;not_recovered_in_final_holdout;inconsistent_holdout_depth_signs,
54144488,3,4.380201070598936,1548.1629946359392,0.238875,0.0011883716016184865,0.4667791033404838,1.331061106803524,6.571136034817789,1.699899838005159,17,outside_initial_small_planet_radius_range;long_relative_to_circular_transit;low_nominal_training_snr;not_recovered_in_final_holdout,
54144488,4,4.147279588554949,1544.7839371359391,0.05095999999999999,0.002736209484521318,0.7082880994466517,1.4316569655869817,6.369633510644545,-0.25268762764589336,16,long_relative_to_circular_transit;low_nominal_training_snr;not_recovered_in_final_holdout;inconsistent_holdout_depth_signs,
55752859,1,6.527720114156082,1714.7684121343348,0.29575,0.0014571406699221412,0.6419261215175915,1.0719689832329595,9.645952039090718,0.6712560750927399,6,long_relative_to_circular_transit;not_recovered_in_final_holdout;inconsistent_holdout_depth_signs,
55752859,2,6.576988249146361,1716.9637871343348,0.29575,0.0013134824730746122,0.6094617433219366,1.0612755650285532,8.063536647367192,0.7578443467318177,7,long_relative_to_circular_transit;not_recovered_in_final_holdout;inconsistent_holdout_depth_signs,
55752859,3,18.57770535237312,1718.2150371343348,0.29575,0.002961712453446484,0.9151783851855756,0.26579174732131283,10.043425454490762,-0.17498003382824426,3,long_relative_to_circular_transit;not_recovered_in_final_holdout,
55752859,4,5.439190353865761,1712.0611621343348,0.29575,0.00100246596299559,0.5324381018658302,1.3671575831617377,6.858995881718382,3.059881594908639,8,long_relative_to_circular_transit;low_nominal_training_snr;not_recovered_in_final_holdout,
5597639,1,6.5382808925725,1550.2821341403414,0.29575,0.0011154070876487443,0.47775097641318864,0.8438527348796837,6.926013358449051,-0.8596747816977188,7,outside_initial_small_planet_radius_range;long_relative_to_circular_transit;low_nominal_training_snr;not_recovered_in_final_holdout;inconsistent_holdout_depth_signs,
5597639,2,4.443201790391758,1546.5213316403415,0.061424999999999993,0.0012554360253952033,0.5068531814204489,1.4123967568778997,5.37355755992794,0.9102433229518787,8,long_relative_to_circular_transit;low_nominal_training_snr;not_recovered_in_final_holdout;inconsistent_holdout_depth_signs,
57031043,1,14.39018328680792,1958.464458229944,0.17198999999999998,0.004888199327027979,0.8932518060425554,0.2290981999215536,6.0182573777625015,0.0,0,fewer_than_three_discovery_events;dominated_by_one_discovery_event;long_relative_to_circular_transit;low_nominal_training_snr;insufficient_holdout_events,
57031043,2,7.66157335732759,1957.179765729944,0.124215,0.002530409169152008,0.6426800603860889,0.5309082719275139,6.142845139506174,0.37344419493557085,1,long_relative_to_circular_transit;low_nominal_training_snr;insufficient_holdout_events,
57031043,3,11.004398193187765,1960.221895729944,0.238875,0.00276476139555978,0.6717818683661081,0.32760841483789166,6.711010035271359,1.1389672724834512,2,long_relative_to_circular_transit;low_nominal_training_snr;not_recovered_in_final_holdout,
57031043,4,11.925780020537667,1960.022833229944,0.29575,0.002453443544381153,0.632830619024248,0.29430279410263055,7.130074300743346,0.0,0,dominated_by_one_discovery_event;long_relative_to_circular_transit;insufficient_holdout_events,
57185991,1,4.044306502789063,1547.2733198799483,0.29575,0.0012375876364960786,0.5378109056046384,1.7971424500598265,9.92653645885498,-1.3277141243048567,14,outside_nominal_optimistic_hz;long_relative_to_circular_transit;not_recovered_in_final_holdout;inconsistent_holdout_depth_signs,
57185991,2,16.99898729224187,1551.3910698799482,0.29575,0.003778179457251429,0.9396863420584892,0.2649377554745763,9.791083067377821,2.1070071820972376,2,long_relative_to_circular_transit;not_recovered_in_final_holdout;inconsistent_holdout_depth_signs,
57185991,3,12.817735685885028,1545.9756948799482,0.24499999999999997,0.0018882924309179888,0.6643183511877632,0.3860345443551577,6.7549076350648365,-0.05597148367165447,4,long_relative_to_circular_transit;low_nominal_training_snr;not_recovered_in_final_holdout;inconsistent_holdout_depth_signs,
57185991,4,5.391830319121795,1547.9899448799483,0.29575,0.0011885732575967105,0.5270533774816171,1.2247843535517817,7.756319790911048,2.3620247175219906,10,long_relative_to_circular_transit;not_recovered_in_final_holdout,
57186214,1,16.38688086866242,1555.3302794415654,0.22931999999999997,0.0023917608347639144,0.8384402430170831,0.41527851655419445,8.85499515308567,1.743020677015231,3,long_relative_to_circular_transit;not_recovered_in_final_holdout,
57186214,2,12.900942121253266,1544.6319344415654,0.22491000000000003,0.002538908670313451,0.863846900888904,0.571267201870322,6.562701372920518,-0.23333682642412265,2,fewer_than_three_discovery_events;dominated_by_one_discovery_event;long_relative_to_circular_transit;low_nominal_training_snr;not_recovered_in_final_holdout;inconsistent_holdout_depth_signs,
57186214,3,9.8263918940117,1546.8149465874362,0.29575,0.0010620780213651106,0.5587164406617573,0.8212506991718224,5.76974047581842,0.9570522874368581,5,long_relative_to_circular_transit;low_nominal_training_snr;not_recovered_in_final_holdout;inconsistent_holdout_depth_signs,
57186214,4,20.79917027328648,1548.5856549207695,0.03266666666666666,0.004274653036437763,1.1208917562278373,0.30218519240229813,5.607120172490037,0.30099005559082864,1,fewer_than_three_discovery_events;dominated_by_one_discovery_event;low_nominal_training_snr;insufficient_holdout_events,
57984826,1,3.6114874850586576,1767.0609784355488,0.11465999999999998,0.0011335032716937939,0.4485230920358606,1.4933126915064678,6.5675610677832195,0.6307335747756102,2,outside_initial_small_planet_radius_range;outside_nominal_optimistic_hz;long_relative_to_circular_transit;low_nominal_training_snr;not_recovered_in_final_holdout,
57984826,2,7.370689105864194,1771.9979559355488,0.124215,0.001271040856776546,0.47495577636216935,0.5768392244354623,5.430164627553243,1.814540575580626,2,outside_initial_small_planet_radius_range;long_relative_to_circular_transit;low_nominal_training_snr;not_recovered_in_final_holdout,
60421412,1,16.15307695781539,1523.892935263123,0.22931999999999997,0.1570398566228623,5.149505118954013,0.2357884611633158,44.72573394642766,2.4660471489000053,1,dominated_by_one_discovery_event;odd_even_discrepancy;outside_initial_small_planet_radius_range;long_relative_to_circular_transit;insufficient_holdout_events,
60421412,2,12.593752990280365,1523.922510263123,0.16562,0.1645119656155107,5.270590742374624,0.3285912564993024,32.233122279171766,-1.1289235667231394,2,odd_even_discrepancy;outside_initial_small_planet_radius_range;long_relative_to_circular_transit;not_recovered_in_final_holdout;inconsistent_holdout_depth_signs,
60421412,3,11.445361393595642,1523.781460263123,0.29575,0.08068135930395604,3.691026407855201,0.37327039867049183,25.85853437531341,-0.4307262780547141,2,outside_initial_small_planet_radius_range;long_relative_to_circular_transit;not_recovered_in_final_holdout;inconsistent_holdout_depth_signs,
60421412,4,12.729026812323179,1528.806935263123,0.22931999999999997,0.11030942113181719,4.315855066533474,0.32394351925731324,21.220560031487082,3.4243503368350465,2,fewer_than_three_discovery_events;dominated_by_one_discovery_event;odd_even_discrepancy;outside_initial_small_planet_radius_range;long_relative_to_circular_transit;not_recovered_in_final_holdout,
61334091,1,11.273825791791506,1657.2639060759006,0.049980000000000004,0.0053182820962646305,1.083024250002525,0.45970810311739924,4.9483655068084555,-0.32056031057164674,2,fewer_than_three_discovery_events;dominated_by_one_discovery_event;low_nominal_training_snr;not_recovered_in_final_holdout;inconsistent_holdout_depth_signs,
61334091,2,6.539091897265277,1662.8024460759007,0.017499999999999998,0.00853855852999263,1.3722864528238392,0.9503582097962092,5.321264857782885,0.6642831767856794,2,fewer_than_three_discovery_events;low_nominal_training_snr;not_recovered_in_final_holdout,
61334091,3,6.102641389550709,1660.7173210759008,0.17198999999999998,0.002170351141743016,0.6918588461364502,1.0420457457470638,5.022453298839221,0.08170694253531424,3,long_relative_to_circular_transit;low_nominal_training_snr;not_recovered_in_final_holdout,
61587960,1,12.049827541583,1478.6860236452474,0.29575,0.0038431875619720753,1.0154315122933593,0.5338317869261386,7.8832176460042644,-0.2062952049188766,1,long_relative_to_circular_transit;insufficient_holdout_events,
61587960,2,13.155282863487594,1476.7750236452473,0.29575,0.005350667107223109,1.1981434361343795,0.47487424676608914,6.487857772310731,-1.874059813071344,1,fewer_than_three_discovery_events;dominated_by_one_discovery_event;long_relative_to_circular_transit;low_nominal_training_snr;insufficient_holdout_events,
61587960,3,13.049358141737779,1474.6146836452474,0.027299999999999998,0.0072922247880194985,1.3987331591634986,0.4800207426385118,5.211256299416091,0.49706793739272437,1,low_nominal_training_snr;insufficient_holdout_events,
61587960,4,9.95734079646066,1468.9235436452473,0.03822,0.005625664779388442,1.2285469888452554,0.6884214230862961,4.918718676705769,-0.5655876114065789,1,low_nominal_training_snr;insufficient_holdout_events,
63052569,1,21.272643439826147,1711.89504099867,0.29575,0.010763339816891933,1.6653458857915207,0.23953352601738276,13.557670099426046,-1.5519008642460648,1,dominated_by_one_discovery_event;odd_even_discrepancy;long_relative_to_circular_transit;insufficient_holdout_events,
63052569,2,26.305794154088627,1735.62329099867,0.29575,0.012815478511940785,1.8171816218109669,0.1804650191731015,12.727206628193226,-0.10028559647859697,1,fewer_than_three_discovery_events;outside_nominal_optimistic_hz;long_relative_to_circular_transit;insufficient_holdout_events,
63052569,3,12.368839139461938,1713.47935099867,0.16562,0.00718574204218615,1.3607136261249804,0.493578613033914,7.577200416271121,0.0,0,long_relative_to_circular_transit;insufficient_holdout_events,
63052569,4,13.583830681793298,1714.37479099867,0.29575,0.005698578147208735,1.2117532038987238,0.43561073694897917,8.592279138624098,2.0208158119336477,2,long_relative_to_circular_transit;not_recovered_in_final_holdout,
63781635,1,9.784543095489022,1794.3634557259577,0.29575,0.001549670700928952,0.5158394406306571,0.38230912466625466,13.94527579629163,-0.03972044893440203,3,dominated_by_one_discovery_event;long_relative_to_circular_transit;not_recovered_in_final_holdout,
63781635,2,3.476765540079374,1791.5920507259577,0.17198999999999998,0.0009404737492267165,0.4018538863466735,1.5190364372476164,8.866885432690534,0.7965391947944024,6,outside_initial_small_planet_radius_range;outside_nominal_optimistic_hz;long_relative_to_circular_transit;not_recovered_in_final_holdout;inconsistent_holdout_depth_signs,
63781635,3,3.79783783815758,1791.7585807259577,0.29575,0.0007358849116041652,0.3554674043783732,1.3502686193750888,8.196448271676958,-1.9589948255752105,5,outside_initial_small_planet_radius_range;long_relative_to_circular_transit;not_recovered_in_final_holdout;inconsistent_holdout_depth_signs,
63781635,4,4.0762431965261126,1794.0904557259578,0.29575,0.0008704782243967052,0.3866106287369434,1.2287266603435103,8.995982839296166,1.990706058104939,3,outside_initial_small_planet_radius_range;long_relative_to_circular_transit;not_recovered_in_final_holdout,
67072736,1,22.776313985282815,1742.1296619068903,0.29575,0.0023950018493454554,0.9084801356528609,0.2911535878221057,14.116310256736693,2.076853166615559,1,odd_even_discrepancy;long_relative_to_circular_transit;insufficient_holdout_events,
67072736,2,9.813235871732658,1744.3705369068903,0.29575,0.0016652239483474778,0.7575282497117258,0.8947130066735794,10.20119687656638,-1.2834917339351526,1,long_relative_to_circular_transit;insufficient_holdout_events,
67072736,3,14.251010209996224,1743.0624119068902,0.29575,0.0009704515345915138,0.5782949964627145,0.5440504821030203,7.184678327277337,0.0,0,long_relative_to_circular_transit;insufficient_holdout_events,
67072736,4,10.965413133972804,1744.0861619068903,0.29575,0.001526962333257145,0.7253985300711684,0.7716139476513317,8.48156023642025,0.963298743257822,1,long_relative_to_circular_transit;insufficient_holdout_events,
67402669,1,3.8247827045810916,1901.9152430488807,0.29575,0.0015355053009938507,0.5691030180829022,1.7158239501530832,11.145208199281374,-0.9954150144635835,3,outside_nominal_optimistic_hz;long_relative_to_circular_transit;not_recovered_in_final_holdout;inconsistent_holdout_depth_signs,
67402669,2,3.7970275468556456,1900.8459930488807,0.29575,0.0016138188142414565,0.5834351842703198,1.7325671835152812,12.152739130448788,-0.17595574680977089,3,outside_nominal_optimistic_hz;long_relative_to_circular_transit;not_recovered_in_final_holdout,
67402669,3,18.53513413681299,1914.581305548881,0.238875,0.0050422317780557165,1.0312800852994208,0.2092284656783874,7.0367165861447765,0.0,0,long_relative_to_circular_transit;insufficient_holdout_events,
67402669,4,9.467431073749164,1906.1183055488807,0.124215,0.0023379243574925073,0.7022317422867103,0.5124351106099091,5.677029711338782,0.7813339485356467,1,long_relative_to_circular_transit;low_nominal_training_snr;insufficient_holdout_events,
70901653,1,6.869244259915785,1438.5400024917788,0.29575,0.0046249903003023896,0.9876899662137814,0.788115987837895,9.60669298807571,2.966092573794332,2,odd_even_discrepancy;long_relative_to_circular_transit;not_recovered_in_final_holdout,
70901653,2,10.429172056584058,1439.4166414488786,0.17198999999999998,0.0049492343386955675,1.0217255115992774,0.4516503044335207,7.5717435246152816,-0.49260657477945385,1,fewer_than_three_discovery_events;dominated_by_one_discovery_event;long_relative_to_circular_transit;insufficient_holdout_events,
70901653,3,8.091282196094188,1443.2948339488787,0.16243500000000002,0.00401975657072983,0.9207995653615748,0.6335471665220467,5.6613163417575505,0.5967319774529442,1,dominated_by_one_discovery_event;long_relative_to_circular_transit;low_nominal_training_snr;insufficient_holdout_events,
70901653,4,5.186927953151582,1441.9557689488788,0.170625,0.0031355098380673437,0.8132410878232172,1.1461860793490384,5.788638013101704,0.37706314255955886,3,long_relative_to_circular_transit;low_nominal_training_snr;not_recovered_in_final_holdout,
71262585,1,4.368726028586284,1519.9503607373074,0.024499999999999997,0.006617363359311802,1.1014829121884901,1.2013692878513667,6.956257560426655,0.25215904746220646,8,low_nominal_training_snr;not_recovered_in_final_holdout;inconsistent_holdout_depth_signs,
71262585,2,8.016173056203614,1519.2087982373073,0.238875,0.003261696421498382,0.7733160812412424,0.5348025791186125,7.959023923958901,0.9180271885608478,6,dominated_by_one_discovery_event;long_relative_to_circular_transit;not_recovered_in_final_holdout,
71262585,3,8.531124732494686,1520.3178607373075,0.29575,0.0031870774209244233,0.7644191876056763,0.4921995546797931,7.837394616469187,0.7936027284322039,5,long_relative_to_circular_transit;not_recovered_in_final_holdout,
71432847,1,7.026182079392376,1842.8878453537548,0.16562,0.00323936956187739,0.8576753387345277,0.8974554370020413,6.240312493786041,-2.2403031136819362,2,long_relative_to_circular_transit;low_nominal_training_snr;not_recovered_in_final_holdout;inconsistent_holdout_depth_signs,
71432847,2,10.404612116690961,1847.7743178537548,0.238875,0.002667464528836154,0.7782909861831573,0.5317051913194071,5.500441369037794,0.7180601071426226,2,long_relative_to_circular_transit;low_nominal_training_snr;not_recovered_in_final_holdout;inconsistent_holdout_depth_signs,
7150628,1,17.16576151389326,1368.9045980697015,0.29575,0.0030337355441554625,0.727759390602582,0.20347302169258474,7.758607621018025,0.47849371931352047,6,dominated_by_one_discovery_event;long_relative_to_circular_transit;not_recovered_in_final_holdout;inconsistent_holdout_depth_signs,
7150628,2,18.622287517807543,1360.1654130697016,0.22931999999999997,0.002584481870213559,0.6717160153785604,0.18253531397513673,6.04745603027524,-1.267483726200311,5,dominated_by_one_discovery_event;outside_nominal_optimistic_hz;long_relative_to_circular_transit;low_nominal_training_snr;not_recovered_in_final_holdout;inconsistent_holdout_depth_signs,
7150628,3,6.759796291242894,1358.9192730697016,0.1764,0.0021324839744029777,0.6101573485483489,0.70493020977645,5.819548377084507,-1.1823247900249279,10,long_relative_to_circular_transit;low_nominal_training_snr;not_recovered_in_final_holdout;inconsistent_holdout_depth_signs,
7150628,4,6.110917296843333,1360.3298897363682,0.017499999999999998,0.006629329592281629,1.07580550884763,0.8064591847984521,5.718984166304087,0.07812746401678354,1,dominated_by_one_discovery_event;low_nominal_training_snr;insufficient_holdout_events,
71678774,1,11.666835712099905,1478.6071514300722,0.29575,0.003379263048637013,0.717303633853994,0.28026864827917863,11.893729177829659,-0.3732887829880267,2,dominated_by_one_discovery_event;odd_even_discrepancy;long_relative_to_circular_transit;not_recovered_in_final_holdout;inconsistent_holdout_depth_signs,
71678774,2,5.325852128491336,1468.9163339300724,0.124215,0.0020697338889561143,0.5613701120269963,0.7973698739297335,6.28129578279554,2.003831230106351,4,long_relative_to_circular_transit;low_nominal_training_snr;not_recovered_in_final_holdout;inconsistent_holdout_depth_signs,
7723060,1,11.845906920080536,1422.0909546757005,0.16562,0.0008849137254456403,0.6171882570541588,0.903682369081264,11.281318152470021,0.11871899954024209,6,dominated_by_one_discovery_event;long_relative_to_circular_transit;not_recovered_in_final_holdout;inconsistent_holdout_depth_signs,
7723060,2,20.37808214437463,1411.1391046757005,0.11465999999999998,0.0012668327851216798,0.7384597617325928,0.4384187830864933,10.236549562918713,4.455277621198986,3,long_relative_to_circular_transit;not_recovered_in_final_holdout,
7723060,3,7.365012390287345,1417.4412491818339,0.14994000000000002,0.0005542058790155849,0.48843047452804733,1.702977544064493,8.435927016755954,0.8527261563808135,10,outside_initial_small_planet_radius_range;outside_nominal_optimistic_hz;long_relative_to_circular_transit;not_recovered_in_final_holdout;inconsistent_holdout_depth_signs,
7723060,4,10.694997832863962,1418.330494181834,0.11465999999999998,0.0006580765007605197,0.5322373892804985,1.0356172978061584,7.531518259829125,0.23484887019449055,6,long_relative_to_circular_transit;not_recovered_in_final_holdout;inconsistent_holdout_depth_signs,
78449800,1,12.489552576529455,1478.4923939794655,0.29575,0.0029781117217033103,0.7329750506755065,0.29837376816100575,5.969936590375593,1.2960181950381806,1,fewer_than_three_discovery_events;long_relative_to_circular_transit;low_nominal_training_snr;insufficient_holdout_events,
78449800,2,13.826876060607004,1471.5415106461323,0.02275,0.006447031003442899,1.0784464335560153,0.26052998819187545,5.3968221805898215,-0.3569728621566364,2,low_nominal_training_snr;not_recovered_in_final_holdout;inconsistent_holdout_depth_signs,
78449800,3,8.29882733671475,1468.8748314794657,0.170625,0.001979886643802239,0.5976389061152513,0.5145973056335281,5.259715911908429,-2.4156279598908137,3,long_relative_to_circular_transit;low_nominal_training_snr;not_recovered_in_final_holdout;inconsistent_holdout_depth_signs,
79611981,1,14.210303130848686,1388.4739450099548,0.11465999999999998,0.00030173726678607457,0.2408972180983342,0.27089167308638856,6.963526004455995,0.9019339263119553,3,outside_initial_small_planet_radius_range;long_relative_to_circular_transit;low_nominal_training_snr;not_recovered_in_final_holdout,
79611981,2,16.07901164197758,1401.5681450099548,0.024499999999999997,0.0006976680051453621,0.36630404300778857,0.22974936109906113,6.093259130159921,-0.4058917243992015,5,fewer_than_three_discovery_events;outside_initial_small_planet_radius_range;low_nominal_training_snr;not_recovered_in_final_holdout;inconsistent_holdout_depth_signs,
79611981,3,4.228888610060792,1388.5804150099548,0.11465999999999998,0.00014860273990756787,0.16905604989675407,1.3634266670936905,5.90595548790834,0.6273256225830056,16,outside_initial_small_planet_radius_range;long_relative_to_circular_transit;low_nominal_training_snr;not_recovered_in_final_holdout;inconsistent_holdout_depth_signs,
79611981,4,5.125476580118295,1388.9471450099547,0.29575,0.00011453127795529844,0.14841553503923519,1.0550857900655255,6.7483285376605044,-0.07026096032603169,13,outside_initial_small_planet_radius_range;long_relative_to_circular_transit;low_nominal_training_snr;not_recovered_in_final_holdout;inconsistent_holdout_depth_signs,
80859893,1,10.859209427203774,1846.920045736024,0.17198999999999998,0.0071611664688468225,1.0719226844515346,0.3171188032942575,9.710717855261812,0.6067212664069134,1,dominated_by_one_discovery_event;long_relative_to_circular_transit;insufficient_holdout_events,
80859893,2,12.35715331838077,1854.6168257360239,0.29575,0.005824874765513141,0.9667515415080857,0.2669285489489551,8.994790073389353,0.8891759790214759,1,fewer_than_three_discovery_events;dominated_by_one_discovery_event;odd_even_discrepancy;long_relative_to_circular_transit;insufficient_holdout_events,
80859893,3,9.9041003190825,1848.5901198682263,0.29575,0.003174442909718396,0.7136829762369744,0.3585361066534812,6.497492699582929,2.1217753471964618,2,long_relative_to_circular_transit;low_nominal_training_snr;not_recovered_in_final_holdout,
80859893,4,3.366942222287473,1843.8183073682264,0.238875,0.002284533012468838,0.6054388647975462,1.5111423861403064,5.996895257092774,0.7115144866456539,5,outside_nominal_optimistic_hz;long_relative_to_circular_transit;low_nominal_training_snr;not_recovered_in_final_holdout,
8347680,1,14.466075480791437,1972.6224763034568,0.238875,0.005945574060689487,1.0019762921692863,0.23579246863803943,8.858314943439021,-1.814006359618573,1,dominated_by_one_discovery_event;long_relative_to_circular_transit;insufficient_holdout_events,
8347680,2,15.189658483391671,1968.1691638034567,0.29575,0.004321672658375282,0.8542529424957949,0.22093620288495533,8.299961206748597,5.2707334712731955,2,fewer_than_three_discovery_events;dominated_by_one_discovery_event;long_relative_to_circular_transit,
8347680,3,12.09342560972204,1963.9376638034569,0.29575,0.0024778188670614835,0.6468377040418349,0.29940918226403157,6.078717984543396,2.242461752039466,1,long_relative_to_circular_transit;low_nominal_training_snr;insufficient_holdout_events,
8347680,4,5.13886497596426,1962.8115388034569,0.29575,0.0018240332399600823,0.5549794770212472,0.937219442653956,5.6138906955850745,0.08403122646902715,3,long_relative_to_circular_transit;low_nominal_training_snr;not_recovered_in_final_holdout;inconsistent_holdout_depth_signs,
8527476,1,9.223508746413195,2017.5847596455912,0.03822,0.005954246492260683,1.0111328929420353,0.4307315526373197,5.245281996946995,-0.6330650706400202,3,fewer_than_three_discovery_events;low_nominal_training_snr;not_recovered_in_final_holdout;inconsistent_holdout_depth_signs,
8527476,2,5.663186719899342,2013.5024996455911,0.03822,0.003457386332948112,0.7704931628563554,0.8253795998086989,4.658399192628541,-0.7015194547494844,3,low_nominal_training_snr;not_recovered_in_final_holdout;inconsistent_holdout_depth_signs,
85462495,1,5.925378175725616,1987.450679514968,0.29575,0.0014488123745121705,0.5611170038887936,1.251602481269619,8.398201314066876,4.965464541954124,4,long_relative_to_circular_transit;not_recovered_in_final_holdout,
85462495,2,5.8804397838501075,1985.858179514968,0.29575,0.001243339235440723,0.5198070621847425,1.264371711933398,6.765376243415718,-1.5336690769012509,4,long_relative_to_circular_transit;low_nominal_training_snr;not_recovered_in_final_holdout;inconsistent_holdout_depth_signs,
85462495,3,5.991438724261609,1989.259304514968,0.29575,0.0012214690961157343,0.5152151179465768,1.2332364454272435,6.333316363884974,-1.686133841903184,4,long_relative_to_circular_transit;low_nominal_training_snr;not_recovered_in_final_holdout;inconsistent_holdout_depth_signs,
85462495,4,10.764603524399408,1989.8053045149682,0.29575,0.001454028389868868,0.5621261633319478,0.5646211321478981,5.622237029548315,-2.1785673353771844,2,long_relative_to_circular_transit;low_nominal_training_snr;not_recovered_in_final_holdout;inconsistent_holdout_depth_signs,
85644939,1,11.71091874190753,1659.3880178326783,0.29575,0.005034759053025958,0.9530332327004444,0.39619759996949305,9.169060345924752,-1.4991560569914757,2,long_relative_to_circular_transit;not_recovered_in_final_holdout;inconsistent_holdout_depth_signs,
85644939,2,5.612053104451359,1658.5917678326782,0.29575,0.0035605538574906854,0.8014519296473144,1.0565030810993468,8.432523942139944,3.48451162839184,4,long_relative_to_circular_transit;not_recovered_in_final_holdout,
85644939,3,3.936643453353052,1659.1718928326784,0.29575,0.0031451988684011016,0.7532562686279305,1.6951118289366016,7.428163193358215,-1.8489003001383144,5,outside_nominal_optimistic_hz;long_relative_to_circular_transit;not_recovered_in_final_holdout;inconsistent_holdout_depth_signs,
85644939,4,10.028633051126471,1666.1788928326782,0.29575,0.004493629394327131,0.9003623480149949,0.4872039599364756,6.9148012327449875,-0.7497391326586457,2,fewer_than_three_discovery_events;dominated_by_one_discovery_event;long_relative_to_circular_transit;low_nominal_training_snr;not_recovered_in_final_holdout;inconsistent_holdout_depth_signs,
86265580,1,16.074785251510622,1854.6160239041808,0.29575,0.00535418164312274,1.2544685866469611,0.3772208593566129,10.629095054914592,0.3265388646545673,1,fewer_than_three_discovery_events;dominated_by_one_discovery_event;long_relative_to_circular_transit;insufficient_holdout_events,
86265580,2,23.354638580863764,1856.603918904181,0.22931999999999997,0.0030869447936977767,0.952527826098012,0.2292407067062798,9.135187284254657,0.0,0,fewer_than_three_discovery_events;dominated_by_one_discovery_event;long_relative_to_circular_transit;insufficient_holdout_events,
86265580,3,24.358158798672314,1842.9081914041808,0.124215,0.0032097349295595753,0.9712875554077087,0.21673547229366955,7.672091446468265,0.0,0,long_relative_to_circular_transit;insufficient_holdout_events,
86265580,4,19.271731782514564,1854.2590764041809,0.124215,0.002307056995691104,0.8234597993442306,0.29618401513649956,5.83953917543074,0.0,0,dominated_by_one_discovery_event;long_relative_to_circular_transit;low_nominal_training_snr;insufficient_holdout_events,
86339165,1,12.015370717784414,1852.3381155421678,0.057329999999999985,0.0027423365774793345,0.9835635206846336,0.8329761093986453,7.561593171199204,0.9416629873349566,5,not_recovered_in_final_holdout,
86339165,2,7.940827287548874,1848.4410405421677,0.05095999999999999,0.0026177018292104313,0.96095294683242,1.4469752801894562,7.144697389157236,-0.7971637078968568,6,not_recovered_in_final_holdout;inconsistent_holdout_depth_signs,
86339165,3,22.063495600372857,1851.0386355421676,0.11465999999999998,0.0021999290155637376,0.8809400781883592,0.37043870010357227,7.172611150419657,-0.20993480930692743,2,long_relative_to_circular_transit;not_recovered_in_final_holdout;inconsistent_holdout_depth_signs,
86339165,4,7.840333690582638,1844.9243455421677,0.29575,0.0009878832365396264,0.5903299842675762,1.471756794599082,7.282663271580973,1.3902067882984546,8,long_relative_to_circular_transit;not_recovered_in_final_holdout,
88722227,1,12.143483913716215,1873.2296217870637,0.29575,0.002553037222479605,0.6896872130305151,0.33327666604934303,6.295950545337078,0.0,0,long_relative_to_circular_transit;low_nominal_training_snr;insufficient_holdout_events,
88722227,2,6.664941094812744,1876.4525384537303,0.024499999999999997,0.007167130493006919,1.1555699951314964,0.7416532257918756,6.0532126371551795,-0.42532895982295765,1,low_nominal_training_snr;insufficient_holdout_events,
88722227,3,8.431755611340021,1870.5867717870635,0.049980000000000004,0.004923011756032146,0.9577210592777379,0.5420491031245153,5.456510178953167,-0.5869540340305675,1,low_nominal_training_snr;insufficient_holdout_events,
88722227,4,4.528852117308214,1874.5002000266745,0.03822,0.004672470191856283,0.9330327124052457,1.2414954274412675,5.3910604481880595,1.4111748961399135,2,low_nominal_training_snr;not_recovered_in_final_holdout,
89032185,1,12.676521171826034,1985.237959683214,0.238875,0.0017718674611962937,0.8319702158416269,0.7238287320429806,7.670748054358335,0.5660491170515892,4,long_relative_to_circular_transit;not_recovered_in_final_holdout;inconsistent_holdout_depth_signs,
89032185,2,13.042954156922244,1993.416584683214,0.238875,0.0018237011468311155,0.8440516015018364,0.6968425199394105,7.3159210815791695,-5.0167693164524,4,long_relative_to_circular_transit;not_recovered_in_final_holdout;inconsistent_holdout_depth_signs,
89032185,3,6.554446724637017,1985.948897183214,0.29575,0.0010647996481741864,0.6449500965706012,1.744166266362192,6.699878603886577,-0.3139426541422053,8,outside_nominal_optimistic_hz;long_relative_to_circular_transit;low_nominal_training_snr;not_recovered_in_final_holdout;inconsistent_holdout_depth_signs,
89032185,4,6.327075934197982,1988.539212183214,0.16562,0.0011725019507321827,0.6767822339271963,1.8282343767002822,5.385089034764775,-0.6879911302534109,8,outside_nominal_optimistic_hz;long_relative_to_circular_transit;low_nominal_training_snr;not_recovered_in_final_holdout;inconsistent_holdout_depth_signs,
9069250,1,13.547314545377743,1941.2353105488548,0.29575,0.0032431356516199003,0.8892670126001837,0.36727180339132126,5.292800696591278,2.559283950181222,1,long_relative_to_circular_transit;low_nominal_training_snr;insufficient_holdout_events,
91924437,1,13.702968972186248,1471.6692536243609,0.29575,0.004719262419231014,0.8476744534806827,0.25922928117126603,11.421179718798554,0.4565361875241516,2,fewer_than_three_discovery_events;dominated_by_one_discovery_event;long_relative_to_circular_transit;not_recovered_in_final_holdout;inconsistent_holdout_depth_signs,
91924437,2,10.805670834063624,1471.6718786243607,0.24499999999999997,0.002386134397031058,0.6027531405781009,0.3558235129236351,8.16071201088805,0.7893881680634055,2,long_relative_to_circular_transit;not_recovered_in_final_holdout;inconsistent_holdout_depth_signs,
91924437,3,11.548749422122473,1475.1700236243607,0.057329999999999985,0.0043698475718345646,0.8156900700538958,0.3256294508867915,7.2669121780868755,-0.66779236884014,2,not_recovered_in_final_holdout;inconsistent_holdout_depth_signs,
91924437,4,7.1694117316287125,1469.2520661243607,0.08599499999999999,0.002792589277512055,0.6520720185365417,0.6148826778311889,6.366532742791326,0.5368007443732894,2,long_relative_to_circular_transit;low_nominal_training_snr;not_recovered_in_final_holdout,
9200076,1,6.9892286698862005,1823.153540713889,0.024499999999999997,0.01279815504284032,1.7171256338794836,0.8032321521115394,5.641903901471713,-1.2250399846821154,2,low_nominal_training_snr;not_recovered_in_final_holdout;inconsistent_holdout_depth_signs,
9378238,1,6.524180207523658,1905.7584157347992,0.29575,0.002116501935127804,0.6882456733191737,0.9455635505021172,9.262296131405966,-0.9487177843611773,1,long_relative_to_circular_transit;insufficient_holdout_events,
94933725,1,11.615705645037364,1630.7409528247993,0.17198999999999998,0.005007303546753126,1.1204269583413184,0.42208699275944905,7.116419563126998,-1.1913260159400965,5,dominated_by_one_discovery_event;long_relative_to_circular_transit;not_recovered_in_final_holdout;inconsistent_holdout_depth_signs,
94933725,2,8.296315120989673,1635.4724978247991,0.027299999999999998,0.008408931394212142,1.451951115140006,0.6611232748437884,5.910927639362152,0.02677912967134529,5,low_nominal_training_snr;not_recovered_in_final_holdout,
94933725,3,7.339544975351743,1634.5567578247992,0.024499999999999997,0.00862891036363141,1.470820142543889,0.7784617020249595,5.376754055660066,0.3885617185197561,5,low_nominal_training_snr;not_recovered_in_final_holdout;inconsistent_holdout_depth_signs,
9825486,1,14.07776387660631,1992.4165504434675,0.238875,0.0014364232543553179,0.7035641838079572,0.6080983713061924,6.189349692824529,-0.7250776829870288,2,long_relative_to_circular_transit;low_nominal_training_snr;not_recovered_in_final_holdout;inconsistent_holdout_depth_signs,
9825486,2,6.399538462564935,1989.6353629434675,0.29575,0.000954013508423145,0.5733763441296731,1.73975143829472,6.07792222560871,0.7783342380106429,4,outside_nominal_optimistic_hz;long_relative_to_circular_transit;low_nominal_training_snr;not_recovered_in_final_holdout,
9825486,3,6.359705175220965,1988.3727379434674,0.17198999999999998,0.0012024622256549399,0.6437218196706919,1.7542955633728747,6.029908409892823,-0.8020377605000745,4,outside_nominal_optimistic_hz;long_relative_to_circular_transit;low_nominal_training_snr;not_recovered_in_final_holdout;inconsistent_holdout_depth_signs,
9882031,1,3.035109108536979,1844.903447745332,0.29575,0.0029119228643809973,0.7012138450874095,1.891320606508639,12.17197893747554,0.4456793788762014,7,outside_nominal_optimistic_hz;long_relative_to_circular_transit;not_recovered_in_final_holdout;inconsistent_holdout_depth_signs,
9882031,2,3.1764830119412593,1844.3517602453321,0.170625,0.002649018503721824,0.668810442120735,1.7799269647038993,5.80453074398313,2.3960741424516647,6,outside_nominal_optimistic_hz;long_relative_to_circular_transit;low_nominal_training_snr;not_recovered_in_final_holdout,
9882031,3,7.6430086843654115,1842.887342745332,0.22931999999999997,0.002631167264683718,0.666553138718371,0.5520500171331307,5.557919869585183,-1.3759027835063848,2,long_relative_to_circular_transit;low_nominal_training_snr;not_recovered_in_final_holdout;inconsistent_holdout_depth_signs,
9882031,4,7.588324656070432,1845.34173827617,0.03822,0.005948029391901213,1.00218316283448,0.5573607227422205,6.03755398076028,0.8995194826614753,2,low_nominal_training_snr;not_recovered_in_final_holdout,
99329966,1,13.456280915768277,1722.6061974775166,0.29575,0.0025699858600985227,0.7694736546032189,0.3936331088347794,6.18268256213923,-0.2106056194126641,3,dominated_by_one_discovery_event;long_relative_to_circular_transit;low_nominal_training_snr;not_recovered_in_final_holdout;inconsistent_holdout_depth_signs,
99329966,2,17.19188909168076,1718.78565581085,0.024499999999999997,0.004936918362403711,1.066488952067004,0.28394019686675154,4.47513496598081,-3.3924024765901266,5,low_nominal_training_snr;not_recovered_in_final_holdout;inconsistent_holdout_depth_signs,
